id_mapa,anio,mes,dia,fecha,franja,tipo,subtipo,uso_arma,uso_moto,barrio,comuna,latitud,longitud,cantidad,latitud_original,longitud_original,motivo_descarte
1114512,2023,ENERO,DOMINGO,2023-01-01,1,Amenazas,Amenazas,NO,NO,,,0.0,0.0,1,0.0,0.0,"Coordenadas 0,0"
1114513,2023,ENERO,LUNES,2023-01-02,12,Amenazas,Amenazas,NO,NO,,,0.0,0.0,1,0.0,0.0,"Coordenadas 0,0"
1114514,2023,ENERO,MARTES,2023-01-03,7,Amenazas,Amenazas,NO,NO,,,0.0,0.0,1,0.0,0.0,"Coordenadas 0,0"
1114515,2023,ENERO,MARTES,2023-01-03,21,Amenazas,Amenazas,NO,NO,,,0.0,0.0,1,0.0,0.0,"Coordenadas 0,0"
1114516,2023,ENERO,MARTES,2023-01-03,12,Amenazas,Amenazas,NO,NO,,,0.0,0.0,1,0.0,0.0,"Coordenadas 0,0"
1114517,2023,ENERO,MARTES,2023-01-03,11,Amenazas,Amenazas,NO,NO,,,0.0,0.0,1,0.0,0.0,"Coordenadas 0,0"
1114518,2023,ENERO,MIERCOLES,2023-01-04,19,Amenazas,Amenazas,NO,NO,,,0.0,0.0,1,0.0,0.0,"Coordenadas 0,0"
1114519,2023,ENERO,VIERNES,2023-01-06,18,Amenazas,Amenazas,NO,NO,,,0.0,0.0,1,0.0,0.0,"Coordenadas 0,0"
1114520,2023,ENERO,VIERNES,2023-01-06,18,Amenazas,Amenazas,NO,NO,,,0.0,0.0,1,0.0,0.0,"Coordenadas 0,0"
1114521,2023,ENERO,MARTES,2023-01-10,12,Amenazas,Amenazas,NO,NO,,,0.0,0.0,1,0.0,0.0,"Coordenadas 0,0"
1114522,2023,ENERO,MIERCOLES,2023-01-11,11,Amenazas,Amenazas,NO,NO,,,0.0,0.0,1,0.0,0.0,"Coordenadas 0,0"
1114523,2023,ENERO,JUEVES,2023-01-12,17,Amenazas,Amenazas,NO,NO,,,0.0,0.0,1,0.0,0.0,"Coordenadas 0,0"
1114524,2023,ENERO,VIERNES,2023-01-13,0,Amenazas,Amenazas,NO,NO,,,0.0,0.0,1,0.0,0.0,"Coordenadas 0,0"
1114525,2023,ENERO,VIERNES,2023-01-13,13,Amenazas,Amenazas,NO,NO,,,0.0,0.0,1,0.0,0.0,"Coordenadas 0,0"
1114526,2023,ENERO,SABADO,2023-01-14,18,Amenazas,Amenazas,NO,NO,,,0.0,0.0,1,0.0,0.0,"Coordenadas 0,0"
1114527,2023,ENERO,LUNES,2023-01-16,0,Amenazas,Amenazas,NO,NO,,,0.0,0.0,1,0.0,0.0,"Coordenadas 0,0"
1114528,2023,ENERO,MIERCOLES,2023-01-18,18,Amenazas,Amenazas,NO,NO,,,0.0,0.0,1,0.0,0.0,"Coordenadas 0,0"
1114529,2023,ENERO,MIERCOLES,2023-01-18,9,Amenazas,Amenazas,NO,NO,,,0.0,0.0,1,0.0,0.0,"Coordenadas 0,0"
1114530,2023,ENERO,VIERNES,2023-01-20,18,Amenazas,Amenazas,NO,NO,,,0.0,0.0,1,0.0,0.0,"Coordenadas 0,0"
1114531,2023,ENERO,SABADO,2023-01-21,11,Amenazas,Amenazas,NO,NO,,,0.0,0.0,1,0.0,0.0,"Coordenadas 0,0"
1114532,2023,ENERO,SABADO,2023-01-21,17,Amenazas,Amenazas,NO,NO,,,0.0,0.0,1,0.0,0.0,"Coordenadas 0,0"
1114533,2023,ENERO,MARTES,2023-01-24,8,Amenazas,Amenazas,NO,NO,,,0.0,0.0,1,0.0,0.0,"Coordenadas 0,0"
1114534,2023,ENERO,MIERCOLES,2023-01-25,12,Amenazas,Amenazas,NO,NO,,,0.0,0.0,1,0.0,0.0,"Coordenadas 0,0"
1114535,2023,ENERO,JUEVES,2023-01-26,12,Amenazas,Amenazas,NO,NO,,,0.0,0.0,1,0.0,0.0,"Coordenadas 0,0"
1114536,2023,ENERO,JUEVES,2023-01-26,19,Amenazas,Amenazas,NO,NO,,,0.0,0.0,1,0.0,0.0,"Coordenadas 0,0"
1114537,2023,ENERO,DOMINGO,2023-01-29,16,Amenazas,Amenazas,NO,NO,,,0.0,0.0,1,0.0,0.0,"Coordenadas 0,0"
1114538,2023,ENERO,DOMINGO,2023-01-29,1,Amenazas,Amenazas,NO,NO,,,0.0,0.0,1,0.0,0.0,"Coordenadas 0,0"
1114539,2023,ENERO,LUNES,2023-01-30,16,Amenazas,Amenazas,NO,NO,,,0.0,0.0,1,0.0,0.0,"Coordenadas 0,0"
1114540,2023,ENERO,LUNES,2023-01-30,13,Amenazas,Amenazas,NO,NO,,,0.0,0.0,1,0.0,0.0,"Coordenadas 0,0"
1114541,2023,FEBRERO,MIERCOLES,2023-02-01,11,Amenazas,Amenazas,NO,NO,,,0.0,0.0,1,0.0,0.0,"Coordenadas 0,0"
1114542,2023,FEBRERO,MIERCOLES,2023-02-01,20,Amenazas,Amenazas,NO,NO,,,0.0,0.0,1,0.0,0.0,"Coordenadas 0,0"
1114543,2023,FEBRERO,MIERCOLES,2023-02-01,16,Amenazas,Amenazas,NO,NO,,,0.0,0.0,1,0.0,0.0,"Coordenadas 0,0"
1114544,2023,FEBRERO,MIERCOLES,2023-02-01,20,Amenazas,Amenazas,NO,NO,,,0.0,0.0,1,0.0,0.0,"Coordenadas 0,0"
1114545,2023,FEBRERO,JUEVES,2023-02-02,23,Amenazas,Amenazas,NO,NO,,,0.0,0.0,1,0.0,0.0,"Coordenadas 0,0"
1114546,2023,FEBRERO,JUEVES,2023-02-02,2,Amenazas,Amenazas,NO,NO,,,0.0,0.0,1,0.0,0.0,"Coordenadas 0,0"
1114547,2023,FEBRERO,JUEVES,2023-02-02,23,Amenazas,Amenazas,NO,NO,,,0.0,0.0,1,0.0,0.0,"Coordenadas 0,0"
1114548,2023,FEBRERO,JUEVES,2023-02-02,20,Amenazas,Amenazas,NO,NO,,,0.0,0.0,1,0.0,0.0,"Coordenadas 0,0"
1114549,2023,FEBRERO,VIERNES,2023-02-03,17,Amenazas,Amenazas,NO,NO,,,0.0,0.0,1,0.0,0.0,"Coordenadas 0,0"
1114550,2023,FEBRERO,VIERNES,2023-02-03,10,Amenazas,Amenazas,NO,NO,,,0.0,0.0,1,0.0,0.0,"Coordenadas 0,0"
1114551,2023,FEBRERO,VIERNES,2023-02-03,4,Amenazas,Amenazas,NO,NO,,,0.0,0.0,1,0.0,0.0,"Coordenadas 0,0"
1114552,2023,FEBRERO,VIERNES,2023-02-03,21,Amenazas,Amenazas,NO,NO,,,0.0,0.0,1,0.0,0.0,"Coordenadas 0,0"
1114553,2023,FEBRERO,LUNES,2023-02-06,13,Amenazas,Amenazas,NO,NO,,,0.0,0.0,1,0.0,0.0,"Coordenadas 0,0"
1114554,2023,FEBRERO,MARTES,2023-02-07,0,Amenazas,Amenazas,NO,NO,,,0.0,0.0,1,0.0,0.0,"Coordenadas 0,0"
1114555,2023,FEBRERO,MIERCOLES,2023-02-08,21,Amenazas,Amenazas,NO,NO,,,0.0,0.0,1,0.0,0.0,"Coordenadas 0,0"
1114556,2023,FEBRERO,VIERNES,2023-02-10,13,Amenazas,Amenazas,NO,NO,,,0.0,0.0,1,0.0,0.0,"Coordenadas 0,0"
1114557,2023,FEBRERO,SABADO,2023-02-11,10,Amenazas,Amenazas,NO,NO,,,0.0,0.0,1,0.0,0.0,"Coordenadas 0,0"
1114558,2023,FEBRERO,DOMINGO,2023-02-12,15,Amenazas,Amenazas,NO,NO,,,0.0,0.0,1,0.0,0.0,"Coordenadas 0,0"
1114559,2023,FEBRERO,DOMINGO,2023-02-12,22,Amenazas,Amenazas,NO,NO,,,0.0,0.0,1,0.0,0.0,"Coordenadas 0,0"
1114560,2023,FEBRERO,DOMINGO,2023-02-12,23,Amenazas,Amenazas,NO,NO,,,0.0,0.0,1,0.0,0.0,"Coordenadas 0,0"
1114561,2023,FEBRERO,DOMINGO,2023-02-12,23,Amenazas,Amenazas,NO,NO,,,0.0,0.0,1,0.0,0.0,"Coordenadas 0,0"
1114562,2023,FEBRERO,DOMINGO,2023-02-12,23,Amenazas,Amenazas,NO,NO,,,0.0,0.0,1,0.0,0.0,"Coordenadas 0,0"
1114563,2023,FEBRERO,LUNES,2023-02-13,16,Amenazas,Amenazas,NO,NO,,,0.0,0.0,1,0.0,0.0,"Coordenadas 0,0"
1114564,2023,FEBRERO,LUNES,2023-02-13,16,Amenazas,Amenazas,NO,NO,,,0.0,0.0,1,0.0,0.0,"Coordenadas 0,0"
1114565,2023,FEBRERO,LUNES,2023-02-13,14,Amenazas,Amenazas,NO,NO,,,0.0,0.0,1,0.0,0.0,"Coordenadas 0,0"
1114566,2023,FEBRERO,DOMINGO,2023-02-19,22,Amenazas,Amenazas,NO,NO,,,0.0,0.0,1,0.0,0.0,"Coordenadas 0,0"
1114567,2023,FEBRERO,DOMINGO,2023-02-19,22,Amenazas,Amenazas,NO,NO,,,0.0,0.0,1,0.0,0.0,"Coordenadas 0,0"
1114568,2023,FEBRERO,MARTES,2023-02-21,16,Amenazas,Amenazas,NO,NO,,,0.0,0.0,1,0.0,0.0,"Coordenadas 0,0"
1114569,2023,FEBRERO,MARTES,2023-02-21,16,Amenazas,Amenazas,NO,NO,,,0.0,0.0,1,0.0,0.0,"Coordenadas 0,0"
1114570,2023,FEBRERO,MARTES,2023-02-21,20,Amenazas,Amenazas,NO,NO,,,0.0,0.0,1,0.0,0.0,"Coordenadas 0,0"
1114571,2023,FEBRERO,MIERCOLES,2023-02-22,23,Amenazas,Amenazas,NO,NO,,,0.0,0.0,1,0.0,0.0,"Coordenadas 0,0"
1114572,2023,FEBRERO,MIERCOLES,2023-02-22,12,Amenazas,Amenazas,NO,NO,,,0.0,0.0,1,0.0,0.0,"Coordenadas 0,0"
1114573,2023,FEBRERO,MIERCOLES,2023-02-22,22,Amenazas,Amenazas,NO,NO,,,0.0,0.0,1,0.0,0.0,"Coordenadas 0,0"
1114574,2023,FEBRERO,MIERCOLES,2023-02-22,22,Amenazas,Amenazas,NO,NO,,,0.0,0.0,1,0.0,0.0,"Coordenadas 0,0"
1114575,2023,FEBRERO,MIERCOLES,2023-02-22,22,Amenazas,Amenazas,NO,NO,,,0.0,0.0,1,0.0,0.0,"Coordenadas 0,0"
1114576,2023,FEBRERO,MIERCOLES,2023-02-22,12,Amenazas,Amenazas,NO,NO,,,0.0,0.0,1,0.0,0.0,"Coordenadas 0,0"
1114577,2023,FEBRERO,MIERCOLES,2023-02-22,12,Amenazas,Amenazas,NO,NO,,,0.0,0.0,1,0.0,0.0,"Coordenadas 0,0"
1114578,2023,FEBRERO,MIERCOLES,2023-02-22,14,Amenazas,Amenazas,NO,NO,,,0.0,0.0,1,0.0,0.0,"Coordenadas 0,0"
1114579,2023,FEBRERO,LUNES,2023-02-27,20,Amenazas,Amenazas,NO,NO,,,0.0,0.0,1,0.0,0.0,"Coordenadas 0,0"
1114580,2023,FEBRERO,LUNES,2023-02-27,11,Amenazas,Amenazas,NO,NO,,,0.0,0.0,1,0.0,0.0,"Coordenadas 0,0"
1114581,2023,FEBRERO,MARTES,2023-02-28,10,Amenazas,Amenazas,NO,NO,,,0.0,0.0,1,0.0,0.0,"Coordenadas 0,0"
1114582,2023,MARZO,JUEVES,2023-03-02,16,Amenazas,Amenazas,NO,NO,,,0.0,0.0,1,0.0,0.0,"Coordenadas 0,0"
1114583,2023,MARZO,JUEVES,2023-03-02,13,Amenazas,Amenazas,NO,NO,,,0.0,0.0,1,0.0,0.0,"Coordenadas 0,0"
1114584,2023,MARZO,JUEVES,2023-03-02,21,Amenazas,Amenazas,NO,NO,,,0.0,0.0,1,0.0,0.0,"Coordenadas 0,0"
1114585,2023,MARZO,JUEVES,2023-03-02,21,Amenazas,Amenazas,NO,NO,,,0.0,0.0,1,0.0,0.0,"Coordenadas 0,0"
1114587,2023,MARZO,SABADO,2023-03-04,21,Amenazas,Amenazas,NO,NO,,,0.0,0.0,1,0.0,0.0,"Coordenadas 0,0"
1114588,2023,MARZO,DOMINGO,2023-03-05,12,Amenazas,Amenazas,NO,NO,,,0.0,0.0,1,0.0,0.0,"Coordenadas 0,0"
1114589,2023,MARZO,DOMINGO,2023-03-05,10,Amenazas,Amenazas,NO,NO,,,0.0,0.0,1,0.0,0.0,"Coordenadas 0,0"
1114590,2023,MARZO,LUNES,2023-03-06,20,Amenazas,Amenazas,NO,NO,,,0.0,0.0,1,0.0,0.0,"Coordenadas 0,0"
1114591,2023,MARZO,MARTES,2023-03-07,10,Amenazas,Amenazas,NO,NO,,,0.0,0.0,1,0.0,0.0,"Coordenadas 0,0"
1114592,2023,MARZO,MIERCOLES,2023-03-08,16,Amenazas,Amenazas,NO,NO,,,0.0,0.0,1,0.0,0.0,"Coordenadas 0,0"
1114593,2023,MARZO,MIERCOLES,2023-03-08,9,Amenazas,Amenazas,NO,NO,,,0.0,0.0,1,0.0,0.0,"Coordenadas 0,0"
1114595,2023,MARZO,JUEVES,2023-03-09,14,Amenazas,Amenazas,NO,NO,,,0.0,0.0,1,0.0,0.0,"Coordenadas 0,0"
1114596,2023,MARZO,JUEVES,2023-03-09,14,Amenazas,Amenazas,NO,NO,,,0.0,0.0,1,0.0,0.0,"Coordenadas 0,0"
1114597,2023,MARZO,VIERNES,2023-03-10,15,Amenazas,Amenazas,NO,NO,,,0.0,0.0,1,0.0,0.0,"Coordenadas 0,0"
1114598,2023,MARZO,DOMINGO,2023-03-12,19,Amenazas,Amenazas,NO,NO,,,0.0,0.0,1,0.0,0.0,"Coordenadas 0,0"
1114599,2023,MARZO,DOMINGO,2023-03-12,0,Amenazas,Amenazas,NO,NO,,,0.0,0.0,1,0.0,0.0,"Coordenadas 0,0"
1114600,2023,MARZO,MARTES,2023-03-14,12,Amenazas,Amenazas,NO,NO,,,0.0,0.0,1,0.0,0.0,"Coordenadas 0,0"
1114601,2023,MARZO,JUEVES,2023-03-16,12,Amenazas,Amenazas,NO,NO,,,0.0,0.0,1,0.0,0.0,"Coordenadas 0,0"
1114602,2023,MARZO,VIERNES,2023-03-17,9,Amenazas,Amenazas,NO,NO,,,0.0,0.0,1,0.0,0.0,"Coordenadas 0,0"
1114603,2023,MARZO,VIERNES,2023-03-17,19,Amenazas,Amenazas,NO,NO,,,0.0,0.0,1,0.0,0.0,"Coordenadas 0,0"
1114604,2023,MARZO,VIERNES,2023-03-17,16,Amenazas,Amenazas,NO,NO,,,0.0,0.0,1,0.0,0.0,"Coordenadas 0,0"
1114605,2023,MARZO,LUNES,2023-03-20,14,Amenazas,Amenazas,NO,NO,,,0.0,0.0,1,0.0,0.0,"Coordenadas 0,0"
1114606,2023,MARZO,MARTES,2023-03-21,15,Amenazas,Amenazas,NO,NO,,,0.0,0.0,1,0.0,0.0,"Coordenadas 0,0"
1114607,2023,MARZO,JUEVES,2023-03-23,18,Amenazas,Amenazas,NO,NO,,,0.0,0.0,1,0.0,0.0,"Coordenadas 0,0"
1114608,2023,MARZO,JUEVES,2023-03-23,18,Amenazas,Amenazas,NO,NO,,,0.0,0.0,1,0.0,0.0,"Coordenadas 0,0"
1114609,2023,MARZO,VIERNES,2023-03-24,23,Amenazas,Amenazas,NO,NO,,,0.0,0.0,1,0.0,0.0,"Coordenadas 0,0"
1114610,2023,MARZO,VIERNES,2023-03-24,22,Amenazas,Amenazas,NO,NO,,,0.0,0.0,1,0.0,0.0,"Coordenadas 0,0"
1114611,2023,MARZO,LUNES,2023-03-27,22,Amenazas,Amenazas,NO,NO,,,0.0,0.0,1,0.0,0.0,"Coordenadas 0,0"
1114612,2023,MARZO,MARTES,2023-03-28,20,Amenazas,Amenazas,NO,NO,,,0.0,0.0,1,0.0,0.0,"Coordenadas 0,0"
1114613,2023,MARZO,MARTES,2023-03-28,16,Amenazas,Amenazas,NO,NO,,,0.0,0.0,1,0.0,0.0,"Coordenadas 0,0"
1114614,2023,MARZO,MARTES,2023-03-28,20,Amenazas,Amenazas,NO,NO,,,0.0,0.0,1,0.0,0.0,"Coordenadas 0,0"
1114615,2023,MARZO,MIERCOLES,2023-03-29,19,Amenazas,Amenazas,NO,NO,,,0.0,0.0,1,0.0,0.0,"Coordenadas 0,0"
1114616,2023,MARZO,MIERCOLES,2023-03-29,17,Amenazas,Amenazas,NO,NO,,,0.0,0.0,1,0.0,0.0,"Coordenadas 0,0"
1114617,2023,MARZO,JUEVES,2023-03-30,18,Amenazas,Amenazas,NO,NO,,,0.0,0.0,1,0.0,0.0,"Coordenadas 0,0"
1114618,2023,MARZO,VIERNES,2023-03-31,20,Amenazas,Amenazas,NO,NO,,,0.0,0.0,1,0.0,0.0,"Coordenadas 0,0"
1114619,2023,MARZO,VIERNES,2023-03-31,16,Amenazas,Amenazas,NO,NO,,,0.0,0.0,1,0.0,0.0,"Coordenadas 0,0"
1114620,2023,MARZO,VIERNES,2023-03-31,23,Amenazas,Amenazas,NO,NO,,,0.0,0.0,1,0.0,0.0,"Coordenadas 0,0"
1114621,2023,ABRIL,SABADO,2023-04-01,14,Amenazas,Amenazas,NO,NO,,,0.0,0.0,1,0.0,0.0,"Coordenadas 0,0"
1114622,2023,ABRIL,DOMINGO,2023-04-02,22,Amenazas,Amenazas,NO,NO,,,0.0,0.0,1,0.0,0.0,"Coordenadas 0,0"
1114623,2023,ABRIL,LUNES,2023-04-03,17,Amenazas,Amenazas,NO,NO,,,0.0,0.0,1,0.0,0.0,"Coordenadas 0,0"
1114624,2023,ABRIL,MARTES,2023-04-04,16,Amenazas,Amenazas,NO,NO,,,0.0,0.0,1,0.0,0.0,"Coordenadas 0,0"
1114625,2023,ABRIL,SABADO,2023-04-08,18,Amenazas,Amenazas,NO,NO,,,0.0,0.0,1,0.0,0.0,"Coordenadas 0,0"
1114626,2023,ABRIL,SABADO,2023-04-08,22,Amenazas,Amenazas,NO,NO,,,0.0,0.0,1,0.0,0.0,"Coordenadas 0,0"
1114627,2023,ABRIL,SABADO,2023-04-08,18,Amenazas,Amenazas,NO,NO,,,0.0,0.0,1,0.0,0.0,"Coordenadas 0,0"
1114628,2023,ABRIL,DOMINGO,2023-04-09,18,Amenazas,Amenazas,NO,NO,,,0.0,0.0,1,0.0,0.0,"Coordenadas 0,0"
1114629,2023,ABRIL,LUNES,2023-04-10,19,Amenazas,Amenazas,NO,NO,,,0.0,0.0,1,0.0,0.0,"Coordenadas 0,0"
1114630,2023,ABRIL,LUNES,2023-04-10,22,Amenazas,Amenazas,NO,NO,,,0.0,0.0,1,0.0,0.0,"Coordenadas 0,0"
1114631,2023,ABRIL,LUNES,2023-04-10,21,Amenazas,Amenazas,NO,NO,,,0.0,0.0,1,0.0,0.0,"Coordenadas 0,0"
1114632,2023,ABRIL,MARTES,2023-04-11,17,Amenazas,Amenazas,NO,NO,,,0.0,0.0,1,0.0,0.0,"Coordenadas 0,0"
1114633,2023,ABRIL,MARTES,2023-04-11,17,Amenazas,Amenazas,NO,NO,,,0.0,0.0,1,0.0,0.0,"Coordenadas 0,0"
1114634,2023,ABRIL,MARTES,2023-04-11,21,Amenazas,Amenazas,NO,NO,,,0.0,0.0,1,0.0,0.0,"Coordenadas 0,0"
1114635,2023,ABRIL,MARTES,2023-04-11,18,Amenazas,Amenazas,NO,NO,,,0.0,0.0,1,0.0,0.0,"Coordenadas 0,0"
1114636,2023,ABRIL,JUEVES,2023-04-13,11,Amenazas,Amenazas,NO,NO,,,0.0,0.0,1,0.0,0.0,"Coordenadas 0,0"
1114637,2023,ABRIL,JUEVES,2023-04-13,16,Amenazas,Amenazas,NO,NO,,,0.0,0.0,1,0.0,0.0,"Coordenadas 0,0"
1114638,2023,ABRIL,JUEVES,2023-04-13,16,Amenazas,Amenazas,NO,NO,,,0.0,0.0,1,0.0,0.0,"Coordenadas 0,0"
1114639,2023,ABRIL,DOMINGO,2023-04-16,11,Amenazas,Amenazas,NO,NO,,,0.0,0.0,1,0.0,0.0,"Coordenadas 0,0"
1114640,2023,ABRIL,DOMINGO,2023-04-16,17,Amenazas,Amenazas,NO,NO,,,0.0,0.0,1,0.0,0.0,"Coordenadas 0,0"
1114641,2023,ABRIL,LUNES,2023-04-17,8,Amenazas,Amenazas,NO,NO,,,0.0,0.0,1,0.0,0.0,"Coordenadas 0,0"
1114642,2023,ABRIL,MARTES,2023-04-18,16,Amenazas,Amenazas,NO,NO,,,0.0,0.0,1,0.0,0.0,"Coordenadas 0,0"
1114643,2023,ABRIL,MARTES,2023-04-18,13,Amenazas,Amenazas,NO,NO,,,0.0,0.0,1,0.0,0.0,"Coordenadas 0,0"
1114644,2023,ABRIL,MIERCOLES,2023-04-19,17,Amenazas,Amenazas,NO,NO,,,0.0,0.0,1,0.0,0.0,"Coordenadas 0,0"
1114645,2023,ABRIL,MIERCOLES,2023-04-19,9,Amenazas,Amenazas,NO,NO,,,0.0,0.0,1,0.0,0.0,"Coordenadas 0,0"
1114646,2023,ABRIL,MIERCOLES,2023-04-19,9,Amenazas,Amenazas,NO,NO,,,0.0,0.0,1,0.0,0.0,"Coordenadas 0,0"
1114647,2023,ABRIL,JUEVES,2023-04-20,12,Amenazas,Amenazas,NO,NO,,,0.0,0.0,1,0.0,0.0,"Coordenadas 0,0"
1114648,2023,ABRIL,VIERNES,2023-04-21,9,Amenazas,Amenazas,NO,NO,,,0.0,0.0,1,0.0,0.0,"Coordenadas 0,0"
1114649,2023,ABRIL,SABADO,2023-04-22,11,Amenazas,Amenazas,NO,NO,,,0.0,0.0,1,0.0,0.0,"Coordenadas 0,0"
1114650,2023,ABRIL,DOMINGO,2023-04-23,23,Amenazas,Amenazas,NO,NO,,,0.0,0.0,1,0.0,0.0,"Coordenadas 0,0"
1114651,2023,ABRIL,DOMINGO,2023-04-23,23,Amenazas,Amenazas,NO,NO,,,0.0,0.0,1,0.0,0.0,"Coordenadas 0,0"
1114652,2023,ABRIL,LUNES,2023-04-24,10,Amenazas,Amenazas,NO,NO,,,0.0,0.0,1,0.0,0.0,"Coordenadas 0,0"
1114653,2023,ABRIL,MIERCOLES,2023-04-26,21,Amenazas,Amenazas,NO,NO,,,0.0,0.0,1,0.0,0.0,"Coordenadas 0,0"
1114654,2023,ABRIL,JUEVES,2023-04-27,2,Amenazas,Amenazas,NO,NO,,,0.0,0.0,1,0.0,0.0,"Coordenadas 0,0"
1114655,2023,ABRIL,DOMINGO,2023-04-30,15,Amenazas,Amenazas,NO,NO,,,0.0,0.0,1,0.0,0.0,"Coordenadas 0,0"
1114656,2023,MAYO,MARTES,2023-05-02,1,Amenazas,Amenazas,NO,NO,,,0.0,0.0,1,0.0,0.0,"Coordenadas 0,0"
1114657,2023,MAYO,MIERCOLES,2023-05-03,18,Amenazas,Amenazas,NO,NO,,,0.0,0.0,1,0.0,0.0,"Coordenadas 0,0"
1114658,2023,MAYO,JUEVES,2023-05-04,19,Amenazas,Amenazas,NO,NO,,,0.0,0.0,1,0.0,0.0,"Coordenadas 0,0"
1114659,2023,MAYO,DOMINGO,2023-05-07,21,Amenazas,Amenazas,NO,NO,,,0.0,0.0,1,0.0,0.0,"Coordenadas 0,0"
1114660,2023,MAYO,MARTES,2023-05-09,14,Amenazas,Amenazas,NO,NO,,,0.0,0.0,1,0.0,0.0,"Coordenadas 0,0"
1114661,2023,MAYO,MARTES,2023-05-09,13,Amenazas,Amenazas,NO,NO,,,0.0,0.0,1,0.0,0.0,"Coordenadas 0,0"
1114662,2023,MAYO,MARTES,2023-05-09,13,Amenazas,Amenazas,NO,NO,,,0.0,0.0,1,0.0,0.0,"Coordenadas 0,0"
1114664,2023,MAYO,VIERNES,2023-05-12,20,Amenazas,Amenazas,NO,NO,,,0.0,0.0,1,0.0,0.0,"Coordenadas 0,0"
1114665,2023,MAYO,SABADO,2023-05-13,14,Amenazas,Amenazas,NO,NO,,,0.0,0.0,1,0.0,0.0,"Coordenadas 0,0"
1114666,2023,MAYO,LUNES,2023-05-15,14,Amenazas,Amenazas,NO,NO,,,0.0,0.0,1,0.0,0.0,"Coordenadas 0,0"
1114667,2023,MAYO,MARTES,2023-05-16,9,Amenazas,Amenazas,NO,NO,,,0.0,0.0,1,0.0,0.0,"Coordenadas 0,0"
1114668,2023,MAYO,MARTES,2023-05-16,10,Amenazas,Amenazas,NO,NO,,,0.0,0.0,1,0.0,0.0,"Coordenadas 0,0"
1114669,2023,MAYO,JUEVES,2023-05-18,21,Amenazas,Amenazas,NO,NO,,,0.0,0.0,1,0.0,0.0,"Coordenadas 0,0"
1114670,2023,MAYO,JUEVES,2023-05-18,17,Amenazas,Amenazas,NO,NO,,,0.0,0.0,1,0.0,0.0,"Coordenadas 0,0"
1114671,2023,MAYO,VIERNES,2023-05-19,10,Amenazas,Amenazas,NO,NO,,,0.0,0.0,1,0.0,0.0,"Coordenadas 0,0"
1114672,2023,MAYO,DOMINGO,2023-05-21,9,Amenazas,Amenazas,NO,NO,,,0.0,0.0,1,0.0,0.0,"Coordenadas 0,0"
1114673,2023,MAYO,LUNES,2023-05-22,10,Amenazas,Amenazas,NO,NO,,,0.0,0.0,1,0.0,0.0,"Coordenadas 0,0"
1114674,2023,MAYO,MARTES,2023-05-23,3,Amenazas,Amenazas,NO,NO,,,0.0,0.0,1,0.0,0.0,"Coordenadas 0,0"
1114675,2023,MAYO,MIERCOLES,2023-05-24,12,Amenazas,Amenazas,NO,NO,,,0.0,0.0,1,0.0,0.0,"Coordenadas 0,0"
1114676,2023,MAYO,SABADO,2023-05-27,3,Amenazas,Amenazas,NO,NO,,,0.0,0.0,1,0.0,0.0,"Coordenadas 0,0"
1114677,2023,MAYO,MARTES,2023-05-30,19,Amenazas,Amenazas,NO,NO,,,0.0,0.0,1,0.0,0.0,"Coordenadas 0,0"
1114678,2023,JUNIO,JUEVES,2023-06-01,15,Amenazas,Amenazas,NO,NO,,,0.0,0.0,1,0.0,0.0,"Coordenadas 0,0"
1114679,2023,JUNIO,VIERNES,2023-06-02,19,Amenazas,Amenazas,NO,NO,,,0.0,0.0,1,0.0,0.0,"Coordenadas 0,0"
1114681,2023,JUNIO,MIERCOLES,2023-06-07,14,Amenazas,Amenazas,NO,NO,,,0.0,0.0,1,0.0,0.0,"Coordenadas 0,0"
1114682,2023,JUNIO,MIERCOLES,2023-06-07,10,Amenazas,Amenazas,NO,NO,,,0.0,0.0,1,0.0,0.0,"Coordenadas 0,0"
1114683,2023,JUNIO,MIERCOLES,2023-06-07,10,Amenazas,Amenazas,NO,NO,,,0.0,0.0,1,0.0,0.0,"Coordenadas 0,0"
1114684,2023,JUNIO,JUEVES,2023-06-08,16,Amenazas,Amenazas,NO,NO,,,0.0,0.0,1,0.0,0.0,"Coordenadas 0,0"
1114685,2023,JUNIO,VIERNES,2023-06-09,11,Amenazas,Amenazas,NO,NO,,,0.0,0.0,1,0.0,0.0,"Coordenadas 0,0"
1114686,2023,JUNIO,MIERCOLES,2023-06-14,13,Amenazas,Amenazas,NO,NO,,,0.0,0.0,1,0.0,0.0,"Coordenadas 0,0"
1114687,2023,JUNIO,JUEVES,2023-06-15,10,Amenazas,Amenazas,NO,NO,,,0.0,0.0,1,0.0,0.0,"Coordenadas 0,0"
1114688,2023,JUNIO,SABADO,2023-06-17,12,Amenazas,Amenazas,NO,NO,,,0.0,0.0,1,0.0,0.0,"Coordenadas 0,0"
1114689,2023,JUNIO,SABADO,2023-06-17,10,Amenazas,Amenazas,NO,NO,,,0.0,0.0,1,0.0,0.0,"Coordenadas 0,0"
1114690,2023,JUNIO,LUNES,2023-06-19,16,Amenazas,Amenazas,NO,NO,,,0.0,0.0,1,0.0,0.0,"Coordenadas 0,0"
1114691,2023,JUNIO,SABADO,2023-06-24,18,Amenazas,Amenazas,NO,NO,,,0.0,0.0,1,0.0,0.0,"Coordenadas 0,0"
1114692,2023,JUNIO,DOMINGO,2023-06-25,18,Amenazas,Amenazas,NO,NO,,,0.0,0.0,1,0.0,0.0,"Coordenadas 0,0"
1114693,2023,JUNIO,LUNES,2023-06-26,0,Amenazas,Amenazas,NO,NO,,,0.0,0.0,1,0.0,0.0,"Coordenadas 0,0"
1114694,2023,JUNIO,MARTES,2023-06-27,16,Amenazas,Amenazas,NO,NO,,,0.0,0.0,1,0.0,0.0,"Coordenadas 0,0"
1114695,2023,JUNIO,MARTES,2023-06-27,18,Amenazas,Amenazas,NO,NO,,,0.0,0.0,1,0.0,0.0,"Coordenadas 0,0"
1114696,2023,JUNIO,JUEVES,2023-06-29,17,Amenazas,Amenazas,NO,NO,,,0.0,0.0,1,0.0,0.0,"Coordenadas 0,0"
1114697,2023,JULIO,MARTES,2023-07-04,21,Amenazas,Amenazas,NO,NO,,,0.0,0.0,1,0.0,0.0,"Coordenadas 0,0"
1114698,2023,JULIO,MARTES,2023-07-04,1,Amenazas,Amenazas,NO,NO,,,0.0,0.0,1,0.0,0.0,"Coordenadas 0,0"
1114699,2023,JULIO,VIERNES,2023-07-07,19,Amenazas,Amenazas,NO,NO,,,0.0,0.0,1,0.0,0.0,"Coordenadas 0,0"
1114700,2023,JULIO,LUNES,2023-07-10,18,Amenazas,Amenazas,NO,NO,,,0.0,0.0,1,0.0,0.0,"Coordenadas 0,0"
1114701,2023,JULIO,MARTES,2023-07-11,14,Amenazas,Amenazas,NO,NO,,,0.0,0.0,1,0.0,0.0,"Coordenadas 0,0"
1114702,2023,JULIO,MIERCOLES,2023-07-12,22,Amenazas,Amenazas,NO,NO,,,0.0,0.0,1,0.0,0.0,"Coordenadas 0,0"
1114703,2023,JULIO,JUEVES,2023-07-13,12,Amenazas,Amenazas,NO,NO,,,0.0,0.0,1,0.0,0.0,"Coordenadas 0,0"
1114704,2023,JULIO,LUNES,2023-07-17,16,Amenazas,Amenazas,NO,NO,,,0.0,0.0,1,0.0,0.0,"Coordenadas 0,0"
1114705,2023,JULIO,LUNES,2023-07-17,20,Amenazas,Amenazas,NO,NO,,,0.0,0.0,1,0.0,0.0,"Coordenadas 0,0"
1114706,2023,JULIO,MARTES,2023-07-18,21,Amenazas,Amenazas,NO,NO,,,0.0,0.0,1,0.0,0.0,"Coordenadas 0,0"
1114707,2023,JULIO,MIERCOLES,2023-07-19,15,Amenazas,Amenazas,NO,NO,,,0.0,0.0,1,0.0,0.0,"Coordenadas 0,0"
1114708,2023,JULIO,LUNES,2023-07-24,0,Amenazas,Amenazas,NO,NO,,,0.0,0.0,1,0.0,0.0,"Coordenadas 0,0"
1114709,2023,JULIO,MARTES,2023-07-25,22,Amenazas,Amenazas,NO,NO,,,0.0,0.0,1,0.0,0.0,"Coordenadas 0,0"
1114710,2023,JULIO,MIERCOLES,2023-07-26,19,Amenazas,Amenazas,NO,NO,,,0.0,0.0,1,0.0,0.0,"Coordenadas 0,0"
1114711,2023,JULIO,MIERCOLES,2023-07-26,6,Amenazas,Amenazas,NO,NO,,,0.0,0.0,1,0.0,0.0,"Coordenadas 0,0"
1114712,2023,JULIO,SABADO,2023-07-29,13,Amenazas,Amenazas,NO,NO,,,0.0,0.0,1,0.0,0.0,"Coordenadas 0,0"
1114713,2023,JULIO,SABADO,2023-07-29,3,Amenazas,Amenazas,NO,NO,,,0.0,0.0,1,0.0,0.0,"Coordenadas 0,0"
1114714,2023,JULIO,SABADO,2023-07-29,18,Amenazas,Amenazas,NO,NO,,,0.0,0.0,1,0.0,0.0,"Coordenadas 0,0"
1114715,2023,JULIO,LUNES,2023-07-31,20,Amenazas,Amenazas,NO,NO,,,0.0,0.0,1,0.0,0.0,"Coordenadas 0,0"
1114716,2023,AGOSTO,MARTES,2023-08-01,12,Amenazas,Amenazas,NO,NO,,,0.0,0.0,1,0.0,0.0,"Coordenadas 0,0"
1114717,2023,AGOSTO,MARTES,2023-08-01,8,Amenazas,Amenazas,NO,NO,,,0.0,0.0,1,0.0,0.0,"Coordenadas 0,0"
1114718,2023,AGOSTO,MARTES,2023-08-01,8,Amenazas,Amenazas,NO,NO,,,0.0,0.0,1,0.0,0.0,"Coordenadas 0,0"
1114719,2023,AGOSTO,MARTES,2023-08-01,12,Amenazas,Amenazas,NO,NO,,,0.0,0.0,1,0.0,0.0,"Coordenadas 0,0"
1114720,2023,AGOSTO,MARTES,2023-08-01,8,Amenazas,Amenazas,NO,NO,,,0.0,0.0,1,0.0,0.0,"Coordenadas 0,0"
1114721,2023,AGOSTO,JUEVES,2023-08-03,3,Amenazas,Amenazas,NO,NO,,,0.0,0.0,1,0.0,0.0,"Coordenadas 0,0"
1114722,2023,AGOSTO,JUEVES,2023-08-03,3,Amenazas,Amenazas,NO,NO,,,0.0,0.0,1,0.0,0.0,"Coordenadas 0,0"
1114723,2023,AGOSTO,VIERNES,2023-08-04,8,Amenazas,Amenazas,NO,NO,,,0.0,0.0,1,0.0,0.0,"Coordenadas 0,0"
1114724,2023,AGOSTO,VIERNES,2023-08-04,11,Amenazas,Amenazas,NO,NO,,,0.0,0.0,1,0.0,0.0,"Coordenadas 0,0"
1114725,2023,AGOSTO,SABADO,2023-08-05,0,Amenazas,Amenazas,NO,NO,,,0.0,0.0,1,0.0,0.0,"Coordenadas 0,0"
1114726,2023,AGOSTO,LUNES,2023-08-07,16,Amenazas,Amenazas,NO,NO,,,0.0,0.0,1,0.0,0.0,"Coordenadas 0,0"
1114727,2023,AGOSTO,LUNES,2023-08-07,15,Amenazas,Amenazas,NO,NO,,,0.0,0.0,1,0.0,0.0,"Coordenadas 0,0"
1114728,2023,AGOSTO,LUNES,2023-08-07,16,Amenazas,Amenazas,NO,NO,,,0.0,0.0,1,0.0,0.0,"Coordenadas 0,0"
1114729,2023,AGOSTO,LUNES,2023-08-07,12,Amenazas,Amenazas,NO,NO,,,0.0,0.0,1,0.0,0.0,"Coordenadas 0,0"
1114730,2023,AGOSTO,MIERCOLES,2023-08-09,22,Amenazas,Amenazas,NO,NO,,,0.0,0.0,1,0.0,0.0,"Coordenadas 0,0"
1114731,2023,AGOSTO,JUEVES,2023-08-10,20,Amenazas,Amenazas,NO,NO,,,0.0,0.0,1,0.0,0.0,"Coordenadas 0,0"
1114732,2023,AGOSTO,VIERNES,2023-08-11,10,Amenazas,Amenazas,NO,NO,,,0.0,0.0,1,0.0,0.0,"Coordenadas 0,0"
1114733,2023,AGOSTO,VIERNES,2023-08-11,16,Amenazas,Amenazas,NO,NO,,,0.0,0.0,1,0.0,0.0,"Coordenadas 0,0"
1114734,2023,AGOSTO,VIERNES,2023-08-11,0,Amenazas,Amenazas,NO,NO,,,0.0,0.0,1,0.0,0.0,"Coordenadas 0,0"
1114735,2023,AGOSTO,SABADO,2023-08-12,16,Amenazas,Amenazas,NO,NO,,,0.0,0.0,1,0.0,0.0,"Coordenadas 0,0"
1114736,2023,AGOSTO,SABADO,2023-08-12,2,Amenazas,Amenazas,NO,NO,,,0.0,0.0,1,0.0,0.0,"Coordenadas 0,0"
1114737,2023,AGOSTO,SABADO,2023-08-12,16,Amenazas,Amenazas,NO,NO,,,0.0,0.0,1,0.0,0.0,"Coordenadas 0,0"
1114738,2023,AGOSTO,DOMINGO,2023-08-13,19,Amenazas,Amenazas,NO,NO,,,0.0,0.0,1,0.0,0.0,"Coordenadas 0,0"
1114739,2023,AGOSTO,MIERCOLES,2023-08-16,19,Amenazas,Amenazas,NO,NO,,,0.0,0.0,1,0.0,0.0,"Coordenadas 0,0"
1114740,2023,AGOSTO,MIERCOLES,2023-08-16,8,Amenazas,Amenazas,NO,NO,,,0.0,0.0,1,0.0,0.0,"Coordenadas 0,0"
1114741,2023,AGOSTO,MIERCOLES,2023-08-16,20,Amenazas,Amenazas,NO,NO,,,0.0,0.0,1,0.0,0.0,"Coordenadas 0,0"
1114742,2023,AGOSTO,JUEVES,2023-08-17,0,Amenazas,Amenazas,NO,NO,,,0.0,0.0,1,0.0,0.0,"Coordenadas 0,0"
1114743,2023,AGOSTO,JUEVES,2023-08-17,0,Amenazas,Amenazas,NO,NO,,,0.0,0.0,1,0.0,0.0,"Coordenadas 0,0"
1114744,2023,AGOSTO,SABADO,2023-08-19,11,Amenazas,Amenazas,NO,NO,,,0.0,0.0,1,0.0,0.0,"Coordenadas 0,0"
1114745,2023,AGOSTO,SABADO,2023-08-19,2,Amenazas,Amenazas,NO,NO,,,0.0,0.0,1,0.0,0.0,"Coordenadas 0,0"
1114746,2023,AGOSTO,LUNES,2023-08-21,10,Amenazas,Amenazas,NO,NO,,,0.0,0.0,1,0.0,0.0,"Coordenadas 0,0"
1114747,2023,AGOSTO,LUNES,2023-08-21,12,Amenazas,Amenazas,NO,NO,,,0.0,0.0,1,0.0,0.0,"Coordenadas 0,0"
1114748,2023,AGOSTO,MARTES,2023-08-22,9,Amenazas,Amenazas,NO,NO,,,0.0,0.0,1,0.0,0.0,"Coordenadas 0,0"
1114749,2023,AGOSTO,MARTES,2023-08-22,2,Amenazas,Amenazas,NO,NO,,,0.0,0.0,1,0.0,0.0,"Coordenadas 0,0"
1114750,2023,AGOSTO,MARTES,2023-08-22,9,Amenazas,Amenazas,NO,NO,,,0.0,0.0,1,0.0,0.0,"Coordenadas 0,0"
1114751,2023,AGOSTO,JUEVES,2023-08-24,17,Amenazas,Amenazas,NO,NO,,,0.0,0.0,1,0.0,0.0,"Coordenadas 0,0"
1114752,2023,AGOSTO,JUEVES,2023-08-24,20,Amenazas,Amenazas,NO,NO,,,0.0,0.0,1,0.0,0.0,"Coordenadas 0,0"
1114753,2023,AGOSTO,JUEVES,2023-08-24,23,Amenazas,Amenazas,NO,NO,,,0.0,0.0,1,0.0,0.0,"Coordenadas 0,0"
1114754,2023,AGOSTO,JUEVES,2023-08-24,15,Amenazas,Amenazas,NO,NO,,,0.0,0.0,1,0.0,0.0,"Coordenadas 0,0"
1114755,2023,AGOSTO,VIERNES,2023-08-25,23,Amenazas,Amenazas,NO,NO,,,0.0,0.0,1,0.0,0.0,"Coordenadas 0,0"
1114756,2023,AGOSTO,VIERNES,2023-08-25,10,Amenazas,Amenazas,NO,NO,,,0.0,0.0,1,0.0,0.0,"Coordenadas 0,0"
1114757,2023,AGOSTO,VIERNES,2023-08-25,8,Amenazas,Amenazas,NO,NO,,,0.0,0.0,1,0.0,0.0,"Coordenadas 0,0"
1114758,2023,AGOSTO,VIERNES,2023-08-25,20,Amenazas,Amenazas,NO,NO,,,0.0,0.0,1,0.0,0.0,"Coordenadas 0,0"
1114759,2023,AGOSTO,DOMINGO,2023-08-27,21,Amenazas,Amenazas,NO,NO,,,0.0,0.0,1,0.0,0.0,"Coordenadas 0,0"
1114760,2023,AGOSTO,MARTES,2023-08-29,21,Amenazas,Amenazas,NO,NO,,,0.0,0.0,1,0.0,0.0,"Coordenadas 0,0"
1114761,2023,AGOSTO,MIERCOLES,2023-08-30,20,Amenazas,Amenazas,NO,NO,,,0.0,0.0,1,0.0,0.0,"Coordenadas 0,0"
1114762,2023,AGOSTO,JUEVES,2023-08-31,17,Amenazas,Amenazas,NO,NO,,,0.0,0.0,1,0.0,0.0,"Coordenadas 0,0"
1114763,2023,SEPTIEMBRE,VIERNES,2023-09-01,14,Amenazas,Amenazas,NO,NO,,,0.0,0.0,1,0.0,0.0,"Coordenadas 0,0"
1114764,2023,SEPTIEMBRE,MARTES,2023-09-05,16,Amenazas,Amenazas,NO,NO,,,0.0,0.0,1,0.0,0.0,"Coordenadas 0,0"
1114765,2023,SEPTIEMBRE,JUEVES,2023-09-07,21,Amenazas,Amenazas,NO,NO,,,0.0,0.0,1,0.0,0.0,"Coordenadas 0,0"
1114766,2023,SEPTIEMBRE,VIERNES,2023-09-08,23,Amenazas,Amenazas,NO,NO,,,0.0,0.0,1,0.0,0.0,"Coordenadas 0,0"
1114767,2023,SEPTIEMBRE,SABADO,2023-09-09,20,Amenazas,Amenazas,NO,NO,,,0.0,0.0,1,0.0,0.0,"Coordenadas 0,0"
1114768,2023,SEPTIEMBRE,SABADO,2023-09-09,20,Amenazas,Amenazas,NO,NO,,,0.0,0.0,1,0.0,0.0,"Coordenadas 0,0"
1114769,2023,SEPTIEMBRE,SABADO,2023-09-09,20,Amenazas,Amenazas,NO,NO,,,0.0,0.0,1,0.0,0.0,"Coordenadas 0,0"
1114770,2023,SEPTIEMBRE,LUNES,2023-09-11,3,Amenazas,Amenazas,NO,NO,,,0.0,0.0,1,0.0,0.0,"Coordenadas 0,0"
1114771,2023,SEPTIEMBRE,LUNES,2023-09-11,17,Amenazas,Amenazas,NO,NO,,,0.0,0.0,1,0.0,0.0,"Coordenadas 0,0"
1114772,2023,SEPTIEMBRE,LUNES,2023-09-11,17,Amenazas,Amenazas,NO,NO,,,0.0,0.0,1,0.0,0.0,"Coordenadas 0,0"
1114773,2023,SEPTIEMBRE,MARTES,2023-09-12,17,Amenazas,Amenazas,NO,NO,,,0.0,0.0,1,0.0,0.0,"Coordenadas 0,0"
1114774,2023,SEPTIEMBRE,MARTES,2023-09-12,13,Amenazas,Amenazas,NO,NO,,,0.0,0.0,1,0.0,0.0,"Coordenadas 0,0"
1114775,2023,SEPTIEMBRE,JUEVES,2023-09-14,22,Amenazas,Amenazas,NO,NO,,,0.0,0.0,1,0.0,0.0,"Coordenadas 0,0"
1114776,2023,SEPTIEMBRE,LUNES,2023-09-18,20,Amenazas,Amenazas,NO,NO,,,0.0,0.0,1,0.0,0.0,"Coordenadas 0,0"
1114777,2023,SEPTIEMBRE,MIERCOLES,2023-09-20,14,Amenazas,Amenazas,NO,NO,,,0.0,0.0,1,0.0,0.0,"Coordenadas 0,0"
1114778,2023,SEPTIEMBRE,JUEVES,2023-09-21,16,Amenazas,Amenazas,NO,NO,,,0.0,0.0,1,0.0,0.0,"Coordenadas 0,0"
1114779,2023,SEPTIEMBRE,JUEVES,2023-09-21,12,Amenazas,Amenazas,NO,NO,,,0.0,0.0,1,0.0,0.0,"Coordenadas 0,0"
1114780,2023,SEPTIEMBRE,JUEVES,2023-09-21,12,Amenazas,Amenazas,NO,NO,,,0.0,0.0,1,0.0,0.0,"Coordenadas 0,0"
1114781,2023,SEPTIEMBRE,JUEVES,2023-09-21,12,Amenazas,Amenazas,NO,NO,,,0.0,0.0,1,0.0,0.0,"Coordenadas 0,0"
1114782,2023,SEPTIEMBRE,SABADO,2023-09-23,16,Amenazas,Amenazas,NO,NO,,,0.0,0.0,1,0.0,0.0,"Coordenadas 0,0"
1114783,2023,SEPTIEMBRE,LUNES,2023-09-25,20,Amenazas,Amenazas,NO,NO,,,0.0,0.0,1,0.0,0.0,"Coordenadas 0,0"
1114784,2023,SEPTIEMBRE,JUEVES,2023-09-28,20,Amenazas,Amenazas,NO,NO,,,0.0,0.0,1,0.0,0.0,"Coordenadas 0,0"
1114785,2023,SEPTIEMBRE,VIERNES,2023-09-29,11,Amenazas,Amenazas,NO,NO,,,0.0,0.0,1,0.0,0.0,"Coordenadas 0,0"
1114786,2023,SEPTIEMBRE,SABADO,2023-09-30,20,Amenazas,Amenazas,NO,NO,,,0.0,0.0,1,0.0,0.0,"Coordenadas 0,0"
1114787,2023,OCTUBRE,JUEVES,2023-10-05,0,Amenazas,Amenazas,NO,NO,,,0.0,0.0,1,0.0,0.0,"Coordenadas 0,0"
1114788,2023,OCTUBRE,DOMINGO,2023-10-08,17,Amenazas,Amenazas,NO,NO,,,0.0,0.0,1,0.0,0.0,"Coordenadas 0,0"
1114789,2023,OCTUBRE,LUNES,2023-10-09,11,Amenazas,Amenazas,NO,NO,,,0.0,0.0,1,0.0,0.0,"Coordenadas 0,0"
1114790,2023,OCTUBRE,JUEVES,2023-10-12,11,Amenazas,Amenazas,NO,NO,,,0.0,0.0,1,0.0,0.0,"Coordenadas 0,0"
1114791,2023,OCTUBRE,JUEVES,2023-10-12,2,Amenazas,Amenazas,NO,NO,,,0.0,0.0,1,0.0,0.0,"Coordenadas 0,0"
1114792,2023,OCTUBRE,SABADO,2023-10-14,23,Amenazas,Amenazas,NO,NO,,,0.0,0.0,1,0.0,0.0,"Coordenadas 0,0"
1114793,2023,OCTUBRE,JUEVES,2023-10-19,21,Amenazas,Amenazas,NO,NO,,,0.0,0.0,1,0.0,0.0,"Coordenadas 0,0"
1114794,2023,OCTUBRE,VIERNES,2023-10-20,0,Amenazas,Amenazas,NO,NO,,,0.0,0.0,1,0.0,0.0,"Coordenadas 0,0"
1114795,2023,OCTUBRE,SABADO,2023-10-21,17,Amenazas,Amenazas,NO,NO,,,0.0,0.0,1,0.0,0.0,"Coordenadas 0,0"
1114796,2023,OCTUBRE,SABADO,2023-10-21,17,Amenazas,Amenazas,NO,NO,,,0.0,0.0,1,0.0,0.0,"Coordenadas 0,0"
1114797,2023,OCTUBRE,MARTES,2023-10-24,10,Amenazas,Amenazas,NO,NO,,,0.0,0.0,1,0.0,0.0,"Coordenadas 0,0"
1114798,2023,OCTUBRE,MARTES,2023-10-24,11,Amenazas,Amenazas,NO,NO,,,0.0,0.0,1,0.0,0.0,"Coordenadas 0,0"
1114799,2023,OCTUBRE,MARTES,2023-10-24,21,Amenazas,Amenazas,NO,NO,,,0.0,0.0,1,0.0,0.0,"Coordenadas 0,0"
1114800,2023,OCTUBRE,SABADO,2023-10-28,22,Amenazas,Amenazas,NO,NO,,,0.0,0.0,1,0.0,0.0,"Coordenadas 0,0"
1114801,2023,OCTUBRE,SABADO,2023-10-28,22,Amenazas,Amenazas,NO,NO,,,0.0,0.0,1,0.0,0.0,"Coordenadas 0,0"
1114802,2023,OCTUBRE,SABADO,2023-10-28,22,Amenazas,Amenazas,NO,NO,,,0.0,0.0,1,0.0,0.0,"Coordenadas 0,0"
1114803,2023,OCTUBRE,MARTES,2023-10-31,18,Amenazas,Amenazas,NO,NO,,,0.0,0.0,1,0.0,0.0,"Coordenadas 0,0"
1114804,2023,NOVIEMBRE,MIERCOLES,2023-11-01,7,Amenazas,Amenazas,NO,NO,,,0.0,0.0,1,0.0,0.0,"Coordenadas 0,0"
1114805,2023,NOVIEMBRE,MIERCOLES,2023-11-01,20,Amenazas,Amenazas,NO,NO,,,0.0,0.0,1,0.0,0.0,"Coordenadas 0,0"
1114806,2023,NOVIEMBRE,SABADO,2023-11-04,21,Amenazas,Amenazas,NO,NO,,,0.0,0.0,1,0.0,0.0,"Coordenadas 0,0"
1114807,2023,NOVIEMBRE,SABADO,2023-11-04,21,Amenazas,Amenazas,NO,NO,,,0.0,0.0,1,0.0,0.0,"Coordenadas 0,0"
1114808,2023,NOVIEMBRE,SABADO,2023-11-04,21,Amenazas,Amenazas,NO,NO,,,0.0,0.0,1,0.0,0.0,"Coordenadas 0,0"
1114809,2023,NOVIEMBRE,SABADO,2023-11-04,21,Amenazas,Amenazas,NO,NO,,,0.0,0.0,1,0.0,0.0,"Coordenadas 0,0"
1114810,2023,NOVIEMBRE,DOMINGO,2023-11-05,21,Amenazas,Amenazas,NO,NO,,,0.0,0.0,1,0.0,0.0,"Coordenadas 0,0"
1114811,2023,NOVIEMBRE,LUNES,2023-11-06,18,Amenazas,Amenazas,NO,NO,,,0.0,0.0,1,0.0,0.0,"Coordenadas 0,0"
1114812,2023,NOVIEMBRE,LUNES,2023-11-06,19,Amenazas,Amenazas,NO,NO,,,0.0,0.0,1,0.0,0.0,"Coordenadas 0,0"
1114813,2023,NOVIEMBRE,LUNES,2023-11-06,16,Amenazas,Amenazas,NO,NO,,,0.0,0.0,1,0.0,0.0,"Coordenadas 0,0"
1114814,2023,NOVIEMBRE,MARTES,2023-11-07,15,Amenazas,Amenazas,NO,NO,,,0.0,0.0,1,0.0,0.0,"Coordenadas 0,0"
1114815,2023,NOVIEMBRE,MARTES,2023-11-07,15,Amenazas,Amenazas,NO,NO,,,0.0,0.0,1,0.0,0.0,"Coordenadas 0,0"
1114816,2023,NOVIEMBRE,MARTES,2023-11-07,15,Amenazas,Amenazas,NO,NO,,,0.0,0.0,1,0.0,0.0,"Coordenadas 0,0"
1114817,2023,NOVIEMBRE,MIERCOLES,2023-11-08,3,Amenazas,Amenazas,NO,NO,,,0.0,0.0,1,0.0,0.0,"Coordenadas 0,0"
1114818,2023,NOVIEMBRE,MIERCOLES,2023-11-08,11,Amenazas,Amenazas,NO,NO,,,0.0,0.0,1,0.0,0.0,"Coordenadas 0,0"
1114819,2023,NOVIEMBRE,JUEVES,2023-11-09,14,Amenazas,Amenazas,NO,NO,,,0.0,0.0,1,0.0,0.0,"Coordenadas 0,0"
1114820,2023,NOVIEMBRE,VIERNES,2023-11-10,13,Amenazas,Amenazas,NO,NO,,,0.0,0.0,1,0.0,0.0,"Coordenadas 0,0"
1114821,2023,NOVIEMBRE,VIERNES,2023-11-10,13,Amenazas,Amenazas,NO,NO,,,0.0,0.0,1,0.0,0.0,"Coordenadas 0,0"
1114822,2023,NOVIEMBRE,LUNES,2023-11-13,20,Amenazas,Amenazas,NO,NO,,,0.0,0.0,1,0.0,0.0,"Coordenadas 0,0"
1114823,2023,NOVIEMBRE,LUNES,2023-11-13,22,Amenazas,Amenazas,NO,NO,,,0.0,0.0,1,0.0,0.0,"Coordenadas 0,0"
1114824,2023,NOVIEMBRE,MARTES,2023-11-14,10,Amenazas,Amenazas,NO,NO,,,0.0,0.0,1,0.0,0.0,"Coordenadas 0,0"
1114825,2023,NOVIEMBRE,MIERCOLES,2023-11-15,13,Amenazas,Amenazas,NO,NO,,,0.0,0.0,1,0.0,0.0,"Coordenadas 0,0"
1114826,2023,NOVIEMBRE,MIERCOLES,2023-11-15,15,Amenazas,Amenazas,NO,NO,,,0.0,0.0,1,0.0,0.0,"Coordenadas 0,0"
1114827,2023,NOVIEMBRE,MIERCOLES,2023-11-15,22,Amenazas,Amenazas,NO,NO,,,0.0,0.0,1,0.0,0.0,"Coordenadas 0,0"
1114828,2023,NOVIEMBRE,MIERCOLES,2023-11-15,13,Amenazas,Amenazas,NO,NO,,,0.0,0.0,1,0.0,0.0,"Coordenadas 0,0"
1114829,2023,NOVIEMBRE,MIERCOLES,2023-11-15,13,Amenazas,Amenazas,NO,NO,,,0.0,0.0,1,0.0,0.0,"Coordenadas 0,0"
1114830,2023,NOVIEMBRE,JUEVES,2023-11-16,16,Amenazas,Amenazas,NO,NO,,,0.0,0.0,1,0.0,0.0,"Coordenadas 0,0"
1114832,2023,NOVIEMBRE,SABADO,2023-11-18,10,Amenazas,Amenazas,NO,NO,,,0.0,0.0,1,0.0,0.0,"Coordenadas 0,0"
1114833,2023,NOVIEMBRE,LUNES,2023-11-20,9,Amenazas,Amenazas,NO,NO,,,0.0,0.0,1,0.0,0.0,"Coordenadas 0,0"
1114834,2023,NOVIEMBRE,VIERNES,2023-11-24,8,Amenazas,Amenazas,NO,NO,,,0.0,0.0,1,0.0,0.0,"Coordenadas 0,0"
1114835,2023,NOVIEMBRE,VIERNES,2023-11-24,8,Amenazas,Amenazas,NO,NO,,,0.0,0.0,1,0.0,0.0,"Coordenadas 0,0"
1114836,2023,NOVIEMBRE,VIERNES,2023-11-24,8,Amenazas,Amenazas,NO,NO,,,0.0,0.0,1,0.0,0.0,"Coordenadas 0,0"
1114837,2023,NOVIEMBRE,SABADO,2023-11-25,21,Amenazas,Amenazas,NO,NO,,,0.0,0.0,1,0.0,0.0,"Coordenadas 0,0"
1114838,2023,NOVIEMBRE,DOMINGO,2023-11-26,20,Amenazas,Amenazas,NO,NO,,,0.0,0.0,1,0.0,0.0,"Coordenadas 0,0"
1114839,2023,NOVIEMBRE,LUNES,2023-11-27,3,Amenazas,Amenazas,NO,NO,,,0.0,0.0,1,0.0,0.0,"Coordenadas 0,0"
1114840,2023,NOVIEMBRE,LUNES,2023-11-27,14,Amenazas,Amenazas,NO,NO,,,0.0,0.0,1,0.0,0.0,"Coordenadas 0,0"
1114841,2023,NOVIEMBRE,MIERCOLES,2023-11-29,13,Amenazas,Amenazas,NO,NO,,,0.0,0.0,1,0.0,0.0,"Coordenadas 0,0"
1114842,2023,NOVIEMBRE,JUEVES,2023-11-30,22,Amenazas,Amenazas,NO,NO,,,0.0,0.0,1,0.0,0.0,"Coordenadas 0,0"
1114843,2023,DICIEMBRE,SABADO,2023-12-02,7,Amenazas,Amenazas,NO,NO,,,0.0,0.0,1,0.0,0.0,"Coordenadas 0,0"
1114844,2023,DICIEMBRE,SABADO,2023-12-02,21,Amenazas,Amenazas,NO,NO,,,0.0,0.0,1,0.0,0.0,"Coordenadas 0,0"
1114845,2023,DICIEMBRE,SABADO,2023-12-02,21,Amenazas,Amenazas,NO,NO,,,0.0,0.0,1,0.0,0.0,"Coordenadas 0,0"
1114846,2023,DICIEMBRE,MARTES,2023-12-05,16,Amenazas,Amenazas,NO,NO,,,0.0,0.0,1,0.0,0.0,"Coordenadas 0,0"
1114847,2023,DICIEMBRE,MARTES,2023-12-05,16,Amenazas,Amenazas,NO,NO,,,0.0,0.0,1,0.0,0.0,"Coordenadas 0,0"
1114848,2023,DICIEMBRE,MARTES,2023-12-05,16,Amenazas,Amenazas,NO,NO,,,0.0,0.0,1,0.0,0.0,"Coordenadas 0,0"
1114849,2023,DICIEMBRE,MARTES,2023-12-05,20,Amenazas,Amenazas,NO,NO,,,0.0,0.0,1,0.0,0.0,"Coordenadas 0,0"
1114850,2023,DICIEMBRE,MARTES,2023-12-05,16,Amenazas,Amenazas,NO,NO,,,0.0,0.0,1,0.0,0.0,"Coordenadas 0,0"
1114851,2023,DICIEMBRE,MIERCOLES,2023-12-06,13,Amenazas,Amenazas,NO,NO,,,0.0,0.0,1,0.0,0.0,"Coordenadas 0,0"
1114852,2023,DICIEMBRE,JUEVES,2023-12-07,8,Amenazas,Amenazas,NO,NO,,,0.0,0.0,1,0.0,0.0,"Coordenadas 0,0"
1114853,2023,DICIEMBRE,VIERNES,2023-12-08,20,Amenazas,Amenazas,NO,NO,,,0.0,0.0,1,0.0,0.0,"Coordenadas 0,0"
1114854,2023,DICIEMBRE,DOMINGO,2023-12-10,20,Amenazas,Amenazas,NO,NO,,,0.0,0.0,1,0.0,0.0,"Coordenadas 0,0"
1114855,2023,DICIEMBRE,DOMINGO,2023-12-10,16,Amenazas,Amenazas,NO,NO,,,0.0,0.0,1,0.0,0.0,"Coordenadas 0,0"
1114856,2023,DICIEMBRE,LUNES,2023-12-11,2,Amenazas,Amenazas,NO,NO,,,0.0,0.0,1,0.0,0.0,"Coordenadas 0,0"
1114857,2023,DICIEMBRE,LUNES,2023-12-11,20,Amenazas,Amenazas,NO,NO,,,0.0,0.0,1,0.0,0.0,"Coordenadas 0,0"
1114858,2023,DICIEMBRE,JUEVES,2023-12-14,18,Amenazas,Amenazas,NO,NO,,,0.0,0.0,1,0.0,0.0,"Coordenadas 0,0"
1114859,2023,DICIEMBRE,JUEVES,2023-12-14,18,Amenazas,Amenazas,NO,NO,,,0.0,0.0,1,0.0,0.0,"Coordenadas 0,0"
1114860,2023,DICIEMBRE,SABADO,2023-12-16,10,Amenazas,Amenazas,NO,NO,,,0.0,0.0,1,0.0,0.0,"Coordenadas 0,0"
1114861,2023,DICIEMBRE,DOMINGO,2023-12-17,21,Amenazas,Amenazas,NO,NO,,,0.0,0.0,1,0.0,0.0,"Coordenadas 0,0"
1114862,2023,DICIEMBRE,LUNES,2023-12-18,6,Amenazas,Amenazas,NO,NO,,,0.0,0.0,1,0.0,0.0,"Coordenadas 0,0"
1114863,2023,DICIEMBRE,JUEVES,2023-12-21,11,Amenazas,Amenazas,NO,NO,,,0.0,0.0,1,0.0,0.0,"Coordenadas 0,0"
1114864,2023,DICIEMBRE,JUEVES,2023-12-21,10,Amenazas,Amenazas,NO,NO,,,0.0,0.0,1,0.0,0.0,"Coordenadas 0,0"
1114865,2023,DICIEMBRE,VIERNES,2023-12-22,0,Amenazas,Amenazas,NO,NO,,,0.0,0.0,1,0.0,0.0,"Coordenadas 0,0"
1114866,2023,DICIEMBRE,DOMINGO,2023-12-24,19,Amenazas,Amenazas,NO,NO,,,0.0,0.0,1,0.0,0.0,"Coordenadas 0,0"
1114867,2023,DICIEMBRE,MARTES,2023-12-26,10,Amenazas,Amenazas,NO,NO,,,0.0,0.0,1,0.0,0.0,"Coordenadas 0,0"
1114868,2023,DICIEMBRE,MIERCOLES,2023-12-27,21,Amenazas,Amenazas,NO,NO,,,0.0,0.0,1,0.0,0.0,"Coordenadas 0,0"
1114869,2023,DICIEMBRE,MIERCOLES,2023-12-27,21,Amenazas,Amenazas,NO,NO,,,0.0,0.0,1,0.0,0.0,"Coordenadas 0,0"
1114870,2023,DICIEMBRE,MIERCOLES,2023-12-27,21,Amenazas,Amenazas,NO,NO,,,0.0,0.0,1,0.0,0.0,"Coordenadas 0,0"
1114871,2023,DICIEMBRE,JUEVES,2023-12-28,14,Amenazas,Amenazas,NO,NO,,,0.0,0.0,1,0.0,0.0,"Coordenadas 0,0"
1114872,2023,DICIEMBRE,DOMINGO,2023-12-31,0,Amenazas,Amenazas,NO,NO,,,0.0,0.0,1,0.0,0.0,"Coordenadas 0,0"
1114873,2023,ENERO,MARTES,2023-01-03,20,Amenazas,Amenazas,NO,NO,,,0.0,0.0,1,0.0,0.0,"Coordenadas 0,0"
1114874,2023,ENERO,VIERNES,2023-01-13,10,Amenazas,Amenazas,NO,NO,,,0.0,0.0,1,0.0,0.0,"Coordenadas 0,0"
1114875,2023,ENERO,VIERNES,2023-01-20,17,Amenazas,Amenazas,NO,NO,,,0.0,0.0,1,0.0,0.0,"Coordenadas 0,0"
1114876,2023,ENERO,LUNES,2023-01-23,19,Amenazas,Amenazas,NO,NO,,,0.0,0.0,1,0.0,0.0,"Coordenadas 0,0"
1114877,2023,ENERO,VIERNES,2023-01-27,2,Amenazas,Amenazas,NO,NO,,,0.0,0.0,1,0.0,0.0,"Coordenadas 0,0"
1114878,2023,ENERO,DOMINGO,2023-01-29,13,Amenazas,Amenazas,NO,NO,,,0.0,0.0,1,0.0,0.0,"Coordenadas 0,0"
1114879,2023,FEBRERO,JUEVES,2023-02-02,12,Amenazas,Amenazas,NO,NO,,,0.0,0.0,1,0.0,0.0,"Coordenadas 0,0"
1114880,2023,FEBRERO,MARTES,2023-02-14,23,Amenazas,Amenazas,NO,NO,,,0.0,0.0,1,0.0,0.0,"Coordenadas 0,0"
1114881,2023,FEBRERO,JUEVES,2023-02-16,13,Amenazas,Amenazas,NO,NO,,,0.0,0.0,1,0.0,0.0,"Coordenadas 0,0"
1114882,2023,MARZO,LUNES,2023-03-06,20,Amenazas,Amenazas,NO,NO,,,0.0,0.0,1,0.0,0.0,"Coordenadas 0,0"
1114883,2023,MARZO,MIERCOLES,2023-03-15,20,Amenazas,Amenazas,NO,NO,,,0.0,0.0,1,0.0,0.0,"Coordenadas 0,0"
1114884,2023,MARZO,VIERNES,2023-03-31,23,Amenazas,Amenazas,NO,NO,,,0.0,0.0,1,0.0,0.0,"Coordenadas 0,0"
1114885,2023,ABRIL,LUNES,2023-04-10,23,Amenazas,Amenazas,NO,NO,,,0.0,0.0,1,0.0,0.0,"Coordenadas 0,0"
1114886,2023,ABRIL,SABADO,2023-04-15,1,Amenazas,Amenazas,NO,NO,,,0.0,0.0,1,0.0,0.0,"Coordenadas 0,0"
1114887,2023,ABRIL,LUNES,2023-04-17,4,Amenazas,Amenazas,NO,NO,,,0.0,0.0,1,0.0,0.0,"Coordenadas 0,0"
1114888,2023,ABRIL,LUNES,2023-04-24,14,Amenazas,Amenazas,NO,NO,,,0.0,0.0,1,0.0,0.0,"Coordenadas 0,0"
1114889,2023,MAYO,DOMINGO,2023-05-07,17,Amenazas,Amenazas,NO,NO,,,0.0,0.0,1,0.0,0.0,"Coordenadas 0,0"
1114890,2023,MAYO,VIERNES,2023-05-12,20,Amenazas,Amenazas,NO,NO,,,0.0,0.0,1,0.0,0.0,"Coordenadas 0,0"
1114891,2023,MAYO,JUEVES,2023-05-18,17,Amenazas,Amenazas,NO,NO,,,0.0,0.0,1,0.0,0.0,"Coordenadas 0,0"
1114892,2023,MAYO,MIERCOLES,2023-05-24,22,Amenazas,Amenazas,NO,NO,,,0.0,0.0,1,0.0,0.0,"Coordenadas 0,0"
1114893,2023,MAYO,MIERCOLES,2023-05-24,20,Amenazas,Amenazas,NO,NO,,,0.0,0.0,1,0.0,0.0,"Coordenadas 0,0"
1114894,2023,MAYO,VIERNES,2023-05-26,15,Amenazas,Amenazas,NO,NO,,,0.0,0.0,1,0.0,0.0,"Coordenadas 0,0"
1114895,2023,MAYO,MIERCOLES,2023-05-31,18,Amenazas,Amenazas,NO,NO,,,0.0,0.0,1,0.0,0.0,"Coordenadas 0,0"
1114896,2023,MAYO,MIERCOLES,2023-05-31,18,Amenazas,Amenazas,NO,NO,,,0.0,0.0,1,0.0,0.0,"Coordenadas 0,0"
1114897,2023,JUNIO,DOMINGO,2023-06-04,0,Amenazas,Amenazas,NO,NO,,,0.0,0.0,1,0.0,0.0,"Coordenadas 0,0"
1114898,2023,JUNIO,MIERCOLES,2023-06-07,9,Amenazas,Amenazas,NO,NO,,,0.0,0.0,1,0.0,0.0,"Coordenadas 0,0"
1114899,2023,JUNIO,JUEVES,2023-06-22,22,Amenazas,Amenazas,NO,NO,,,0.0,0.0,1,0.0,0.0,"Coordenadas 0,0"
1114900,2023,JUNIO,JUEVES,2023-06-29,18,Amenazas,Amenazas,NO,NO,,,0.0,0.0,1,0.0,0.0,"Coordenadas 0,0"
1114901,2023,JULIO,JUEVES,2023-07-06,20,Amenazas,Amenazas,NO,NO,,,0.0,0.0,1,0.0,0.0,"Coordenadas 0,0"
1114902,2023,JULIO,VIERNES,2023-07-21,15,Amenazas,Amenazas,NO,NO,,,0.0,0.0,1,0.0,0.0,"Coordenadas 0,0"
1114903,2023,JULIO,JUEVES,2023-07-27,15,Amenazas,Amenazas,NO,NO,,,0.0,0.0,1,0.0,0.0,"Coordenadas 0,0"
1114904,2023,AGOSTO,LUNES,2023-08-07,10,Amenazas,Amenazas,NO,NO,,,0.0,0.0,1,0.0,0.0,"Coordenadas 0,0"
1114905,2023,AGOSTO,MIERCOLES,2023-08-09,20,Amenazas,Amenazas,NO,NO,,,0.0,0.0,1,0.0,0.0,"Coordenadas 0,0"
1114906,2023,AGOSTO,VIERNES,2023-08-11,19,Amenazas,Amenazas,NO,NO,,,0.0,0.0,1,0.0,0.0,"Coordenadas 0,0"
1114907,2023,AGOSTO,JUEVES,2023-08-17,17,Amenazas,Amenazas,NO,NO,,,0.0,0.0,1,0.0,0.0,"Coordenadas 0,0"
1114908,2023,AGOSTO,MIERCOLES,2023-08-23,18,Amenazas,Amenazas,NO,NO,,,0.0,0.0,1,0.0,0.0,"Coordenadas 0,0"
1114909,2023,AGOSTO,JUEVES,2023-08-24,11,Amenazas,Amenazas,NO,NO,,,0.0,0.0,1,0.0,0.0,"Coordenadas 0,0"
1114910,2023,AGOSTO,JUEVES,2023-08-24,11,Amenazas,Amenazas,NO,NO,,,0.0,0.0,1,0.0,0.0,"Coordenadas 0,0"
1114911,2023,AGOSTO,JUEVES,2023-08-24,11,Amenazas,Amenazas,NO,NO,,,0.0,0.0,1,0.0,0.0,"Coordenadas 0,0"
1114912,2023,AGOSTO,JUEVES,2023-08-24,23,Amenazas,Amenazas,NO,NO,,,0.0,0.0,1,0.0,0.0,"Coordenadas 0,0"
1114913,2023,AGOSTO,JUEVES,2023-08-24,10,Amenazas,Amenazas,NO,NO,,,0.0,0.0,1,0.0,0.0,"Coordenadas 0,0"
1114914,2023,AGOSTO,JUEVES,2023-08-24,22,Amenazas,Amenazas,NO,NO,,,0.0,0.0,1,0.0,0.0,"Coordenadas 0,0"
1114915,2023,AGOSTO,JUEVES,2023-08-24,12,Amenazas,Amenazas,NO,NO,,,0.0,0.0,1,0.0,0.0,"Coordenadas 0,0"
1114916,2023,AGOSTO,JUEVES,2023-08-24,14,Amenazas,Amenazas,NO,NO,,,0.0,0.0,1,0.0,0.0,"Coordenadas 0,0"
1114917,2023,AGOSTO,JUEVES,2023-08-24,14,Amenazas,Amenazas,NO,NO,,,0.0,0.0,1,0.0,0.0,"Coordenadas 0,0"
1114918,2023,AGOSTO,JUEVES,2023-08-24,10,Amenazas,Amenazas,NO,NO,,,0.0,0.0,1,0.0,0.0,"Coordenadas 0,0"
1114919,2023,AGOSTO,JUEVES,2023-08-24,13,Amenazas,Amenazas,NO,NO,,,0.0,0.0,1,0.0,0.0,"Coordenadas 0,0"
1114920,2023,AGOSTO,JUEVES,2023-08-24,12,Amenazas,Amenazas,NO,NO,,,0.0,0.0,1,0.0,0.0,"Coordenadas 0,0"
1114921,2023,AGOSTO,JUEVES,2023-08-24,15,Amenazas,Amenazas,NO,NO,,,0.0,0.0,1,0.0,0.0,"Coordenadas 0,0"
1114922,2023,AGOSTO,JUEVES,2023-08-24,18,Amenazas,Amenazas,NO,NO,,,0.0,0.0,1,0.0,0.0,"Coordenadas 0,0"
1114923,2023,AGOSTO,JUEVES,2023-08-24,13,Amenazas,Amenazas,NO,NO,,,0.0,0.0,1,0.0,0.0,"Coordenadas 0,0"
1114924,2023,AGOSTO,JUEVES,2023-08-24,19,Amenazas,Amenazas,NO,NO,,,0.0,0.0,1,0.0,0.0,"Coordenadas 0,0"
1114925,2023,AGOSTO,VIERNES,2023-08-25,10,Amenazas,Amenazas,NO,NO,,,0.0,0.0,1,0.0,0.0,"Coordenadas 0,0"
1114926,2023,AGOSTO,VIERNES,2023-08-25,9,Amenazas,Amenazas,NO,NO,,,0.0,0.0,1,0.0,0.0,"Coordenadas 0,0"
1114927,2023,AGOSTO,VIERNES,2023-08-25,10,Amenazas,Amenazas,NO,NO,,,0.0,0.0,1,0.0,0.0,"Coordenadas 0,0"
1114928,2023,AGOSTO,VIERNES,2023-08-25,7,Amenazas,Amenazas,NO,NO,,,0.0,0.0,1,0.0,0.0,"Coordenadas 0,0"
1114929,2023,AGOSTO,VIERNES,2023-08-25,16,Amenazas,Amenazas,NO,NO,,,0.0,0.0,1,0.0,0.0,"Coordenadas 0,0"
1114930,2023,AGOSTO,VIERNES,2023-08-25,10,Amenazas,Amenazas,NO,NO,,,0.0,0.0,1,0.0,0.0,"Coordenadas 0,0"
1114931,2023,AGOSTO,VIERNES,2023-08-25,22,Amenazas,Amenazas,NO,NO,,,0.0,0.0,1,0.0,0.0,"Coordenadas 0,0"
1114932,2023,AGOSTO,MARTES,2023-08-29,16,Amenazas,Amenazas,NO,NO,,,0.0,0.0,1,0.0,0.0,"Coordenadas 0,0"
1114933,2023,AGOSTO,MIERCOLES,2023-08-30,13,Amenazas,Amenazas,NO,NO,,,0.0,0.0,1,0.0,0.0,"Coordenadas 0,0"
1114934,2023,AGOSTO,MIERCOLES,2023-08-30,16,Amenazas,Amenazas,NO,NO,,,0.0,0.0,1,0.0,0.0,"Coordenadas 0,0"
1114935,2023,AGOSTO,JUEVES,2023-08-31,13,Amenazas,Amenazas,NO,NO,,,0.0,0.0,1,0.0,0.0,"Coordenadas 0,0"
1114936,2023,SEPTIEMBRE,LUNES,2023-09-11,9,Amenazas,Amenazas,NO,NO,,,0.0,0.0,1,0.0,0.0,"Coordenadas 0,0"
1114937,2023,SEPTIEMBRE,MIERCOLES,2023-09-13,16,Amenazas,Amenazas,NO,NO,,,0.0,0.0,1,0.0,0.0,"Coordenadas 0,0"
1114938,2023,SEPTIEMBRE,LUNES,2023-09-25,14,Amenazas,Amenazas,NO,NO,,,0.0,0.0,1,0.0,0.0,"Coordenadas 0,0"
1114939,2023,SEPTIEMBRE,MARTES,2023-09-26,15,Amenazas,Amenazas,NO,NO,,,0.0,0.0,1,0.0,0.0,"Coordenadas 0,0"
1114940,2023,SEPTIEMBRE,MARTES,2023-09-26,10,Amenazas,Amenazas,NO,NO,,,0.0,0.0,1,0.0,0.0,"Coordenadas 0,0"
1114941,2023,SEPTIEMBRE,MARTES,2023-09-26,13,Amenazas,Amenazas,NO,NO,,,0.0,0.0,1,0.0,0.0,"Coordenadas 0,0"
1114942,2023,SEPTIEMBRE,JUEVES,2023-09-28,13,Amenazas,Amenazas,NO,NO,,,0.0,0.0,1,0.0,0.0,"Coordenadas 0,0"
1114943,2023,SEPTIEMBRE,SABADO,2023-09-30,19,Amenazas,Amenazas,NO,NO,,,0.0,0.0,1,0.0,0.0,"Coordenadas 0,0"
1114944,2023,SEPTIEMBRE,SABADO,2023-09-30,19,Amenazas,Amenazas,NO,NO,,,0.0,0.0,1,0.0,0.0,"Coordenadas 0,0"
1114945,2023,OCTUBRE,DOMINGO,2023-10-08,22,Amenazas,Amenazas,NO,NO,,,0.0,0.0,1,0.0,0.0,"Coordenadas 0,0"
1114946,2023,OCTUBRE,SABADO,2023-10-14,18,Amenazas,Amenazas,NO,NO,,,0.0,0.0,1,0.0,0.0,"Coordenadas 0,0"
1114947,2023,OCTUBRE,SABADO,2023-10-21,15,Amenazas,Amenazas,NO,NO,,,0.0,0.0,1,0.0,0.0,"Coordenadas 0,0"
1114948,2023,OCTUBRE,MARTES,2023-10-31,21,Amenazas,Amenazas,NO,NO,,,0.0,0.0,1,0.0,0.0,"Coordenadas 0,0"
1114949,2023,NOVIEMBRE,LUNES,2023-11-06,17,Amenazas,Amenazas,NO,NO,,,0.0,0.0,1,0.0,0.0,"Coordenadas 0,0"
1114950,2023,NOVIEMBRE,DOMINGO,2023-11-12,8,Amenazas,Amenazas,NO,NO,,,0.0,0.0,1,0.0,0.0,"Coordenadas 0,0"
1114951,2023,NOVIEMBRE,MIERCOLES,2023-11-15,20,Amenazas,Amenazas,NO,NO,,,0.0,0.0,1,0.0,0.0,"Coordenadas 0,0"
1114952,2023,NOVIEMBRE,JUEVES,2023-11-16,13,Amenazas,Amenazas,NO,NO,,,0.0,0.0,1,0.0,0.0,"Coordenadas 0,0"
1114953,2023,NOVIEMBRE,VIERNES,2023-11-17,8,Amenazas,Amenazas,NO,NO,,,0.0,0.0,1,0.0,0.0,"Coordenadas 0,0"
1114954,2023,NOVIEMBRE,SABADO,2023-11-18,1,Amenazas,Amenazas,NO,NO,,,0.0,0.0,1,0.0,0.0,"Coordenadas 0,0"
1114955,2023,NOVIEMBRE,MIERCOLES,2023-11-22,21,Amenazas,Amenazas,NO,NO,,,0.0,0.0,1,0.0,0.0,"Coordenadas 0,0"
1114956,2023,NOVIEMBRE,MIERCOLES,2023-11-22,22,Amenazas,Amenazas,NO,NO,,,0.0,0.0,1,0.0,0.0,"Coordenadas 0,0"
1114957,2023,NOVIEMBRE,MIERCOLES,2023-11-22,22,Amenazas,Amenazas,NO,NO,,,0.0,0.0,1,0.0,0.0,"Coordenadas 0,0"
1114958,2023,NOVIEMBRE,MIERCOLES,2023-11-22,11,Amenazas,Amenazas,NO,NO,,,0.0,0.0,1,0.0,0.0,"Coordenadas 0,0"
1114959,2023,NOVIEMBRE,JUEVES,2023-11-23,12,Amenazas,Amenazas,NO,NO,,,0.0,0.0,1,0.0,0.0,"Coordenadas 0,0"
1114960,2023,NOVIEMBRE,VIERNES,2023-11-24,16,Amenazas,Amenazas,NO,NO,,,0.0,0.0,1,0.0,0.0,"Coordenadas 0,0"
1114961,2023,NOVIEMBRE,MARTES,2023-11-28,20,Amenazas,Amenazas,NO,NO,,,0.0,0.0,1,0.0,0.0,"Coordenadas 0,0"
1114962,2023,NOVIEMBRE,MARTES,2023-11-28,12,Amenazas,Amenazas,NO,NO,,,0.0,0.0,1,0.0,0.0,"Coordenadas 0,0"
1114963,2023,NOVIEMBRE,MARTES,2023-11-28,19,Amenazas,Amenazas,NO,NO,,,0.0,0.0,1,0.0,0.0,"Coordenadas 0,0"
1114964,2023,NOVIEMBRE,MIERCOLES,2023-11-29,11,Amenazas,Amenazas,NO,NO,,,0.0,0.0,1,0.0,0.0,"Coordenadas 0,0"
1114965,2023,NOVIEMBRE,MIERCOLES,2023-11-29,2,Amenazas,Amenazas,NO,NO,,,0.0,0.0,1,0.0,0.0,"Coordenadas 0,0"
1114966,2023,NOVIEMBRE,MIERCOLES,2023-11-29,10,Amenazas,Amenazas,NO,NO,,,0.0,0.0,1,0.0,0.0,"Coordenadas 0,0"
1114967,2023,NOVIEMBRE,MIERCOLES,2023-11-29,12,Amenazas,Amenazas,NO,NO,,,0.0,0.0,1,0.0,0.0,"Coordenadas 0,0"
1114968,2023,NOVIEMBRE,JUEVES,2023-11-30,12,Amenazas,Amenazas,NO,NO,,,0.0,0.0,1,0.0,0.0,"Coordenadas 0,0"
1114969,2023,DICIEMBRE,MARTES,2023-12-05,12,Amenazas,Amenazas,NO,NO,,,0.0,0.0,1,0.0,0.0,"Coordenadas 0,0"
1114971,2023,DICIEMBRE,VIERNES,2023-12-08,20,Amenazas,Amenazas,NO,NO,,,0.0,0.0,1,0.0,0.0,"Coordenadas 0,0"
1114972,2023,DICIEMBRE,JUEVES,2023-12-14,11,Amenazas,Amenazas,NO,NO,,,0.0,0.0,1,0.0,0.0,"Coordenadas 0,0"
1114973,2023,DICIEMBRE,VIERNES,2023-12-15,16,Amenazas,Amenazas,NO,NO,,,0.0,0.0,1,0.0,0.0,"Coordenadas 0,0"
1114974,2023,DICIEMBRE,VIERNES,2023-12-15,18,Amenazas,Amenazas,NO,NO,,,0.0,0.0,1,0.0,0.0,"Coordenadas 0,0"
1114975,2023,DICIEMBRE,VIERNES,2023-12-15,18,Amenazas,Amenazas,NO,NO,,,0.0,0.0,1,0.0,0.0,"Coordenadas 0,0"
1114976,2023,DICIEMBRE,VIERNES,2023-12-15,18,Amenazas,Amenazas,NO,NO,,,0.0,0.0,1,0.0,0.0,"Coordenadas 0,0"
1114977,2023,DICIEMBRE,VIERNES,2023-12-15,19,Amenazas,Amenazas,NO,NO,,,0.0,0.0,1,0.0,0.0,"Coordenadas 0,0"
1114978,2023,DICIEMBRE,VIERNES,2023-12-15,21,Amenazas,Amenazas,NO,NO,,,0.0,0.0,1,0.0,0.0,"Coordenadas 0,0"
1114979,2023,DICIEMBRE,VIERNES,2023-12-15,19,Amenazas,Amenazas,NO,NO,,,0.0,0.0,1,0.0,0.0,"Coordenadas 0,0"
1114980,2023,DICIEMBRE,VIERNES,2023-12-15,19,Amenazas,Amenazas,NO,NO,,,0.0,0.0,1,0.0,0.0,"Coordenadas 0,0"
1114981,2023,DICIEMBRE,SABADO,2023-12-16,2,Amenazas,Amenazas,NO,NO,,,0.0,0.0,1,0.0,0.0,"Coordenadas 0,0"
1114982,2023,DICIEMBRE,SABADO,2023-12-16,2,Amenazas,Amenazas,NO,NO,,,0.0,0.0,1,0.0,0.0,"Coordenadas 0,0"
1114983,2023,DICIEMBRE,JUEVES,2023-12-21,16,Amenazas,Amenazas,NO,NO,,,0.0,0.0,1,0.0,0.0,"Coordenadas 0,0"
1114984,2023,DICIEMBRE,SABADO,2023-12-23,13,Amenazas,Amenazas,NO,NO,,,0.0,0.0,1,0.0,0.0,"Coordenadas 0,0"
1114985,2023,DICIEMBRE,DOMINGO,2023-12-24,8,Amenazas,Amenazas,NO,NO,,,0.0,0.0,1,0.0,0.0,"Coordenadas 0,0"
1114986,2023,DICIEMBRE,SABADO,2023-12-30,4,Amenazas,Amenazas,NO,NO,,,0.0,0.0,1,0.0,0.0,"Coordenadas 0,0"
1114987,2023,MAYO,JUEVES,2023-05-18,20,Amenazas,Amenazas,NO,NO,,,-3472624758.0,-582836498.0,1,-3472624758.0,-582836498.0,Coordenadas fuera de CABA / sin barrio y comuna
1115144,2023,JUNIO,MIERCOLES,2023-06-21,23,Amenazas,Amenazas,NO,NO,,,-3480886608.0,-5836189762.0,1,-3480886608.0,-5836189762.0,Coordenadas fuera de CABA / sin barrio y comuna
1116551,2023,ABRIL,MARTES,2023-04-25,11,Amenazas,Amenazas,NO,NO,,,-3473856798.0,-5839224567.0,1,-3473856798.0,-5839224567.0,Coordenadas fuera de CABA / sin barrio y comuna
1122436,2023,MARZO,MIERCOLES,2023-03-08,20,Amenazas,Amenazas,NO,NO,,,-3468517111.0,-5850926717.0,1,-3468517111.0,-5850926717.0,Coordenadas fuera de CABA / sin barrio y comuna
1122571,2023,ENERO,LUNES,2023-01-09,11,Amenazas,Amenazas,NO,NO,,,-3456505396.0,-5851503651.0,1,-3456505396.0,-5851503651.0,Coordenadas fuera de CABA / sin barrio y comuna
1122708,2023,OCTUBRE,MARTES,2023-10-03,17,Amenazas,Amenazas,NO,NO,,,-345114355.0,-5852232713.0,1,-345114355.0,-5852232713.0,Coordenadas fuera de CABA / sin barrio y comuna
1122831,2023,ABRIL,MIERCOLES,2023-04-12,18,Amenazas,Amenazas,NO,NO,,,-3469175315.0,-5853392459.0,1,-3469175315.0,-5853392459.0,Coordenadas fuera de CABA / sin barrio y comuna
1122832,2023,MARZO,JUEVES,2023-03-02,15,Amenazas,Amenazas,NO,NO,,,-3464040054.0,-5853564381.0,1,-3464040054.0,-5853564381.0,Coordenadas fuera de CABA / sin barrio y comuna
1122833,2023,ABRIL,MARTES,2023-04-04,23,Amenazas,Amenazas,NO,NO,,,-3459628035.0,-5853801116.0,1,-3459628035.0,-5853801116.0,Coordenadas fuera de CABA / sin barrio y comuna
1122834,2023,AGOSTO,JUEVES,2023-08-03,17,Amenazas,Amenazas,NO,NO,,,-3459758902.0,-5853976796.0,1,-3459758902.0,-5853976796.0,Coordenadas fuera de CABA / sin barrio y comuna
1122835,2023,OCTUBRE,VIERNES,2023-10-27,23,Amenazas,Amenazas,NO,NO,,,-3463770196.0,-585618728.0,1,-3463770196.0,-585618728.0,Coordenadas fuera de CABA / sin barrio y comuna
1122836,2023,OCTUBRE,SABADO,2023-10-21,20,Amenazas,Amenazas,NO,NO,,,-3460326062.0,-5856224115.0,1,-3460326062.0,-5856224115.0,Coordenadas fuera de CABA / sin barrio y comuna
1122837,2023,ENERO,JUEVES,2023-01-05,18,Amenazas,Amenazas,NO,NO,,,-3445272534.0,-5856986307.0,1,-3445272534.0,-5856986307.0,Coordenadas fuera de CABA / sin barrio y comuna
1122838,2023,OCTUBRE,VIERNES,2023-10-13,23,Amenazas,Amenazas,NO,NO,,,-3443920534.0,-5858642931.0,1,-3443920534.0,-5858642931.0,Coordenadas fuera de CABA / sin barrio y comuna
1122839,2023,OCTUBRE,SABADO,2023-10-28,11,Amenazas,Amenazas,NO,NO,,,-3439779736.0,-5865193437.0,1,-3439779736.0,-5865193437.0,Coordenadas fuera de CABA / sin barrio y comuna
1122840,2023,MARZO,MIERCOLES,2023-03-22,21,Amenazas,Amenazas,NO,NO,,,-3448265842.0,-5870609666.0,1,-3448265842.0,-5870609666.0,Coordenadas fuera de CABA / sin barrio y comuna
1122841,2023,AGOSTO,DOMINGO,2023-08-13,3,Amenazas,Amenazas,NO,NO,,,-3455235504.0,-5872991326.0,1,-3455235504.0,-5872991326.0,Coordenadas fuera de CABA / sin barrio y comuna
1122842,2023,OCTUBRE,LUNES,2023-10-16,19,Amenazas,Amenazas,NO,NO,,,-3460759602.0,-5889229299.0,1,-3460759602.0,-5889229299.0,Coordenadas fuera de CABA / sin barrio y comuna
1122843,2023,JULIO,MARTES,2023-07-18,19,Amenazas,Amenazas,NO,NO,,,-3456675214.0,-5889229299.0,1,-3456675214.0,-5889229299.0,Coordenadas fuera de CABA / sin barrio y comuna
1122844,2023,SEPTIEMBRE,MIERCOLES,2023-09-13,16,Lesiones,Lesiones Dolosas,NO,NO,,,0.0,0.0,1,0.0,0.0,"Coordenadas 0,0"
1122845,2023,MAYO,SABADO,2023-05-27,9,Lesiones,Lesiones Dolosas,NO,NO,,,0.0,0.0,1,0.0,0.0,"Coordenadas 0,0"
1122846,2023,JUNIO,JUEVES,2023-06-01,17,Lesiones,Lesiones Dolosas,NO,NO,,,0.0,0.0,1,0.0,0.0,"Coordenadas 0,0"
1122847,2023,MAYO,VIERNES,2023-05-12,0,Lesiones,Lesiones Dolosas,NO,NO,,,0.0,0.0,1,0.0,0.0,"Coordenadas 0,0"
1122848,2023,MAYO,VIERNES,2023-05-12,0,Lesiones,Lesiones Dolosas,NO,NO,,,0.0,0.0,1,0.0,0.0,"Coordenadas 0,0"
1122849,2023,ENERO,DOMINGO,2023-01-01,6,Lesiones,Lesiones Dolosas,NO,NO,,,0.0,0.0,1,0.0,0.0,"Coordenadas 0,0"
1122850,2023,ENERO,MIERCOLES,2023-01-04,17,Lesiones,Lesiones Dolosas,NO,NO,,,0.0,0.0,1,0.0,0.0,"Coordenadas 0,0"
1122853,2023,ENERO,JUEVES,2023-01-26,19,Lesiones,Lesiones Dolosas,NO,NO,,,0.0,0.0,1,0.0,0.0,"Coordenadas 0,0"
1122854,2023,ENERO,DOMINGO,2023-01-29,8,Lesiones,Lesiones Dolosas,NO,NO,,,0.0,0.0,1,0.0,0.0,"Coordenadas 0,0"
1122855,2023,FEBRERO,MIERCOLES,2023-02-01,20,Lesiones,Lesiones Dolosas,NO,NO,,,0.0,0.0,1,0.0,0.0,"Coordenadas 0,0"
1122857,2023,FEBRERO,MARTES,2023-02-07,21,Lesiones,Lesiones Dolosas,NO,NO,,,0.0,0.0,1,0.0,0.0,"Coordenadas 0,0"
1122858,2023,FEBRERO,MARTES,2023-02-07,21,Lesiones,Lesiones Dolosas,NO,NO,,,0.0,0.0,1,0.0,0.0,"Coordenadas 0,0"
1122859,2023,FEBRERO,MARTES,2023-02-07,21,Lesiones,Lesiones Dolosas,NO,NO,,,0.0,0.0,1,0.0,0.0,"Coordenadas 0,0"
1122860,2023,FEBRERO,SABADO,2023-02-11,18,Lesiones,Lesiones Dolosas,NO,NO,,,0.0,0.0,1,0.0,0.0,"Coordenadas 0,0"
1122861,2023,FEBRERO,DOMINGO,2023-02-12,15,Lesiones,Lesiones Dolosas,NO,NO,,,0.0,0.0,1,0.0,0.0,"Coordenadas 0,0"
1122862,2023,FEBRERO,LUNES,2023-02-13,16,Lesiones,Lesiones Dolosas,NO,NO,,,0.0,0.0,1,0.0,0.0,"Coordenadas 0,0"
1122863,2023,FEBRERO,LUNES,2023-02-13,16,Lesiones,Lesiones Dolosas,NO,NO,,,0.0,0.0,1,0.0,0.0,"Coordenadas 0,0"
1122864,2023,FEBRERO,MIERCOLES,2023-02-22,22,Lesiones,Lesiones Dolosas,NO,NO,,,0.0,0.0,1,0.0,0.0,"Coordenadas 0,0"
1122865,2023,FEBRERO,MIERCOLES,2023-02-22,22,Lesiones,Lesiones Dolosas,NO,NO,,,0.0,0.0,1,0.0,0.0,"Coordenadas 0,0"
1122866,2023,FEBRERO,MIERCOLES,2023-02-22,12,Lesiones,Lesiones Dolosas,NO,NO,,,0.0,0.0,1,0.0,0.0,"Coordenadas 0,0"
1122867,2023,FEBRERO,MIERCOLES,2023-02-22,12,Lesiones,Lesiones Dolosas,NO,NO,,,0.0,0.0,1,0.0,0.0,"Coordenadas 0,0"
1122868,2023,FEBRERO,MIERCOLES,2023-02-22,12,Lesiones,Lesiones Dolosas,NO,NO,,,0.0,0.0,1,0.0,0.0,"Coordenadas 0,0"
1122872,2023,MARZO,DOMINGO,2023-03-12,19,Lesiones,Lesiones Dolosas,NO,NO,,,0.0,0.0,1,0.0,0.0,"Coordenadas 0,0"
1122873,2023,MARZO,DOMINGO,2023-03-12,19,Lesiones,Lesiones Dolosas,NO,NO,,,0.0,0.0,1,0.0,0.0,"Coordenadas 0,0"
1122874,2023,MAYO,SABADO,2023-05-13,14,Lesiones,Lesiones Dolosas,NO,NO,,,0.0,0.0,1,0.0,0.0,"Coordenadas 0,0"
1122876,2023,MAYO,VIERNES,2023-05-26,12,Lesiones,Lesiones Dolosas,NO,NO,,,0.0,0.0,1,0.0,0.0,"Coordenadas 0,0"
1122877,2023,JUNIO,MIERCOLES,2023-06-07,14,Lesiones,Lesiones Dolosas,NO,NO,,,0.0,0.0,1,0.0,0.0,"Coordenadas 0,0"
1122878,2023,JUNIO,SABADO,2023-06-24,11,Lesiones,Lesiones Dolosas,NO,NO,,,0.0,0.0,1,0.0,0.0,"Coordenadas 0,0"
1122879,2023,JUNIO,LUNES,2023-06-26,0,Lesiones,Lesiones Dolosas,NO,NO,,,0.0,0.0,1,0.0,0.0,"Coordenadas 0,0"
1122880,2023,JULIO,MARTES,2023-07-04,11,Lesiones,Lesiones Dolosas,NO,NO,,,0.0,0.0,1,0.0,0.0,"Coordenadas 0,0"
1122881,2023,JULIO,MARTES,2023-07-04,11,Lesiones,Lesiones Dolosas,NO,NO,,,0.0,0.0,1,0.0,0.0,"Coordenadas 0,0"
1122882,2023,JULIO,LUNES,2023-07-17,16,Lesiones,Lesiones Dolosas,NO,NO,,,0.0,0.0,1,0.0,0.0,"Coordenadas 0,0"
1122883,2023,AGOSTO,MIERCOLES,2023-08-16,8,Lesiones,Lesiones Dolosas,NO,NO,,,0.0,0.0,1,0.0,0.0,"Coordenadas 0,0"
1122884,2023,AGOSTO,MARTES,2023-08-22,2,Lesiones,Lesiones Dolosas,NO,NO,,,0.0,0.0,1,0.0,0.0,"Coordenadas 0,0"
1122887,2023,SEPTIEMBRE,MARTES,2023-09-26,14,Lesiones,Lesiones Dolosas,NO,NO,,,0.0,0.0,1,0.0,0.0,"Coordenadas 0,0"
1122888,2023,OCTUBRE,MIERCOLES,2023-10-04,0,Lesiones,Lesiones Dolosas,NO,NO,,,0.0,0.0,1,0.0,0.0,"Coordenadas 0,0"
1122889,2023,OCTUBRE,VIERNES,2023-10-06,18,Lesiones,Lesiones Dolosas,NO,NO,,,0.0,0.0,1,0.0,0.0,"Coordenadas 0,0"
1122890,2023,OCTUBRE,SABADO,2023-10-14,12,Lesiones,Lesiones Dolosas,NO,NO,,,0.0,0.0,1,0.0,0.0,"Coordenadas 0,0"
1122891,2023,OCTUBRE,MARTES,2023-10-24,11,Lesiones,Lesiones Dolosas,NO,NO,,,0.0,0.0,1,0.0,0.0,"Coordenadas 0,0"
1122892,2023,OCTUBRE,MARTES,2023-10-24,11,Lesiones,Lesiones Dolosas,NO,NO,,,0.0,0.0,1,0.0,0.0,"Coordenadas 0,0"
1122893,2023,NOVIEMBRE,DOMINGO,2023-11-05,17,Lesiones,Lesiones Dolosas,NO,NO,,,0.0,0.0,1,0.0,0.0,"Coordenadas 0,0"
1122894,2023,NOVIEMBRE,DOMINGO,2023-11-05,17,Lesiones,Lesiones Dolosas,NO,NO,,,0.0,0.0,1,0.0,0.0,"Coordenadas 0,0"
1122896,2023,NOVIEMBRE,LUNES,2023-11-13,15,Lesiones,Lesiones Dolosas,NO,NO,,,0.0,0.0,1,0.0,0.0,"Coordenadas 0,0"
1122897,2023,NOVIEMBRE,JUEVES,2023-11-16,12,Lesiones,Lesiones Dolosas,NO,NO,,,0.0,0.0,1,0.0,0.0,"Coordenadas 0,0"
1122898,2023,NOVIEMBRE,JUEVES,2023-11-16,12,Lesiones,Lesiones Dolosas,NO,NO,,,0.0,0.0,1,0.0,0.0,"Coordenadas 0,0"
1122899,2023,NOVIEMBRE,LUNES,2023-11-20,3,Lesiones,Lesiones Dolosas,NO,NO,,,0.0,0.0,1,0.0,0.0,"Coordenadas 0,0"
1122901,2023,MARZO,MIERCOLES,2023-03-01,13,Lesiones,Lesiones Dolosas,NO,NO,,,0.0,0.0,1,0.0,0.0,"Coordenadas 0,0"
1122902,2023,ABRIL,VIERNES,2023-04-14,0,Lesiones,Lesiones Dolosas,NO,NO,,,0.0,0.0,1,0.0,0.0,"Coordenadas 0,0"
1122903,2023,ABRIL,VIERNES,2023-04-14,0,Lesiones,Lesiones Dolosas,NO,NO,,,0.0,0.0,1,0.0,0.0,"Coordenadas 0,0"
1122904,2023,MAYO,VIERNES,2023-05-12,0,Lesiones,Lesiones Dolosas,NO,NO,,,0.0,0.0,1,0.0,0.0,"Coordenadas 0,0"
1122905,2023,MAYO,VIERNES,2023-05-12,0,Lesiones,Lesiones Dolosas,NO,NO,,,0.0,0.0,1,0.0,0.0,"Coordenadas 0,0"
1122906,2023,AGOSTO,VIERNES,2023-08-25,7,Lesiones,Lesiones Dolosas,NO,NO,,,0.0,0.0,1,0.0,0.0,"Coordenadas 0,0"
1122907,2023,SEPTIEMBRE,MIERCOLES,2023-09-27,12,Lesiones,Lesiones Dolosas,NO,NO,,,0.0,0.0,1,0.0,0.0,"Coordenadas 0,0"
1122909,2023,ENERO,MIERCOLES,2023-01-18,0,Lesiones,Lesiones Dolosas,NO,NO,,,0.0,0.0,1,0.0,0.0,"Coordenadas 0,0"
1122910,2023,FEBRERO,JUEVES,2023-02-16,0,Lesiones,Lesiones Dolosas,NO,NO,,,0.0,0.0,1,0.0,0.0,"Coordenadas 0,0"
1122911,2023,MARZO,MARTES,2023-03-21,0,Lesiones,Lesiones Dolosas,NO,NO,,,0.0,0.0,1,0.0,0.0,"Coordenadas 0,0"
1122912,2023,MAYO,MARTES,2023-05-23,0,Lesiones,Lesiones Dolosas,NO,NO,,,0.0,0.0,1,0.0,0.0,"Coordenadas 0,0"
1122913,2023,MAYO,MARTES,2023-05-23,0,Lesiones,Lesiones Dolosas,NO,NO,,,0.0,0.0,1,0.0,0.0,"Coordenadas 0,0"
1122915,2023,JULIO,MARTES,2023-07-25,0,Lesiones,Lesiones Dolosas,NO,NO,,,0.0,0.0,1,0.0,0.0,"Coordenadas 0,0"
1122916,2023,JULIO,VIERNES,2023-07-28,0,Lesiones,Lesiones Dolosas,NO,NO,,,0.0,0.0,1,0.0,0.0,"Coordenadas 0,0"
1122918,2023,SEPTIEMBRE,DOMINGO,2023-09-03,6,Lesiones,Lesiones Dolosas,NO,NO,,,0.0,0.0,1,0.0,0.0,"Coordenadas 0,0"
1122919,2023,SEPTIEMBRE,DOMINGO,2023-09-03,6,Lesiones,Lesiones Dolosas,NO,NO,,,0.0,0.0,1,0.0,0.0,"Coordenadas 0,0"
1122920,2023,SEPTIEMBRE,DOMINGO,2023-09-03,6,Lesiones,Lesiones Dolosas,NO,NO,,,0.0,0.0,1,0.0,0.0,"Coordenadas 0,0"
1122921,2023,SEPTIEMBRE,MARTES,2023-09-19,0,Lesiones,Lesiones Dolosas,NO,NO,,,0.0,0.0,1,0.0,0.0,"Coordenadas 0,0"
1122922,2023,DICIEMBRE,VIERNES,2023-12-29,11,Lesiones,Lesiones Dolosas,NO,NO,,,0.0,0.0,1,0.0,0.0,"Coordenadas 0,0"
1122924,2023,JULIO,MIERCOLES,2023-07-19,21,Lesiones,Lesiones Dolosas,NO,NO,,,0.0,0.0,1,0.0,0.0,"Coordenadas 0,0"
1122925,2023,NOVIEMBRE,VIERNES,2023-11-24,20,Lesiones,Lesiones Dolosas,NO,NO,,,0.0,0.0,1,0.0,0.0,"Coordenadas 0,0"
1122926,2023,DICIEMBRE,MARTES,2023-12-12,16,Lesiones,Lesiones Dolosas,NO,NO,,,0.0,0.0,1,0.0,0.0,"Coordenadas 0,0"
1122927,2023,DICIEMBRE,JUEVES,2023-12-14,15,Lesiones,Lesiones Dolosas,NO,NO,,,0.0,0.0,1,0.0,0.0,"Coordenadas 0,0"
1122928,2023,DICIEMBRE,VIERNES,2023-12-22,21,Lesiones,Lesiones Dolosas,NO,NO,,,0.0,0.0,1,0.0,0.0,"Coordenadas 0,0"
1122929,2023,DICIEMBRE,MIERCOLES,2023-12-27,14,Lesiones,Lesiones Dolosas,NO,NO,,,0.0,0.0,1,0.0,0.0,"Coordenadas 0,0"
1122930,2023,MARZO,LUNES,2023-03-27,19,Lesiones,Lesiones Dolosas,NO,NO,,,0.0,0.0,1,0.0,0.0,"Coordenadas 0,0"
1122931,2023,ABRIL,LUNES,2023-04-24,7,Lesiones,Lesiones Dolosas,NO,NO,,,0.0,0.0,1,0.0,0.0,"Coordenadas 0,0"
1122932,2023,JUNIO,JUEVES,2023-06-29,1,Lesiones,Lesiones Dolosas,NO,NO,,,0.0,0.0,1,0.0,0.0,"Coordenadas 0,0"
1122933,2023,JUNIO,JUEVES,2023-06-29,1,Lesiones,Lesiones Dolosas,NO,NO,,,0.0,0.0,1,0.0,0.0,"Coordenadas 0,0"
1122934,2023,AGOSTO,JUEVES,2023-08-03,20,Lesiones,Lesiones Dolosas,NO,NO,,,0.0,0.0,1,0.0,0.0,"Coordenadas 0,0"
1122935,2023,SEPTIEMBRE,SABADO,2023-09-30,0,Lesiones,Lesiones Dolosas,NO,NO,,,0.0,0.0,1,0.0,0.0,"Coordenadas 0,0"
1122936,2023,NOVIEMBRE,MARTES,2023-11-07,0,Lesiones,Lesiones Dolosas,NO,NO,,,0.0,0.0,1,0.0,0.0,"Coordenadas 0,0"
1122937,2023,DICIEMBRE,JUEVES,2023-12-28,23,Lesiones,Lesiones Dolosas,NO,NO,,,0.0,0.0,1,0.0,0.0,"Coordenadas 0,0"
1122938,2023,FEBRERO,LUNES,2023-02-27,22,Lesiones,Lesiones Dolosas,NO,NO,,,0.0,0.0,1,0.0,0.0,"Coordenadas 0,0"
1122939,2023,ABRIL,LUNES,2023-04-17,4,Lesiones,Lesiones Dolosas,NO,NO,,,0.0,0.0,1,0.0,0.0,"Coordenadas 0,0"
1122940,2023,MAYO,DOMINGO,2023-05-21,0,Lesiones,Lesiones Dolosas,NO,NO,,,0.0,0.0,1,0.0,0.0,"Coordenadas 0,0"
1122943,2023,JUNIO,MIERCOLES,2023-06-07,18,Lesiones,Lesiones Dolosas,NO,NO,,,0.0,0.0,1,0.0,0.0,"Coordenadas 0,0"
1122944,2023,JUNIO,DOMINGO,2023-06-18,0,Lesiones,Lesiones Dolosas,NO,NO,,,0.0,0.0,1,0.0,0.0,"Coordenadas 0,0"
1122945,2023,JUNIO,DOMINGO,2023-06-18,0,Lesiones,Lesiones Dolosas,NO,NO,,,0.0,0.0,1,0.0,0.0,"Coordenadas 0,0"
1122946,2023,AGOSTO,JUEVES,2023-08-24,15,Lesiones,Lesiones Dolosas,NO,NO,,,0.0,0.0,1,0.0,0.0,"Coordenadas 0,0"
1122948,2023,AGOSTO,JUEVES,2023-08-24,19,Lesiones,Lesiones Dolosas,NO,NO,,,0.0,0.0,1,0.0,0.0,"Coordenadas 0,0"
1122949,2023,FEBRERO,JUEVES,2023-02-23,0,Lesiones,Lesiones Dolosas,NO,NO,,,0.0,0.0,1,0.0,0.0,"Coordenadas 0,0"
1122950,2023,NOVIEMBRE,DOMINGO,2023-11-05,7,Lesiones,Lesiones Dolosas,NO,NO,,,0.0,0.0,1,0.0,0.0,"Coordenadas 0,0"
1122951,2023,NOVIEMBRE,DOMINGO,2023-11-05,7,Lesiones,Lesiones Dolosas,NO,NO,,,0.0,0.0,1,0.0,0.0,"Coordenadas 0,0"
1122952,2023,MAYO,SABADO,2023-05-06,0,Lesiones,Lesiones Dolosas,NO,NO,,,0.0,0.0,1,0.0,0.0,"Coordenadas 0,0"
1122953,2023,JULIO,MARTES,2023-07-25,0,Lesiones,Lesiones Dolosas,NO,NO,,,0.0,0.0,1,0.0,0.0,"Coordenadas 0,0"
1122954,2023,AGOSTO,MIERCOLES,2023-08-16,0,Lesiones,Lesiones Dolosas,NO,NO,,,0.0,0.0,1,0.0,0.0,"Coordenadas 0,0"
1122955,2023,AGOSTO,JUEVES,2023-08-24,22,Lesiones,Lesiones Dolosas,NO,NO,,,0.0,0.0,1,0.0,0.0,"Coordenadas 0,0"
1122956,2023,AGOSTO,JUEVES,2023-08-24,20,Lesiones,Lesiones Dolosas,NO,NO,,,0.0,0.0,1,0.0,0.0,"Coordenadas 0,0"
1122957,2023,AGOSTO,VIERNES,2023-08-25,12,Lesiones,Lesiones Dolosas,NO,NO,,,0.0,0.0,1,0.0,0.0,"Coordenadas 0,0"
1122958,2023,AGOSTO,VIERNES,2023-08-25,23,Lesiones,Lesiones Dolosas,NO,NO,,,0.0,0.0,1,0.0,0.0,"Coordenadas 0,0"
1122959,2023,NOVIEMBRE,MARTES,2023-11-28,0,Lesiones,Lesiones Dolosas,NO,NO,,,0.0,0.0,1,0.0,0.0,"Coordenadas 0,0"
1122960,2023,NOVIEMBRE,MARTES,2023-11-28,0,Lesiones,Lesiones Dolosas,NO,NO,,,0.0,0.0,1,0.0,0.0,"Coordenadas 0,0"
1122961,2023,DICIEMBRE,VIERNES,2023-12-01,17,Lesiones,Lesiones Dolosas,NO,NO,,,0.0,0.0,1,0.0,0.0,"Coordenadas 0,0"
1122962,2023,ENERO,LUNES,2023-01-02,7,Lesiones,Lesiones Dolosas,NO,NO,,,0.0,0.0,1,0.0,0.0,"Coordenadas 0,0"
1122963,2023,ENERO,LUNES,2023-01-02,8,Lesiones,Lesiones Dolosas,NO,NO,,,0.0,0.0,1,0.0,0.0,"Coordenadas 0,0"
1122964,2023,ENERO,MARTES,2023-01-03,20,Lesiones,Lesiones Dolosas,NO,NO,,,0.0,0.0,1,0.0,0.0,"Coordenadas 0,0"
1122965,2023,ENERO,MIERCOLES,2023-01-04,15,Lesiones,Lesiones Dolosas,NO,NO,,,0.0,0.0,1,0.0,0.0,"Coordenadas 0,0"
1122966,2023,ENERO,VIERNES,2023-01-06,20,Lesiones,Lesiones Dolosas,NO,NO,,,0.0,0.0,1,0.0,0.0,"Coordenadas 0,0"
1122967,2023,ENERO,MIERCOLES,2023-01-11,11,Lesiones,Lesiones Dolosas,NO,NO,,,0.0,0.0,1,0.0,0.0,"Coordenadas 0,0"
1122968,2023,ENERO,JUEVES,2023-01-12,20,Lesiones,Lesiones Dolosas,NO,NO,,,0.0,0.0,1,0.0,0.0,"Coordenadas 0,0"
1122969,2023,ENERO,JUEVES,2023-01-12,20,Lesiones,Lesiones Dolosas,NO,NO,,,0.0,0.0,1,0.0,0.0,"Coordenadas 0,0"
1122970,2023,ENERO,JUEVES,2023-01-12,20,Lesiones,Lesiones Dolosas,NO,NO,,,0.0,0.0,1,0.0,0.0,"Coordenadas 0,0"
1122971,2023,ENERO,JUEVES,2023-01-12,20,Lesiones,Lesiones Dolosas,NO,NO,,,0.0,0.0,1,0.0,0.0,"Coordenadas 0,0"
1122972,2023,ENERO,VIERNES,2023-01-13,21,Lesiones,Lesiones Dolosas,NO,NO,,,0.0,0.0,1,0.0,0.0,"Coordenadas 0,0"
1122973,2023,ENERO,LUNES,2023-01-16,0,Lesiones,Lesiones Dolosas,NO,NO,,,0.0,0.0,1,0.0,0.0,"Coordenadas 0,0"
1122974,2023,ENERO,LUNES,2023-01-16,0,Lesiones,Lesiones Dolosas,NO,NO,,,0.0,0.0,1,0.0,0.0,"Coordenadas 0,0"
1122975,2023,ENERO,MARTES,2023-01-24,8,Lesiones,Lesiones Dolosas,NO,NO,,,0.0,0.0,1,0.0,0.0,"Coordenadas 0,0"
1122978,2023,ENERO,DOMINGO,2023-01-29,18,Lesiones,Lesiones Dolosas,NO,NO,,,0.0,0.0,1,0.0,0.0,"Coordenadas 0,0"
1122979,2023,ENERO,LUNES,2023-01-30,15,Lesiones,Lesiones Dolosas,NO,NO,,,0.0,0.0,1,0.0,0.0,"Coordenadas 0,0"
1122980,2023,FEBRERO,SABADO,2023-02-11,23,Lesiones,Lesiones Dolosas,NO,NO,,,0.0,0.0,1,0.0,0.0,"Coordenadas 0,0"
1122981,2023,FEBRERO,SABADO,2023-02-11,4,Lesiones,Lesiones Dolosas,NO,NO,,,0.0,0.0,1,0.0,0.0,"Coordenadas 0,0"
1122982,2023,FEBRERO,DOMINGO,2023-02-12,4,Lesiones,Lesiones Dolosas,NO,NO,,,0.0,0.0,1,0.0,0.0,"Coordenadas 0,0"
1122983,2023,FEBRERO,LUNES,2023-02-13,7,Lesiones,Lesiones Dolosas,NO,NO,,,0.0,0.0,1,0.0,0.0,"Coordenadas 0,0"
1122984,2023,FEBRERO,JUEVES,2023-02-16,18,Lesiones,Lesiones Dolosas,NO,NO,,,0.0,0.0,1,0.0,0.0,"Coordenadas 0,0"
1122985,2023,FEBRERO,JUEVES,2023-02-16,18,Lesiones,Lesiones Dolosas,NO,NO,,,0.0,0.0,1,0.0,0.0,"Coordenadas 0,0"
1122986,2023,FEBRERO,JUEVES,2023-02-16,18,Lesiones,Lesiones Dolosas,NO,NO,,,0.0,0.0,1,0.0,0.0,"Coordenadas 0,0"
1122987,2023,FEBRERO,JUEVES,2023-02-16,18,Lesiones,Lesiones Dolosas,NO,NO,,,0.0,0.0,1,0.0,0.0,"Coordenadas 0,0"
1122988,2023,FEBRERO,MARTES,2023-02-21,19,Lesiones,Lesiones Dolosas,NO,NO,,,0.0,0.0,1,0.0,0.0,"Coordenadas 0,0"
1122989,2023,MARZO,JUEVES,2023-03-02,15,Lesiones,Lesiones Dolosas,NO,NO,,,0.0,0.0,1,0.0,0.0,"Coordenadas 0,0"
1122990,2023,MARZO,VIERNES,2023-03-10,20,Lesiones,Lesiones Dolosas,NO,NO,,,0.0,0.0,1,0.0,0.0,"Coordenadas 0,0"
1122991,2023,MARZO,LUNES,2023-03-13,0,Lesiones,Lesiones Dolosas,NO,NO,,,0.0,0.0,1,0.0,0.0,"Coordenadas 0,0"
1122992,2023,MARZO,SABADO,2023-03-25,13,Lesiones,Lesiones Dolosas,NO,NO,,,0.0,0.0,1,0.0,0.0,"Coordenadas 0,0"
1122993,2023,MARZO,JUEVES,2023-03-30,18,Lesiones,Lesiones Dolosas,NO,NO,,,0.0,0.0,1,0.0,0.0,"Coordenadas 0,0"
1122994,2023,ABRIL,JUEVES,2023-04-06,20,Lesiones,Lesiones Dolosas,NO,NO,,,0.0,0.0,1,0.0,0.0,"Coordenadas 0,0"
1122995,2023,ABRIL,JUEVES,2023-04-06,20,Lesiones,Lesiones Dolosas,NO,NO,,,0.0,0.0,1,0.0,0.0,"Coordenadas 0,0"
1122996,2023,ABRIL,SABADO,2023-04-08,17,Lesiones,Lesiones Dolosas,NO,NO,,,0.0,0.0,1,0.0,0.0,"Coordenadas 0,0"
1122997,2023,ABRIL,DOMINGO,2023-04-09,18,Lesiones,Lesiones Dolosas,NO,NO,,,0.0,0.0,1,0.0,0.0,"Coordenadas 0,0"
1122998,2023,ABRIL,MIERCOLES,2023-04-12,15,Lesiones,Lesiones Dolosas,NO,NO,,,0.0,0.0,1,0.0,0.0,"Coordenadas 0,0"
1122999,2023,ABRIL,VIERNES,2023-04-14,23,Lesiones,Lesiones Dolosas,NO,NO,,,0.0,0.0,1,0.0,0.0,"Coordenadas 0,0"
1123000,2023,ABRIL,DOMINGO,2023-04-16,11,Lesiones,Lesiones Dolosas,NO,NO,,,0.0,0.0,1,0.0,0.0,"Coordenadas 0,0"
1123001,2023,ABRIL,SABADO,2023-04-22,2,Lesiones,Lesiones Dolosas,NO,NO,,,0.0,0.0,1,0.0,0.0,"Coordenadas 0,0"
1123002,2023,ABRIL,SABADO,2023-04-22,2,Lesiones,Lesiones Dolosas,NO,NO,,,0.0,0.0,1,0.0,0.0,"Coordenadas 0,0"
1123003,2023,ABRIL,SABADO,2023-04-22,22,Lesiones,Lesiones Dolosas,NO,NO,,,0.0,0.0,1,0.0,0.0,"Coordenadas 0,0"
1123004,2023,ABRIL,LUNES,2023-04-24,3,Lesiones,Lesiones Dolosas,NO,NO,,,0.0,0.0,1,0.0,0.0,"Coordenadas 0,0"
1123005,2023,ABRIL,DOMINGO,2023-04-30,5,Lesiones,Lesiones Dolosas,NO,NO,,,0.0,0.0,1,0.0,0.0,"Coordenadas 0,0"
1123006,2023,ABRIL,DOMINGO,2023-04-30,15,Lesiones,Lesiones Dolosas,NO,NO,,,0.0,0.0,1,0.0,0.0,"Coordenadas 0,0"
1123007,2023,MAYO,DOMINGO,2023-05-21,15,Lesiones,Lesiones Dolosas,NO,NO,,,0.0,0.0,1,0.0,0.0,"Coordenadas 0,0"
1123008,2023,MAYO,LUNES,2023-05-22,22,Lesiones,Lesiones Dolosas,NO,NO,,,0.0,0.0,1,0.0,0.0,"Coordenadas 0,0"
1123009,2023,MAYO,LUNES,2023-05-22,22,Lesiones,Lesiones Dolosas,NO,NO,,,0.0,0.0,1,0.0,0.0,"Coordenadas 0,0"
1123010,2023,MAYO,MIERCOLES,2023-05-24,22,Lesiones,Lesiones Dolosas,NO,NO,,,0.0,0.0,1,0.0,0.0,"Coordenadas 0,0"
1123011,2023,MAYO,LUNES,2023-05-29,20,Lesiones,Lesiones Dolosas,NO,NO,,,0.0,0.0,1,0.0,0.0,"Coordenadas 0,0"
1123012,2023,MAYO,LUNES,2023-05-29,19,Lesiones,Lesiones Dolosas,NO,NO,,,0.0,0.0,1,0.0,0.0,"Coordenadas 0,0"
1123013,2023,JUNIO,VIERNES,2023-06-02,13,Lesiones,Lesiones Dolosas,NO,NO,,,0.0,0.0,1,0.0,0.0,"Coordenadas 0,0"
1123014,2023,JUNIO,VIERNES,2023-06-02,13,Lesiones,Lesiones Dolosas,NO,NO,,,0.0,0.0,1,0.0,0.0,"Coordenadas 0,0"
1123016,2023,JULIO,MARTES,2023-07-04,1,Lesiones,Lesiones Dolosas,NO,NO,,,0.0,0.0,1,0.0,0.0,"Coordenadas 0,0"
1123018,2023,JULIO,SABADO,2023-07-08,2,Lesiones,Lesiones Dolosas,NO,NO,,,0.0,0.0,1,0.0,0.0,"Coordenadas 0,0"
1123019,2023,JULIO,SABADO,2023-07-08,2,Lesiones,Lesiones Dolosas,NO,NO,,,0.0,0.0,1,0.0,0.0,"Coordenadas 0,0"
1123020,2023,JULIO,MARTES,2023-07-11,15,Lesiones,Lesiones Dolosas,NO,NO,,,0.0,0.0,1,0.0,0.0,"Coordenadas 0,0"
1123021,2023,JULIO,DOMINGO,2023-07-23,18,Lesiones,Lesiones Dolosas,NO,NO,,,0.0,0.0,1,0.0,0.0,"Coordenadas 0,0"
1123022,2023,JULIO,DOMINGO,2023-07-23,18,Lesiones,Lesiones Dolosas,NO,NO,,,0.0,0.0,1,0.0,0.0,"Coordenadas 0,0"
1123023,2023,JULIO,DOMINGO,2023-07-23,18,Lesiones,Lesiones Dolosas,NO,NO,,,0.0,0.0,1,0.0,0.0,"Coordenadas 0,0"
1123024,2023,JULIO,MIERCOLES,2023-07-26,19,Lesiones,Lesiones Dolosas,NO,NO,,,0.0,0.0,1,0.0,0.0,"Coordenadas 0,0"
1123025,2023,AGOSTO,DOMINGO,2023-08-06,17,Lesiones,Lesiones Dolosas,NO,NO,,,0.0,0.0,1,0.0,0.0,"Coordenadas 0,0"
1123026,2023,AGOSTO,LUNES,2023-08-07,17,Lesiones,Lesiones Dolosas,NO,NO,,,0.0,0.0,1,0.0,0.0,"Coordenadas 0,0"
1123027,2023,AGOSTO,LUNES,2023-08-07,16,Lesiones,Lesiones Dolosas,NO,NO,,,0.0,0.0,1,0.0,0.0,"Coordenadas 0,0"
1123029,2023,AGOSTO,VIERNES,2023-08-18,21,Lesiones,Lesiones Dolosas,NO,NO,,,0.0,0.0,1,0.0,0.0,"Coordenadas 0,0"
1123030,2023,AGOSTO,VIERNES,2023-08-18,21,Lesiones,Lesiones Dolosas,NO,NO,,,0.0,0.0,1,0.0,0.0,"Coordenadas 0,0"
1123031,2023,AGOSTO,SABADO,2023-08-19,11,Lesiones,Lesiones Dolosas,NO,NO,,,0.0,0.0,1,0.0,0.0,"Coordenadas 0,0"
1123032,2023,SEPTIEMBRE,DOMINGO,2023-09-10,9,Lesiones,Lesiones Dolosas,NO,NO,,,0.0,0.0,1,0.0,0.0,"Coordenadas 0,0"
1123033,2023,SEPTIEMBRE,DOMINGO,2023-09-10,9,Lesiones,Lesiones Dolosas,NO,NO,,,0.0,0.0,1,0.0,0.0,"Coordenadas 0,0"
1123034,2023,SEPTIEMBRE,SABADO,2023-09-16,14,Lesiones,Lesiones Dolosas,NO,NO,,,0.0,0.0,1,0.0,0.0,"Coordenadas 0,0"
1123035,2023,SEPTIEMBRE,SABADO,2023-09-16,14,Lesiones,Lesiones Dolosas,NO,NO,,,0.0,0.0,1,0.0,0.0,"Coordenadas 0,0"
1123036,2023,OCTUBRE,JUEVES,2023-10-12,8,Lesiones,Lesiones Dolosas,NO,NO,,,0.0,0.0,1,0.0,0.0,"Coordenadas 0,0"
1123037,2023,OCTUBRE,JUEVES,2023-10-12,2,Lesiones,Lesiones Dolosas,NO,NO,,,0.0,0.0,1,0.0,0.0,"Coordenadas 0,0"
1123038,2023,OCTUBRE,SABADO,2023-10-28,15,Lesiones,Lesiones Dolosas,NO,NO,,,0.0,0.0,1,0.0,0.0,"Coordenadas 0,0"
1123039,2023,NOVIEMBRE,MARTES,2023-11-07,15,Lesiones,Lesiones Dolosas,NO,NO,,,0.0,0.0,1,0.0,0.0,"Coordenadas 0,0"
1123040,2023,NOVIEMBRE,MARTES,2023-11-07,15,Lesiones,Lesiones Dolosas,NO,NO,,,0.0,0.0,1,0.0,0.0,"Coordenadas 0,0"
1123041,2023,NOVIEMBRE,MARTES,2023-11-07,15,Lesiones,Lesiones Dolosas,NO,NO,,,0.0,0.0,1,0.0,0.0,"Coordenadas 0,0"
1123042,2023,NOVIEMBRE,DOMINGO,2023-11-12,10,Lesiones,Lesiones Dolosas,NO,NO,,,0.0,0.0,1,0.0,0.0,"Coordenadas 0,0"
1123043,2023,DICIEMBRE,LUNES,2023-12-04,14,Lesiones,Lesiones Dolosas,NO,NO,,,0.0,0.0,1,0.0,0.0,"Coordenadas 0,0"
1123044,2023,DICIEMBRE,LUNES,2023-12-11,2,Lesiones,Lesiones Dolosas,NO,NO,,,0.0,0.0,1,0.0,0.0,"Coordenadas 0,0"
1123045,2023,DICIEMBRE,MARTES,2023-12-26,2,Lesiones,Lesiones Dolosas,NO,NO,,,0.0,0.0,1,0.0,0.0,"Coordenadas 0,0"
1123046,2023,MAYO,MARTES,2023-05-30,4,Lesiones,Lesiones Dolosas,NO,NO,,,0.0,0.0,1,0.0,0.0,"Coordenadas 0,0"
1123047,2023,JULIO,JUEVES,2023-07-20,0,Lesiones,Lesiones Dolosas,NO,NO,,,0.0,0.0,1,0.0,0.0,"Coordenadas 0,0"
1123048,2023,JULIO,JUEVES,2023-07-20,0,Lesiones,Lesiones Dolosas,NO,NO,,,0.0,0.0,1,0.0,0.0,"Coordenadas 0,0"
1123049,2023,JULIO,JUEVES,2023-07-20,0,Lesiones,Lesiones Dolosas,NO,NO,,,0.0,0.0,1,0.0,0.0,"Coordenadas 0,0"
1123050,2023,NOVIEMBRE,JUEVES,2023-11-16,0,Lesiones,Lesiones Dolosas,NO,NO,,,0.0,0.0,1,0.0,0.0,"Coordenadas 0,0"
1123051,2023,MARZO,SABADO,2023-03-04,0,Lesiones,Lesiones Dolosas,NO,NO,,,0.0,0.0,1,0.0,0.0,"Coordenadas 0,0"
1123054,2023,DICIEMBRE,LUNES,2023-12-25,7,Lesiones,Lesiones Dolosas,NO,NO,,,0.0,0.0,1,0.0,0.0,"Coordenadas 0,0"
1123055,2023,DICIEMBRE,LUNES,2023-12-25,7,Lesiones,Lesiones Dolosas,NO,NO,,,0.0,0.0,1,0.0,0.0,"Coordenadas 0,0"
1123056,2023,OCTUBRE,MIERCOLES,2023-10-04,3,Lesiones,Lesiones Dolosas,NO,NO,,,0.0,0.0,1,0.0,0.0,"Coordenadas 0,0"
1123057,2023,OCTUBRE,MIERCOLES,2023-10-04,3,Lesiones,Lesiones Dolosas,NO,NO,,,0.0,0.0,1,0.0,0.0,"Coordenadas 0,0"
1123058,2023,ENERO,JUEVES,2023-01-26,9,Lesiones,Lesiones Dolosas,NO,NO,,,0.0,0.0,1,0.0,0.0,"Coordenadas 0,0"
1123059,2023,ENERO,JUEVES,2023-01-26,9,Lesiones,Lesiones Dolosas,NO,NO,,,0.0,0.0,1,0.0,0.0,"Coordenadas 0,0"
1123060,2023,ENERO,LUNES,2023-01-30,0,Lesiones,Lesiones Dolosas,NO,NO,,,0.0,0.0,1,0.0,0.0,"Coordenadas 0,0"
1123061,2023,JULIO,MARTES,2023-07-25,0,Lesiones,Lesiones Dolosas,NO,NO,,,0.0,0.0,1,0.0,0.0,"Coordenadas 0,0"
1123062,2023,AGOSTO,JUEVES,2023-08-24,1,Lesiones,Lesiones Dolosas,NO,NO,,,0.0,0.0,1,0.0,0.0,"Coordenadas 0,0"
1123063,2023,AGOSTO,JUEVES,2023-08-24,1,Lesiones,Lesiones Dolosas,NO,NO,,,0.0,0.0,1,0.0,0.0,"Coordenadas 0,0"
1123064,2023,ENERO,MIERCOLES,2023-01-25,0,Lesiones,Lesiones Dolosas,NO,NO,,,0.0,0.0,1,0.0,0.0,"Coordenadas 0,0"
1123065,2023,MARZO,SABADO,2023-03-18,0,Lesiones,Lesiones Dolosas,NO,NO,,,0.0,0.0,1,0.0,0.0,"Coordenadas 0,0"
1123066,2023,MARZO,DOMINGO,2023-03-19,0,Lesiones,Lesiones Dolosas,NO,NO,,,0.0,0.0,1,0.0,0.0,"Coordenadas 0,0"
1123067,2023,ABRIL,MIERCOLES,2023-04-26,0,Lesiones,Lesiones Dolosas,NO,NO,,,0.0,0.0,1,0.0,0.0,"Coordenadas 0,0"
1123068,2023,AGOSTO,VIERNES,2023-08-18,0,Lesiones,Lesiones Dolosas,NO,NO,,,0.0,0.0,1,0.0,0.0,"Coordenadas 0,0"
1123070,2023,ENERO,JUEVES,2023-01-05,15,Lesiones,Lesiones Dolosas,NO,NO,,,0.0,0.0,1,0.0,0.0,"Coordenadas 0,0"
1123071,2023,FEBRERO,MIERCOLES,2023-02-15,20,Lesiones,Lesiones Dolosas,NO,NO,,,0.0,0.0,1,0.0,0.0,"Coordenadas 0,0"
1123072,2023,MAYO,MIERCOLES,2023-05-24,13,Lesiones,Lesiones Dolosas,NO,NO,,,0.0,0.0,1,0.0,0.0,"Coordenadas 0,0"
1123074,2023,AGOSTO,MIERCOLES,2023-08-23,21,Lesiones,Lesiones Dolosas,NO,NO,,,0.0,0.0,1,0.0,0.0,"Coordenadas 0,0"
1123075,2023,SEPTIEMBRE,DOMINGO,2023-09-10,6,Lesiones,Lesiones Dolosas,NO,NO,,,0.0,0.0,1,0.0,0.0,"Coordenadas 0,0"
1123076,2023,OCTUBRE,SABADO,2023-10-14,18,Lesiones,Lesiones Dolosas,NO,NO,,,0.0,0.0,1,0.0,0.0,"Coordenadas 0,0"
1123078,2023,OCTUBRE,SABADO,2023-10-21,20,Lesiones,Lesiones Dolosas,NO,NO,,,0.0,0.0,1,0.0,0.0,"Coordenadas 0,0"
1123079,2023,DICIEMBRE,DOMINGO,2023-12-03,8,Lesiones,Lesiones Dolosas,NO,NO,,,0.0,0.0,1,0.0,0.0,"Coordenadas 0,0"
1123080,2023,DICIEMBRE,DOMINGO,2023-12-03,8,Lesiones,Lesiones Dolosas,NO,NO,,,0.0,0.0,1,0.0,0.0,"Coordenadas 0,0"
1123081,2023,DICIEMBRE,DOMINGO,2023-12-03,8,Lesiones,Lesiones Dolosas,NO,NO,,,0.0,0.0,1,0.0,0.0,"Coordenadas 0,0"
1123082,2023,DICIEMBRE,VIERNES,2023-12-15,19,Lesiones,Lesiones Dolosas,NO,NO,,,0.0,0.0,1,0.0,0.0,"Coordenadas 0,0"
1123083,2023,DICIEMBRE,VIERNES,2023-12-15,19,Lesiones,Lesiones Dolosas,NO,NO,,,0.0,0.0,1,0.0,0.0,"Coordenadas 0,0"
1123084,2023,DICIEMBRE,VIERNES,2023-12-15,19,Lesiones,Lesiones Dolosas,NO,NO,,,0.0,0.0,1,0.0,0.0,"Coordenadas 0,0"
1123085,2023,DICIEMBRE,MARTES,2023-12-26,6,Lesiones,Lesiones Dolosas,NO,NO,,,0.0,0.0,1,0.0,0.0,"Coordenadas 0,0"
1123086,2023,DICIEMBRE,MIERCOLES,2023-12-27,21,Lesiones,Lesiones Dolosas,NO,NO,,,0.0,0.0,1,0.0,0.0,"Coordenadas 0,0"
1123087,2023,DICIEMBRE,MIERCOLES,2023-12-27,21,Lesiones,Lesiones Dolosas,NO,NO,,,0.0,0.0,1,0.0,0.0,"Coordenadas 0,0"
1123088,2023,ABRIL,LUNES,2023-04-17,15,Lesiones,Lesiones Dolosas,NO,NO,,,0.0,0.0,1,0.0,0.0,"Coordenadas 0,0"
1123089,2023,ABRIL,LUNES,2023-04-24,19,Lesiones,Lesiones Dolosas,NO,NO,,,0.0,0.0,1,0.0,0.0,"Coordenadas 0,0"
1123090,2023,JUNIO,LUNES,2023-06-12,6,Lesiones,Lesiones Dolosas,NO,NO,,,0.0,0.0,1,0.0,0.0,"Coordenadas 0,0"
1123091,2023,AGOSTO,LUNES,2023-08-14,18,Lesiones,Lesiones Dolosas,NO,NO,,,0.0,0.0,1,0.0,0.0,"Coordenadas 0,0"
1123092,2023,AGOSTO,SABADO,2023-08-26,8,Lesiones,Lesiones Dolosas,NO,NO,,,0.0,0.0,1,0.0,0.0,"Coordenadas 0,0"
1123093,2023,SEPTIEMBRE,LUNES,2023-09-25,14,Lesiones,Lesiones Dolosas,NO,NO,,,0.0,0.0,1,0.0,0.0,"Coordenadas 0,0"
1123094,2023,SEPTIEMBRE,LUNES,2023-09-25,14,Lesiones,Lesiones Dolosas,NO,NO,,,0.0,0.0,1,0.0,0.0,"Coordenadas 0,0"
1123095,2023,OCTUBRE,DOMINGO,2023-10-29,0,Lesiones,Lesiones Dolosas,NO,NO,,,0.0,0.0,1,0.0,0.0,"Coordenadas 0,0"
1123096,2023,MARZO,SABADO,2023-03-04,16,Lesiones,Lesiones Dolosas,NO,NO,,,0.0,0.0,1,0.0,0.0,"Coordenadas 0,0"
1123097,2023,MARZO,SABADO,2023-03-04,0,Lesiones,Lesiones Dolosas,NO,NO,,,0.0,0.0,1,0.0,0.0,"Coordenadas 0,0"
1123098,2023,ABRIL,SABADO,2023-04-08,22,Lesiones,Lesiones Dolosas,NO,NO,,,0.0,0.0,1,0.0,0.0,"Coordenadas 0,0"
1123099,2023,ABRIL,SABADO,2023-04-08,2,Lesiones,Lesiones Dolosas,NO,NO,,,0.0,0.0,1,0.0,0.0,"Coordenadas 0,0"
1123100,2023,JULIO,MIERCOLES,2023-07-19,20,Lesiones,Lesiones Dolosas,NO,NO,,,0.0,0.0,1,0.0,0.0,"Coordenadas 0,0"
1123101,2023,JULIO,VIERNES,2023-07-21,2,Lesiones,Lesiones Dolosas,NO,NO,,,0.0,0.0,1,0.0,0.0,"Coordenadas 0,0"
1123102,2023,JULIO,MIERCOLES,2023-07-26,14,Lesiones,Lesiones Dolosas,NO,NO,,,0.0,0.0,1,0.0,0.0,"Coordenadas 0,0"
1123103,2023,JULIO,SABADO,2023-07-29,14,Lesiones,Lesiones Dolosas,NO,NO,,,0.0,0.0,1,0.0,0.0,"Coordenadas 0,0"
1123104,2023,JULIO,SABADO,2023-07-29,14,Lesiones,Lesiones Dolosas,NO,NO,,,0.0,0.0,1,0.0,0.0,"Coordenadas 0,0"
1123105,2023,AGOSTO,MIERCOLES,2023-08-02,10,Lesiones,Lesiones Dolosas,NO,NO,,,0.0,0.0,1,0.0,0.0,"Coordenadas 0,0"
1123106,2023,AGOSTO,VIERNES,2023-08-04,23,Lesiones,Lesiones Dolosas,NO,NO,,,0.0,0.0,1,0.0,0.0,"Coordenadas 0,0"
1123107,2023,AGOSTO,VIERNES,2023-08-04,23,Lesiones,Lesiones Dolosas,NO,NO,,,0.0,0.0,1,0.0,0.0,"Coordenadas 0,0"
1123108,2023,AGOSTO,VIERNES,2023-08-04,23,Lesiones,Lesiones Dolosas,NO,NO,,,0.0,0.0,1,0.0,0.0,"Coordenadas 0,0"
1123109,2023,AGOSTO,JUEVES,2023-08-24,18,Lesiones,Lesiones Dolosas,NO,NO,,,0.0,0.0,1,0.0,0.0,"Coordenadas 0,0"
1123110,2023,AGOSTO,JUEVES,2023-08-24,18,Lesiones,Lesiones Dolosas,NO,NO,,,0.0,0.0,1,0.0,0.0,"Coordenadas 0,0"
1123111,2023,AGOSTO,MIERCOLES,2023-08-30,15,Lesiones,Lesiones Dolosas,NO,NO,,,0.0,0.0,1,0.0,0.0,"Coordenadas 0,0"
1123112,2023,SEPTIEMBRE,JUEVES,2023-09-21,18,Lesiones,Lesiones Dolosas,NO,NO,,,0.0,0.0,1,0.0,0.0,"Coordenadas 0,0"
1123114,2023,OCTUBRE,MARTES,2023-10-17,7,Lesiones,Lesiones Dolosas,NO,NO,,,0.0,0.0,1,0.0,0.0,"Coordenadas 0,0"
1123115,2023,OCTUBRE,JUEVES,2023-10-19,22,Lesiones,Lesiones Dolosas,NO,NO,,,0.0,0.0,1,0.0,0.0,"Coordenadas 0,0"
1123116,2023,NOVIEMBRE,MIERCOLES,2023-11-01,16,Lesiones,Lesiones Dolosas,NO,NO,,,0.0,0.0,1,0.0,0.0,"Coordenadas 0,0"
1123117,2023,NOVIEMBRE,MIERCOLES,2023-11-08,12,Lesiones,Lesiones Dolosas,NO,NO,,,0.0,0.0,1,0.0,0.0,"Coordenadas 0,0"
1123118,2023,NOVIEMBRE,SABADO,2023-11-25,7,Lesiones,Lesiones Dolosas,NO,NO,,,0.0,0.0,1,0.0,0.0,"Coordenadas 0,0"
1123119,2023,DICIEMBRE,VIERNES,2023-12-08,17,Lesiones,Lesiones Dolosas,NO,NO,,,0.0,0.0,1,0.0,0.0,"Coordenadas 0,0"
1123120,2023,DICIEMBRE,VIERNES,2023-12-08,17,Lesiones,Lesiones Dolosas,NO,NO,,,0.0,0.0,1,0.0,0.0,"Coordenadas 0,0"
1123121,2023,DICIEMBRE,MIERCOLES,2023-12-13,0,Lesiones,Lesiones Dolosas,NO,NO,,,0.0,0.0,1,0.0,0.0,"Coordenadas 0,0"
1123122,2023,DICIEMBRE,VIERNES,2023-12-15,23,Lesiones,Lesiones Dolosas,NO,NO,,,0.0,0.0,1,0.0,0.0,"Coordenadas 0,0"
1123123,2023,DICIEMBRE,LUNES,2023-12-25,7,Lesiones,Lesiones Dolosas,NO,NO,,,0.0,0.0,1,0.0,0.0,"Coordenadas 0,0"
1123124,2023,FEBRERO,VIERNES,2023-02-24,18,Lesiones,Lesiones Dolosas,NO,NO,,,0.0,0.0,1,0.0,0.0,"Coordenadas 0,0"
1123125,2023,JULIO,VIERNES,2023-07-28,21,Lesiones,Lesiones Dolosas,NO,NO,,,0.0,0.0,1,0.0,0.0,"Coordenadas 0,0"
1123126,2023,JULIO,SABADO,2023-07-29,0,Lesiones,Lesiones Dolosas,NO,NO,,,0.0,0.0,1,0.0,0.0,"Coordenadas 0,0"
1123127,2023,AGOSTO,JUEVES,2023-08-24,18,Lesiones,Lesiones Dolosas,NO,NO,,,0.0,0.0,1,0.0,0.0,"Coordenadas 0,0"
1123128,2023,SEPTIEMBRE,JUEVES,2023-09-14,16,Lesiones,Lesiones Dolosas,NO,NO,,,0.0,0.0,1,0.0,0.0,"Coordenadas 0,0"
1123129,2023,SEPTIEMBRE,JUEVES,2023-09-14,16,Lesiones,Lesiones Dolosas,NO,NO,,,0.0,0.0,1,0.0,0.0,"Coordenadas 0,0"
1123130,2023,NOVIEMBRE,MARTES,2023-11-28,0,Lesiones,Lesiones Dolosas,NO,NO,,,0.0,0.0,1,0.0,0.0,"Coordenadas 0,0"
1123131,2023,OCTUBRE,LUNES,2023-10-30,17,Lesiones,Lesiones Dolosas,NO,NO,,,0.0,0.0,1,0.0,0.0,"Coordenadas 0,0"
1123132,2023,NOVIEMBRE,JUEVES,2023-11-09,0,Lesiones,Lesiones Dolosas,NO,NO,,,0.0,0.0,1,0.0,0.0,"Coordenadas 0,0"
1123134,2023,MARZO,VIERNES,2023-03-24,0,Lesiones,Lesiones Dolosas,NO,NO,,,0.0,0.0,1,0.0,0.0,"Coordenadas 0,0"
1123135,2023,JUNIO,SABADO,2023-06-17,18,Lesiones,Lesiones Dolosas,NO,NO,,,0.0,0.0,1,0.0,0.0,"Coordenadas 0,0"
1123136,2023,JUNIO,SABADO,2023-06-17,18,Lesiones,Lesiones Dolosas,NO,NO,,,0.0,0.0,1,0.0,0.0,"Coordenadas 0,0"
1123137,2023,JUNIO,SABADO,2023-06-17,18,Lesiones,Lesiones Dolosas,NO,NO,,,0.0,0.0,1,0.0,0.0,"Coordenadas 0,0"
1123138,2023,JULIO,JUEVES,2023-07-20,12,Lesiones,Lesiones Dolosas,NO,NO,,,0.0,0.0,1,0.0,0.0,"Coordenadas 0,0"
1123139,2023,JULIO,SABADO,2023-07-22,23,Lesiones,Lesiones Dolosas,NO,NO,,,0.0,0.0,1,0.0,0.0,"Coordenadas 0,0"
1123140,2023,AGOSTO,MARTES,2023-08-22,0,Lesiones,Lesiones Dolosas,NO,NO,,,0.0,0.0,1,0.0,0.0,"Coordenadas 0,0"
1123141,2023,AGOSTO,MARTES,2023-08-22,9,Lesiones,Lesiones Dolosas,NO,NO,,,0.0,0.0,1,0.0,0.0,"Coordenadas 0,0"
1123142,2023,AGOSTO,JUEVES,2023-08-24,19,Lesiones,Lesiones Dolosas,NO,NO,,,0.0,0.0,1,0.0,0.0,"Coordenadas 0,0"
1123143,2023,AGOSTO,JUEVES,2023-08-24,19,Lesiones,Lesiones Dolosas,NO,NO,,,0.0,0.0,1,0.0,0.0,"Coordenadas 0,0"
1123144,2023,SEPTIEMBRE,DOMINGO,2023-09-10,3,Lesiones,Lesiones Dolosas,NO,NO,,,0.0,0.0,1,0.0,0.0,"Coordenadas 0,0"
1123145,2023,SEPTIEMBRE,VIERNES,2023-09-15,18,Lesiones,Lesiones Dolosas,NO,NO,,,0.0,0.0,1,0.0,0.0,"Coordenadas 0,0"
1123146,2023,OCTUBRE,LUNES,2023-10-09,11,Lesiones,Lesiones Dolosas,NO,NO,,,0.0,0.0,1,0.0,0.0,"Coordenadas 0,0"
1123147,2023,NOVIEMBRE,MIERCOLES,2023-11-01,20,Lesiones,Lesiones Dolosas,NO,NO,,,0.0,0.0,1,0.0,0.0,"Coordenadas 0,0"
1123148,2023,NOVIEMBRE,LUNES,2023-11-06,21,Lesiones,Lesiones Dolosas,NO,NO,,,0.0,0.0,1,0.0,0.0,"Coordenadas 0,0"
1123149,2023,NOVIEMBRE,DOMINGO,2023-11-26,23,Lesiones,Lesiones Dolosas,NO,NO,,,0.0,0.0,1,0.0,0.0,"Coordenadas 0,0"
1123150,2023,NOVIEMBRE,MIERCOLES,2023-11-29,17,Lesiones,Lesiones Dolosas,NO,NO,,,0.0,0.0,1,0.0,0.0,"Coordenadas 0,0"
1123151,2023,DICIEMBRE,SABADO,2023-12-30,4,Lesiones,Lesiones Dolosas,NO,NO,,,0.0,0.0,1,0.0,0.0,"Coordenadas 0,0"
1123152,2023,SEPTIEMBRE,VIERNES,2023-09-08,0,Lesiones,Lesiones Dolosas,NO,NO,,,0.0,0.0,1,0.0,0.0,"Coordenadas 0,0"
1123153,2023,MARZO,SABADO,2023-03-11,0,Lesiones,Lesiones Dolosas,NO,NO,,,0.0,0.0,1,0.0,0.0,"Coordenadas 0,0"
1123154,2023,ABRIL,JUEVES,2023-04-13,14,Lesiones,Lesiones Dolosas,NO,NO,,,0.0,0.0,1,0.0,0.0,"Coordenadas 0,0"
1123155,2023,ENERO,DOMINGO,2023-01-01,0,Lesiones,Lesiones Dolosas,NO,NO,,,0.0,0.0,1,0.0,0.0,"Coordenadas 0,0"
1123156,2023,ENERO,DOMINGO,2023-01-01,0,Lesiones,Lesiones Dolosas,NO,NO,,,0.0,0.0,1,0.0,0.0,"Coordenadas 0,0"
1123157,2023,ENERO,JUEVES,2023-01-12,17,Lesiones,Lesiones Dolosas,NO,NO,,,0.0,0.0,1,0.0,0.0,"Coordenadas 0,0"
1123159,2023,ENERO,VIERNES,2023-01-27,16,Lesiones,Lesiones Dolosas,NO,NO,,,0.0,0.0,1,0.0,0.0,"Coordenadas 0,0"
1123160,2023,ENERO,DOMINGO,2023-01-29,16,Lesiones,Lesiones Dolosas,NO,NO,,,0.0,0.0,1,0.0,0.0,"Coordenadas 0,0"
1123161,2023,FEBRERO,MIERCOLES,2023-02-08,11,Lesiones,Lesiones Dolosas,NO,NO,,,0.0,0.0,1,0.0,0.0,"Coordenadas 0,0"
1123162,2023,FEBRERO,MARTES,2023-02-14,23,Lesiones,Lesiones Dolosas,NO,NO,,,0.0,0.0,1,0.0,0.0,"Coordenadas 0,0"
1123163,2023,FEBRERO,DOMINGO,2023-02-19,23,Lesiones,Lesiones Dolosas,NO,NO,,,0.0,0.0,1,0.0,0.0,"Coordenadas 0,0"
1123165,2023,MARZO,VIERNES,2023-03-10,15,Lesiones,Lesiones Dolosas,NO,NO,,,0.0,0.0,1,0.0,0.0,"Coordenadas 0,0"
1123166,2023,MARZO,VIERNES,2023-03-17,0,Lesiones,Lesiones Dolosas,NO,NO,,,0.0,0.0,1,0.0,0.0,"Coordenadas 0,0"
1123167,2023,MARZO,DOMINGO,2023-03-19,22,Lesiones,Lesiones Dolosas,NO,NO,,,0.0,0.0,1,0.0,0.0,"Coordenadas 0,0"
1123168,2023,MARZO,MARTES,2023-03-21,1,Lesiones,Lesiones Dolosas,NO,NO,,,0.0,0.0,1,0.0,0.0,"Coordenadas 0,0"
1123169,2023,MARZO,MIERCOLES,2023-03-22,18,Lesiones,Lesiones Dolosas,NO,NO,,,0.0,0.0,1,0.0,0.0,"Coordenadas 0,0"
1123170,2023,MARZO,SABADO,2023-03-25,23,Lesiones,Lesiones Dolosas,NO,NO,,,0.0,0.0,1,0.0,0.0,"Coordenadas 0,0"
1123171,2023,MARZO,SABADO,2023-03-25,23,Lesiones,Lesiones Dolosas,NO,NO,,,0.0,0.0,1,0.0,0.0,"Coordenadas 0,0"
1123172,2023,MARZO,SABADO,2023-03-25,23,Lesiones,Lesiones Dolosas,NO,NO,,,0.0,0.0,1,0.0,0.0,"Coordenadas 0,0"
1123173,2023,ABRIL,LUNES,2023-04-03,10,Lesiones,Lesiones Dolosas,NO,NO,,,0.0,0.0,1,0.0,0.0,"Coordenadas 0,0"
1123174,2023,ABRIL,MARTES,2023-04-04,16,Lesiones,Lesiones Dolosas,NO,NO,,,0.0,0.0,1,0.0,0.0,"Coordenadas 0,0"
1123175,2023,ABRIL,MARTES,2023-04-11,21,Lesiones,Lesiones Dolosas,NO,NO,,,0.0,0.0,1,0.0,0.0,"Coordenadas 0,0"
1123176,2023,ABRIL,SABADO,2023-04-15,1,Lesiones,Lesiones Dolosas,NO,NO,,,0.0,0.0,1,0.0,0.0,"Coordenadas 0,0"
1123177,2023,ABRIL,DOMINGO,2023-04-23,19,Lesiones,Lesiones Dolosas,NO,NO,,,0.0,0.0,1,0.0,0.0,"Coordenadas 0,0"
1123178,2023,ABRIL,DOMINGO,2023-04-23,19,Lesiones,Lesiones Dolosas,NO,NO,,,0.0,0.0,1,0.0,0.0,"Coordenadas 0,0"
1123179,2023,ABRIL,LUNES,2023-04-24,10,Lesiones,Lesiones Dolosas,NO,NO,,,0.0,0.0,1,0.0,0.0,"Coordenadas 0,0"
1123180,2023,MAYO,JUEVES,2023-05-04,19,Lesiones,Lesiones Dolosas,NO,NO,,,0.0,0.0,1,0.0,0.0,"Coordenadas 0,0"
1123181,2023,MAYO,LUNES,2023-05-08,23,Lesiones,Lesiones Dolosas,NO,NO,,,0.0,0.0,1,0.0,0.0,"Coordenadas 0,0"
1123182,2023,MAYO,VIERNES,2023-05-12,17,Lesiones,Lesiones Dolosas,NO,NO,,,0.0,0.0,1,0.0,0.0,"Coordenadas 0,0"
1123183,2023,JUNIO,JUEVES,2023-06-01,15,Lesiones,Lesiones Dolosas,NO,NO,,,0.0,0.0,1,0.0,0.0,"Coordenadas 0,0"
1123184,2023,JUNIO,VIERNES,2023-06-02,19,Lesiones,Lesiones Dolosas,NO,NO,,,0.0,0.0,1,0.0,0.0,"Coordenadas 0,0"
1123185,2023,JUNIO,VIERNES,2023-06-02,19,Lesiones,Lesiones Dolosas,NO,NO,,,0.0,0.0,1,0.0,0.0,"Coordenadas 0,0"
1123186,2023,JUNIO,LUNES,2023-06-26,0,Lesiones,Lesiones Dolosas,NO,NO,,,0.0,0.0,1,0.0,0.0,"Coordenadas 0,0"
1123187,2023,JUNIO,LUNES,2023-06-26,0,Lesiones,Lesiones Dolosas,NO,NO,,,0.0,0.0,1,0.0,0.0,"Coordenadas 0,0"
1123189,2023,JULIO,LUNES,2023-07-17,22,Lesiones,Lesiones Dolosas,NO,NO,,,0.0,0.0,1,0.0,0.0,"Coordenadas 0,0"
1123190,2023,JULIO,LUNES,2023-07-17,22,Lesiones,Lesiones Dolosas,NO,NO,,,0.0,0.0,1,0.0,0.0,"Coordenadas 0,0"
1123191,2023,JULIO,LUNES,2023-07-17,3,Lesiones,Lesiones Dolosas,NO,NO,,,0.0,0.0,1,0.0,0.0,"Coordenadas 0,0"
1123192,2023,JULIO,LUNES,2023-07-31,9,Lesiones,Lesiones Dolosas,NO,NO,,,0.0,0.0,1,0.0,0.0,"Coordenadas 0,0"
1123193,2023,AGOSTO,MARTES,2023-08-01,8,Lesiones,Lesiones Dolosas,NO,NO,,,0.0,0.0,1,0.0,0.0,"Coordenadas 0,0"
1123194,2023,SEPTIEMBRE,SABADO,2023-09-02,5,Lesiones,Lesiones Dolosas,NO,NO,,,0.0,0.0,1,0.0,0.0,"Coordenadas 0,0"
1123195,2023,SEPTIEMBRE,VIERNES,2023-09-08,8,Lesiones,Lesiones Dolosas,NO,NO,,,0.0,0.0,1,0.0,0.0,"Coordenadas 0,0"
1123196,2023,SEPTIEMBRE,SABADO,2023-09-16,15,Lesiones,Lesiones Dolosas,NO,NO,,,0.0,0.0,1,0.0,0.0,"Coordenadas 0,0"
1123197,2023,SEPTIEMBRE,SABADO,2023-09-16,15,Lesiones,Lesiones Dolosas,NO,NO,,,0.0,0.0,1,0.0,0.0,"Coordenadas 0,0"
1123199,2023,OCTUBRE,DOMINGO,2023-10-08,17,Lesiones,Lesiones Dolosas,NO,NO,,,0.0,0.0,1,0.0,0.0,"Coordenadas 0,0"
1123200,2023,OCTUBRE,JUEVES,2023-10-12,11,Lesiones,Lesiones Dolosas,NO,NO,,,0.0,0.0,1,0.0,0.0,"Coordenadas 0,0"
1123201,2023,OCTUBRE,MARTES,2023-10-17,0,Lesiones,Lesiones Dolosas,NO,NO,,,0.0,0.0,1,0.0,0.0,"Coordenadas 0,0"
1123202,2023,OCTUBRE,MIERCOLES,2023-10-18,11,Lesiones,Lesiones Dolosas,NO,NO,,,0.0,0.0,1,0.0,0.0,"Coordenadas 0,0"
1123203,2023,OCTUBRE,SABADO,2023-10-28,22,Lesiones,Lesiones Dolosas,NO,NO,,,0.0,0.0,1,0.0,0.0,"Coordenadas 0,0"
1123204,2023,OCTUBRE,SABADO,2023-10-28,22,Lesiones,Lesiones Dolosas,NO,NO,,,0.0,0.0,1,0.0,0.0,"Coordenadas 0,0"
1123205,2023,NOVIEMBRE,LUNES,2023-11-06,12,Lesiones,Lesiones Dolosas,NO,NO,,,0.0,0.0,1,0.0,0.0,"Coordenadas 0,0"
1123206,2023,NOVIEMBRE,JUEVES,2023-11-09,14,Lesiones,Lesiones Dolosas,NO,NO,,,0.0,0.0,1,0.0,0.0,"Coordenadas 0,0"
1123207,2023,NOVIEMBRE,JUEVES,2023-11-30,0,Lesiones,Lesiones Dolosas,NO,NO,,,0.0,0.0,1,0.0,0.0,"Coordenadas 0,0"
1123208,2023,NOVIEMBRE,JUEVES,2023-11-30,8,Lesiones,Lesiones Dolosas,NO,NO,,,0.0,0.0,1,0.0,0.0,"Coordenadas 0,0"
1123209,2023,DICIEMBRE,MARTES,2023-12-12,23,Lesiones,Lesiones Dolosas,NO,NO,,,0.0,0.0,1,0.0,0.0,"Coordenadas 0,0"
1123210,2023,DICIEMBRE,MARTES,2023-12-12,23,Lesiones,Lesiones Dolosas,NO,NO,,,0.0,0.0,1,0.0,0.0,"Coordenadas 0,0"
1123211,2023,DICIEMBRE,LUNES,2023-12-18,6,Lesiones,Lesiones Dolosas,NO,NO,,,0.0,0.0,1,0.0,0.0,"Coordenadas 0,0"
1123212,2023,JUNIO,MARTES,2023-06-20,15,Lesiones,Lesiones Dolosas,NO,NO,,,0.0,0.0,1,0.0,0.0,"Coordenadas 0,0"
1123213,2023,DICIEMBRE,LUNES,2023-12-18,3,Lesiones,Lesiones Dolosas,NO,NO,,,0.0,0.0,1,0.0,0.0,"Coordenadas 0,0"
1123216,2023,MARZO,JUEVES,2023-03-02,0,Lesiones,Lesiones Dolosas,NO,NO,,,0.0,0.0,1,0.0,0.0,"Coordenadas 0,0"
1123217,2023,MAYO,MARTES,2023-05-09,7,Lesiones,Lesiones Dolosas,NO,NO,,,0.0,0.0,1,0.0,0.0,"Coordenadas 0,0"
1123218,2023,MAYO,MARTES,2023-05-09,7,Lesiones,Lesiones Dolosas,NO,NO,,,0.0,0.0,1,0.0,0.0,"Coordenadas 0,0"
1123220,2023,AGOSTO,JUEVES,2023-08-03,0,Lesiones,Lesiones Dolosas,NO,NO,,,0.0,0.0,1,0.0,0.0,"Coordenadas 0,0"
1123221,2023,AGOSTO,VIERNES,2023-08-18,4,Lesiones,Lesiones Dolosas,NO,NO,,,0.0,0.0,1,0.0,0.0,"Coordenadas 0,0"
1123223,2023,AGOSTO,MIERCOLES,2023-08-30,16,Lesiones,Lesiones Dolosas,NO,NO,,,0.0,0.0,1,0.0,0.0,"Coordenadas 0,0"
1123224,2023,SEPTIEMBRE,MIERCOLES,2023-09-13,0,Lesiones,Lesiones Dolosas,NO,NO,,,0.0,0.0,1,0.0,0.0,"Coordenadas 0,0"
1123225,2023,JUNIO,MIERCOLES,2023-06-14,13,Lesiones,Lesiones Dolosas,NO,NO,,,0.0,0.0,1,0.0,0.0,"Coordenadas 0,0"
1123226,2023,JUNIO,MIERCOLES,2023-06-14,13,Lesiones,Lesiones Dolosas,NO,NO,,,0.0,0.0,1,0.0,0.0,"Coordenadas 0,0"
1123227,2023,DICIEMBRE,JUEVES,2023-12-21,17,Lesiones,Lesiones Dolosas,NO,NO,,,0.0,0.0,1,0.0,0.0,"Coordenadas 0,0"
1123228,2023,AGOSTO,MARTES,2023-08-08,0,Lesiones,Lesiones Dolosas,NO,NO,,,0.0,0.0,1,0.0,0.0,"Coordenadas 0,0"
1123229,2023,AGOSTO,MIERCOLES,2023-08-16,22,Lesiones,Lesiones Dolosas,NO,NO,,,0.0,0.0,1,0.0,0.0,"Coordenadas 0,0"
1123230,2023,SEPTIEMBRE,MIERCOLES,2023-09-13,0,Lesiones,Lesiones Dolosas,NO,NO,,,0.0,0.0,1,0.0,0.0,"Coordenadas 0,0"
1123231,2023,DICIEMBRE,MIERCOLES,2023-12-20,14,Lesiones,Lesiones Dolosas,NO,NO,,,0.0,0.0,1,0.0,0.0,"Coordenadas 0,0"
1123232,2023,MAYO,LUNES,2023-05-01,0,Lesiones,Lesiones Dolosas,NO,NO,,,0.0,0.0,1,0.0,0.0,"Coordenadas 0,0"
1123233,2023,JULIO,MIERCOLES,2023-07-26,0,Lesiones,Lesiones Dolosas,NO,NO,,,0.0,0.0,1,0.0,0.0,"Coordenadas 0,0"
1123234,2023,JULIO,MIERCOLES,2023-07-26,0,Lesiones,Lesiones Dolosas,NO,NO,,,0.0,0.0,1,0.0,0.0,"Coordenadas 0,0"
1123235,2023,FEBRERO,MARTES,2023-02-14,12,Lesiones,Lesiones Dolosas,NO,NO,,,0.0,0.0,1,0.0,0.0,"Coordenadas 0,0"
1123236,2023,JULIO,JUEVES,2023-07-20,0,Lesiones,Lesiones Dolosas,NO,NO,,,0.0,0.0,1,0.0,0.0,"Coordenadas 0,0"
1123237,2023,MAYO,LUNES,2023-05-15,0,Lesiones,Lesiones Dolosas,NO,NO,,,0.0,0.0,1,0.0,0.0,"Coordenadas 0,0"
1123238,2023,MAYO,LUNES,2023-05-15,0,Lesiones,Lesiones Dolosas,NO,NO,,,0.0,0.0,1,0.0,0.0,"Coordenadas 0,0"
1123239,2023,MAYO,MARTES,2023-05-23,0,Lesiones,Lesiones Dolosas,NO,NO,,,0.0,0.0,1,0.0,0.0,"Coordenadas 0,0"
1123240,2023,MAYO,MARTES,2023-05-23,0,Lesiones,Lesiones Dolosas,NO,NO,,,0.0,0.0,1,0.0,0.0,"Coordenadas 0,0"
1123241,2023,MAYO,JUEVES,2023-05-25,0,Lesiones,Lesiones Dolosas,NO,NO,,,0.0,0.0,1,0.0,0.0,"Coordenadas 0,0"
1123242,2023,NOVIEMBRE,JUEVES,2023-11-02,0,Lesiones,Lesiones Dolosas,NO,NO,,,0.0,0.0,1,0.0,0.0,"Coordenadas 0,0"
1123243,2023,ENERO,MARTES,2023-01-24,0,Lesiones,Lesiones Dolosas,NO,NO,,,0.0,0.0,1,0.0,0.0,"Coordenadas 0,0"
1123244,2023,ENERO,MARTES,2023-01-24,0,Lesiones,Lesiones Dolosas,NO,NO,,,0.0,0.0,1,0.0,0.0,"Coordenadas 0,0"
1123246,2023,ABRIL,VIERNES,2023-04-28,6,Lesiones,Lesiones Dolosas,NO,NO,,,0.0,0.0,1,0.0,0.0,"Coordenadas 0,0"
1123247,2023,MAYO,MIERCOLES,2023-05-24,20,Lesiones,Lesiones Dolosas,NO,NO,,,0.0,0.0,1,0.0,0.0,"Coordenadas 0,0"
1123248,2023,AGOSTO,JUEVES,2023-08-24,0,Lesiones,Lesiones Dolosas,NO,NO,,,0.0,0.0,1,0.0,0.0,"Coordenadas 0,0"
1123249,2023,DICIEMBRE,JUEVES,2023-12-28,15,Lesiones,Lesiones Dolosas,NO,NO,,,0.0,0.0,1,0.0,0.0,"Coordenadas 0,0"
1123250,2023,ABRIL,MIERCOLES,2023-04-12,0,Lesiones,Lesiones Dolosas,NO,NO,,,0.0,0.0,1,0.0,0.0,"Coordenadas 0,0"
1123251,2023,JULIO,LUNES,2023-07-17,0,Lesiones,Lesiones Dolosas,NO,NO,,,0.0,0.0,1,0.0,0.0,"Coordenadas 0,0"
1123252,2023,AGOSTO,MIERCOLES,2023-08-16,17,Lesiones,Lesiones Dolosas,NO,NO,,,0.0,0.0,1,0.0,0.0,"Coordenadas 0,0"
1123253,2023,OCTUBRE,DOMINGO,2023-10-29,0,Lesiones,Lesiones Dolosas,NO,NO,,,0.0,0.0,1,0.0,0.0,"Coordenadas 0,0"
1123254,2023,JULIO,MARTES,2023-07-04,15,Lesiones,Lesiones Dolosas,NO,NO,,,0.0,0.0,1,0.0,0.0,"Coordenadas 0,0"
1123255,2023,MARZO,VIERNES,2023-03-17,0,Lesiones,Lesiones Dolosas,NO,NO,,,0.0,0.0,1,0.0,0.0,"Coordenadas 0,0"
1123256,2023,ABRIL,LUNES,2023-04-17,0,Lesiones,Lesiones Dolosas,NO,NO,,,0.0,0.0,1,0.0,0.0,"Coordenadas 0,0"
1123257,2023,AGOSTO,MIERCOLES,2023-08-16,0,Lesiones,Lesiones Dolosas,NO,NO,,,0.0,0.0,1,0.0,0.0,"Coordenadas 0,0"
1123258,2023,FEBRERO,MIERCOLES,2023-02-08,0,Lesiones,Lesiones Dolosas,NO,NO,,,0.0,0.0,1,0.0,0.0,"Coordenadas 0,0"
1123259,2023,FEBRERO,JUEVES,2023-02-09,0,Lesiones,Lesiones Dolosas,NO,NO,,,0.0,0.0,1,0.0,0.0,"Coordenadas 0,0"
1123260,2023,FEBRERO,SABADO,2023-02-11,0,Lesiones,Lesiones Dolosas,NO,NO,,,0.0,0.0,1,0.0,0.0,"Coordenadas 0,0"
1123261,2023,MARZO,MIERCOLES,2023-03-01,0,Lesiones,Lesiones Dolosas,NO,NO,,,0.0,0.0,1,0.0,0.0,"Coordenadas 0,0"
1123262,2023,MARZO,VIERNES,2023-03-10,0,Lesiones,Lesiones Dolosas,NO,NO,,,0.0,0.0,1,0.0,0.0,"Coordenadas 0,0"
1123263,2023,MARZO,DOMINGO,2023-03-12,0,Lesiones,Lesiones Dolosas,NO,NO,,,0.0,0.0,1,0.0,0.0,"Coordenadas 0,0"
1123264,2023,ABRIL,DOMINGO,2023-04-30,0,Lesiones,Lesiones Dolosas,NO,NO,,,0.0,0.0,1,0.0,0.0,"Coordenadas 0,0"
1123265,2023,ABRIL,DOMINGO,2023-04-30,0,Lesiones,Lesiones Dolosas,NO,NO,,,0.0,0.0,1,0.0,0.0,"Coordenadas 0,0"
1123266,2023,MAYO,MARTES,2023-05-09,0,Lesiones,Lesiones Dolosas,NO,NO,,,0.0,0.0,1,0.0,0.0,"Coordenadas 0,0"
1123267,2023,JUNIO,SABADO,2023-06-17,0,Lesiones,Lesiones Dolosas,NO,NO,,,0.0,0.0,1,0.0,0.0,"Coordenadas 0,0"
1123268,2023,JULIO,LUNES,2023-07-03,0,Lesiones,Lesiones Dolosas,NO,NO,,,0.0,0.0,1,0.0,0.0,"Coordenadas 0,0"
1123269,2023,JULIO,DOMINGO,2023-07-16,0,Lesiones,Lesiones Dolosas,NO,NO,,,0.0,0.0,1,0.0,0.0,"Coordenadas 0,0"
1123270,2023,JULIO,LUNES,2023-07-31,0,Lesiones,Lesiones Dolosas,NO,NO,,,0.0,0.0,1,0.0,0.0,"Coordenadas 0,0"
1123271,2023,AGOSTO,JUEVES,2023-08-24,0,Lesiones,Lesiones Dolosas,NO,NO,,,0.0,0.0,1,0.0,0.0,"Coordenadas 0,0"
1123272,2023,OCTUBRE,DOMINGO,2023-10-08,0,Lesiones,Lesiones Dolosas,NO,NO,,,0.0,0.0,1,0.0,0.0,"Coordenadas 0,0"
1123273,2023,OCTUBRE,LUNES,2023-10-09,0,Lesiones,Lesiones Dolosas,NO,NO,,,0.0,0.0,1,0.0,0.0,"Coordenadas 0,0"
1123274,2023,OCTUBRE,DOMINGO,2023-10-15,0,Lesiones,Lesiones Dolosas,NO,NO,,,0.0,0.0,1,0.0,0.0,"Coordenadas 0,0"
1123275,2023,OCTUBRE,JUEVES,2023-10-19,0,Lesiones,Lesiones Dolosas,NO,NO,,,0.0,0.0,1,0.0,0.0,"Coordenadas 0,0"
1123276,2023,OCTUBRE,MARTES,2023-10-24,0,Lesiones,Lesiones Dolosas,NO,NO,,,0.0,0.0,1,0.0,0.0,"Coordenadas 0,0"
1123277,2023,NOVIEMBRE,MARTES,2023-11-14,0,Lesiones,Lesiones Dolosas,NO,NO,,,0.0,0.0,1,0.0,0.0,"Coordenadas 0,0"
1123278,2023,NOVIEMBRE,SABADO,2023-11-25,0,Lesiones,Lesiones Dolosas,NO,NO,,,0.0,0.0,1,0.0,0.0,"Coordenadas 0,0"
1123279,2023,FEBRERO,SABADO,2023-02-11,0,Lesiones,Lesiones Dolosas,NO,NO,,,0.0,0.0,1,0.0,0.0,"Coordenadas 0,0"
1123280,2023,ENERO,VIERNES,2023-01-06,0,Lesiones,Lesiones Dolosas,NO,NO,,,0.0,0.0,1,0.0,0.0,"Coordenadas 0,0"
1123281,2023,ENERO,DOMINGO,2023-01-15,0,Lesiones,Lesiones Dolosas,NO,NO,,,0.0,0.0,1,0.0,0.0,"Coordenadas 0,0"
1123282,2023,ENERO,DOMINGO,2023-01-15,0,Lesiones,Lesiones Dolosas,NO,NO,,,0.0,0.0,1,0.0,0.0,"Coordenadas 0,0"
1123283,2023,ENERO,DOMINGO,2023-01-15,0,Lesiones,Lesiones Dolosas,NO,NO,,,0.0,0.0,1,0.0,0.0,"Coordenadas 0,0"
1123284,2023,FEBRERO,MIERCOLES,2023-02-01,0,Lesiones,Lesiones Dolosas,NO,NO,,,0.0,0.0,1,0.0,0.0,"Coordenadas 0,0"
1123285,2023,FEBRERO,DOMINGO,2023-02-05,0,Lesiones,Lesiones Dolosas,NO,NO,,,0.0,0.0,1,0.0,0.0,"Coordenadas 0,0"
1123286,2023,FEBRERO,MARTES,2023-02-07,0,Lesiones,Lesiones Dolosas,NO,NO,,,0.0,0.0,1,0.0,0.0,"Coordenadas 0,0"
1123287,2023,FEBRERO,JUEVES,2023-02-23,0,Lesiones,Lesiones Dolosas,NO,NO,,,0.0,0.0,1,0.0,0.0,"Coordenadas 0,0"
1123288,2023,MARZO,DOMINGO,2023-03-12,0,Lesiones,Lesiones Dolosas,NO,NO,,,0.0,0.0,1,0.0,0.0,"Coordenadas 0,0"
1123289,2023,MAYO,VIERNES,2023-05-26,0,Lesiones,Lesiones Dolosas,NO,NO,,,0.0,0.0,1,0.0,0.0,"Coordenadas 0,0"
1123290,2023,JULIO,LUNES,2023-07-31,0,Lesiones,Lesiones Dolosas,NO,NO,,,0.0,0.0,1,0.0,0.0,"Coordenadas 0,0"
1123291,2023,MAYO,SABADO,2023-05-20,0,Lesiones,Lesiones Dolosas,NO,NO,,,0.0,0.0,1,0.0,0.0,"Coordenadas 0,0"
1123292,2023,JUNIO,LUNES,2023-06-19,0,Lesiones,Lesiones Dolosas,NO,NO,,,0.0,0.0,1,0.0,0.0,"Coordenadas 0,0"
1123293,2023,JULIO,JUEVES,2023-07-27,0,Lesiones,Lesiones Dolosas,NO,NO,,,0.0,0.0,1,0.0,0.0,"Coordenadas 0,0"
1123294,2023,AGOSTO,MIERCOLES,2023-08-02,0,Lesiones,Lesiones Dolosas,NO,NO,,,0.0,0.0,1,0.0,0.0,"Coordenadas 0,0"
1123295,2023,DICIEMBRE,MIERCOLES,2023-12-20,0,Lesiones,Lesiones Dolosas,NO,NO,,,0.0,0.0,1,0.0,0.0,"Coordenadas 0,0"
1123296,2023,MAYO,MIERCOLES,2023-05-24,13,Lesiones,Lesiones Dolosas,NO,NO,,,0.0,0.0,1,0.0,0.0,"Coordenadas 0,0"
1123297,2023,ENERO,MARTES,2023-01-10,14,Lesiones,Lesiones Dolosas,NO,NO,,,0.0,0.0,1,0.0,0.0,"Coordenadas 0,0"
1123298,2023,ENERO,MARTES,2023-01-17,0,Lesiones,Lesiones Dolosas,NO,NO,,,0.0,0.0,1,0.0,0.0,"Coordenadas 0,0"
1123300,2023,ENERO,DOMINGO,2023-01-22,17,Lesiones,Lesiones Dolosas,NO,NO,,,0.0,0.0,1,0.0,0.0,"Coordenadas 0,0"
1123301,2023,ENERO,DOMINGO,2023-01-22,17,Lesiones,Lesiones Dolosas,NO,NO,,,0.0,0.0,1,0.0,0.0,"Coordenadas 0,0"
1123302,2023,ENERO,MARTES,2023-01-24,23,Lesiones,Lesiones Dolosas,NO,NO,,,0.0,0.0,1,0.0,0.0,"Coordenadas 0,0"
1123303,2023,ENERO,MARTES,2023-01-24,23,Lesiones,Lesiones Dolosas,NO,NO,,,0.0,0.0,1,0.0,0.0,"Coordenadas 0,0"
1123304,2023,ENERO,MARTES,2023-01-24,23,Lesiones,Lesiones Dolosas,NO,NO,,,0.0,0.0,1,0.0,0.0,"Coordenadas 0,0"
1123305,2023,FEBRERO,MIERCOLES,2023-02-08,18,Lesiones,Lesiones Dolosas,NO,NO,,,0.0,0.0,1,0.0,0.0,"Coordenadas 0,0"
1123306,2023,FEBRERO,LUNES,2023-02-13,2,Lesiones,Lesiones Dolosas,NO,NO,,,0.0,0.0,1,0.0,0.0,"Coordenadas 0,0"
1123307,2023,MARZO,DOMINGO,2023-03-12,10,Lesiones,Lesiones Dolosas,NO,NO,,,0.0,0.0,1,0.0,0.0,"Coordenadas 0,0"
1123308,2023,MARZO,DOMINGO,2023-03-19,2,Lesiones,Lesiones Dolosas,NO,NO,,,0.0,0.0,1,0.0,0.0,"Coordenadas 0,0"
1123309,2023,MARZO,DOMINGO,2023-03-19,22,Lesiones,Lesiones Dolosas,NO,NO,,,0.0,0.0,1,0.0,0.0,"Coordenadas 0,0"
1123310,2023,MARZO,MARTES,2023-03-21,15,Lesiones,Lesiones Dolosas,NO,NO,,,0.0,0.0,1,0.0,0.0,"Coordenadas 0,0"
1123311,2023,MARZO,VIERNES,2023-03-24,4,Lesiones,Lesiones Dolosas,NO,NO,,,0.0,0.0,1,0.0,0.0,"Coordenadas 0,0"
1123312,2023,MARZO,VIERNES,2023-03-24,4,Lesiones,Lesiones Dolosas,NO,NO,,,0.0,0.0,1,0.0,0.0,"Coordenadas 0,0"
1123314,2023,MARZO,MIERCOLES,2023-03-29,11,Lesiones,Lesiones Dolosas,NO,NO,,,0.0,0.0,1,0.0,0.0,"Coordenadas 0,0"
1123315,2023,ABRIL,DOMINGO,2023-04-09,15,Lesiones,Lesiones Dolosas,NO,NO,,,0.0,0.0,1,0.0,0.0,"Coordenadas 0,0"
1123316,2023,ABRIL,MARTES,2023-04-18,20,Lesiones,Lesiones Dolosas,NO,NO,,,0.0,0.0,1,0.0,0.0,"Coordenadas 0,0"
1123317,2023,MAYO,SABADO,2023-05-06,13,Lesiones,Lesiones Dolosas,NO,NO,,,0.0,0.0,1,0.0,0.0,"Coordenadas 0,0"
1123318,2023,MAYO,DOMINGO,2023-05-07,5,Lesiones,Lesiones Dolosas,NO,NO,,,0.0,0.0,1,0.0,0.0,"Coordenadas 0,0"
1123320,2023,MAYO,SABADO,2023-05-27,16,Lesiones,Lesiones Dolosas,NO,NO,,,0.0,0.0,1,0.0,0.0,"Coordenadas 0,0"
1123321,2023,JUNIO,JUEVES,2023-06-01,15,Lesiones,Lesiones Dolosas,NO,NO,,,0.0,0.0,1,0.0,0.0,"Coordenadas 0,0"
1123322,2023,JUNIO,JUEVES,2023-06-01,15,Lesiones,Lesiones Dolosas,NO,NO,,,0.0,0.0,1,0.0,0.0,"Coordenadas 0,0"
1123323,2023,JUNIO,JUEVES,2023-06-01,15,Lesiones,Lesiones Dolosas,NO,NO,,,0.0,0.0,1,0.0,0.0,"Coordenadas 0,0"
1123324,2023,JUNIO,SABADO,2023-06-03,21,Lesiones,Lesiones Dolosas,NO,NO,,,0.0,0.0,1,0.0,0.0,"Coordenadas 0,0"
1123325,2023,JUNIO,JUEVES,2023-06-08,12,Lesiones,Lesiones Dolosas,NO,NO,,,0.0,0.0,1,0.0,0.0,"Coordenadas 0,0"
1123326,2023,JUNIO,JUEVES,2023-06-22,11,Lesiones,Lesiones Dolosas,NO,NO,,,0.0,0.0,1,0.0,0.0,"Coordenadas 0,0"
1123327,2023,JULIO,SABADO,2023-07-08,10,Lesiones,Lesiones Dolosas,NO,NO,,,0.0,0.0,1,0.0,0.0,"Coordenadas 0,0"
1123328,2023,JULIO,SABADO,2023-07-29,0,Lesiones,Lesiones Dolosas,NO,NO,,,0.0,0.0,1,0.0,0.0,"Coordenadas 0,0"
1123329,2023,JULIO,SABADO,2023-07-29,0,Lesiones,Lesiones Dolosas,NO,NO,,,0.0,0.0,1,0.0,0.0,"Coordenadas 0,0"
1123330,2023,AGOSTO,SABADO,2023-08-05,16,Lesiones,Lesiones Dolosas,NO,NO,,,0.0,0.0,1,0.0,0.0,"Coordenadas 0,0"
1123331,2023,AGOSTO,DOMINGO,2023-08-13,1,Lesiones,Lesiones Dolosas,NO,NO,,,0.0,0.0,1,0.0,0.0,"Coordenadas 0,0"
1123332,2023,AGOSTO,DOMINGO,2023-08-13,1,Lesiones,Lesiones Dolosas,NO,NO,,,0.0,0.0,1,0.0,0.0,"Coordenadas 0,0"
1123333,2023,SEPTIEMBRE,VIERNES,2023-09-15,11,Lesiones,Lesiones Dolosas,NO,NO,,,0.0,0.0,1,0.0,0.0,"Coordenadas 0,0"
1123334,2023,SEPTIEMBRE,SABADO,2023-09-23,6,Lesiones,Lesiones Dolosas,NO,NO,,,0.0,0.0,1,0.0,0.0,"Coordenadas 0,0"
1123335,2023,SEPTIEMBRE,LUNES,2023-09-25,11,Lesiones,Lesiones Dolosas,NO,NO,,,0.0,0.0,1,0.0,0.0,"Coordenadas 0,0"
1123336,2023,SEPTIEMBRE,VIERNES,2023-09-29,17,Lesiones,Lesiones Dolosas,NO,NO,,,0.0,0.0,1,0.0,0.0,"Coordenadas 0,0"
1123337,2023,OCTUBRE,DOMINGO,2023-10-08,2,Lesiones,Lesiones Dolosas,NO,NO,,,0.0,0.0,1,0.0,0.0,"Coordenadas 0,0"
1123338,2023,OCTUBRE,LUNES,2023-10-09,0,Lesiones,Lesiones Dolosas,NO,NO,,,0.0,0.0,1,0.0,0.0,"Coordenadas 0,0"
1123339,2023,OCTUBRE,SABADO,2023-10-21,11,Lesiones,Lesiones Dolosas,NO,NO,,,0.0,0.0,1,0.0,0.0,"Coordenadas 0,0"
1123340,2023,NOVIEMBRE,MARTES,2023-11-07,19,Lesiones,Lesiones Dolosas,NO,NO,,,0.0,0.0,1,0.0,0.0,"Coordenadas 0,0"
1123341,2023,NOVIEMBRE,MARTES,2023-11-07,19,Lesiones,Lesiones Dolosas,NO,NO,,,0.0,0.0,1,0.0,0.0,"Coordenadas 0,0"
1123342,2023,NOVIEMBRE,MIERCOLES,2023-11-08,22,Lesiones,Lesiones Dolosas,NO,NO,,,0.0,0.0,1,0.0,0.0,"Coordenadas 0,0"
1123343,2023,NOVIEMBRE,MIERCOLES,2023-11-08,10,Lesiones,Lesiones Dolosas,NO,NO,,,0.0,0.0,1,0.0,0.0,"Coordenadas 0,0"
1123344,2023,NOVIEMBRE,JUEVES,2023-11-09,1,Lesiones,Lesiones Dolosas,NO,NO,,,0.0,0.0,1,0.0,0.0,"Coordenadas 0,0"
1123345,2023,NOVIEMBRE,JUEVES,2023-11-16,14,Lesiones,Lesiones Dolosas,NO,NO,,,0.0,0.0,1,0.0,0.0,"Coordenadas 0,0"
1123348,2023,NOVIEMBRE,DOMINGO,2023-11-19,14,Lesiones,Lesiones Dolosas,NO,NO,,,0.0,0.0,1,0.0,0.0,"Coordenadas 0,0"
1123349,2023,NOVIEMBRE,LUNES,2023-11-27,21,Lesiones,Lesiones Dolosas,NO,NO,,,0.0,0.0,1,0.0,0.0,"Coordenadas 0,0"
1123350,2023,DICIEMBRE,SABADO,2023-12-02,21,Lesiones,Lesiones Dolosas,NO,NO,,,0.0,0.0,1,0.0,0.0,"Coordenadas 0,0"
1123351,2023,DICIEMBRE,SABADO,2023-12-02,21,Lesiones,Lesiones Dolosas,NO,NO,,,0.0,0.0,1,0.0,0.0,"Coordenadas 0,0"
1123354,2023,DICIEMBRE,VIERNES,2023-12-15,20,Lesiones,Lesiones Dolosas,NO,NO,,,0.0,0.0,1,0.0,0.0,"Coordenadas 0,0"
1123355,2023,DICIEMBRE,MARTES,2023-12-19,2,Lesiones,Lesiones Dolosas,NO,NO,,,0.0,0.0,1,0.0,0.0,"Coordenadas 0,0"
1123356,2023,DICIEMBRE,VIERNES,2023-12-22,5,Lesiones,Lesiones Dolosas,NO,NO,,,0.0,0.0,1,0.0,0.0,"Coordenadas 0,0"
1123359,2023,DICIEMBRE,SABADO,2023-12-30,22,Lesiones,Lesiones Dolosas,NO,NO,,,0.0,0.0,1,0.0,0.0,"Coordenadas 0,0"
1123360,2023,DICIEMBRE,SABADO,2023-12-30,2,Lesiones,Lesiones Dolosas,NO,NO,,,0.0,0.0,1,0.0,0.0,"Coordenadas 0,0"
1123361,2023,MARZO,MARTES,2023-03-21,0,Lesiones,Lesiones Dolosas,NO,NO,,,0.0,0.0,1,0.0,0.0,"Coordenadas 0,0"
1123362,2023,JULIO,DOMINGO,2023-07-16,1,Lesiones,Lesiones Dolosas,NO,NO,,,0.0,0.0,1,0.0,0.0,"Coordenadas 0,0"
1123363,2023,AGOSTO,MARTES,2023-08-01,19,Lesiones,Lesiones Dolosas,NO,NO,,,0.0,0.0,1,0.0,0.0,"Coordenadas 0,0"
1123364,2023,AGOSTO,JUEVES,2023-08-24,9,Lesiones,Lesiones Dolosas,NO,NO,,,0.0,0.0,1,0.0,0.0,"Coordenadas 0,0"
1123365,2023,SEPTIEMBRE,VIERNES,2023-09-08,11,Lesiones,Lesiones Dolosas,NO,NO,,,0.0,0.0,1,0.0,0.0,"Coordenadas 0,0"
1123366,2023,SEPTIEMBRE,VIERNES,2023-09-29,6,Lesiones,Lesiones Dolosas,NO,NO,,,0.0,0.0,1,0.0,0.0,"Coordenadas 0,0"
1123367,2023,SEPTIEMBRE,VIERNES,2023-09-29,6,Lesiones,Lesiones Dolosas,NO,NO,,,0.0,0.0,1,0.0,0.0,"Coordenadas 0,0"
1123368,2023,SEPTIEMBRE,VIERNES,2023-09-29,6,Lesiones,Lesiones Dolosas,NO,NO,,,0.0,0.0,1,0.0,0.0,"Coordenadas 0,0"
1123369,2023,SEPTIEMBRE,VIERNES,2023-09-29,6,Lesiones,Lesiones Dolosas,NO,NO,,,0.0,0.0,1,0.0,0.0,"Coordenadas 0,0"
1123370,2023,SEPTIEMBRE,VIERNES,2023-09-29,6,Lesiones,Lesiones Dolosas,NO,NO,,,0.0,0.0,1,0.0,0.0,"Coordenadas 0,0"
1123371,2023,SEPTIEMBRE,VIERNES,2023-09-29,6,Lesiones,Lesiones Dolosas,NO,NO,,,0.0,0.0,1,0.0,0.0,"Coordenadas 0,0"
1123372,2023,SEPTIEMBRE,VIERNES,2023-09-29,6,Lesiones,Lesiones Dolosas,NO,NO,,,0.0,0.0,1,0.0,0.0,"Coordenadas 0,0"
1123373,2023,SEPTIEMBRE,VIERNES,2023-09-29,6,Lesiones,Lesiones Dolosas,NO,NO,,,0.0,0.0,1,0.0,0.0,"Coordenadas 0,0"
1123374,2023,SEPTIEMBRE,VIERNES,2023-09-29,6,Lesiones,Lesiones Dolosas,NO,NO,,,0.0,0.0,1,0.0,0.0,"Coordenadas 0,0"
1123375,2023,SEPTIEMBRE,VIERNES,2023-09-29,6,Lesiones,Lesiones Dolosas,NO,NO,,,0.0,0.0,1,0.0,0.0,"Coordenadas 0,0"
1123376,2023,OCTUBRE,DOMINGO,2023-10-29,1,Lesiones,Lesiones Dolosas,NO,NO,,,0.0,0.0,1,0.0,0.0,"Coordenadas 0,0"
1123377,2023,NOVIEMBRE,MIERCOLES,2023-11-29,0,Lesiones,Lesiones Dolosas,NO,NO,,,0.0,0.0,1,0.0,0.0,"Coordenadas 0,0"
1123378,2023,ENERO,DOMINGO,2023-01-08,5,Lesiones,Lesiones Dolosas,NO,NO,,,0.0,0.0,1,0.0,0.0,"Coordenadas 0,0"
1123379,2023,JUNIO,SABADO,2023-06-03,0,Lesiones,Lesiones Dolosas,NO,NO,,,0.0,0.0,1,0.0,0.0,"Coordenadas 0,0"
1123380,2023,AGOSTO,DOMINGO,2023-08-20,0,Lesiones,Lesiones Dolosas,NO,NO,,,0.0,0.0,1,0.0,0.0,"Coordenadas 0,0"
1123381,2023,AGOSTO,MARTES,2023-08-22,10,Lesiones,Lesiones Dolosas,NO,NO,,,0.0,0.0,1,0.0,0.0,"Coordenadas 0,0"
1123382,2023,DICIEMBRE,DOMINGO,2023-12-10,10,Lesiones,Lesiones Dolosas,NO,NO,,,0.0,0.0,1,0.0,0.0,"Coordenadas 0,0"
1123383,2023,JUNIO,VIERNES,2023-06-23,0,Lesiones,Lesiones Dolosas,NO,NO,,,0.0,0.0,1,0.0,0.0,"Coordenadas 0,0"
1123384,2023,SEPTIEMBRE,MIERCOLES,2023-09-13,5,Lesiones,Lesiones Dolosas,NO,NO,,,0.0,0.0,1,0.0,0.0,"Coordenadas 0,0"
1123385,2023,MARZO,MARTES,2023-03-07,15,Lesiones,Lesiones Dolosas,NO,NO,,,0.0,0.0,1,0.0,0.0,"Coordenadas 0,0"
1123386,2023,OCTUBRE,DOMINGO,2023-10-22,19,Lesiones,Lesiones Dolosas,NO,NO,,,0.0,0.0,1,0.0,0.0,"Coordenadas 0,0"
1123387,2023,FEBRERO,LUNES,2023-02-20,0,Lesiones,Lesiones Dolosas,NO,NO,,,0.0,0.0,1,0.0,0.0,"Coordenadas 0,0"
1123388,2023,MARZO,MARTES,2023-03-07,12,Lesiones,Lesiones Dolosas,NO,NO,,,0.0,0.0,1,0.0,0.0,"Coordenadas 0,0"
1123390,2023,ABRIL,SABADO,2023-04-22,15,Lesiones,Lesiones Dolosas,NO,NO,,,0.0,0.0,1,0.0,0.0,"Coordenadas 0,0"
1123391,2023,SEPTIEMBRE,LUNES,2023-09-25,7,Lesiones,Lesiones Dolosas,NO,NO,,,0.0,0.0,1,0.0,0.0,"Coordenadas 0,0"
1123392,2023,OCTUBRE,DOMINGO,2023-10-01,8,Lesiones,Lesiones Dolosas,NO,NO,,,0.0,0.0,1,0.0,0.0,"Coordenadas 0,0"
1123393,2023,DICIEMBRE,DOMINGO,2023-12-31,16,Lesiones,Lesiones Dolosas,NO,NO,,,0.0,0.0,1,0.0,0.0,"Coordenadas 0,0"
1123394,2023,ABRIL,LUNES,2023-04-03,11,Lesiones,Lesiones Dolosas,NO,NO,,,0.0,0.0,1,0.0,0.0,"Coordenadas 0,0"
1123395,2023,ABRIL,MIERCOLES,2023-04-12,12,Lesiones,Lesiones Dolosas,NO,NO,,,0.0,0.0,1,0.0,0.0,"Coordenadas 0,0"
1123396,2023,JUNIO,MARTES,2023-06-13,11,Lesiones,Lesiones Dolosas,NO,NO,,,0.0,0.0,1,0.0,0.0,"Coordenadas 0,0"
1123397,2023,JULIO,DOMINGO,2023-07-23,23,Lesiones,Lesiones Dolosas,NO,NO,,,0.0,0.0,1,0.0,0.0,"Coordenadas 0,0"
1123398,2023,JULIO,DOMINGO,2023-07-23,23,Lesiones,Lesiones Dolosas,NO,NO,,,0.0,0.0,1,0.0,0.0,"Coordenadas 0,0"
1123399,2023,DICIEMBRE,MIERCOLES,2023-12-06,20,Lesiones,Lesiones Dolosas,NO,NO,,,0.0,0.0,1,0.0,0.0,"Coordenadas 0,0"
1123400,2023,FEBRERO,LUNES,2023-02-06,12,Lesiones,Lesiones Dolosas,NO,NO,,,0.0,0.0,1,0.0,0.0,"Coordenadas 0,0"
1123403,2023,AGOSTO,DOMINGO,2023-08-20,0,Lesiones,Lesiones Dolosas,NO,NO,,,0.0,0.0,1,0.0,0.0,"Coordenadas 0,0"
1123404,2023,SEPTIEMBRE,JUEVES,2023-09-21,0,Lesiones,Lesiones Dolosas,NO,NO,,,0.0,0.0,1,0.0,0.0,"Coordenadas 0,0"
1123405,2023,ENERO,MIERCOLES,2023-01-18,0,Lesiones,Lesiones Dolosas,NO,NO,,,0.0,0.0,1,0.0,0.0,"Coordenadas 0,0"
1123406,2023,ABRIL,VIERNES,2023-04-28,2,Lesiones,Lesiones Dolosas,NO,NO,,,0.0,0.0,1,0.0,0.0,"Coordenadas 0,0"
1123407,2023,OCTUBRE,LUNES,2023-10-02,0,Lesiones,Lesiones Dolosas,NO,NO,,,0.0,0.0,1,0.0,0.0,"Coordenadas 0,0"
1123408,2023,ENERO,DOMINGO,2023-01-01,12,Lesiones,Lesiones Dolosas,NO,NO,,,0.0,0.0,1,0.0,0.0,"Coordenadas 0,0"
1123409,2023,ENERO,SABADO,2023-01-07,18,Lesiones,Lesiones Dolosas,NO,NO,,,0.0,0.0,1,0.0,0.0,"Coordenadas 0,0"
1123410,2023,ENERO,DOMINGO,2023-01-15,11,Lesiones,Lesiones Dolosas,NO,NO,,,0.0,0.0,1,0.0,0.0,"Coordenadas 0,0"
1123411,2023,ENERO,MIERCOLES,2023-01-25,23,Lesiones,Lesiones Dolosas,NO,NO,,,0.0,0.0,1,0.0,0.0,"Coordenadas 0,0"
1123412,2023,ENERO,MIERCOLES,2023-01-25,23,Lesiones,Lesiones Dolosas,NO,NO,,,0.0,0.0,1,0.0,0.0,"Coordenadas 0,0"
1123413,2023,ENERO,JUEVES,2023-01-26,0,Lesiones,Lesiones Dolosas,NO,NO,,,0.0,0.0,1,0.0,0.0,"Coordenadas 0,0"
1123414,2023,ENERO,SABADO,2023-01-28,14,Lesiones,Lesiones Dolosas,NO,NO,,,0.0,0.0,1,0.0,0.0,"Coordenadas 0,0"
1123415,2023,ENERO,MARTES,2023-01-31,20,Lesiones,Lesiones Dolosas,NO,NO,,,0.0,0.0,1,0.0,0.0,"Coordenadas 0,0"
1123416,2023,FEBRERO,SABADO,2023-02-11,10,Lesiones,Lesiones Dolosas,NO,NO,,,0.0,0.0,1,0.0,0.0,"Coordenadas 0,0"
1123417,2023,FEBRERO,SABADO,2023-02-11,10,Lesiones,Lesiones Dolosas,NO,NO,,,0.0,0.0,1,0.0,0.0,"Coordenadas 0,0"
1123418,2023,FEBRERO,DOMINGO,2023-02-12,19,Lesiones,Lesiones Dolosas,NO,NO,,,0.0,0.0,1,0.0,0.0,"Coordenadas 0,0"
1123419,2023,FEBRERO,DOMINGO,2023-02-12,19,Lesiones,Lesiones Dolosas,NO,NO,,,0.0,0.0,1,0.0,0.0,"Coordenadas 0,0"
1123420,2023,FEBRERO,LUNES,2023-02-13,2,Lesiones,Lesiones Dolosas,NO,NO,,,0.0,0.0,1,0.0,0.0,"Coordenadas 0,0"
1123421,2023,FEBRERO,MIERCOLES,2023-02-22,15,Lesiones,Lesiones Dolosas,NO,NO,,,0.0,0.0,1,0.0,0.0,"Coordenadas 0,0"
1123422,2023,FEBRERO,SABADO,2023-02-25,15,Lesiones,Lesiones Dolosas,NO,NO,,,0.0,0.0,1,0.0,0.0,"Coordenadas 0,0"
1123423,2023,MARZO,DOMINGO,2023-03-05,1,Lesiones,Lesiones Dolosas,NO,NO,,,0.0,0.0,1,0.0,0.0,"Coordenadas 0,0"
1123425,2023,MARZO,SABADO,2023-03-11,6,Lesiones,Lesiones Dolosas,NO,NO,,,0.0,0.0,1,0.0,0.0,"Coordenadas 0,0"
1123426,2023,MARZO,DOMINGO,2023-03-12,18,Lesiones,Lesiones Dolosas,NO,NO,,,0.0,0.0,1,0.0,0.0,"Coordenadas 0,0"
1123427,2023,MARZO,LUNES,2023-03-13,1,Lesiones,Lesiones Dolosas,NO,NO,,,0.0,0.0,1,0.0,0.0,"Coordenadas 0,0"
1123428,2023,MARZO,VIERNES,2023-03-17,23,Lesiones,Lesiones Dolosas,NO,NO,,,0.0,0.0,1,0.0,0.0,"Coordenadas 0,0"
1123429,2023,MARZO,VIERNES,2023-03-17,23,Lesiones,Lesiones Dolosas,NO,NO,,,0.0,0.0,1,0.0,0.0,"Coordenadas 0,0"
1123430,2023,MARZO,MIERCOLES,2023-03-29,9,Lesiones,Lesiones Dolosas,NO,NO,,,0.0,0.0,1,0.0,0.0,"Coordenadas 0,0"
1123431,2023,ABRIL,VIERNES,2023-04-07,2,Lesiones,Lesiones Dolosas,NO,NO,,,0.0,0.0,1,0.0,0.0,"Coordenadas 0,0"
1123432,2023,ABRIL,MIERCOLES,2023-04-12,11,Lesiones,Lesiones Dolosas,NO,NO,,,0.0,0.0,1,0.0,0.0,"Coordenadas 0,0"
1123433,2023,ABRIL,VIERNES,2023-04-14,18,Lesiones,Lesiones Dolosas,NO,NO,,,0.0,0.0,1,0.0,0.0,"Coordenadas 0,0"
1123434,2023,ABRIL,VIERNES,2023-04-14,18,Lesiones,Lesiones Dolosas,NO,NO,,,0.0,0.0,1,0.0,0.0,"Coordenadas 0,0"
1123435,2023,ABRIL,VIERNES,2023-04-14,18,Lesiones,Lesiones Dolosas,NO,NO,,,0.0,0.0,1,0.0,0.0,"Coordenadas 0,0"
1123436,2023,ABRIL,VIERNES,2023-04-14,18,Lesiones,Lesiones Dolosas,NO,NO,,,0.0,0.0,1,0.0,0.0,"Coordenadas 0,0"
1123437,2023,ABRIL,LUNES,2023-04-17,0,Lesiones,Lesiones Dolosas,NO,NO,,,0.0,0.0,1,0.0,0.0,"Coordenadas 0,0"
1123438,2023,ABRIL,JUEVES,2023-04-27,13,Lesiones,Lesiones Dolosas,NO,NO,,,0.0,0.0,1,0.0,0.0,"Coordenadas 0,0"
1123439,2023,ABRIL,JUEVES,2023-04-27,13,Lesiones,Lesiones Dolosas,NO,NO,,,0.0,0.0,1,0.0,0.0,"Coordenadas 0,0"
1123440,2023,MAYO,MIERCOLES,2023-05-03,6,Lesiones,Lesiones Dolosas,NO,NO,,,0.0,0.0,1,0.0,0.0,"Coordenadas 0,0"
1123441,2023,MAYO,DOMINGO,2023-05-07,19,Lesiones,Lesiones Dolosas,NO,NO,,,0.0,0.0,1,0.0,0.0,"Coordenadas 0,0"
1123442,2023,MAYO,MIERCOLES,2023-05-10,20,Lesiones,Lesiones Dolosas,NO,NO,,,0.0,0.0,1,0.0,0.0,"Coordenadas 0,0"
1123443,2023,MAYO,JUEVES,2023-05-18,8,Lesiones,Lesiones Dolosas,NO,NO,,,0.0,0.0,1,0.0,0.0,"Coordenadas 0,0"
1123444,2023,MAYO,JUEVES,2023-05-18,8,Lesiones,Lesiones Dolosas,NO,NO,,,0.0,0.0,1,0.0,0.0,"Coordenadas 0,0"
1123445,2023,MAYO,JUEVES,2023-05-18,8,Lesiones,Lesiones Dolosas,NO,NO,,,0.0,0.0,1,0.0,0.0,"Coordenadas 0,0"
1123446,2023,JUNIO,JUEVES,2023-06-01,8,Lesiones,Lesiones Dolosas,NO,NO,,,0.0,0.0,1,0.0,0.0,"Coordenadas 0,0"
1123447,2023,JUNIO,VIERNES,2023-06-16,16,Lesiones,Lesiones Dolosas,NO,NO,,,0.0,0.0,1,0.0,0.0,"Coordenadas 0,0"
1123448,2023,JUNIO,DOMINGO,2023-06-25,18,Lesiones,Lesiones Dolosas,NO,NO,,,0.0,0.0,1,0.0,0.0,"Coordenadas 0,0"
1123449,2023,JULIO,SABADO,2023-07-01,17,Lesiones,Lesiones Dolosas,NO,NO,,,0.0,0.0,1,0.0,0.0,"Coordenadas 0,0"
1123450,2023,JULIO,MARTES,2023-07-25,23,Lesiones,Lesiones Dolosas,NO,NO,,,0.0,0.0,1,0.0,0.0,"Coordenadas 0,0"
1123451,2023,JULIO,MIERCOLES,2023-07-26,10,Lesiones,Lesiones Dolosas,NO,NO,,,0.0,0.0,1,0.0,0.0,"Coordenadas 0,0"
1123452,2023,JULIO,SABADO,2023-07-29,23,Lesiones,Lesiones Dolosas,NO,NO,,,0.0,0.0,1,0.0,0.0,"Coordenadas 0,0"
1123453,2023,JULIO,DOMINGO,2023-07-30,19,Lesiones,Lesiones Dolosas,NO,NO,,,0.0,0.0,1,0.0,0.0,"Coordenadas 0,0"
1123454,2023,JULIO,DOMINGO,2023-07-30,12,Lesiones,Lesiones Dolosas,NO,NO,,,0.0,0.0,1,0.0,0.0,"Coordenadas 0,0"
1123455,2023,JULIO,DOMINGO,2023-07-30,12,Lesiones,Lesiones Dolosas,NO,NO,,,0.0,0.0,1,0.0,0.0,"Coordenadas 0,0"
1123456,2023,AGOSTO,MARTES,2023-08-01,9,Lesiones,Lesiones Dolosas,NO,NO,,,0.0,0.0,1,0.0,0.0,"Coordenadas 0,0"
1123457,2023,AGOSTO,MIERCOLES,2023-08-02,18,Lesiones,Lesiones Dolosas,NO,NO,,,0.0,0.0,1,0.0,0.0,"Coordenadas 0,0"
1123458,2023,AGOSTO,VIERNES,2023-08-18,8,Lesiones,Lesiones Dolosas,NO,NO,,,0.0,0.0,1,0.0,0.0,"Coordenadas 0,0"
1123459,2023,AGOSTO,JUEVES,2023-08-24,21,Lesiones,Lesiones Dolosas,NO,NO,,,0.0,0.0,1,0.0,0.0,"Coordenadas 0,0"
1123460,2023,AGOSTO,VIERNES,2023-08-25,0,Lesiones,Lesiones Dolosas,NO,NO,,,0.0,0.0,1,0.0,0.0,"Coordenadas 0,0"
1123461,2023,SEPTIEMBRE,DOMINGO,2023-09-10,9,Lesiones,Lesiones Dolosas,NO,NO,,,0.0,0.0,1,0.0,0.0,"Coordenadas 0,0"
1123462,2023,SEPTIEMBRE,DOMINGO,2023-09-10,9,Lesiones,Lesiones Dolosas,NO,NO,,,0.0,0.0,1,0.0,0.0,"Coordenadas 0,0"
1123463,2023,SEPTIEMBRE,SABADO,2023-09-16,12,Lesiones,Lesiones Dolosas,NO,NO,,,0.0,0.0,1,0.0,0.0,"Coordenadas 0,0"
1123464,2023,SEPTIEMBRE,DOMINGO,2023-09-17,15,Lesiones,Lesiones Dolosas,NO,NO,,,0.0,0.0,1,0.0,0.0,"Coordenadas 0,0"
1123465,2023,SEPTIEMBRE,VIERNES,2023-09-22,14,Lesiones,Lesiones Dolosas,NO,NO,,,0.0,0.0,1,0.0,0.0,"Coordenadas 0,0"
1123466,2023,SEPTIEMBRE,MIERCOLES,2023-09-27,0,Lesiones,Lesiones Dolosas,NO,NO,,,0.0,0.0,1,0.0,0.0,"Coordenadas 0,0"
1123467,2023,SEPTIEMBRE,SABADO,2023-09-30,17,Lesiones,Lesiones Dolosas,NO,NO,,,0.0,0.0,1,0.0,0.0,"Coordenadas 0,0"
1123468,2023,OCTUBRE,DOMINGO,2023-10-01,7,Lesiones,Lesiones Dolosas,NO,NO,,,0.0,0.0,1,0.0,0.0,"Coordenadas 0,0"
1123469,2023,OCTUBRE,DOMINGO,2023-10-01,7,Lesiones,Lesiones Dolosas,NO,NO,,,0.0,0.0,1,0.0,0.0,"Coordenadas 0,0"
1123470,2023,OCTUBRE,DOMINGO,2023-10-01,7,Lesiones,Lesiones Dolosas,NO,NO,,,0.0,0.0,1,0.0,0.0,"Coordenadas 0,0"
1123471,2023,OCTUBRE,LUNES,2023-10-02,22,Lesiones,Lesiones Dolosas,NO,NO,,,0.0,0.0,1,0.0,0.0,"Coordenadas 0,0"
1123472,2023,OCTUBRE,JUEVES,2023-10-05,11,Lesiones,Lesiones Dolosas,NO,NO,,,0.0,0.0,1,0.0,0.0,"Coordenadas 0,0"
1123473,2023,OCTUBRE,SABADO,2023-10-07,14,Lesiones,Lesiones Dolosas,NO,NO,,,0.0,0.0,1,0.0,0.0,"Coordenadas 0,0"
1123474,2023,OCTUBRE,MIERCOLES,2023-10-11,2,Lesiones,Lesiones Dolosas,NO,NO,,,0.0,0.0,1,0.0,0.0,"Coordenadas 0,0"
1123475,2023,OCTUBRE,MARTES,2023-10-17,1,Lesiones,Lesiones Dolosas,NO,NO,,,0.0,0.0,1,0.0,0.0,"Coordenadas 0,0"
1123476,2023,OCTUBRE,MARTES,2023-10-17,1,Lesiones,Lesiones Dolosas,NO,NO,,,0.0,0.0,1,0.0,0.0,"Coordenadas 0,0"
1123477,2023,OCTUBRE,JUEVES,2023-10-19,6,Lesiones,Lesiones Dolosas,NO,NO,,,0.0,0.0,1,0.0,0.0,"Coordenadas 0,0"
1123478,2023,OCTUBRE,VIERNES,2023-10-20,1,Lesiones,Lesiones Dolosas,NO,NO,,,0.0,0.0,1,0.0,0.0,"Coordenadas 0,0"
1123479,2023,OCTUBRE,DOMINGO,2023-10-22,6,Lesiones,Lesiones Dolosas,NO,NO,,,0.0,0.0,1,0.0,0.0,"Coordenadas 0,0"
1123480,2023,OCTUBRE,DOMINGO,2023-10-29,19,Lesiones,Lesiones Dolosas,NO,NO,,,0.0,0.0,1,0.0,0.0,"Coordenadas 0,0"
1123481,2023,OCTUBRE,DOMINGO,2023-10-29,19,Lesiones,Lesiones Dolosas,NO,NO,,,0.0,0.0,1,0.0,0.0,"Coordenadas 0,0"
1123482,2023,OCTUBRE,LUNES,2023-10-30,18,Lesiones,Lesiones Dolosas,NO,NO,,,0.0,0.0,1,0.0,0.0,"Coordenadas 0,0"
1123483,2023,OCTUBRE,LUNES,2023-10-30,4,Lesiones,Lesiones Dolosas,NO,NO,,,0.0,0.0,1,0.0,0.0,"Coordenadas 0,0"
1123484,2023,OCTUBRE,LUNES,2023-10-30,5,Lesiones,Lesiones Dolosas,NO,NO,,,0.0,0.0,1,0.0,0.0,"Coordenadas 0,0"
1123485,2023,NOVIEMBRE,LUNES,2023-11-06,16,Lesiones,Lesiones Dolosas,NO,NO,,,0.0,0.0,1,0.0,0.0,"Coordenadas 0,0"
1123486,2023,NOVIEMBRE,LUNES,2023-11-13,21,Lesiones,Lesiones Dolosas,NO,NO,,,0.0,0.0,1,0.0,0.0,"Coordenadas 0,0"
1123487,2023,NOVIEMBRE,MARTES,2023-11-14,12,Lesiones,Lesiones Dolosas,NO,NO,,,0.0,0.0,1,0.0,0.0,"Coordenadas 0,0"
1123488,2023,NOVIEMBRE,JUEVES,2023-11-16,12,Lesiones,Lesiones Dolosas,NO,NO,,,0.0,0.0,1,0.0,0.0,"Coordenadas 0,0"
1123489,2023,NOVIEMBRE,MIERCOLES,2023-11-22,22,Lesiones,Lesiones Dolosas,NO,NO,,,0.0,0.0,1,0.0,0.0,"Coordenadas 0,0"
1123490,2023,NOVIEMBRE,MIERCOLES,2023-11-22,15,Lesiones,Lesiones Dolosas,NO,NO,,,0.0,0.0,1,0.0,0.0,"Coordenadas 0,0"
1123491,2023,NOVIEMBRE,JUEVES,2023-11-23,15,Lesiones,Lesiones Dolosas,NO,NO,,,0.0,0.0,1,0.0,0.0,"Coordenadas 0,0"
1123492,2023,DICIEMBRE,MARTES,2023-12-05,18,Lesiones,Lesiones Dolosas,NO,NO,,,0.0,0.0,1,0.0,0.0,"Coordenadas 0,0"
1123493,2023,DICIEMBRE,VIERNES,2023-12-15,14,Lesiones,Lesiones Dolosas,NO,NO,,,0.0,0.0,1,0.0,0.0,"Coordenadas 0,0"
1123494,2023,DICIEMBRE,VIERNES,2023-12-22,0,Lesiones,Lesiones Dolosas,NO,NO,,,0.0,0.0,1,0.0,0.0,"Coordenadas 0,0"
1123495,2023,DICIEMBRE,MARTES,2023-12-26,21,Lesiones,Lesiones Dolosas,NO,NO,,,0.0,0.0,1,0.0,0.0,"Coordenadas 0,0"
1123496,2023,DICIEMBRE,VIERNES,2023-12-29,12,Lesiones,Lesiones Dolosas,NO,NO,,,0.0,0.0,1,0.0,0.0,"Coordenadas 0,0"
1123497,2023,DICIEMBRE,VIERNES,2023-12-29,12,Lesiones,Lesiones Dolosas,NO,NO,,,0.0,0.0,1,0.0,0.0,"Coordenadas 0,0"
1123498,2023,DICIEMBRE,DOMINGO,2023-12-31,17,Lesiones,Lesiones Dolosas,NO,NO,,,0.0,0.0,1,0.0,0.0,"Coordenadas 0,0"
1123499,2023,ENERO,DOMINGO,2023-01-01,12,Lesiones,Lesiones Dolosas,NO,NO,,,0.0,0.0,1,0.0,0.0,"Coordenadas 0,0"
1123500,2023,ENERO,SABADO,2023-01-07,11,Lesiones,Lesiones Dolosas,NO,NO,,,0.0,0.0,1,0.0,0.0,"Coordenadas 0,0"
1123501,2023,ENERO,MIERCOLES,2023-01-18,0,Lesiones,Lesiones Dolosas,NO,NO,,,0.0,0.0,1,0.0,0.0,"Coordenadas 0,0"
1123502,2023,MARZO,MIERCOLES,2023-03-29,5,Lesiones,Lesiones Dolosas,NO,NO,,,0.0,0.0,1,0.0,0.0,"Coordenadas 0,0"
1123503,2023,ABRIL,SABADO,2023-04-08,0,Lesiones,Lesiones Dolosas,NO,NO,,,0.0,0.0,1,0.0,0.0,"Coordenadas 0,0"
1123504,2023,ABRIL,VIERNES,2023-04-28,7,Lesiones,Lesiones Dolosas,NO,NO,,,0.0,0.0,1,0.0,0.0,"Coordenadas 0,0"
1123505,2023,ABRIL,DOMINGO,2023-04-30,0,Lesiones,Lesiones Dolosas,NO,NO,,,0.0,0.0,1,0.0,0.0,"Coordenadas 0,0"
1123506,2023,MAYO,DOMINGO,2023-05-07,20,Lesiones,Lesiones Dolosas,NO,NO,,,0.0,0.0,1,0.0,0.0,"Coordenadas 0,0"
1123507,2023,JULIO,JUEVES,2023-07-13,15,Lesiones,Lesiones Dolosas,NO,NO,,,0.0,0.0,1,0.0,0.0,"Coordenadas 0,0"
1123508,2023,JULIO,LUNES,2023-07-17,20,Lesiones,Lesiones Dolosas,NO,NO,,,0.0,0.0,1,0.0,0.0,"Coordenadas 0,0"
1123509,2023,AGOSTO,VIERNES,2023-08-25,21,Lesiones,Lesiones Dolosas,NO,NO,,,0.0,0.0,1,0.0,0.0,"Coordenadas 0,0"
1123510,2023,OCTUBRE,DOMINGO,2023-10-01,22,Lesiones,Lesiones Dolosas,NO,NO,,,0.0,0.0,1,0.0,0.0,"Coordenadas 0,0"
1123511,2023,OCTUBRE,LUNES,2023-10-16,19,Lesiones,Lesiones Dolosas,NO,NO,,,0.0,0.0,1,0.0,0.0,"Coordenadas 0,0"
1123512,2023,OCTUBRE,LUNES,2023-10-16,19,Lesiones,Lesiones Dolosas,NO,NO,,,0.0,0.0,1,0.0,0.0,"Coordenadas 0,0"
1123513,2023,NOVIEMBRE,DOMINGO,2023-11-12,10,Lesiones,Lesiones Dolosas,NO,NO,,,0.0,0.0,1,0.0,0.0,"Coordenadas 0,0"
1123514,2023,NOVIEMBRE,DOMINGO,2023-11-12,10,Lesiones,Lesiones Dolosas,NO,NO,,,0.0,0.0,1,0.0,0.0,"Coordenadas 0,0"
1123515,2023,DICIEMBRE,DOMINGO,2023-12-03,4,Lesiones,Lesiones Dolosas,NO,NO,,,0.0,0.0,1,0.0,0.0,"Coordenadas 0,0"
1123516,2023,DICIEMBRE,MIERCOLES,2023-12-20,13,Lesiones,Lesiones Dolosas,NO,NO,,,0.0,0.0,1,0.0,0.0,"Coordenadas 0,0"
1123517,2023,ABRIL,LUNES,2023-04-17,0,Lesiones,Lesiones Dolosas,NO,NO,,,0.0,0.0,1,0.0,0.0,"Coordenadas 0,0"
1123518,2023,DICIEMBRE,JUEVES,2023-12-28,0,Lesiones,Lesiones Dolosas,NO,NO,,,0.0,0.0,1,0.0,0.0,"Coordenadas 0,0"
1123519,2023,FEBRERO,DOMINGO,2023-02-05,0,Lesiones,Lesiones Dolosas,NO,NO,,,0.0,0.0,1,0.0,0.0,"Coordenadas 0,0"
1123520,2023,FEBRERO,DOMINGO,2023-02-05,0,Lesiones,Lesiones Dolosas,NO,NO,,,0.0,0.0,1,0.0,0.0,"Coordenadas 0,0"
1123521,2023,FEBRERO,DOMINGO,2023-02-05,13,Lesiones,Lesiones Dolosas,NO,NO,,,0.0,0.0,1,0.0,0.0,"Coordenadas 0,0"
1123522,2023,FEBRERO,DOMINGO,2023-02-05,13,Lesiones,Lesiones Dolosas,NO,NO,,,0.0,0.0,1,0.0,0.0,"Coordenadas 0,0"
1123523,2023,JUNIO,VIERNES,2023-06-23,19,Lesiones,Lesiones Dolosas,NO,NO,,,0.0,0.0,1,0.0,0.0,"Coordenadas 0,0"
1123524,2023,FEBRERO,VIERNES,2023-02-10,18,Lesiones,Lesiones Dolosas,NO,NO,,,0.0,0.0,1,0.0,0.0,"Coordenadas 0,0"
1123525,2023,AGOSTO,VIERNES,2023-08-25,10,Lesiones,Lesiones Dolosas,NO,NO,,,0.0,0.0,1,0.0,0.0,"Coordenadas 0,0"
1123526,2023,SEPTIEMBRE,DOMINGO,2023-09-24,0,Lesiones,Lesiones Dolosas,NO,NO,,,0.0,0.0,1,0.0,0.0,"Coordenadas 0,0"
1123527,2023,OCTUBRE,LUNES,2023-10-16,20,Lesiones,Lesiones Dolosas,NO,NO,,,0.0,0.0,1,0.0,0.0,"Coordenadas 0,0"
1123528,2023,ENERO,MARTES,2023-01-03,16,Lesiones,Lesiones Dolosas,NO,NO,,,0.0,0.0,1,0.0,0.0,"Coordenadas 0,0"
1123529,2023,ENERO,DOMINGO,2023-01-08,0,Lesiones,Lesiones Dolosas,NO,NO,,,0.0,0.0,1,0.0,0.0,"Coordenadas 0,0"
1123530,2023,JUNIO,MARTES,2023-06-13,18,Lesiones,Lesiones Dolosas,NO,NO,,,0.0,0.0,1,0.0,0.0,"Coordenadas 0,0"
1123531,2023,JULIO,JUEVES,2023-07-13,0,Lesiones,Lesiones Dolosas,NO,NO,,,0.0,0.0,1,0.0,0.0,"Coordenadas 0,0"
1123532,2023,JULIO,JUEVES,2023-07-13,0,Lesiones,Lesiones Dolosas,NO,NO,,,0.0,0.0,1,0.0,0.0,"Coordenadas 0,0"
1123533,2023,AGOSTO,VIERNES,2023-08-25,10,Lesiones,Lesiones Dolosas,NO,NO,,,0.0,0.0,1,0.0,0.0,"Coordenadas 0,0"
1123534,2023,FEBRERO,MARTES,2023-02-07,0,Lesiones,Lesiones Dolosas,NO,NO,,,0.0,0.0,1,0.0,0.0,"Coordenadas 0,0"
1123535,2023,FEBRERO,VIERNES,2023-02-10,17,Lesiones,Lesiones Dolosas,NO,NO,,,0.0,0.0,1,0.0,0.0,"Coordenadas 0,0"
1123536,2023,FEBRERO,VIERNES,2023-02-10,17,Lesiones,Lesiones Dolosas,NO,NO,,,0.0,0.0,1,0.0,0.0,"Coordenadas 0,0"
1123538,2023,JULIO,LUNES,2023-07-17,0,Lesiones,Lesiones Dolosas,NO,NO,,,0.0,0.0,1,0.0,0.0,"Coordenadas 0,0"
1123539,2023,OCTUBRE,DOMINGO,2023-10-22,19,Lesiones,Lesiones Dolosas,NO,NO,,,0.0,0.0,1,0.0,0.0,"Coordenadas 0,0"
1123540,2023,DICIEMBRE,MIERCOLES,2023-12-13,21,Lesiones,Lesiones Dolosas,NO,NO,,,0.0,0.0,1,0.0,0.0,"Coordenadas 0,0"
1123541,2023,DICIEMBRE,SABADO,2023-12-30,5,Lesiones,Lesiones Dolosas,NO,NO,,,0.0,0.0,1,0.0,0.0,"Coordenadas 0,0"
1123542,2023,FEBRERO,DOMINGO,2023-02-26,0,Lesiones,Lesiones Dolosas,NO,NO,,,0.0,0.0,1,0.0,0.0,"Coordenadas 0,0"
1123543,2023,FEBRERO,DOMINGO,2023-02-26,0,Lesiones,Lesiones Dolosas,NO,NO,,,0.0,0.0,1,0.0,0.0,"Coordenadas 0,0"
1123544,2023,JULIO,DOMINGO,2023-07-02,13,Lesiones,Lesiones Dolosas,NO,NO,,,0.0,0.0,1,0.0,0.0,"Coordenadas 0,0"
1123545,2023,JULIO,MARTES,2023-07-25,0,Lesiones,Lesiones Dolosas,NO,NO,,,0.0,0.0,1,0.0,0.0,"Coordenadas 0,0"
1123546,2023,AGOSTO,JUEVES,2023-08-24,18,Lesiones,Lesiones Dolosas,NO,NO,,,0.0,0.0,1,0.0,0.0,"Coordenadas 0,0"
1123547,2023,SEPTIEMBRE,MARTES,2023-09-26,15,Lesiones,Lesiones Dolosas,NO,NO,,,0.0,0.0,1,0.0,0.0,"Coordenadas 0,0"
1123548,2023,SEPTIEMBRE,MARTES,2023-09-26,15,Lesiones,Lesiones Dolosas,NO,NO,,,0.0,0.0,1,0.0,0.0,"Coordenadas 0,0"
1123549,2023,OCTUBRE,VIERNES,2023-10-13,6,Lesiones,Lesiones Dolosas,NO,NO,,,0.0,0.0,1,0.0,0.0,"Coordenadas 0,0"
1123550,2023,NOVIEMBRE,VIERNES,2023-11-24,0,Lesiones,Lesiones Dolosas,NO,NO,,,0.0,0.0,1,0.0,0.0,"Coordenadas 0,0"
1123551,2023,NOVIEMBRE,MARTES,2023-11-28,0,Lesiones,Lesiones Dolosas,NO,NO,,,0.0,0.0,1,0.0,0.0,"Coordenadas 0,0"
1123552,2023,FEBRERO,MIERCOLES,2023-02-15,0,Lesiones,Lesiones Dolosas,NO,NO,,,0.0,0.0,1,0.0,0.0,"Coordenadas 0,0"
1123553,2023,MARZO,MARTES,2023-03-21,12,Lesiones,Lesiones Dolosas,NO,NO,,,0.0,0.0,1,0.0,0.0,"Coordenadas 0,0"
1123554,2023,MAYO,MIERCOLES,2023-05-17,0,Lesiones,Lesiones Dolosas,NO,NO,,,0.0,0.0,1,0.0,0.0,"Coordenadas 0,0"
1123556,2023,JUNIO,LUNES,2023-06-19,6,Lesiones,Lesiones Dolosas,NO,NO,,,0.0,0.0,1,0.0,0.0,"Coordenadas 0,0"
1123557,2023,JULIO,JUEVES,2023-07-13,0,Lesiones,Lesiones Dolosas,NO,NO,,,0.0,0.0,1,0.0,0.0,"Coordenadas 0,0"
1123558,2023,JULIO,JUEVES,2023-07-13,0,Lesiones,Lesiones Dolosas,NO,NO,,,0.0,0.0,1,0.0,0.0,"Coordenadas 0,0"
1123559,2023,MARZO,SABADO,2023-03-04,14,Lesiones,Lesiones Dolosas,NO,NO,,,0.0,0.0,1,0.0,0.0,"Coordenadas 0,0"
1123560,2023,MARZO,VIERNES,2023-03-17,7,Lesiones,Lesiones Dolosas,NO,NO,,,0.0,0.0,1,0.0,0.0,"Coordenadas 0,0"
1123561,2023,OCTUBRE,LUNES,2023-10-09,0,Lesiones,Lesiones Dolosas,NO,NO,,,0.0,0.0,1,0.0,0.0,"Coordenadas 0,0"
1123563,2023,MARZO,SABADO,2023-03-18,6,Lesiones,Lesiones Dolosas,NO,NO,,,0.0,0.0,1,0.0,0.0,"Coordenadas 0,0"
1123564,2023,MARZO,DOMINGO,2023-03-19,0,Lesiones,Lesiones Dolosas,NO,NO,,,0.0,0.0,1,0.0,0.0,"Coordenadas 0,0"
1123565,2023,DICIEMBRE,LUNES,2023-12-04,10,Lesiones,Lesiones Dolosas,NO,NO,,,0.0,0.0,1,0.0,0.0,"Coordenadas 0,0"
1123566,2023,ENERO,JUEVES,2023-01-12,19,Lesiones,Lesiones Dolosas,NO,NO,,,0.0,0.0,1,0.0,0.0,"Coordenadas 0,0"
1123567,2023,ENERO,VIERNES,2023-01-20,17,Lesiones,Lesiones Dolosas,NO,NO,,,0.0,0.0,1,0.0,0.0,"Coordenadas 0,0"
1123568,2023,ENERO,SABADO,2023-01-21,0,Lesiones,Lesiones Dolosas,NO,NO,,,0.0,0.0,1,0.0,0.0,"Coordenadas 0,0"
1123569,2023,FEBRERO,SABADO,2023-02-04,0,Lesiones,Lesiones Dolosas,NO,NO,,,0.0,0.0,1,0.0,0.0,"Coordenadas 0,0"
1123570,2023,MARZO,MIERCOLES,2023-03-01,0,Lesiones,Lesiones Dolosas,NO,NO,,,0.0,0.0,1,0.0,0.0,"Coordenadas 0,0"
1123571,2023,MARZO,DOMINGO,2023-03-05,23,Lesiones,Lesiones Dolosas,NO,NO,,,0.0,0.0,1,0.0,0.0,"Coordenadas 0,0"
1123572,2023,ABRIL,VIERNES,2023-04-14,0,Lesiones,Lesiones Dolosas,NO,NO,,,0.0,0.0,1,0.0,0.0,"Coordenadas 0,0"
1123574,2023,ABRIL,MIERCOLES,2023-04-26,4,Lesiones,Lesiones Dolosas,NO,NO,,,0.0,0.0,1,0.0,0.0,"Coordenadas 0,0"
1123575,2023,MAYO,SABADO,2023-05-27,10,Lesiones,Lesiones Dolosas,NO,NO,,,0.0,0.0,1,0.0,0.0,"Coordenadas 0,0"
1123576,2023,MAYO,MIERCOLES,2023-05-31,19,Lesiones,Lesiones Dolosas,NO,NO,,,0.0,0.0,1,0.0,0.0,"Coordenadas 0,0"
1123577,2023,JULIO,DOMINGO,2023-07-02,18,Lesiones,Lesiones Dolosas,NO,NO,,,0.0,0.0,1,0.0,0.0,"Coordenadas 0,0"
1123578,2023,AGOSTO,JUEVES,2023-08-03,18,Lesiones,Lesiones Dolosas,NO,NO,,,0.0,0.0,1,0.0,0.0,"Coordenadas 0,0"
1123579,2023,AGOSTO,DOMINGO,2023-08-06,4,Lesiones,Lesiones Dolosas,NO,NO,,,0.0,0.0,1,0.0,0.0,"Coordenadas 0,0"
1123580,2023,SEPTIEMBRE,DOMINGO,2023-09-10,19,Lesiones,Lesiones Dolosas,NO,NO,,,0.0,0.0,1,0.0,0.0,"Coordenadas 0,0"
1123581,2023,SEPTIEMBRE,SABADO,2023-09-16,7,Lesiones,Lesiones Dolosas,NO,NO,,,0.0,0.0,1,0.0,0.0,"Coordenadas 0,0"
1123582,2023,SEPTIEMBRE,VIERNES,2023-09-22,14,Lesiones,Lesiones Dolosas,NO,NO,,,0.0,0.0,1,0.0,0.0,"Coordenadas 0,0"
1123583,2023,OCTUBRE,VIERNES,2023-10-20,11,Lesiones,Lesiones Dolosas,NO,NO,,,0.0,0.0,1,0.0,0.0,"Coordenadas 0,0"
1123584,2023,OCTUBRE,VIERNES,2023-10-20,11,Lesiones,Lesiones Dolosas,NO,NO,,,0.0,0.0,1,0.0,0.0,"Coordenadas 0,0"
1123585,2023,DICIEMBRE,DOMINGO,2023-12-03,11,Lesiones,Lesiones Dolosas,NO,NO,,,0.0,0.0,1,0.0,0.0,"Coordenadas 0,0"
1123586,2023,FEBRERO,JUEVES,2023-02-23,0,Lesiones,Lesiones Dolosas,NO,NO,,,0.0,0.0,1,0.0,0.0,"Coordenadas 0,0"
1123587,2023,MARZO,LUNES,2023-03-20,18,Lesiones,Lesiones Dolosas,NO,NO,,,0.0,0.0,1,0.0,0.0,"Coordenadas 0,0"
1123588,2023,MAYO,VIERNES,2023-05-12,0,Lesiones,Lesiones Dolosas,NO,NO,,,0.0,0.0,1,0.0,0.0,"Coordenadas 0,0"
1123589,2023,SEPTIEMBRE,MARTES,2023-09-26,0,Lesiones,Lesiones Dolosas,NO,NO,,,0.0,0.0,1,0.0,0.0,"Coordenadas 0,0"
1123590,2023,OCTUBRE,DOMINGO,2023-10-08,6,Lesiones,Lesiones Dolosas,NO,NO,,,0.0,0.0,1,0.0,0.0,"Coordenadas 0,0"
1123591,2023,OCTUBRE,DOMINGO,2023-10-08,6,Lesiones,Lesiones Dolosas,NO,NO,,,0.0,0.0,1,0.0,0.0,"Coordenadas 0,0"
1123592,2023,FEBRERO,MARTES,2023-02-07,22,Lesiones,Lesiones Dolosas,NO,NO,,,0.0,0.0,1,0.0,0.0,"Coordenadas 0,0"
1123593,2023,MARZO,JUEVES,2023-03-09,4,Lesiones,Lesiones Dolosas,NO,NO,,,0.0,0.0,1,0.0,0.0,"Coordenadas 0,0"
1123594,2023,ABRIL,MARTES,2023-04-04,16,Lesiones,Lesiones Dolosas,NO,NO,,,0.0,0.0,1,0.0,0.0,"Coordenadas 0,0"
1123595,2023,MARZO,VIERNES,2023-03-10,6,Lesiones,Lesiones Dolosas,NO,NO,,,0.0,0.0,1,0.0,0.0,"Coordenadas 0,0"
1123596,2023,MAYO,MIERCOLES,2023-05-17,2,Lesiones,Lesiones Dolosas,NO,NO,,,0.0,0.0,1,0.0,0.0,"Coordenadas 0,0"
1123597,2023,MAYO,MIERCOLES,2023-05-17,2,Lesiones,Lesiones Dolosas,NO,NO,,,0.0,0.0,1,0.0,0.0,"Coordenadas 0,0"
1123598,2023,MAYO,MIERCOLES,2023-05-17,2,Lesiones,Lesiones Dolosas,NO,NO,,,0.0,0.0,1,0.0,0.0,"Coordenadas 0,0"
1123599,2023,MAYO,MIERCOLES,2023-05-17,2,Lesiones,Lesiones Dolosas,NO,NO,,,0.0,0.0,1,0.0,0.0,"Coordenadas 0,0"
1123600,2023,AGOSTO,JUEVES,2023-08-24,18,Lesiones,Lesiones Dolosas,NO,NO,,,0.0,0.0,1,0.0,0.0,"Coordenadas 0,0"
1123601,2023,SEPTIEMBRE,MIERCOLES,2023-09-06,19,Lesiones,Lesiones Dolosas,NO,NO,,,0.0,0.0,1,0.0,0.0,"Coordenadas 0,0"
1123602,2023,DICIEMBRE,SABADO,2023-12-23,1,Lesiones,Lesiones Dolosas,NO,NO,,,0.0,0.0,1,0.0,0.0,"Coordenadas 0,0"
1123603,2023,DICIEMBRE,LUNES,2023-12-25,9,Lesiones,Lesiones Dolosas,NO,NO,,,0.0,0.0,1,0.0,0.0,"Coordenadas 0,0"
1123604,2023,FEBRERO,MARTES,2023-02-07,0,Lesiones,Lesiones Dolosas,NO,NO,,,0.0,0.0,1,0.0,0.0,"Coordenadas 0,0"
1123605,2023,FEBRERO,DOMINGO,2023-02-12,23,Lesiones,Lesiones Dolosas,NO,NO,,,0.0,0.0,1,0.0,0.0,"Coordenadas 0,0"
1123606,2023,FEBRERO,DOMINGO,2023-02-12,23,Lesiones,Lesiones Dolosas,NO,NO,,,0.0,0.0,1,0.0,0.0,"Coordenadas 0,0"
1123607,2023,FEBRERO,DOMINGO,2023-02-12,23,Lesiones,Lesiones Dolosas,NO,NO,,,0.0,0.0,1,0.0,0.0,"Coordenadas 0,0"
1123608,2023,FEBRERO,DOMINGO,2023-02-12,1,Lesiones,Lesiones Dolosas,NO,NO,,,0.0,0.0,1,0.0,0.0,"Coordenadas 0,0"
1123609,2023,FEBRERO,DOMINGO,2023-02-12,1,Lesiones,Lesiones Dolosas,NO,NO,,,0.0,0.0,1,0.0,0.0,"Coordenadas 0,0"
1123610,2023,FEBRERO,MIERCOLES,2023-02-15,9,Lesiones,Lesiones Dolosas,NO,NO,,,0.0,0.0,1,0.0,0.0,"Coordenadas 0,0"
1123611,2023,FEBRERO,SABADO,2023-02-18,3,Lesiones,Lesiones Dolosas,NO,NO,,,0.0,0.0,1,0.0,0.0,"Coordenadas 0,0"
1123612,2023,FEBRERO,SABADO,2023-02-18,3,Lesiones,Lesiones Dolosas,NO,NO,,,0.0,0.0,1,0.0,0.0,"Coordenadas 0,0"
1123613,2023,FEBRERO,MIERCOLES,2023-02-22,23,Lesiones,Lesiones Dolosas,NO,NO,,,0.0,0.0,1,0.0,0.0,"Coordenadas 0,0"
1123614,2023,FEBRERO,MIERCOLES,2023-02-22,23,Lesiones,Lesiones Dolosas,NO,NO,,,0.0,0.0,1,0.0,0.0,"Coordenadas 0,0"
1123615,2023,MARZO,LUNES,2023-03-27,22,Lesiones,Lesiones Dolosas,NO,NO,,,0.0,0.0,1,0.0,0.0,"Coordenadas 0,0"
1123616,2023,ABRIL,LUNES,2023-04-10,21,Lesiones,Lesiones Dolosas,NO,NO,,,0.0,0.0,1,0.0,0.0,"Coordenadas 0,0"
1123617,2023,MAYO,JUEVES,2023-05-11,10,Lesiones,Lesiones Dolosas,NO,NO,,,0.0,0.0,1,0.0,0.0,"Coordenadas 0,0"
1123618,2023,MAYO,JUEVES,2023-05-11,10,Lesiones,Lesiones Dolosas,NO,NO,,,0.0,0.0,1,0.0,0.0,"Coordenadas 0,0"
1123619,2023,JUNIO,JUEVES,2023-06-08,14,Lesiones,Lesiones Dolosas,NO,NO,,,0.0,0.0,1,0.0,0.0,"Coordenadas 0,0"
1123620,2023,AGOSTO,JUEVES,2023-08-17,13,Lesiones,Lesiones Dolosas,NO,NO,,,0.0,0.0,1,0.0,0.0,"Coordenadas 0,0"
1123621,2023,SEPTIEMBRE,SABADO,2023-09-02,23,Lesiones,Lesiones Dolosas,NO,NO,,,0.0,0.0,1,0.0,0.0,"Coordenadas 0,0"
1123622,2023,SEPTIEMBRE,LUNES,2023-09-25,21,Lesiones,Lesiones Dolosas,NO,NO,,,0.0,0.0,1,0.0,0.0,"Coordenadas 0,0"
1123623,2023,SEPTIEMBRE,VIERNES,2023-09-29,3,Lesiones,Lesiones Dolosas,NO,NO,,,0.0,0.0,1,0.0,0.0,"Coordenadas 0,0"
1123624,2023,OCTUBRE,SABADO,2023-10-07,22,Lesiones,Lesiones Dolosas,NO,NO,,,0.0,0.0,1,0.0,0.0,"Coordenadas 0,0"
1123626,2023,OCTUBRE,MIERCOLES,2023-10-11,0,Lesiones,Lesiones Dolosas,NO,NO,,,0.0,0.0,1,0.0,0.0,"Coordenadas 0,0"
1123627,2023,NOVIEMBRE,JUEVES,2023-11-09,17,Lesiones,Lesiones Dolosas,NO,NO,,,0.0,0.0,1,0.0,0.0,"Coordenadas 0,0"
1123628,2023,NOVIEMBRE,SABADO,2023-11-18,22,Lesiones,Lesiones Dolosas,NO,NO,,,0.0,0.0,1,0.0,0.0,"Coordenadas 0,0"
1123629,2023,NOVIEMBRE,SABADO,2023-11-18,22,Lesiones,Lesiones Dolosas,NO,NO,,,0.0,0.0,1,0.0,0.0,"Coordenadas 0,0"
1123630,2023,NOVIEMBRE,DOMINGO,2023-11-26,20,Lesiones,Lesiones Dolosas,NO,NO,,,0.0,0.0,1,0.0,0.0,"Coordenadas 0,0"
1123631,2023,DICIEMBRE,LUNES,2023-12-25,10,Lesiones,Lesiones Dolosas,NO,NO,,,0.0,0.0,1,0.0,0.0,"Coordenadas 0,0"
1123632,2023,DICIEMBRE,DOMINGO,2023-12-31,0,Lesiones,Lesiones Dolosas,NO,NO,,,0.0,0.0,1,0.0,0.0,"Coordenadas 0,0"
1123633,2023,DICIEMBRE,DOMINGO,2023-12-31,0,Lesiones,Lesiones Dolosas,NO,NO,,,0.0,0.0,1,0.0,0.0,"Coordenadas 0,0"
1123634,2023,ABRIL,VIERNES,2023-04-14,14,Lesiones,Lesiones Dolosas,NO,NO,,,0.0,0.0,1,0.0,0.0,"Coordenadas 0,0"
1123635,2023,NOVIEMBRE,JUEVES,2023-11-30,8,Lesiones,Lesiones Dolosas,NO,NO,,,0.0,0.0,1,0.0,0.0,"Coordenadas 0,0"
1123636,2023,MARZO,MIERCOLES,2023-03-29,20,Lesiones,Lesiones Dolosas,NO,NO,,,0.0,0.0,1,0.0,0.0,"Coordenadas 0,0"
1123637,2023,JULIO,LUNES,2023-07-17,0,Lesiones,Lesiones Dolosas,NO,NO,,,0.0,0.0,1,0.0,0.0,"Coordenadas 0,0"
1123638,2023,MARZO,LUNES,2023-03-20,22,Lesiones,Lesiones Dolosas,NO,NO,,,0.0,0.0,1,0.0,0.0,"Coordenadas 0,0"
1123639,2023,AGOSTO,JUEVES,2023-08-31,9,Lesiones,Lesiones Dolosas,NO,NO,,,0.0,0.0,1,0.0,0.0,"Coordenadas 0,0"
1123640,2023,DICIEMBRE,MARTES,2023-12-12,0,Lesiones,Lesiones Dolosas,NO,NO,,,0.0,0.0,1,0.0,0.0,"Coordenadas 0,0"
1123641,2023,JUNIO,SABADO,2023-06-10,16,Lesiones,Lesiones Dolosas,NO,NO,,,0.0,0.0,1,0.0,0.0,"Coordenadas 0,0"
1123642,2023,JULIO,JUEVES,2023-07-27,15,Lesiones,Lesiones Dolosas,NO,NO,,,0.0,0.0,1,0.0,0.0,"Coordenadas 0,0"
1123643,2023,MARZO,MIERCOLES,2023-03-15,0,Lesiones,Lesiones Dolosas,NO,NO,,,0.0,0.0,1,0.0,0.0,"Coordenadas 0,0"
1123644,2023,ABRIL,SABADO,2023-04-08,8,Lesiones,Lesiones Dolosas,NO,NO,,,0.0,0.0,1,0.0,0.0,"Coordenadas 0,0"
1123645,2023,MAYO,MARTES,2023-05-09,14,Lesiones,Lesiones Dolosas,NO,NO,,,0.0,0.0,1,0.0,0.0,"Coordenadas 0,0"
1123646,2023,MAYO,SABADO,2023-05-13,19,Lesiones,Lesiones Dolosas,NO,NO,,,0.0,0.0,1,0.0,0.0,"Coordenadas 0,0"
1123647,2023,JUNIO,JUEVES,2023-06-01,14,Lesiones,Lesiones Dolosas,NO,NO,,,0.0,0.0,1,0.0,0.0,"Coordenadas 0,0"
1123648,2023,JUNIO,VIERNES,2023-06-09,12,Lesiones,Lesiones Dolosas,NO,NO,,,0.0,0.0,1,0.0,0.0,"Coordenadas 0,0"
1123649,2023,JUNIO,VIERNES,2023-06-16,0,Lesiones,Lesiones Dolosas,NO,NO,,,0.0,0.0,1,0.0,0.0,"Coordenadas 0,0"
1123650,2023,JULIO,JUEVES,2023-07-13,16,Lesiones,Lesiones Dolosas,NO,NO,,,0.0,0.0,1,0.0,0.0,"Coordenadas 0,0"
1123651,2023,JULIO,MIERCOLES,2023-07-19,17,Lesiones,Lesiones Dolosas,NO,NO,,,0.0,0.0,1,0.0,0.0,"Coordenadas 0,0"
1123652,2023,AGOSTO,MIERCOLES,2023-08-30,21,Lesiones,Lesiones Dolosas,NO,NO,,,0.0,0.0,1,0.0,0.0,"Coordenadas 0,0"
1123653,2023,SEPTIEMBRE,SABADO,2023-09-02,12,Lesiones,Lesiones Dolosas,NO,NO,,,0.0,0.0,1,0.0,0.0,"Coordenadas 0,0"
1123654,2023,SEPTIEMBRE,JUEVES,2023-09-14,17,Lesiones,Lesiones Dolosas,NO,NO,,,0.0,0.0,1,0.0,0.0,"Coordenadas 0,0"
1123655,2023,OCTUBRE,MARTES,2023-10-03,1,Lesiones,Lesiones Dolosas,NO,NO,,,0.0,0.0,1,0.0,0.0,"Coordenadas 0,0"
1123656,2023,OCTUBRE,MARTES,2023-10-03,1,Lesiones,Lesiones Dolosas,NO,NO,,,0.0,0.0,1,0.0,0.0,"Coordenadas 0,0"
1123657,2023,OCTUBRE,MARTES,2023-10-03,1,Lesiones,Lesiones Dolosas,NO,NO,,,0.0,0.0,1,0.0,0.0,"Coordenadas 0,0"
1123658,2023,OCTUBRE,MARTES,2023-10-03,1,Lesiones,Lesiones Dolosas,NO,NO,,,0.0,0.0,1,0.0,0.0,"Coordenadas 0,0"
1123659,2023,OCTUBRE,MARTES,2023-10-03,1,Lesiones,Lesiones Dolosas,NO,NO,,,0.0,0.0,1,0.0,0.0,"Coordenadas 0,0"
1123660,2023,OCTUBRE,MARTES,2023-10-03,1,Lesiones,Lesiones Dolosas,NO,NO,,,0.0,0.0,1,0.0,0.0,"Coordenadas 0,0"
1123661,2023,OCTUBRE,MARTES,2023-10-03,1,Lesiones,Lesiones Dolosas,NO,NO,,,0.0,0.0,1,0.0,0.0,"Coordenadas 0,0"
1123662,2023,OCTUBRE,MARTES,2023-10-03,1,Lesiones,Lesiones Dolosas,NO,NO,,,0.0,0.0,1,0.0,0.0,"Coordenadas 0,0"
1123663,2023,OCTUBRE,MARTES,2023-10-03,1,Lesiones,Lesiones Dolosas,NO,NO,,,0.0,0.0,1,0.0,0.0,"Coordenadas 0,0"
1123664,2023,OCTUBRE,MARTES,2023-10-03,1,Lesiones,Lesiones Dolosas,NO,NO,,,0.0,0.0,1,0.0,0.0,"Coordenadas 0,0"
1123665,2023,OCTUBRE,MARTES,2023-10-03,1,Lesiones,Lesiones Dolosas,NO,NO,,,0.0,0.0,1,0.0,0.0,"Coordenadas 0,0"
1123666,2023,OCTUBRE,MARTES,2023-10-03,1,Lesiones,Lesiones Dolosas,NO,NO,,,0.0,0.0,1,0.0,0.0,"Coordenadas 0,0"
1123667,2023,OCTUBRE,MARTES,2023-10-03,1,Lesiones,Lesiones Dolosas,NO,NO,,,0.0,0.0,1,0.0,0.0,"Coordenadas 0,0"
1123668,2023,OCTUBRE,MARTES,2023-10-03,1,Lesiones,Lesiones Dolosas,NO,NO,,,0.0,0.0,1,0.0,0.0,"Coordenadas 0,0"
1123669,2023,OCTUBRE,MARTES,2023-10-03,1,Lesiones,Lesiones Dolosas,NO,NO,,,0.0,0.0,1,0.0,0.0,"Coordenadas 0,0"
1123670,2023,OCTUBRE,MARTES,2023-10-03,1,Lesiones,Lesiones Dolosas,NO,NO,,,0.0,0.0,1,0.0,0.0,"Coordenadas 0,0"
1123671,2023,OCTUBRE,MARTES,2023-10-03,1,Lesiones,Lesiones Dolosas,NO,NO,,,0.0,0.0,1,0.0,0.0,"Coordenadas 0,0"
1123672,2023,OCTUBRE,MARTES,2023-10-03,1,Lesiones,Lesiones Dolosas,NO,NO,,,0.0,0.0,1,0.0,0.0,"Coordenadas 0,0"
1123673,2023,OCTUBRE,MARTES,2023-10-03,1,Lesiones,Lesiones Dolosas,NO,NO,,,0.0,0.0,1,0.0,0.0,"Coordenadas 0,0"
1123674,2023,OCTUBRE,MARTES,2023-10-03,1,Lesiones,Lesiones Dolosas,NO,NO,,,0.0,0.0,1,0.0,0.0,"Coordenadas 0,0"
1123675,2023,OCTUBRE,MARTES,2023-10-03,1,Lesiones,Lesiones Dolosas,NO,NO,,,0.0,0.0,1,0.0,0.0,"Coordenadas 0,0"
1123676,2023,OCTUBRE,MARTES,2023-10-03,1,Lesiones,Lesiones Dolosas,NO,NO,,,0.0,0.0,1,0.0,0.0,"Coordenadas 0,0"
1123677,2023,OCTUBRE,MARTES,2023-10-03,1,Lesiones,Lesiones Dolosas,NO,NO,,,0.0,0.0,1,0.0,0.0,"Coordenadas 0,0"
1123678,2023,OCTUBRE,MARTES,2023-10-03,1,Lesiones,Lesiones Dolosas,NO,NO,,,0.0,0.0,1,0.0,0.0,"Coordenadas 0,0"
1123679,2023,OCTUBRE,MARTES,2023-10-03,1,Lesiones,Lesiones Dolosas,NO,NO,,,0.0,0.0,1,0.0,0.0,"Coordenadas 0,0"
1123680,2023,OCTUBRE,MARTES,2023-10-03,1,Lesiones,Lesiones Dolosas,NO,NO,,,0.0,0.0,1,0.0,0.0,"Coordenadas 0,0"
1123681,2023,OCTUBRE,MARTES,2023-10-03,1,Lesiones,Lesiones Dolosas,NO,NO,,,0.0,0.0,1,0.0,0.0,"Coordenadas 0,0"
1123682,2023,OCTUBRE,MARTES,2023-10-03,1,Lesiones,Lesiones Dolosas,NO,NO,,,0.0,0.0,1,0.0,0.0,"Coordenadas 0,0"
1123683,2023,OCTUBRE,MARTES,2023-10-03,1,Lesiones,Lesiones Dolosas,NO,NO,,,0.0,0.0,1,0.0,0.0,"Coordenadas 0,0"
1123684,2023,OCTUBRE,MARTES,2023-10-03,1,Lesiones,Lesiones Dolosas,NO,NO,,,0.0,0.0,1,0.0,0.0,"Coordenadas 0,0"
1123685,2023,OCTUBRE,MARTES,2023-10-03,1,Lesiones,Lesiones Dolosas,NO,NO,,,0.0,0.0,1,0.0,0.0,"Coordenadas 0,0"
1123686,2023,OCTUBRE,LUNES,2023-10-23,20,Lesiones,Lesiones Dolosas,NO,NO,,,0.0,0.0,1,0.0,0.0,"Coordenadas 0,0"
1123687,2023,OCTUBRE,SABADO,2023-10-28,17,Lesiones,Lesiones Dolosas,NO,NO,,,0.0,0.0,1,0.0,0.0,"Coordenadas 0,0"
1123688,2023,FEBRERO,VIERNES,2023-02-24,11,Lesiones,Lesiones Dolosas,NO,NO,,,0.0,0.0,1,0.0,0.0,"Coordenadas 0,0"
1123689,2023,ENERO,VIERNES,2023-01-13,10,Lesiones,Lesiones Dolosas,NO,NO,,,0.0,0.0,1,0.0,0.0,"Coordenadas 0,0"
1123690,2023,MAYO,VIERNES,2023-05-26,0,Lesiones,Lesiones Dolosas,NO,NO,,,0.0,0.0,1,0.0,0.0,"Coordenadas 0,0"
1123691,2023,JULIO,LUNES,2023-07-31,15,Lesiones,Lesiones Dolosas,NO,NO,,,0.0,0.0,1,0.0,0.0,"Coordenadas 0,0"
1123692,2023,SEPTIEMBRE,LUNES,2023-09-11,13,Lesiones,Lesiones Dolosas,NO,NO,,,0.0,0.0,1,0.0,0.0,"Coordenadas 0,0"
1123693,2023,NOVIEMBRE,VIERNES,2023-11-24,22,Lesiones,Lesiones Dolosas,NO,NO,,,0.0,0.0,1,0.0,0.0,"Coordenadas 0,0"
1123694,2023,NOVIEMBRE,VIERNES,2023-11-24,22,Lesiones,Lesiones Dolosas,NO,NO,,,0.0,0.0,1,0.0,0.0,"Coordenadas 0,0"
1123695,2023,NOVIEMBRE,VIERNES,2023-11-24,22,Lesiones,Lesiones Dolosas,NO,NO,,,0.0,0.0,1,0.0,0.0,"Coordenadas 0,0"
1123696,2023,FEBRERO,MARTES,2023-02-28,20,Lesiones,Lesiones Dolosas,NO,NO,,,0.0,0.0,1,0.0,0.0,"Coordenadas 0,0"
1123697,2023,MARZO,SABADO,2023-03-18,16,Lesiones,Lesiones Dolosas,NO,NO,,,0.0,0.0,1,0.0,0.0,"Coordenadas 0,0"
1123698,2023,AGOSTO,MARTES,2023-08-22,0,Lesiones,Lesiones Dolosas,NO,NO,,,0.0,0.0,1,0.0,0.0,"Coordenadas 0,0"
1123699,2023,AGOSTO,MARTES,2023-08-22,0,Lesiones,Lesiones Dolosas,NO,NO,,,0.0,0.0,1,0.0,0.0,"Coordenadas 0,0"
1123700,2023,OCTUBRE,LUNES,2023-10-02,10,Lesiones,Lesiones Dolosas,NO,NO,,,0.0,0.0,1,0.0,0.0,"Coordenadas 0,0"
1123701,2023,MAYO,JUEVES,2023-05-11,1,Lesiones,Lesiones Dolosas,NO,NO,,,0.0,0.0,1,0.0,0.0,"Coordenadas 0,0"
1123704,2023,MAYO,SABADO,2023-05-27,0,Lesiones,Lesiones Dolosas,NO,NO,,,0.0,0.0,1,0.0,0.0,"Coordenadas 0,0"
1123705,2023,MAYO,SABADO,2023-05-27,0,Lesiones,Lesiones Dolosas,NO,NO,,,0.0,0.0,1,0.0,0.0,"Coordenadas 0,0"
1123706,2023,NOVIEMBRE,JUEVES,2023-11-23,19,Lesiones,Lesiones Dolosas,NO,NO,,,0.0,0.0,1,0.0,0.0,"Coordenadas 0,0"
1123707,2023,DICIEMBRE,JUEVES,2023-12-07,0,Lesiones,Lesiones Dolosas,NO,NO,,,0.0,0.0,1,0.0,0.0,"Coordenadas 0,0"
1123708,2023,JULIO,DOMINGO,2023-07-16,0,Lesiones,Lesiones Dolosas,NO,NO,,,0.0,0.0,1,0.0,0.0,"Coordenadas 0,0"
1123709,2023,SEPTIEMBRE,SABADO,2023-09-02,15,Lesiones,Lesiones Dolosas,NO,NO,,,0.0,0.0,1,0.0,0.0,"Coordenadas 0,0"
1123710,2023,OCTUBRE,SABADO,2023-10-28,5,Lesiones,Lesiones Dolosas,NO,NO,,,0.0,0.0,1,0.0,0.0,"Coordenadas 0,0"
1123711,2023,MARZO,MIERCOLES,2023-03-01,3,Lesiones,Lesiones Dolosas,NO,NO,,,0.0,0.0,1,0.0,0.0,"Coordenadas 0,0"
1123712,2023,MARZO,DOMINGO,2023-03-05,2,Lesiones,Lesiones Dolosas,NO,NO,,,0.0,0.0,1,0.0,0.0,"Coordenadas 0,0"
1123713,2023,DICIEMBRE,LUNES,2023-12-11,0,Lesiones,Lesiones Dolosas,NO,NO,,,0.0,0.0,1,0.0,0.0,"Coordenadas 0,0"
1123714,2023,ABRIL,LUNES,2023-04-10,0,Lesiones,Lesiones Dolosas,NO,NO,,,0.0,0.0,1,0.0,0.0,"Coordenadas 0,0"
1123715,2023,OCTUBRE,DOMINGO,2023-10-15,0,Lesiones,Lesiones Dolosas,NO,NO,,,0.0,0.0,1,0.0,0.0,"Coordenadas 0,0"
1123716,2023,SEPTIEMBRE,DOMINGO,2023-09-10,0,Lesiones,Lesiones Dolosas,NO,NO,,,0.0,0.0,1,0.0,0.0,"Coordenadas 0,0"
1123717,2023,SEPTIEMBRE,DOMINGO,2023-09-10,0,Lesiones,Lesiones Dolosas,NO,NO,,,0.0,0.0,1,0.0,0.0,"Coordenadas 0,0"
1123718,2023,JUNIO,MARTES,2023-06-20,21,Lesiones,Lesiones Dolosas,NO,NO,,,-3469913491.0,-5827979688.0,1,-3469913491.0,-5827979688.0,Coordenadas fuera de CABA / sin barrio y comuna
1123719,2023,ABRIL,DOMINGO,2023-04-16,20,Lesiones,Lesiones Dolosas,NO,NO,,,-346473593.0,-5834396904.0,1,-346473593.0,-5834396904.0,Coordenadas fuera de CABA / sin barrio y comuna
1131240,2023,ENERO,LUNES,2023-01-23,10,Lesiones,Lesiones Dolosas,NO,NO,,,-3472987409.0,-5847003463.0,1,-3472987409.0,-5847003463.0,Coordenadas fuera de CABA / sin barrio y comuna
1132850,2023,MARZO,JUEVES,2023-03-30,0,Lesiones,Lesiones Dolosas,NO,NO,,,-3454247657.0,-5849345159.0,1,-3454247657.0,-5849345159.0,Coordenadas fuera de CABA / sin barrio y comuna
1133884,2023,SEPTIEMBRE,JUEVES,2023-09-07,8,Lesiones,Lesiones Dolosas,NO,NO,,,-3461921083.0,-5855772894.0,1,-3461921083.0,-5855772894.0,Coordenadas fuera de CABA / sin barrio y comuna
1133885,2023,ABRIL,VIERNES,2023-04-21,22,Lesiones,Lesiones Dolosas,NO,NO,,,-3467944762.0,-5858714018.0,1,-3467944762.0,-5858714018.0,Coordenadas fuera de CABA / sin barrio y comuna
1133886,2023,ABRIL,LUNES,2023-04-24,20,Lesiones,Lesiones Dolosas,NO,NO,,,-3477421007.0,-5858805974.0,1,-3477421007.0,-5858805974.0,Coordenadas fuera de CABA / sin barrio y comuna
1133887,2023,ABRIL,LUNES,2023-04-24,20,Lesiones,Lesiones Dolosas,NO,NO,,,-3477421007.0,-5858805974.0,1,-3477421007.0,-5858805974.0,Coordenadas fuera de CABA / sin barrio y comuna
1133888,2023,NOVIEMBRE,VIERNES,2023-11-03,17,Lesiones,Lesiones Dolosas,NO,NO,,,-3456241977.0,-5873621373.0,1,-3456241977.0,-5873621373.0,Coordenadas fuera de CABA / sin barrio y comuna
1133889,2023,JULIO,SABADO,2023-07-01,13,Vialidad,Lesiones por siniestros viales,NO,NO,,,0.0,0.0,1,0.0,0.0,"Coordenadas 0,0"
1133890,2023,JULIO,SABADO,2023-07-01,20,Vialidad,Lesiones por siniestros viales,NO,NO,,,0.0,0.0,1,0.0,0.0,"Coordenadas 0,0"
1133891,2023,JULIO,DOMINGO,2023-07-02,4,Vialidad,Lesiones por siniestros viales,NO,NO,,,0.0,0.0,1,0.0,0.0,"Coordenadas 0,0"
1133892,2023,JULIO,DOMINGO,2023-07-02,23,Vialidad,Lesiones por siniestros viales,NO,NO,,,0.0,0.0,1,0.0,0.0,"Coordenadas 0,0"
1133893,2023,JULIO,DOMINGO,2023-07-02,23,Vialidad,Lesiones por siniestros viales,NO,NO,,,0.0,0.0,1,0.0,0.0,"Coordenadas 0,0"
1133894,2023,JULIO,SABADO,2023-07-01,15,Vialidad,Lesiones por siniestros viales,NO,NO,,,0.0,0.0,1,0.0,0.0,"Coordenadas 0,0"
1133895,2023,JULIO,MARTES,2023-07-04,8,Vialidad,Lesiones por siniestros viales,NO,NO,,,0.0,0.0,1,0.0,0.0,"Coordenadas 0,0"
1133896,2023,JULIO,MARTES,2023-07-04,6,Vialidad,Lesiones por siniestros viales,NO,NO,,,0.0,0.0,1,0.0,0.0,"Coordenadas 0,0"
1133897,2023,JULIO,MARTES,2023-07-04,9,Vialidad,Lesiones por siniestros viales,NO,NO,,,0.0,0.0,1,0.0,0.0,"Coordenadas 0,0"
1133898,2023,JULIO,MARTES,2023-07-04,9,Vialidad,Lesiones por siniestros viales,NO,NO,,,0.0,0.0,1,0.0,0.0,"Coordenadas 0,0"
1133899,2023,JULIO,MARTES,2023-07-04,12,Vialidad,Lesiones por siniestros viales,NO,NO,,,0.0,0.0,1,0.0,0.0,"Coordenadas 0,0"
1133900,2023,JULIO,MARTES,2023-07-04,15,Vialidad,Lesiones por siniestros viales,NO,NO,,,0.0,0.0,1,0.0,0.0,"Coordenadas 0,0"
1133901,2023,JULIO,MARTES,2023-07-04,11,Vialidad,Lesiones por siniestros viales,NO,NO,,,0.0,0.0,1,0.0,0.0,"Coordenadas 0,0"
1133902,2023,JULIO,MARTES,2023-07-04,11,Vialidad,Lesiones por siniestros viales,NO,NO,,,0.0,0.0,1,0.0,0.0,"Coordenadas 0,0"
1133903,2023,JULIO,MARTES,2023-07-04,18,Vialidad,Lesiones por siniestros viales,NO,NO,,,0.0,0.0,1,0.0,0.0,"Coordenadas 0,0"
1133904,2023,JULIO,MARTES,2023-07-04,19,Vialidad,Lesiones por siniestros viales,NO,NO,,,0.0,0.0,1,0.0,0.0,"Coordenadas 0,0"
1133905,2023,JULIO,MIERCOLES,2023-07-05,9,Vialidad,Lesiones por siniestros viales,NO,NO,,,0.0,0.0,1,0.0,0.0,"Coordenadas 0,0"
1133906,2023,JULIO,MIERCOLES,2023-07-05,15,Vialidad,Lesiones por siniestros viales,NO,NO,,,0.0,0.0,1,0.0,0.0,"Coordenadas 0,0"
1133907,2023,JULIO,MIERCOLES,2023-07-05,1,Vialidad,Lesiones por siniestros viales,NO,NO,,,0.0,0.0,1,0.0,0.0,"Coordenadas 0,0"
1133908,2023,JULIO,MIERCOLES,2023-07-05,21,Vialidad,Lesiones por siniestros viales,NO,NO,,,0.0,0.0,1,0.0,0.0,"Coordenadas 0,0"
1133909,2023,JULIO,JUEVES,2023-07-06,0,Vialidad,Lesiones por siniestros viales,NO,NO,,,0.0,0.0,1,0.0,0.0,"Coordenadas 0,0"
1133910,2023,JULIO,JUEVES,2023-07-06,2,Vialidad,Lesiones por siniestros viales,NO,NO,,,0.0,0.0,1,0.0,0.0,"Coordenadas 0,0"
1133911,2023,JULIO,JUEVES,2023-07-06,13,Vialidad,Lesiones por siniestros viales,NO,NO,,,0.0,0.0,1,0.0,0.0,"Coordenadas 0,0"
1133912,2023,JULIO,JUEVES,2023-07-06,17,Vialidad,Lesiones por siniestros viales,NO,NO,,,0.0,0.0,1,0.0,0.0,"Coordenadas 0,0"
1133913,2023,JULIO,JUEVES,2023-07-06,19,Vialidad,Lesiones por siniestros viales,NO,NO,,,0.0,0.0,1,0.0,0.0,"Coordenadas 0,0"
1133914,2023,JULIO,JUEVES,2023-07-06,21,Vialidad,Lesiones por siniestros viales,NO,NO,,,0.0,0.0,1,0.0,0.0,"Coordenadas 0,0"
1133915,2023,JULIO,VIERNES,2023-07-07,16,Vialidad,Lesiones por siniestros viales,NO,NO,,,0.0,0.0,1,0.0,0.0,"Coordenadas 0,0"
1133916,2023,JULIO,VIERNES,2023-07-07,20,Vialidad,Lesiones por siniestros viales,NO,NO,,,0.0,0.0,1,0.0,0.0,"Coordenadas 0,0"
1133917,2023,JULIO,SABADO,2023-07-08,2,Vialidad,Lesiones por siniestros viales,NO,NO,,,0.0,0.0,1,0.0,0.0,"Coordenadas 0,0"
1133918,2023,JULIO,SABADO,2023-07-08,10,Vialidad,Lesiones por siniestros viales,NO,NO,,,0.0,0.0,1,0.0,0.0,"Coordenadas 0,0"
1133919,2023,JULIO,SABADO,2023-07-08,19,Vialidad,Lesiones por siniestros viales,NO,NO,,,0.0,0.0,1,0.0,0.0,"Coordenadas 0,0"
1133920,2023,JULIO,DOMINGO,2023-07-09,0,Vialidad,Lesiones por siniestros viales,NO,NO,,,0.0,0.0,1,0.0,0.0,"Coordenadas 0,0"
1133921,2023,JULIO,DOMINGO,2023-07-09,2,Vialidad,Lesiones por siniestros viales,NO,NO,,,0.0,0.0,1,0.0,0.0,"Coordenadas 0,0"
1133922,2023,JULIO,DOMINGO,2023-07-09,10,Vialidad,Lesiones por siniestros viales,NO,NO,,,0.0,0.0,1,0.0,0.0,"Coordenadas 0,0"
1133923,2023,JULIO,DOMINGO,2023-07-09,21,Vialidad,Lesiones por siniestros viales,NO,NO,,,0.0,0.0,1,0.0,0.0,"Coordenadas 0,0"
1133924,2023,JULIO,LUNES,2023-07-10,3,Vialidad,Lesiones por siniestros viales,NO,NO,,,0.0,0.0,1,0.0,0.0,"Coordenadas 0,0"
1133925,2023,JULIO,LUNES,2023-07-10,8,Vialidad,Lesiones por siniestros viales,NO,NO,,,0.0,0.0,1,0.0,0.0,"Coordenadas 0,0"
1133926,2023,JULIO,DOMINGO,2023-07-09,21,Vialidad,Lesiones por siniestros viales,NO,NO,,,0.0,0.0,1,0.0,0.0,"Coordenadas 0,0"
1133927,2023,JULIO,LUNES,2023-07-10,16,Vialidad,Lesiones por siniestros viales,NO,NO,,,0.0,0.0,1,0.0,0.0,"Coordenadas 0,0"
1133928,2023,JULIO,LUNES,2023-07-10,16,Vialidad,Lesiones por siniestros viales,NO,NO,,,0.0,0.0,1,0.0,0.0,"Coordenadas 0,0"
1133929,2023,JULIO,MARTES,2023-07-11,8,Vialidad,Lesiones por siniestros viales,NO,NO,,,0.0,0.0,1,0.0,0.0,"Coordenadas 0,0"
1133930,2023,JULIO,MARTES,2023-07-11,10,Vialidad,Lesiones por siniestros viales,NO,NO,,,0.0,0.0,1,0.0,0.0,"Coordenadas 0,0"
1133931,2023,JULIO,MARTES,2023-07-11,22,Vialidad,Lesiones por siniestros viales,NO,NO,,,0.0,0.0,1,0.0,0.0,"Coordenadas 0,0"
1133932,2023,JULIO,MARTES,2023-07-11,19,Vialidad,Lesiones por siniestros viales,NO,NO,,,0.0,0.0,1,0.0,0.0,"Coordenadas 0,0"
1133933,2023,JULIO,MIERCOLES,2023-07-12,12,Vialidad,Lesiones por siniestros viales,NO,NO,,,0.0,0.0,1,0.0,0.0,"Coordenadas 0,0"
1133934,2023,JULIO,MIERCOLES,2023-07-12,13,Vialidad,Lesiones por siniestros viales,NO,NO,,,0.0,0.0,1,0.0,0.0,"Coordenadas 0,0"
1133935,2023,JULIO,MIERCOLES,2023-07-12,15,Vialidad,Lesiones por siniestros viales,NO,NO,,,0.0,0.0,1,0.0,0.0,"Coordenadas 0,0"
1133936,2023,JULIO,MIERCOLES,2023-07-12,14,Vialidad,Lesiones por siniestros viales,NO,NO,,,0.0,0.0,1,0.0,0.0,"Coordenadas 0,0"
1133937,2023,JULIO,MIERCOLES,2023-07-12,20,Vialidad,Lesiones por siniestros viales,NO,NO,,,0.0,0.0,1,0.0,0.0,"Coordenadas 0,0"
1133938,2023,JULIO,MIERCOLES,2023-07-12,22,Vialidad,Lesiones por siniestros viales,NO,NO,,,0.0,0.0,1,0.0,0.0,"Coordenadas 0,0"
1133939,2023,JULIO,JUEVES,2023-07-13,13,Vialidad,Lesiones por siniestros viales,NO,NO,,,0.0,0.0,1,0.0,0.0,"Coordenadas 0,0"
1133940,2023,JULIO,JUEVES,2023-07-13,13,Vialidad,Lesiones por siniestros viales,NO,NO,,,0.0,0.0,1,0.0,0.0,"Coordenadas 0,0"
1133941,2023,JULIO,MIERCOLES,2023-07-12,22,Vialidad,Lesiones por siniestros viales,NO,NO,,,0.0,0.0,1,0.0,0.0,"Coordenadas 0,0"
1133942,2023,JULIO,MARTES,2023-07-11,16,Vialidad,Lesiones por siniestros viales,NO,NO,,,0.0,0.0,1,0.0,0.0,"Coordenadas 0,0"
1133943,2023,JULIO,JUEVES,2023-07-13,17,Vialidad,Lesiones por siniestros viales,NO,NO,,,0.0,0.0,1,0.0,0.0,"Coordenadas 0,0"
1133944,2023,JULIO,VIERNES,2023-07-14,6,Vialidad,Lesiones por siniestros viales,NO,NO,,,0.0,0.0,1,0.0,0.0,"Coordenadas 0,0"
1133945,2023,JULIO,VIERNES,2023-07-14,10,Vialidad,Lesiones por siniestros viales,NO,NO,,,0.0,0.0,1,0.0,0.0,"Coordenadas 0,0"
1133946,2023,JULIO,VIERNES,2023-07-14,9,Vialidad,Lesiones por siniestros viales,NO,NO,,,0.0,0.0,1,0.0,0.0,"Coordenadas 0,0"
1133947,2023,JULIO,VIERNES,2023-07-14,19,Vialidad,Lesiones por siniestros viales,NO,NO,,,0.0,0.0,1,0.0,0.0,"Coordenadas 0,0"
1133948,2023,JULIO,DOMINGO,2023-07-16,0,Vialidad,Lesiones por siniestros viales,NO,NO,,,0.0,0.0,1,0.0,0.0,"Coordenadas 0,0"
1133949,2023,JULIO,DOMINGO,2023-07-16,3,Vialidad,Lesiones por siniestros viales,NO,NO,,,0.0,0.0,1,0.0,0.0,"Coordenadas 0,0"
1133950,2023,JULIO,DOMINGO,2023-07-16,19,Vialidad,Lesiones por siniestros viales,NO,NO,,,0.0,0.0,1,0.0,0.0,"Coordenadas 0,0"
1133951,2023,JULIO,DOMINGO,2023-07-16,23,Vialidad,Lesiones por siniestros viales,NO,NO,,,0.0,0.0,1,0.0,0.0,"Coordenadas 0,0"
1133952,2023,JULIO,LUNES,2023-07-17,8,Vialidad,Lesiones por siniestros viales,NO,NO,,,0.0,0.0,1,0.0,0.0,"Coordenadas 0,0"
1133953,2023,JULIO,DOMINGO,2023-07-16,19,Vialidad,Lesiones por siniestros viales,NO,NO,,,0.0,0.0,1,0.0,0.0,"Coordenadas 0,0"
1133954,2023,JULIO,LUNES,2023-07-17,15,Vialidad,Lesiones por siniestros viales,NO,NO,,,0.0,0.0,1,0.0,0.0,"Coordenadas 0,0"
1133955,2023,JULIO,LUNES,2023-07-17,19,Vialidad,Lesiones por siniestros viales,NO,NO,,,0.0,0.0,1,0.0,0.0,"Coordenadas 0,0"
1133956,2023,JULIO,LUNES,2023-07-17,20,Vialidad,Lesiones por siniestros viales,NO,NO,,,0.0,0.0,1,0.0,0.0,"Coordenadas 0,0"
1133957,2023,JULIO,MARTES,2023-07-18,15,Vialidad,Lesiones por siniestros viales,NO,NO,,,0.0,0.0,1,0.0,0.0,"Coordenadas 0,0"
1133958,2023,JULIO,MARTES,2023-07-18,15,Vialidad,Lesiones por siniestros viales,NO,NO,,,0.0,0.0,1,0.0,0.0,"Coordenadas 0,0"
1133959,2023,JULIO,LUNES,2023-07-03,14,Vialidad,Lesiones por siniestros viales,NO,NO,,,0.0,0.0,1,0.0,0.0,"Coordenadas 0,0"
1133960,2023,JULIO,LUNES,2023-07-17,12,Vialidad,Lesiones por siniestros viales,NO,NO,,,0.0,0.0,1,0.0,0.0,"Coordenadas 0,0"
1133961,2023,JULIO,MARTES,2023-07-18,13,Vialidad,Lesiones por siniestros viales,NO,NO,,,0.0,0.0,1,0.0,0.0,"Coordenadas 0,0"
1133962,2023,JULIO,MIERCOLES,2023-07-19,10,Vialidad,Lesiones por siniestros viales,NO,NO,,,0.0,0.0,1,0.0,0.0,"Coordenadas 0,0"
1133963,2023,JULIO,MIERCOLES,2023-07-19,13,Vialidad,Lesiones por siniestros viales,NO,NO,,,0.0,0.0,1,0.0,0.0,"Coordenadas 0,0"
1133964,2023,JULIO,MIERCOLES,2023-07-19,19,Vialidad,Lesiones por siniestros viales,NO,NO,,,0.0,0.0,1,0.0,0.0,"Coordenadas 0,0"
1133965,2023,JULIO,JUEVES,2023-07-20,6,Vialidad,Lesiones por siniestros viales,NO,NO,,,0.0,0.0,1,0.0,0.0,"Coordenadas 0,0"
1133966,2023,JULIO,JUEVES,2023-07-20,11,Vialidad,Lesiones por siniestros viales,NO,NO,,,0.0,0.0,1,0.0,0.0,"Coordenadas 0,0"
1133967,2023,JULIO,JUEVES,2023-07-20,15,Vialidad,Lesiones por siniestros viales,NO,NO,,,0.0,0.0,1,0.0,0.0,"Coordenadas 0,0"
1133968,2023,JULIO,JUEVES,2023-07-20,21,Vialidad,Lesiones por siniestros viales,NO,NO,,,0.0,0.0,1,0.0,0.0,"Coordenadas 0,0"
1133969,2023,JULIO,VIERNES,2023-07-21,0,Vialidad,Lesiones por siniestros viales,NO,NO,,,0.0,0.0,1,0.0,0.0,"Coordenadas 0,0"
1133970,2023,JULIO,VIERNES,2023-07-21,2,Vialidad,Lesiones por siniestros viales,NO,NO,,,0.0,0.0,1,0.0,0.0,"Coordenadas 0,0"
1133971,2023,JULIO,VIERNES,2023-07-21,4,Vialidad,Lesiones por siniestros viales,NO,NO,,,0.0,0.0,1,0.0,0.0,"Coordenadas 0,0"
1133972,2023,JULIO,VIERNES,2023-07-21,8,Vialidad,Lesiones por siniestros viales,NO,NO,,,0.0,0.0,1,0.0,0.0,"Coordenadas 0,0"
1133973,2023,JULIO,VIERNES,2023-07-21,15,Vialidad,Lesiones por siniestros viales,NO,NO,,,0.0,0.0,1,0.0,0.0,"Coordenadas 0,0"
1133974,2023,JULIO,VIERNES,2023-07-21,12,Vialidad,Lesiones por siniestros viales,NO,NO,,,0.0,0.0,1,0.0,0.0,"Coordenadas 0,0"
1133975,2023,JULIO,VIERNES,2023-07-21,13,Vialidad,Lesiones por siniestros viales,NO,NO,,,0.0,0.0,1,0.0,0.0,"Coordenadas 0,0"
1133976,2023,JULIO,VIERNES,2023-07-21,20,Vialidad,Lesiones por siniestros viales,NO,NO,,,0.0,0.0,1,0.0,0.0,"Coordenadas 0,0"
1133977,2023,JULIO,VIERNES,2023-07-21,19,Vialidad,Lesiones por siniestros viales,NO,NO,,,0.0,0.0,1,0.0,0.0,"Coordenadas 0,0"
1133978,2023,JULIO,SABADO,2023-07-22,7,Vialidad,Lesiones por siniestros viales,NO,NO,,,0.0,0.0,1,0.0,0.0,"Coordenadas 0,0"
1133979,2023,JULIO,SABADO,2023-07-22,18,Vialidad,Lesiones por siniestros viales,NO,NO,,,0.0,0.0,1,0.0,0.0,"Coordenadas 0,0"
1133980,2023,JULIO,DOMINGO,2023-07-23,1,Vialidad,Lesiones por siniestros viales,NO,NO,,,0.0,0.0,1,0.0,0.0,"Coordenadas 0,0"
1133981,2023,JULIO,MARTES,2023-07-25,19,Vialidad,Lesiones por siniestros viales,NO,NO,,,0.0,0.0,1,0.0,0.0,"Coordenadas 0,0"
1133982,2023,JULIO,MIERCOLES,2023-07-26,13,Vialidad,Lesiones por siniestros viales,NO,NO,,,0.0,0.0,1,0.0,0.0,"Coordenadas 0,0"
1133983,2023,JULIO,MIERCOLES,2023-07-26,21,Vialidad,Lesiones por siniestros viales,NO,NO,,,0.0,0.0,1,0.0,0.0,"Coordenadas 0,0"
1133984,2023,JULIO,JUEVES,2023-07-27,7,Vialidad,Lesiones por siniestros viales,NO,NO,,,0.0,0.0,1,0.0,0.0,"Coordenadas 0,0"
1133985,2023,JULIO,JUEVES,2023-07-27,11,Vialidad,Lesiones por siniestros viales,NO,NO,,,0.0,0.0,1,0.0,0.0,"Coordenadas 0,0"
1133986,2023,JULIO,MIERCOLES,2023-07-26,16,Vialidad,Lesiones por siniestros viales,NO,NO,,,0.0,0.0,1,0.0,0.0,"Coordenadas 0,0"
1133987,2023,JULIO,JUEVES,2023-07-27,16,Vialidad,Lesiones por siniestros viales,NO,NO,,,0.0,0.0,1,0.0,0.0,"Coordenadas 0,0"
1133988,2023,JULIO,JUEVES,2023-07-27,17,Vialidad,Lesiones por siniestros viales,NO,NO,,,0.0,0.0,1,0.0,0.0,"Coordenadas 0,0"
1133989,2023,JULIO,VIERNES,2023-07-21,20,Vialidad,Lesiones por siniestros viales,NO,NO,,,0.0,0.0,1,0.0,0.0,"Coordenadas 0,0"
1133990,2023,JULIO,JUEVES,2023-07-27,17,Vialidad,Lesiones por siniestros viales,NO,NO,,,0.0,0.0,1,0.0,0.0,"Coordenadas 0,0"
1133991,2023,JULIO,JUEVES,2023-07-27,20,Vialidad,Lesiones por siniestros viales,NO,NO,,,0.0,0.0,1,0.0,0.0,"Coordenadas 0,0"
1133992,2023,JULIO,JUEVES,2023-07-27,23,Vialidad,Lesiones por siniestros viales,NO,NO,,,0.0,0.0,1,0.0,0.0,"Coordenadas 0,0"
1133993,2023,JULIO,VIERNES,2023-07-28,2,Vialidad,Lesiones por siniestros viales,NO,NO,,,0.0,0.0,1,0.0,0.0,"Coordenadas 0,0"
1133994,2023,JULIO,VIERNES,2023-07-28,17,Vialidad,Lesiones por siniestros viales,NO,NO,,,0.0,0.0,1,0.0,0.0,"Coordenadas 0,0"
1133995,2023,JULIO,JUEVES,2023-07-27,21,Vialidad,Lesiones por siniestros viales,NO,NO,,,0.0,0.0,1,0.0,0.0,"Coordenadas 0,0"
1133996,2023,JULIO,VIERNES,2023-07-28,21,Vialidad,Lesiones por siniestros viales,NO,NO,,,0.0,0.0,1,0.0,0.0,"Coordenadas 0,0"
1133997,2023,JULIO,VIERNES,2023-07-28,21,Vialidad,Lesiones por siniestros viales,NO,NO,,,0.0,0.0,1,0.0,0.0,"Coordenadas 0,0"
1133998,2023,JULIO,SABADO,2023-07-29,19,Vialidad,Lesiones por siniestros viales,NO,NO,,,0.0,0.0,1,0.0,0.0,"Coordenadas 0,0"
1133999,2023,JULIO,DOMINGO,2023-07-30,6,Vialidad,Lesiones por siniestros viales,NO,NO,,,0.0,0.0,1,0.0,0.0,"Coordenadas 0,0"
1134000,2023,JULIO,DOMINGO,2023-07-30,13,Vialidad,Lesiones por siniestros viales,NO,NO,,,0.0,0.0,1,0.0,0.0,"Coordenadas 0,0"
1134001,2023,JULIO,DOMINGO,2023-07-30,20,Vialidad,Lesiones por siniestros viales,NO,NO,,,0.0,0.0,1,0.0,0.0,"Coordenadas 0,0"
1134002,2023,JULIO,LUNES,2023-07-31,0,Vialidad,Lesiones por siniestros viales,NO,NO,,,0.0,0.0,1,0.0,0.0,"Coordenadas 0,0"
1134003,2023,JULIO,LUNES,2023-07-31,2,Vialidad,Lesiones por siniestros viales,NO,NO,,,0.0,0.0,1,0.0,0.0,"Coordenadas 0,0"
1134004,2023,JULIO,LUNES,2023-07-31,5,Vialidad,Lesiones por siniestros viales,NO,NO,,,0.0,0.0,1,0.0,0.0,"Coordenadas 0,0"
1134005,2023,JULIO,LUNES,2023-07-31,17,Vialidad,Lesiones por siniestros viales,NO,NO,,,0.0,0.0,1,0.0,0.0,"Coordenadas 0,0"
1134006,2023,AGOSTO,MARTES,2023-08-01,8,Vialidad,Lesiones por siniestros viales,NO,NO,,,0.0,0.0,1,0.0,0.0,"Coordenadas 0,0"
1134007,2023,AGOSTO,MARTES,2023-08-01,11,Vialidad,Lesiones por siniestros viales,NO,NO,,,0.0,0.0,1,0.0,0.0,"Coordenadas 0,0"
1134008,2023,AGOSTO,MARTES,2023-08-01,11,Vialidad,Lesiones por siniestros viales,NO,NO,,,0.0,0.0,1,0.0,0.0,"Coordenadas 0,0"
1134009,2023,AGOSTO,MARTES,2023-08-01,16,Vialidad,Lesiones por siniestros viales,NO,NO,,,0.0,0.0,1,0.0,0.0,"Coordenadas 0,0"
1134010,2023,AGOSTO,MIERCOLES,2023-08-02,5,Vialidad,Lesiones por siniestros viales,NO,NO,,,0.0,0.0,1,0.0,0.0,"Coordenadas 0,0"
1134011,2023,AGOSTO,MIERCOLES,2023-08-02,8,Vialidad,Lesiones por siniestros viales,NO,NO,,,0.0,0.0,1,0.0,0.0,"Coordenadas 0,0"
1134012,2023,AGOSTO,MIERCOLES,2023-08-02,9,Vialidad,Lesiones por siniestros viales,NO,NO,,,0.0,0.0,1,0.0,0.0,"Coordenadas 0,0"
1134013,2023,AGOSTO,MIERCOLES,2023-08-02,14,Vialidad,Lesiones por siniestros viales,NO,NO,,,0.0,0.0,1,0.0,0.0,"Coordenadas 0,0"
1134014,2023,AGOSTO,MIERCOLES,2023-08-02,18,Vialidad,Lesiones por siniestros viales,NO,NO,,,0.0,0.0,1,0.0,0.0,"Coordenadas 0,0"
1134015,2023,AGOSTO,MIERCOLES,2023-08-02,18,Vialidad,Lesiones por siniestros viales,NO,NO,,,0.0,0.0,1,0.0,0.0,"Coordenadas 0,0"
1134016,2023,AGOSTO,JUEVES,2023-08-03,9,Vialidad,Lesiones por siniestros viales,NO,NO,,,0.0,0.0,1,0.0,0.0,"Coordenadas 0,0"
1134017,2023,AGOSTO,JUEVES,2023-08-03,12,Vialidad,Lesiones por siniestros viales,NO,NO,,,0.0,0.0,1,0.0,0.0,"Coordenadas 0,0"
1134018,2023,AGOSTO,JUEVES,2023-08-03,17,Vialidad,Lesiones por siniestros viales,NO,NO,,,0.0,0.0,1,0.0,0.0,"Coordenadas 0,0"
1134019,2023,AGOSTO,JUEVES,2023-08-03,23,Vialidad,Lesiones por siniestros viales,NO,NO,,,0.0,0.0,1,0.0,0.0,"Coordenadas 0,0"
1134020,2023,AGOSTO,VIERNES,2023-08-04,8,Vialidad,Lesiones por siniestros viales,NO,NO,,,0.0,0.0,1,0.0,0.0,"Coordenadas 0,0"
1134021,2023,AGOSTO,VIERNES,2023-08-04,10,Vialidad,Lesiones por siniestros viales,NO,NO,,,0.0,0.0,1,0.0,0.0,"Coordenadas 0,0"
1134022,2023,AGOSTO,VIERNES,2023-08-04,11,Vialidad,Lesiones por siniestros viales,NO,NO,,,0.0,0.0,1,0.0,0.0,"Coordenadas 0,0"
1134023,2023,AGOSTO,VIERNES,2023-08-04,18,Vialidad,Lesiones por siniestros viales,NO,NO,,,0.0,0.0,1,0.0,0.0,"Coordenadas 0,0"
1134024,2023,AGOSTO,VIERNES,2023-08-04,19,Vialidad,Lesiones por siniestros viales,NO,NO,,,0.0,0.0,1,0.0,0.0,"Coordenadas 0,0"
1134025,2023,AGOSTO,SABADO,2023-08-05,13,Vialidad,Lesiones por siniestros viales,NO,NO,,,0.0,0.0,1,0.0,0.0,"Coordenadas 0,0"
1134026,2023,AGOSTO,SABADO,2023-08-05,14,Vialidad,Lesiones por siniestros viales,NO,NO,,,0.0,0.0,1,0.0,0.0,"Coordenadas 0,0"
1134027,2023,AGOSTO,SABADO,2023-08-05,18,Vialidad,Lesiones por siniestros viales,NO,NO,,,0.0,0.0,1,0.0,0.0,"Coordenadas 0,0"
1134028,2023,AGOSTO,DOMINGO,2023-08-06,3,Vialidad,Lesiones por siniestros viales,NO,NO,,,0.0,0.0,1,0.0,0.0,"Coordenadas 0,0"
1134029,2023,AGOSTO,DOMINGO,2023-08-06,7,Vialidad,Lesiones por siniestros viales,NO,NO,,,0.0,0.0,1,0.0,0.0,"Coordenadas 0,0"
1134030,2023,AGOSTO,DOMINGO,2023-08-06,8,Vialidad,Lesiones por siniestros viales,NO,NO,,,0.0,0.0,1,0.0,0.0,"Coordenadas 0,0"
1134031,2023,AGOSTO,SABADO,2023-08-05,10,Vialidad,Lesiones por siniestros viales,NO,NO,,,0.0,0.0,1,0.0,0.0,"Coordenadas 0,0"
1134032,2023,AGOSTO,DOMINGO,2023-08-06,21,Vialidad,Lesiones por siniestros viales,NO,NO,,,0.0,0.0,1,0.0,0.0,"Coordenadas 0,0"
1134033,2023,AGOSTO,LUNES,2023-08-07,6,Vialidad,Lesiones por siniestros viales,NO,NO,,,0.0,0.0,1,0.0,0.0,"Coordenadas 0,0"
1134034,2023,AGOSTO,LUNES,2023-08-07,9,Vialidad,Lesiones por siniestros viales,NO,NO,,,0.0,0.0,1,0.0,0.0,"Coordenadas 0,0"
1134035,2023,AGOSTO,LUNES,2023-08-07,11,Vialidad,Lesiones por siniestros viales,NO,NO,,,0.0,0.0,1,0.0,0.0,"Coordenadas 0,0"
1134036,2023,AGOSTO,LUNES,2023-08-07,12,Vialidad,Lesiones por siniestros viales,NO,NO,,,0.0,0.0,1,0.0,0.0,"Coordenadas 0,0"
1134037,2023,AGOSTO,LUNES,2023-08-07,15,Vialidad,Lesiones por siniestros viales,NO,NO,,,0.0,0.0,1,0.0,0.0,"Coordenadas 0,0"
1134038,2023,AGOSTO,MARTES,2023-08-08,9,Vialidad,Lesiones por siniestros viales,NO,NO,,,0.0,0.0,1,0.0,0.0,"Coordenadas 0,0"
1134039,2023,AGOSTO,MARTES,2023-08-08,8,Vialidad,Lesiones por siniestros viales,NO,NO,,,0.0,0.0,1,0.0,0.0,"Coordenadas 0,0"
1134040,2023,AGOSTO,MARTES,2023-08-08,9,Vialidad,Lesiones por siniestros viales,NO,NO,,,0.0,0.0,1,0.0,0.0,"Coordenadas 0,0"
1134041,2023,AGOSTO,MARTES,2023-08-08,15,Vialidad,Lesiones por siniestros viales,NO,NO,,,0.0,0.0,1,0.0,0.0,"Coordenadas 0,0"
1134042,2023,AGOSTO,MARTES,2023-08-08,17,Vialidad,Lesiones por siniestros viales,NO,NO,,,0.0,0.0,1,0.0,0.0,"Coordenadas 0,0"
1134043,2023,AGOSTO,MARTES,2023-08-08,19,Vialidad,Lesiones por siniestros viales,NO,NO,,,0.0,0.0,1,0.0,0.0,"Coordenadas 0,0"
1134044,2023,AGOSTO,MIERCOLES,2023-08-09,14,Vialidad,Lesiones por siniestros viales,NO,NO,,,0.0,0.0,1,0.0,0.0,"Coordenadas 0,0"
1134045,2023,AGOSTO,MARTES,2023-08-08,12,Vialidad,Lesiones por siniestros viales,NO,NO,,,0.0,0.0,1,0.0,0.0,"Coordenadas 0,0"
1134046,2023,AGOSTO,MIERCOLES,2023-08-09,13,Vialidad,Lesiones por siniestros viales,NO,NO,,,0.0,0.0,1,0.0,0.0,"Coordenadas 0,0"
1134047,2023,AGOSTO,JUEVES,2023-08-10,9,Vialidad,Lesiones por siniestros viales,NO,NO,,,0.0,0.0,1,0.0,0.0,"Coordenadas 0,0"
1134048,2023,AGOSTO,JUEVES,2023-08-10,11,Vialidad,Lesiones por siniestros viales,NO,NO,,,0.0,0.0,1,0.0,0.0,"Coordenadas 0,0"
1134049,2023,AGOSTO,JUEVES,2023-08-10,12,Vialidad,Lesiones por siniestros viales,NO,NO,,,0.0,0.0,1,0.0,0.0,"Coordenadas 0,0"
1134050,2023,AGOSTO,JUEVES,2023-08-10,12,Vialidad,Lesiones por siniestros viales,NO,NO,,,0.0,0.0,1,0.0,0.0,"Coordenadas 0,0"
1134051,2023,AGOSTO,JUEVES,2023-08-10,14,Vialidad,Lesiones por siniestros viales,NO,NO,,,0.0,0.0,1,0.0,0.0,"Coordenadas 0,0"
1134052,2023,AGOSTO,MARTES,2023-08-08,8,Vialidad,Lesiones por siniestros viales,NO,NO,,,0.0,0.0,1,0.0,0.0,"Coordenadas 0,0"
1134053,2023,AGOSTO,JUEVES,2023-08-10,21,Vialidad,Lesiones por siniestros viales,NO,NO,,,0.0,0.0,1,0.0,0.0,"Coordenadas 0,0"
1134054,2023,AGOSTO,VIERNES,2023-08-11,10,Vialidad,Lesiones por siniestros viales,NO,NO,,,0.0,0.0,1,0.0,0.0,"Coordenadas 0,0"
1134055,2023,AGOSTO,JUEVES,2023-08-10,17,Vialidad,Lesiones por siniestros viales,NO,NO,,,0.0,0.0,1,0.0,0.0,"Coordenadas 0,0"
1134056,2023,AGOSTO,VIERNES,2023-08-11,18,Vialidad,Lesiones por siniestros viales,NO,NO,,,0.0,0.0,1,0.0,0.0,"Coordenadas 0,0"
1134057,2023,AGOSTO,VIERNES,2023-08-11,14,Vialidad,Lesiones por siniestros viales,NO,NO,,,0.0,0.0,1,0.0,0.0,"Coordenadas 0,0"
1134058,2023,AGOSTO,VIERNES,2023-08-11,22,Vialidad,Lesiones por siniestros viales,NO,NO,,,0.0,0.0,1,0.0,0.0,"Coordenadas 0,0"
1134059,2023,AGOSTO,SABADO,2023-08-12,10,Vialidad,Lesiones por siniestros viales,NO,NO,,,0.0,0.0,1,0.0,0.0,"Coordenadas 0,0"
1134060,2023,AGOSTO,SABADO,2023-08-05,14,Vialidad,Lesiones por siniestros viales,NO,NO,,,0.0,0.0,1,0.0,0.0,"Coordenadas 0,0"
1134061,2023,AGOSTO,SABADO,2023-08-12,15,Vialidad,Lesiones por siniestros viales,NO,NO,,,0.0,0.0,1,0.0,0.0,"Coordenadas 0,0"
1134062,2023,AGOSTO,DOMINGO,2023-08-13,1,Vialidad,Lesiones por siniestros viales,NO,NO,,,0.0,0.0,1,0.0,0.0,"Coordenadas 0,0"
1134063,2023,AGOSTO,DOMINGO,2023-08-13,15,Vialidad,Lesiones por siniestros viales,NO,NO,,,0.0,0.0,1,0.0,0.0,"Coordenadas 0,0"
1134064,2023,AGOSTO,LUNES,2023-08-14,13,Vialidad,Lesiones por siniestros viales,NO,NO,,,0.0,0.0,1,0.0,0.0,"Coordenadas 0,0"
1134065,2023,AGOSTO,SABADO,2023-08-12,10,Vialidad,Lesiones por siniestros viales,NO,NO,,,0.0,0.0,1,0.0,0.0,"Coordenadas 0,0"
1134066,2023,AGOSTO,LUNES,2023-08-14,21,Vialidad,Lesiones por siniestros viales,NO,NO,,,0.0,0.0,1,0.0,0.0,"Coordenadas 0,0"
1134067,2023,AGOSTO,LUNES,2023-08-14,22,Vialidad,Lesiones por siniestros viales,NO,NO,,,0.0,0.0,1,0.0,0.0,"Coordenadas 0,0"
1134068,2023,AGOSTO,MARTES,2023-08-15,12,Vialidad,Lesiones por siniestros viales,NO,NO,,,0.0,0.0,1,0.0,0.0,"Coordenadas 0,0"
1134069,2023,AGOSTO,LUNES,2023-08-14,15,Vialidad,Lesiones por siniestros viales,NO,NO,,,0.0,0.0,1,0.0,0.0,"Coordenadas 0,0"
1134070,2023,AGOSTO,MARTES,2023-08-15,15,Vialidad,Lesiones por siniestros viales,NO,NO,,,0.0,0.0,1,0.0,0.0,"Coordenadas 0,0"
1134071,2023,AGOSTO,MARTES,2023-08-15,15,Vialidad,Lesiones por siniestros viales,NO,NO,,,0.0,0.0,1,0.0,0.0,"Coordenadas 0,0"
1134072,2023,AGOSTO,LUNES,2023-08-14,23,Vialidad,Lesiones por siniestros viales,NO,NO,,,0.0,0.0,1,0.0,0.0,"Coordenadas 0,0"
1134073,2023,AGOSTO,MARTES,2023-08-15,22,Vialidad,Lesiones por siniestros viales,NO,NO,,,0.0,0.0,1,0.0,0.0,"Coordenadas 0,0"
1134074,2023,AGOSTO,MIERCOLES,2023-08-16,18,Vialidad,Lesiones por siniestros viales,NO,NO,,,0.0,0.0,1,0.0,0.0,"Coordenadas 0,0"
1134075,2023,AGOSTO,MIERCOLES,2023-08-16,19,Vialidad,Lesiones por siniestros viales,NO,NO,,,0.0,0.0,1,0.0,0.0,"Coordenadas 0,0"
1134076,2023,AGOSTO,JUEVES,2023-08-17,1,Vialidad,Lesiones por siniestros viales,NO,NO,,,0.0,0.0,1,0.0,0.0,"Coordenadas 0,0"
1134077,2023,AGOSTO,MARTES,2023-08-15,22,Vialidad,Lesiones por siniestros viales,NO,NO,,,0.0,0.0,1,0.0,0.0,"Coordenadas 0,0"
1134078,2023,AGOSTO,JUEVES,2023-08-17,16,Vialidad,Lesiones por siniestros viales,NO,NO,,,0.0,0.0,1,0.0,0.0,"Coordenadas 0,0"
1134079,2023,AGOSTO,JUEVES,2023-08-17,19,Vialidad,Lesiones por siniestros viales,NO,NO,,,0.0,0.0,1,0.0,0.0,"Coordenadas 0,0"
1134080,2023,AGOSTO,VIERNES,2023-08-18,16,Vialidad,Lesiones por siniestros viales,NO,NO,,,0.0,0.0,1,0.0,0.0,"Coordenadas 0,0"
1134081,2023,AGOSTO,VIERNES,2023-08-18,18,Vialidad,Lesiones por siniestros viales,NO,NO,,,0.0,0.0,1,0.0,0.0,"Coordenadas 0,0"
1134082,2023,AGOSTO,SABADO,2023-08-19,1,Vialidad,Lesiones por siniestros viales,NO,NO,,,0.0,0.0,1,0.0,0.0,"Coordenadas 0,0"
1134083,2023,AGOSTO,VIERNES,2023-08-18,17,Vialidad,Lesiones por siniestros viales,NO,NO,,,0.0,0.0,1,0.0,0.0,"Coordenadas 0,0"
1134084,2023,AGOSTO,SABADO,2023-08-19,10,Vialidad,Lesiones por siniestros viales,NO,NO,,,0.0,0.0,1,0.0,0.0,"Coordenadas 0,0"
1134085,2023,AGOSTO,SABADO,2023-08-19,13,Vialidad,Lesiones por siniestros viales,NO,NO,,,0.0,0.0,1,0.0,0.0,"Coordenadas 0,0"
1134086,2023,AGOSTO,MIERCOLES,2023-08-16,20,Vialidad,Lesiones por siniestros viales,NO,NO,,,0.0,0.0,1,0.0,0.0,"Coordenadas 0,0"
1134087,2023,AGOSTO,SABADO,2023-08-19,23,Vialidad,Lesiones por siniestros viales,NO,NO,,,0.0,0.0,1,0.0,0.0,"Coordenadas 0,0"
1134088,2023,AGOSTO,DOMINGO,2023-08-20,6,Vialidad,Lesiones por siniestros viales,NO,NO,,,0.0,0.0,1,0.0,0.0,"Coordenadas 0,0"
1134089,2023,AGOSTO,DOMINGO,2023-08-20,9,Vialidad,Lesiones por siniestros viales,NO,NO,,,0.0,0.0,1,0.0,0.0,"Coordenadas 0,0"
1134090,2023,AGOSTO,SABADO,2023-08-19,17,Vialidad,Lesiones por siniestros viales,NO,NO,,,0.0,0.0,1,0.0,0.0,"Coordenadas 0,0"
1134091,2023,AGOSTO,DOMINGO,2023-08-20,17,Vialidad,Lesiones por siniestros viales,NO,NO,,,0.0,0.0,1,0.0,0.0,"Coordenadas 0,0"
1134092,2023,AGOSTO,DOMINGO,2023-08-20,23,Vialidad,Lesiones por siniestros viales,NO,NO,,,0.0,0.0,1,0.0,0.0,"Coordenadas 0,0"
1134093,2023,AGOSTO,MARTES,2023-08-22,11,Vialidad,Lesiones por siniestros viales,NO,NO,,,0.0,0.0,1,0.0,0.0,"Coordenadas 0,0"
1134094,2023,AGOSTO,SABADO,2023-08-19,21,Vialidad,Lesiones por siniestros viales,NO,NO,,,0.0,0.0,1,0.0,0.0,"Coordenadas 0,0"
1134095,2023,AGOSTO,MIERCOLES,2023-08-23,17,Vialidad,Lesiones por siniestros viales,NO,NO,,,0.0,0.0,1,0.0,0.0,"Coordenadas 0,0"
1134096,2023,AGOSTO,MIERCOLES,2023-08-23,18,Vialidad,Lesiones por siniestros viales,NO,NO,,,0.0,0.0,1,0.0,0.0,"Coordenadas 0,0"
1134097,2023,AGOSTO,MIERCOLES,2023-08-23,21,Vialidad,Lesiones por siniestros viales,NO,NO,,,0.0,0.0,1,0.0,0.0,"Coordenadas 0,0"
1134098,2023,AGOSTO,JUEVES,2023-08-24,4,Vialidad,Lesiones por siniestros viales,NO,NO,,,0.0,0.0,1,0.0,0.0,"Coordenadas 0,0"
1134099,2023,AGOSTO,JUEVES,2023-08-24,8,Vialidad,Lesiones por siniestros viales,NO,NO,,,0.0,0.0,1,0.0,0.0,"Coordenadas 0,0"
1134100,2023,AGOSTO,JUEVES,2023-08-24,7,Vialidad,Lesiones por siniestros viales,NO,NO,,,0.0,0.0,1,0.0,0.0,"Coordenadas 0,0"
1134101,2023,AGOSTO,JUEVES,2023-08-24,11,Vialidad,Lesiones por siniestros viales,NO,NO,,,0.0,0.0,1,0.0,0.0,"Coordenadas 0,0"
1134102,2023,AGOSTO,JUEVES,2023-08-24,9,Vialidad,Lesiones por siniestros viales,NO,NO,,,0.0,0.0,1,0.0,0.0,"Coordenadas 0,0"
1134103,2023,AGOSTO,JUEVES,2023-08-24,9,Vialidad,Lesiones por siniestros viales,NO,NO,,,0.0,0.0,1,0.0,0.0,"Coordenadas 0,0"
1134104,2023,AGOSTO,JUEVES,2023-08-24,12,Vialidad,Lesiones por siniestros viales,NO,NO,,,0.0,0.0,1,0.0,0.0,"Coordenadas 0,0"
1134105,2023,AGOSTO,JUEVES,2023-08-24,9,Vialidad,Lesiones por siniestros viales,NO,NO,,,0.0,0.0,1,0.0,0.0,"Coordenadas 0,0"
1134106,2023,AGOSTO,JUEVES,2023-08-24,9,Vialidad,Lesiones por siniestros viales,NO,NO,,,0.0,0.0,1,0.0,0.0,"Coordenadas 0,0"
1134107,2023,AGOSTO,JUEVES,2023-08-24,13,Vialidad,Lesiones por siniestros viales,NO,NO,,,0.0,0.0,1,0.0,0.0,"Coordenadas 0,0"
1134108,2023,AGOSTO,JUEVES,2023-08-24,16,Vialidad,Lesiones por siniestros viales,NO,NO,,,0.0,0.0,1,0.0,0.0,"Coordenadas 0,0"
1134109,2023,AGOSTO,JUEVES,2023-08-24,18,Vialidad,Lesiones por siniestros viales,NO,NO,,,0.0,0.0,1,0.0,0.0,"Coordenadas 0,0"
1134110,2023,AGOSTO,JUEVES,2023-08-24,16,Vialidad,Lesiones por siniestros viales,NO,NO,,,0.0,0.0,1,0.0,0.0,"Coordenadas 0,0"
1134111,2023,AGOSTO,JUEVES,2023-08-24,17,Vialidad,Lesiones por siniestros viales,NO,NO,,,0.0,0.0,1,0.0,0.0,"Coordenadas 0,0"
1134112,2023,AGOSTO,MIERCOLES,2023-08-23,8,Vialidad,Lesiones por siniestros viales,NO,NO,,,0.0,0.0,1,0.0,0.0,"Coordenadas 0,0"
1134113,2023,AGOSTO,JUEVES,2023-08-24,18,Vialidad,Lesiones por siniestros viales,NO,NO,,,0.0,0.0,1,0.0,0.0,"Coordenadas 0,0"
1134114,2023,AGOSTO,JUEVES,2023-08-24,16,Vialidad,Lesiones por siniestros viales,NO,NO,,,0.0,0.0,1,0.0,0.0,"Coordenadas 0,0"
1134115,2023,AGOSTO,JUEVES,2023-08-24,19,Vialidad,Lesiones por siniestros viales,NO,NO,,,0.0,0.0,1,0.0,0.0,"Coordenadas 0,0"
1134116,2023,AGOSTO,JUEVES,2023-08-24,19,Vialidad,Lesiones por siniestros viales,NO,NO,,,0.0,0.0,1,0.0,0.0,"Coordenadas 0,0"
1134117,2023,AGOSTO,JUEVES,2023-08-24,19,Vialidad,Lesiones por siniestros viales,NO,NO,,,0.0,0.0,1,0.0,0.0,"Coordenadas 0,0"
1134118,2023,AGOSTO,JUEVES,2023-08-24,20,Vialidad,Lesiones por siniestros viales,NO,NO,,,0.0,0.0,1,0.0,0.0,"Coordenadas 0,0"
1134119,2023,AGOSTO,JUEVES,2023-08-24,21,Vialidad,Lesiones por siniestros viales,NO,NO,,,0.0,0.0,1,0.0,0.0,"Coordenadas 0,0"
1134120,2023,AGOSTO,VIERNES,2023-08-25,1,Vialidad,Lesiones por siniestros viales,NO,NO,,,0.0,0.0,1,0.0,0.0,"Coordenadas 0,0"
1134121,2023,AGOSTO,VIERNES,2023-08-25,2,Vialidad,Lesiones por siniestros viales,NO,NO,,,0.0,0.0,1,0.0,0.0,"Coordenadas 0,0"
1134122,2023,AGOSTO,VIERNES,2023-08-25,11,Vialidad,Lesiones por siniestros viales,NO,NO,,,0.0,0.0,1,0.0,0.0,"Coordenadas 0,0"
1134123,2023,AGOSTO,VIERNES,2023-08-25,17,Vialidad,Lesiones por siniestros viales,NO,NO,,,0.0,0.0,1,0.0,0.0,"Coordenadas 0,0"
1134124,2023,AGOSTO,VIERNES,2023-08-25,17,Vialidad,Lesiones por siniestros viales,NO,NO,,,0.0,0.0,1,0.0,0.0,"Coordenadas 0,0"
1134125,2023,JULIO,JUEVES,2023-07-06,16,Vialidad,Lesiones por siniestros viales,NO,NO,,,0.0,0.0,1,0.0,0.0,"Coordenadas 0,0"
1134126,2023,AGOSTO,DOMINGO,2023-08-27,11,Vialidad,Lesiones por siniestros viales,NO,NO,,,0.0,0.0,1,0.0,0.0,"Coordenadas 0,0"
1134127,2023,AGOSTO,DOMINGO,2023-08-27,17,Vialidad,Lesiones por siniestros viales,NO,NO,,,0.0,0.0,1,0.0,0.0,"Coordenadas 0,0"
1134128,2023,AGOSTO,DOMINGO,2023-08-27,20,Vialidad,Lesiones por siniestros viales,NO,NO,,,0.0,0.0,1,0.0,0.0,"Coordenadas 0,0"
1134129,2023,AGOSTO,LUNES,2023-08-28,5,Vialidad,Lesiones por siniestros viales,NO,NO,,,0.0,0.0,1,0.0,0.0,"Coordenadas 0,0"
1134130,2023,AGOSTO,LUNES,2023-08-28,10,Vialidad,Lesiones por siniestros viales,NO,NO,,,0.0,0.0,1,0.0,0.0,"Coordenadas 0,0"
1134131,2023,AGOSTO,LUNES,2023-08-28,13,Vialidad,Lesiones por siniestros viales,NO,NO,,,0.0,0.0,1,0.0,0.0,"Coordenadas 0,0"
1134132,2023,AGOSTO,LUNES,2023-08-28,20,Vialidad,Lesiones por siniestros viales,NO,NO,,,0.0,0.0,1,0.0,0.0,"Coordenadas 0,0"
1134133,2023,AGOSTO,MARTES,2023-08-29,8,Vialidad,Lesiones por siniestros viales,NO,NO,,,0.0,0.0,1,0.0,0.0,"Coordenadas 0,0"
1134134,2023,AGOSTO,MARTES,2023-08-29,18,Vialidad,Lesiones por siniestros viales,NO,NO,,,0.0,0.0,1,0.0,0.0,"Coordenadas 0,0"
1134135,2023,AGOSTO,MARTES,2023-08-29,21,Vialidad,Lesiones por siniestros viales,NO,NO,,,0.0,0.0,1,0.0,0.0,"Coordenadas 0,0"
1134136,2023,AGOSTO,MARTES,2023-08-29,21,Vialidad,Lesiones por siniestros viales,NO,NO,,,0.0,0.0,1,0.0,0.0,"Coordenadas 0,0"
1134137,2023,AGOSTO,MARTES,2023-08-29,19,Vialidad,Lesiones por siniestros viales,NO,NO,,,0.0,0.0,1,0.0,0.0,"Coordenadas 0,0"
1134138,2023,AGOSTO,MIERCOLES,2023-08-30,15,Vialidad,Lesiones por siniestros viales,NO,NO,,,0.0,0.0,1,0.0,0.0,"Coordenadas 0,0"
1134139,2023,AGOSTO,MIERCOLES,2023-08-30,17,Vialidad,Lesiones por siniestros viales,NO,NO,,,0.0,0.0,1,0.0,0.0,"Coordenadas 0,0"
1134140,2023,AGOSTO,MIERCOLES,2023-08-30,18,Vialidad,Lesiones por siniestros viales,NO,NO,,,0.0,0.0,1,0.0,0.0,"Coordenadas 0,0"
1134141,2023,AGOSTO,MIERCOLES,2023-08-30,19,Vialidad,Lesiones por siniestros viales,NO,NO,,,0.0,0.0,1,0.0,0.0,"Coordenadas 0,0"
1134142,2023,AGOSTO,MIERCOLES,2023-08-30,23,Vialidad,Lesiones por siniestros viales,NO,NO,,,0.0,0.0,1,0.0,0.0,"Coordenadas 0,0"
1134143,2023,AGOSTO,MIERCOLES,2023-08-30,23,Vialidad,Lesiones por siniestros viales,NO,NO,,,0.0,0.0,1,0.0,0.0,"Coordenadas 0,0"
1134144,2023,AGOSTO,MIERCOLES,2023-08-30,13,Vialidad,Lesiones por siniestros viales,NO,NO,,,0.0,0.0,1,0.0,0.0,"Coordenadas 0,0"
1134145,2023,AGOSTO,JUEVES,2023-08-31,7,Vialidad,Lesiones por siniestros viales,NO,NO,,,0.0,0.0,1,0.0,0.0,"Coordenadas 0,0"
1134146,2023,AGOSTO,JUEVES,2023-08-31,12,Vialidad,Lesiones por siniestros viales,NO,NO,,,0.0,0.0,1,0.0,0.0,"Coordenadas 0,0"
1134147,2023,AGOSTO,JUEVES,2023-08-31,9,Vialidad,Lesiones por siniestros viales,NO,NO,,,0.0,0.0,1,0.0,0.0,"Coordenadas 0,0"
1134148,2023,AGOSTO,JUEVES,2023-08-31,13,Vialidad,Lesiones por siniestros viales,NO,NO,,,0.0,0.0,1,0.0,0.0,"Coordenadas 0,0"
1134149,2023,AGOSTO,JUEVES,2023-08-31,14,Vialidad,Lesiones por siniestros viales,NO,NO,,,0.0,0.0,1,0.0,0.0,"Coordenadas 0,0"
1134150,2023,AGOSTO,JUEVES,2023-08-31,23,Vialidad,Lesiones por siniestros viales,NO,NO,,,0.0,0.0,1,0.0,0.0,"Coordenadas 0,0"
1134151,2023,SEPTIEMBRE,VIERNES,2023-09-01,8,Vialidad,Lesiones por siniestros viales,NO,NO,,,0.0,0.0,1,0.0,0.0,"Coordenadas 0,0"
1134152,2023,SEPTIEMBRE,SABADO,2023-09-02,11,Vialidad,Lesiones por siniestros viales,NO,NO,,,0.0,0.0,1,0.0,0.0,"Coordenadas 0,0"
1134153,2023,SEPTIEMBRE,SABADO,2023-09-02,15,Vialidad,Lesiones por siniestros viales,NO,NO,,,0.0,0.0,1,0.0,0.0,"Coordenadas 0,0"
1134154,2023,SEPTIEMBRE,DOMINGO,2023-09-03,9,Vialidad,Lesiones por siniestros viales,NO,NO,,,0.0,0.0,1,0.0,0.0,"Coordenadas 0,0"
1134155,2023,SEPTIEMBRE,DOMINGO,2023-09-03,9,Vialidad,Lesiones por siniestros viales,NO,NO,,,0.0,0.0,1,0.0,0.0,"Coordenadas 0,0"
1134156,2023,SEPTIEMBRE,LUNES,2023-09-04,9,Vialidad,Lesiones por siniestros viales,NO,NO,,,0.0,0.0,1,0.0,0.0,"Coordenadas 0,0"
1134157,2023,SEPTIEMBRE,LUNES,2023-09-04,13,Vialidad,Lesiones por siniestros viales,NO,NO,,,0.0,0.0,1,0.0,0.0,"Coordenadas 0,0"
1134158,2023,SEPTIEMBRE,LUNES,2023-09-04,12,Vialidad,Lesiones por siniestros viales,NO,NO,,,0.0,0.0,1,0.0,0.0,"Coordenadas 0,0"
1134159,2023,SEPTIEMBRE,LUNES,2023-09-04,15,Vialidad,Lesiones por siniestros viales,NO,NO,,,0.0,0.0,1,0.0,0.0,"Coordenadas 0,0"
1134160,2023,SEPTIEMBRE,LUNES,2023-09-04,19,Vialidad,Lesiones por siniestros viales,NO,NO,,,0.0,0.0,1,0.0,0.0,"Coordenadas 0,0"
1134161,2023,SEPTIEMBRE,LUNES,2023-09-04,23,Vialidad,Lesiones por siniestros viales,NO,NO,,,0.0,0.0,1,0.0,0.0,"Coordenadas 0,0"
1134162,2023,SEPTIEMBRE,MARTES,2023-09-05,3,Vialidad,Lesiones por siniestros viales,NO,NO,,,0.0,0.0,1,0.0,0.0,"Coordenadas 0,0"
1134163,2023,SEPTIEMBRE,MARTES,2023-09-05,13,Vialidad,Lesiones por siniestros viales,NO,NO,,,0.0,0.0,1,0.0,0.0,"Coordenadas 0,0"
1134164,2023,SEPTIEMBRE,MARTES,2023-09-05,13,Vialidad,Lesiones por siniestros viales,NO,NO,,,0.0,0.0,1,0.0,0.0,"Coordenadas 0,0"
1134165,2023,SEPTIEMBRE,MARTES,2023-09-05,20,Vialidad,Lesiones por siniestros viales,NO,NO,,,0.0,0.0,1,0.0,0.0,"Coordenadas 0,0"
1134166,2023,SEPTIEMBRE,MARTES,2023-09-05,22,Vialidad,Lesiones por siniestros viales,NO,NO,,,0.0,0.0,1,0.0,0.0,"Coordenadas 0,0"
1134167,2023,SEPTIEMBRE,MIERCOLES,2023-09-06,16,Vialidad,Lesiones por siniestros viales,NO,NO,,,0.0,0.0,1,0.0,0.0,"Coordenadas 0,0"
1134168,2023,SEPTIEMBRE,MIERCOLES,2023-09-06,20,Vialidad,Lesiones por siniestros viales,NO,NO,,,0.0,0.0,1,0.0,0.0,"Coordenadas 0,0"
1134169,2023,SEPTIEMBRE,JUEVES,2023-09-07,4,Vialidad,Lesiones por siniestros viales,NO,NO,,,0.0,0.0,1,0.0,0.0,"Coordenadas 0,0"
1134170,2023,SEPTIEMBRE,JUEVES,2023-09-07,20,Vialidad,Lesiones por siniestros viales,NO,NO,,,0.0,0.0,1,0.0,0.0,"Coordenadas 0,0"
1134171,2023,SEPTIEMBRE,VIERNES,2023-09-08,8,Vialidad,Lesiones por siniestros viales,NO,NO,,,0.0,0.0,1,0.0,0.0,"Coordenadas 0,0"
1134172,2023,SEPTIEMBRE,SABADO,2023-09-09,2,Vialidad,Lesiones por siniestros viales,NO,NO,,,0.0,0.0,1,0.0,0.0,"Coordenadas 0,0"
1134173,2023,SEPTIEMBRE,SABADO,2023-09-09,11,Vialidad,Lesiones por siniestros viales,NO,NO,,,0.0,0.0,1,0.0,0.0,"Coordenadas 0,0"
1134174,2023,SEPTIEMBRE,VIERNES,2023-09-08,23,Vialidad,Lesiones por siniestros viales,NO,NO,,,0.0,0.0,1,0.0,0.0,"Coordenadas 0,0"
1134175,2023,SEPTIEMBRE,LUNES,2023-09-11,1,Vialidad,Lesiones por siniestros viales,NO,NO,,,0.0,0.0,1,0.0,0.0,"Coordenadas 0,0"
1134176,2023,SEPTIEMBRE,LUNES,2023-09-11,2,Vialidad,Lesiones por siniestros viales,NO,NO,,,0.0,0.0,1,0.0,0.0,"Coordenadas 0,0"
1134177,2023,SEPTIEMBRE,LUNES,2023-09-11,19,Vialidad,Lesiones por siniestros viales,NO,NO,,,0.0,0.0,1,0.0,0.0,"Coordenadas 0,0"
1134178,2023,SEPTIEMBRE,MARTES,2023-09-12,12,Vialidad,Lesiones por siniestros viales,NO,NO,,,0.0,0.0,1,0.0,0.0,"Coordenadas 0,0"
1134179,2023,SEPTIEMBRE,VIERNES,2023-09-08,7,Vialidad,Lesiones por siniestros viales,NO,NO,,,0.0,0.0,1,0.0,0.0,"Coordenadas 0,0"
1134180,2023,SEPTIEMBRE,MIERCOLES,2023-09-13,9,Vialidad,Lesiones por siniestros viales,NO,NO,,,0.0,0.0,1,0.0,0.0,"Coordenadas 0,0"
1134181,2023,SEPTIEMBRE,MIERCOLES,2023-09-13,8,Vialidad,Lesiones por siniestros viales,NO,NO,,,0.0,0.0,1,0.0,0.0,"Coordenadas 0,0"
1134182,2023,SEPTIEMBRE,MIERCOLES,2023-09-13,12,Vialidad,Lesiones por siniestros viales,NO,NO,,,0.0,0.0,1,0.0,0.0,"Coordenadas 0,0"
1134183,2023,SEPTIEMBRE,MIERCOLES,2023-09-13,13,Vialidad,Lesiones por siniestros viales,NO,NO,,,0.0,0.0,1,0.0,0.0,"Coordenadas 0,0"
1134184,2023,SEPTIEMBRE,MIERCOLES,2023-09-13,18,Vialidad,Lesiones por siniestros viales,NO,NO,,,0.0,0.0,1,0.0,0.0,"Coordenadas 0,0"
1134185,2023,SEPTIEMBRE,MIERCOLES,2023-09-13,18,Vialidad,Lesiones por siniestros viales,NO,NO,,,0.0,0.0,1,0.0,0.0,"Coordenadas 0,0"
1134186,2023,SEPTIEMBRE,JUEVES,2023-09-14,9,Vialidad,Lesiones por siniestros viales,NO,NO,,,0.0,0.0,1,0.0,0.0,"Coordenadas 0,0"
1134187,2023,SEPTIEMBRE,JUEVES,2023-09-14,9,Vialidad,Lesiones por siniestros viales,NO,NO,,,0.0,0.0,1,0.0,0.0,"Coordenadas 0,0"
1134188,2023,SEPTIEMBRE,JUEVES,2023-09-14,10,Vialidad,Lesiones por siniestros viales,NO,NO,,,0.0,0.0,1,0.0,0.0,"Coordenadas 0,0"
1134189,2023,SEPTIEMBRE,JUEVES,2023-09-14,18,Vialidad,Lesiones por siniestros viales,NO,NO,,,0.0,0.0,1,0.0,0.0,"Coordenadas 0,0"
1134190,2023,SEPTIEMBRE,VIERNES,2023-09-15,9,Vialidad,Lesiones por siniestros viales,NO,NO,,,0.0,0.0,1,0.0,0.0,"Coordenadas 0,0"
1134191,2023,SEPTIEMBRE,VIERNES,2023-09-15,10,Vialidad,Lesiones por siniestros viales,NO,NO,,,0.0,0.0,1,0.0,0.0,"Coordenadas 0,0"
1134192,2023,SEPTIEMBRE,VIERNES,2023-09-15,12,Vialidad,Lesiones por siniestros viales,NO,NO,,,0.0,0.0,1,0.0,0.0,"Coordenadas 0,0"
1134193,2023,SEPTIEMBRE,JUEVES,2023-09-14,17,Vialidad,Lesiones por siniestros viales,NO,NO,,,0.0,0.0,1,0.0,0.0,"Coordenadas 0,0"
1134194,2023,SEPTIEMBRE,VIERNES,2023-09-15,19,Vialidad,Lesiones por siniestros viales,NO,NO,,,0.0,0.0,1,0.0,0.0,"Coordenadas 0,0"
1134195,2023,SEPTIEMBRE,SABADO,2023-09-16,13,Vialidad,Lesiones por siniestros viales,NO,NO,,,0.0,0.0,1,0.0,0.0,"Coordenadas 0,0"
1134196,2023,SEPTIEMBRE,SABADO,2023-09-16,22,Vialidad,Lesiones por siniestros viales,NO,NO,,,0.0,0.0,1,0.0,0.0,"Coordenadas 0,0"
1134197,2023,SEPTIEMBRE,DOMINGO,2023-09-17,12,Vialidad,Lesiones por siniestros viales,NO,NO,,,0.0,0.0,1,0.0,0.0,"Coordenadas 0,0"
1134198,2023,SEPTIEMBRE,LUNES,2023-09-18,18,Vialidad,Lesiones por siniestros viales,NO,NO,,,0.0,0.0,1,0.0,0.0,"Coordenadas 0,0"
1134199,2023,SEPTIEMBRE,LUNES,2023-09-18,18,Vialidad,Lesiones por siniestros viales,NO,NO,,,0.0,0.0,1,0.0,0.0,"Coordenadas 0,0"
1134200,2023,SEPTIEMBRE,LUNES,2023-09-18,14,Vialidad,Lesiones por siniestros viales,NO,NO,,,0.0,0.0,1,0.0,0.0,"Coordenadas 0,0"
1134201,2023,SEPTIEMBRE,LUNES,2023-09-18,19,Vialidad,Lesiones por siniestros viales,NO,NO,,,0.0,0.0,1,0.0,0.0,"Coordenadas 0,0"
1134202,2023,SEPTIEMBRE,LUNES,2023-09-18,15,Vialidad,Lesiones por siniestros viales,NO,NO,,,0.0,0.0,1,0.0,0.0,"Coordenadas 0,0"
1134203,2023,SEPTIEMBRE,MARTES,2023-09-19,8,Vialidad,Lesiones por siniestros viales,NO,NO,,,0.0,0.0,1,0.0,0.0,"Coordenadas 0,0"
1134204,2023,SEPTIEMBRE,MARTES,2023-09-19,11,Vialidad,Lesiones por siniestros viales,NO,NO,,,0.0,0.0,1,0.0,0.0,"Coordenadas 0,0"
1134205,2023,SEPTIEMBRE,LUNES,2023-09-18,9,Vialidad,Lesiones por siniestros viales,NO,NO,,,0.0,0.0,1,0.0,0.0,"Coordenadas 0,0"
1134206,2023,SEPTIEMBRE,MARTES,2023-09-19,14,Vialidad,Lesiones por siniestros viales,NO,NO,,,0.0,0.0,1,0.0,0.0,"Coordenadas 0,0"
1134207,2023,ABRIL,DOMINGO,2023-04-02,8,Vialidad,Lesiones por siniestros viales,NO,NO,,,0.0,0.0,1,0.0,0.0,"Coordenadas 0,0"
1134208,2023,SEPTIEMBRE,MARTES,2023-09-19,14,Vialidad,Lesiones por siniestros viales,NO,NO,,,0.0,0.0,1,0.0,0.0,"Coordenadas 0,0"
1134209,2023,SEPTIEMBRE,MARTES,2023-09-19,15,Vialidad,Lesiones por siniestros viales,NO,NO,,,0.0,0.0,1,0.0,0.0,"Coordenadas 0,0"
1134210,2023,SEPTIEMBRE,MARTES,2023-09-19,15,Vialidad,Lesiones por siniestros viales,NO,NO,,,0.0,0.0,1,0.0,0.0,"Coordenadas 0,0"
1134211,2023,SEPTIEMBRE,MIERCOLES,2023-09-20,2,Vialidad,Lesiones por siniestros viales,NO,NO,,,0.0,0.0,1,0.0,0.0,"Coordenadas 0,0"
1134212,2023,SEPTIEMBRE,MIERCOLES,2023-09-20,10,Vialidad,Lesiones por siniestros viales,NO,NO,,,0.0,0.0,1,0.0,0.0,"Coordenadas 0,0"
1134213,2023,SEPTIEMBRE,MIERCOLES,2023-09-20,14,Vialidad,Lesiones por siniestros viales,NO,NO,,,0.0,0.0,1,0.0,0.0,"Coordenadas 0,0"
1134214,2023,SEPTIEMBRE,MIERCOLES,2023-09-20,15,Vialidad,Lesiones por siniestros viales,NO,NO,,,0.0,0.0,1,0.0,0.0,"Coordenadas 0,0"
1134215,2023,SEPTIEMBRE,MIERCOLES,2023-09-20,18,Vialidad,Lesiones por siniestros viales,NO,NO,,,0.0,0.0,1,0.0,0.0,"Coordenadas 0,0"
1134216,2023,SEPTIEMBRE,JUEVES,2023-09-21,3,Vialidad,Lesiones por siniestros viales,NO,NO,,,0.0,0.0,1,0.0,0.0,"Coordenadas 0,0"
1134217,2023,SEPTIEMBRE,MIERCOLES,2023-09-20,12,Vialidad,Lesiones por siniestros viales,NO,NO,,,0.0,0.0,1,0.0,0.0,"Coordenadas 0,0"
1134218,2023,SEPTIEMBRE,JUEVES,2023-09-21,11,Vialidad,Lesiones por siniestros viales,NO,NO,,,0.0,0.0,1,0.0,0.0,"Coordenadas 0,0"
1134219,2023,SEPTIEMBRE,JUEVES,2023-09-21,20,Vialidad,Lesiones por siniestros viales,NO,NO,,,0.0,0.0,1,0.0,0.0,"Coordenadas 0,0"
1134220,2023,SEPTIEMBRE,VIERNES,2023-09-22,2,Vialidad,Lesiones por siniestros viales,NO,NO,,,0.0,0.0,1,0.0,0.0,"Coordenadas 0,0"
1134221,2023,SEPTIEMBRE,VIERNES,2023-09-22,13,Vialidad,Lesiones por siniestros viales,NO,NO,,,0.0,0.0,1,0.0,0.0,"Coordenadas 0,0"
1134222,2023,SEPTIEMBRE,VIERNES,2023-09-22,20,Vialidad,Lesiones por siniestros viales,NO,NO,,,0.0,0.0,1,0.0,0.0,"Coordenadas 0,0"
1134223,2023,SEPTIEMBRE,SABADO,2023-09-23,2,Vialidad,Lesiones por siniestros viales,NO,NO,,,0.0,0.0,1,0.0,0.0,"Coordenadas 0,0"
1134224,2023,SEPTIEMBRE,SABADO,2023-09-23,2,Vialidad,Lesiones por siniestros viales,NO,NO,,,0.0,0.0,1,0.0,0.0,"Coordenadas 0,0"
1134225,2023,SEPTIEMBRE,SABADO,2023-09-23,10,Vialidad,Lesiones por siniestros viales,NO,NO,,,0.0,0.0,1,0.0,0.0,"Coordenadas 0,0"
1134226,2023,SEPTIEMBRE,SABADO,2023-09-23,19,Vialidad,Lesiones por siniestros viales,NO,NO,,,0.0,0.0,1,0.0,0.0,"Coordenadas 0,0"
1134227,2023,SEPTIEMBRE,DOMINGO,2023-09-24,1,Vialidad,Lesiones por siniestros viales,NO,NO,,,0.0,0.0,1,0.0,0.0,"Coordenadas 0,0"
1134228,2023,SEPTIEMBRE,DOMINGO,2023-09-24,8,Vialidad,Lesiones por siniestros viales,NO,NO,,,0.0,0.0,1,0.0,0.0,"Coordenadas 0,0"
1134229,2023,SEPTIEMBRE,LUNES,2023-09-25,7,Vialidad,Lesiones por siniestros viales,NO,NO,,,0.0,0.0,1,0.0,0.0,"Coordenadas 0,0"
1134230,2023,SEPTIEMBRE,LUNES,2023-09-25,7,Vialidad,Lesiones por siniestros viales,NO,NO,,,0.0,0.0,1,0.0,0.0,"Coordenadas 0,0"
1134231,2023,SEPTIEMBRE,LUNES,2023-09-25,16,Vialidad,Lesiones por siniestros viales,NO,NO,,,0.0,0.0,1,0.0,0.0,"Coordenadas 0,0"
1134232,2023,SEPTIEMBRE,MARTES,2023-09-26,11,Vialidad,Lesiones por siniestros viales,NO,NO,,,0.0,0.0,1,0.0,0.0,"Coordenadas 0,0"
1134233,2023,SEPTIEMBRE,LUNES,2023-09-25,6,Vialidad,Lesiones por siniestros viales,NO,NO,,,0.0,0.0,1,0.0,0.0,"Coordenadas 0,0"
1134234,2023,SEPTIEMBRE,MARTES,2023-09-26,16,Vialidad,Lesiones por siniestros viales,NO,NO,,,0.0,0.0,1,0.0,0.0,"Coordenadas 0,0"
1134235,2023,SEPTIEMBRE,MARTES,2023-09-26,22,Vialidad,Lesiones por siniestros viales,NO,NO,,,0.0,0.0,1,0.0,0.0,"Coordenadas 0,0"
1134236,2023,SEPTIEMBRE,MIERCOLES,2023-09-27,8,Vialidad,Lesiones por siniestros viales,NO,NO,,,0.0,0.0,1,0.0,0.0,"Coordenadas 0,0"
1134237,2023,SEPTIEMBRE,MIERCOLES,2023-09-27,10,Vialidad,Lesiones por siniestros viales,NO,NO,,,0.0,0.0,1,0.0,0.0,"Coordenadas 0,0"
1134238,2023,SEPTIEMBRE,MIERCOLES,2023-09-27,14,Vialidad,Lesiones por siniestros viales,NO,NO,,,0.0,0.0,1,0.0,0.0,"Coordenadas 0,0"
1134239,2023,SEPTIEMBRE,MIERCOLES,2023-09-27,17,Vialidad,Lesiones por siniestros viales,NO,NO,,,0.0,0.0,1,0.0,0.0,"Coordenadas 0,0"
1134240,2023,SEPTIEMBRE,MIERCOLES,2023-09-27,19,Vialidad,Lesiones por siniestros viales,NO,NO,,,0.0,0.0,1,0.0,0.0,"Coordenadas 0,0"
1134241,2023,SEPTIEMBRE,MIERCOLES,2023-09-27,22,Vialidad,Lesiones por siniestros viales,NO,NO,,,0.0,0.0,1,0.0,0.0,"Coordenadas 0,0"
1134242,2023,SEPTIEMBRE,JUEVES,2023-09-28,15,Vialidad,Lesiones por siniestros viales,NO,NO,,,0.0,0.0,1,0.0,0.0,"Coordenadas 0,0"
1134243,2023,SEPTIEMBRE,JUEVES,2023-09-28,15,Vialidad,Lesiones por siniestros viales,NO,NO,,,0.0,0.0,1,0.0,0.0,"Coordenadas 0,0"
1134244,2023,SEPTIEMBRE,JUEVES,2023-09-28,22,Vialidad,Lesiones por siniestros viales,NO,NO,,,0.0,0.0,1,0.0,0.0,"Coordenadas 0,0"
1134245,2023,SEPTIEMBRE,JUEVES,2023-09-28,22,Vialidad,Lesiones por siniestros viales,NO,NO,,,0.0,0.0,1,0.0,0.0,"Coordenadas 0,0"
1134246,2023,SEPTIEMBRE,JUEVES,2023-09-28,23,Vialidad,Lesiones por siniestros viales,NO,NO,,,0.0,0.0,1,0.0,0.0,"Coordenadas 0,0"
1134247,2023,SEPTIEMBRE,VIERNES,2023-09-29,19,Vialidad,Lesiones por siniestros viales,NO,NO,,,0.0,0.0,1,0.0,0.0,"Coordenadas 0,0"
1134248,2023,SEPTIEMBRE,SABADO,2023-09-30,5,Vialidad,Lesiones por siniestros viales,NO,NO,,,0.0,0.0,1,0.0,0.0,"Coordenadas 0,0"
1134249,2023,SEPTIEMBRE,SABADO,2023-09-30,5,Vialidad,Lesiones por siniestros viales,NO,NO,,,0.0,0.0,1,0.0,0.0,"Coordenadas 0,0"
1134250,2023,SEPTIEMBRE,SABADO,2023-09-30,19,Vialidad,Lesiones por siniestros viales,NO,NO,,,0.0,0.0,1,0.0,0.0,"Coordenadas 0,0"
1134251,2023,SEPTIEMBRE,SABADO,2023-09-30,19,Vialidad,Lesiones por siniestros viales,NO,NO,,,0.0,0.0,1,0.0,0.0,"Coordenadas 0,0"
1134252,2023,AGOSTO,VIERNES,2023-08-25,2,Vialidad,Lesiones por siniestros viales,NO,NO,,,0.0,0.0,1,0.0,0.0,"Coordenadas 0,0"
1134253,2023,ABRIL,SABADO,2023-04-01,11,Vialidad,Lesiones por siniestros viales,NO,NO,,,0.0,0.0,1,0.0,0.0,"Coordenadas 0,0"
1134254,2023,ABRIL,SABADO,2023-04-01,14,Vialidad,Lesiones por siniestros viales,NO,NO,,,0.0,0.0,1,0.0,0.0,"Coordenadas 0,0"
1134255,2023,ABRIL,SABADO,2023-04-01,14,Vialidad,Lesiones por siniestros viales,NO,NO,,,0.0,0.0,1,0.0,0.0,"Coordenadas 0,0"
1134256,2023,ABRIL,SABADO,2023-04-01,16,Vialidad,Lesiones por siniestros viales,NO,NO,,,0.0,0.0,1,0.0,0.0,"Coordenadas 0,0"
1134257,2023,ABRIL,DOMINGO,2023-04-02,22,Vialidad,Lesiones por siniestros viales,NO,NO,,,0.0,0.0,1,0.0,0.0,"Coordenadas 0,0"
1134258,2023,ABRIL,DOMINGO,2023-04-02,22,Vialidad,Lesiones por siniestros viales,NO,NO,,,0.0,0.0,1,0.0,0.0,"Coordenadas 0,0"
1134259,2023,ABRIL,LUNES,2023-04-03,1,Vialidad,Lesiones por siniestros viales,NO,NO,,,0.0,0.0,1,0.0,0.0,"Coordenadas 0,0"
1134260,2023,ABRIL,LUNES,2023-04-03,14,Vialidad,Lesiones por siniestros viales,NO,NO,,,0.0,0.0,1,0.0,0.0,"Coordenadas 0,0"
1134261,2023,ABRIL,MARTES,2023-04-04,10,Vialidad,Lesiones por siniestros viales,NO,NO,,,0.0,0.0,1,0.0,0.0,"Coordenadas 0,0"
1134262,2023,ABRIL,MARTES,2023-04-04,22,Vialidad,Lesiones por siniestros viales,NO,NO,,,0.0,0.0,1,0.0,0.0,"Coordenadas 0,0"
1134263,2023,ABRIL,MARTES,2023-04-04,22,Vialidad,Lesiones por siniestros viales,NO,NO,,,0.0,0.0,1,0.0,0.0,"Coordenadas 0,0"
1134264,2023,ABRIL,MIERCOLES,2023-04-05,8,Vialidad,Lesiones por siniestros viales,NO,NO,,,0.0,0.0,1,0.0,0.0,"Coordenadas 0,0"
1134265,2023,ABRIL,MIERCOLES,2023-04-05,15,Vialidad,Lesiones por siniestros viales,NO,NO,,,0.0,0.0,1,0.0,0.0,"Coordenadas 0,0"
1134266,2023,ABRIL,MIERCOLES,2023-04-05,16,Vialidad,Lesiones por siniestros viales,NO,NO,,,0.0,0.0,1,0.0,0.0,"Coordenadas 0,0"
1134267,2023,ABRIL,MIERCOLES,2023-04-05,16,Vialidad,Lesiones por siniestros viales,NO,NO,,,0.0,0.0,1,0.0,0.0,"Coordenadas 0,0"
1134268,2023,ABRIL,MIERCOLES,2023-04-05,16,Vialidad,Lesiones por siniestros viales,NO,NO,,,0.0,0.0,1,0.0,0.0,"Coordenadas 0,0"
1134269,2023,ABRIL,MIERCOLES,2023-04-05,20,Vialidad,Lesiones por siniestros viales,NO,NO,,,0.0,0.0,1,0.0,0.0,"Coordenadas 0,0"
1134270,2023,ABRIL,MIERCOLES,2023-04-05,20,Vialidad,Lesiones por siniestros viales,NO,NO,,,0.0,0.0,1,0.0,0.0,"Coordenadas 0,0"
1134271,2023,ABRIL,MIERCOLES,2023-04-05,23,Vialidad,Lesiones por siniestros viales,NO,NO,,,0.0,0.0,1,0.0,0.0,"Coordenadas 0,0"
1134272,2023,ABRIL,JUEVES,2023-04-06,3,Vialidad,Lesiones por siniestros viales,NO,NO,,,0.0,0.0,1,0.0,0.0,"Coordenadas 0,0"
1134273,2023,ABRIL,JUEVES,2023-04-06,9,Vialidad,Lesiones por siniestros viales,NO,NO,,,0.0,0.0,1,0.0,0.0,"Coordenadas 0,0"
1134274,2023,ABRIL,JUEVES,2023-04-06,13,Vialidad,Lesiones por siniestros viales,NO,NO,,,0.0,0.0,1,0.0,0.0,"Coordenadas 0,0"
1134275,2023,ABRIL,VIERNES,2023-04-07,12,Vialidad,Lesiones por siniestros viales,NO,NO,,,0.0,0.0,1,0.0,0.0,"Coordenadas 0,0"
1134276,2023,ABRIL,SABADO,2023-04-08,8,Vialidad,Lesiones por siniestros viales,NO,NO,,,0.0,0.0,1,0.0,0.0,"Coordenadas 0,0"
1134277,2023,ABRIL,SABADO,2023-04-08,14,Vialidad,Lesiones por siniestros viales,NO,NO,,,0.0,0.0,1,0.0,0.0,"Coordenadas 0,0"
1134278,2023,ABRIL,SABADO,2023-04-08,18,Vialidad,Lesiones por siniestros viales,NO,NO,,,0.0,0.0,1,0.0,0.0,"Coordenadas 0,0"
1134279,2023,ABRIL,SABADO,2023-04-08,18,Vialidad,Lesiones por siniestros viales,NO,NO,,,0.0,0.0,1,0.0,0.0,"Coordenadas 0,0"
1134280,2023,ABRIL,SABADO,2023-04-08,20,Vialidad,Lesiones por siniestros viales,NO,NO,,,0.0,0.0,1,0.0,0.0,"Coordenadas 0,0"
1134281,2023,ABRIL,SABADO,2023-04-08,22,Vialidad,Lesiones por siniestros viales,NO,NO,,,0.0,0.0,1,0.0,0.0,"Coordenadas 0,0"
1134282,2023,ABRIL,SABADO,2023-04-08,21,Vialidad,Lesiones por siniestros viales,NO,NO,,,0.0,0.0,1,0.0,0.0,"Coordenadas 0,0"
1134283,2023,ABRIL,SABADO,2023-04-08,22,Vialidad,Lesiones por siniestros viales,NO,NO,,,0.0,0.0,1,0.0,0.0,"Coordenadas 0,0"
1134284,2023,ABRIL,DOMINGO,2023-04-09,0,Vialidad,Lesiones por siniestros viales,NO,NO,,,0.0,0.0,1,0.0,0.0,"Coordenadas 0,0"
1134285,2023,ABRIL,DOMINGO,2023-04-09,9,Vialidad,Lesiones por siniestros viales,NO,NO,,,0.0,0.0,1,0.0,0.0,"Coordenadas 0,0"
1134286,2023,ABRIL,DOMINGO,2023-04-09,23,Vialidad,Lesiones por siniestros viales,NO,NO,,,0.0,0.0,1,0.0,0.0,"Coordenadas 0,0"
1134287,2023,ABRIL,LUNES,2023-04-10,0,Vialidad,Lesiones por siniestros viales,NO,NO,,,0.0,0.0,1,0.0,0.0,"Coordenadas 0,0"
1134288,2023,ABRIL,LUNES,2023-04-10,8,Vialidad,Lesiones por siniestros viales,NO,NO,,,0.0,0.0,1,0.0,0.0,"Coordenadas 0,0"
1134289,2023,ABRIL,LUNES,2023-04-10,10,Vialidad,Lesiones por siniestros viales,NO,NO,,,0.0,0.0,1,0.0,0.0,"Coordenadas 0,0"
1134290,2023,ABRIL,LUNES,2023-04-10,10,Vialidad,Lesiones por siniestros viales,NO,NO,,,0.0,0.0,1,0.0,0.0,"Coordenadas 0,0"
1134291,2023,ABRIL,LUNES,2023-04-10,8,Vialidad,Lesiones por siniestros viales,NO,NO,,,0.0,0.0,1,0.0,0.0,"Coordenadas 0,0"
1134292,2023,ABRIL,LUNES,2023-04-10,12,Vialidad,Lesiones por siniestros viales,NO,NO,,,0.0,0.0,1,0.0,0.0,"Coordenadas 0,0"
1134293,2023,ABRIL,LUNES,2023-04-10,13,Vialidad,Lesiones por siniestros viales,NO,NO,,,0.0,0.0,1,0.0,0.0,"Coordenadas 0,0"
1134294,2023,ABRIL,LUNES,2023-04-10,13,Vialidad,Lesiones por siniestros viales,NO,NO,,,0.0,0.0,1,0.0,0.0,"Coordenadas 0,0"
1134295,2023,ABRIL,LUNES,2023-04-10,19,Vialidad,Lesiones por siniestros viales,NO,NO,,,0.0,0.0,1,0.0,0.0,"Coordenadas 0,0"
1134296,2023,ABRIL,LUNES,2023-04-10,19,Vialidad,Lesiones por siniestros viales,NO,NO,,,0.0,0.0,1,0.0,0.0,"Coordenadas 0,0"
1134297,2023,ABRIL,MARTES,2023-04-11,13,Vialidad,Lesiones por siniestros viales,NO,NO,,,0.0,0.0,1,0.0,0.0,"Coordenadas 0,0"
1134298,2023,ABRIL,MARTES,2023-04-11,14,Vialidad,Lesiones por siniestros viales,NO,NO,,,0.0,0.0,1,0.0,0.0,"Coordenadas 0,0"
1134299,2023,ABRIL,MARTES,2023-04-11,18,Vialidad,Lesiones por siniestros viales,NO,NO,,,0.0,0.0,1,0.0,0.0,"Coordenadas 0,0"
1134300,2023,ABRIL,MARTES,2023-04-11,18,Vialidad,Lesiones por siniestros viales,NO,NO,,,0.0,0.0,1,0.0,0.0,"Coordenadas 0,0"
1134301,2023,ABRIL,MARTES,2023-04-11,19,Vialidad,Lesiones por siniestros viales,NO,NO,,,0.0,0.0,1,0.0,0.0,"Coordenadas 0,0"
1134302,2023,ABRIL,MIERCOLES,2023-04-12,19,Vialidad,Lesiones por siniestros viales,NO,NO,,,0.0,0.0,1,0.0,0.0,"Coordenadas 0,0"
1134303,2023,ABRIL,MIERCOLES,2023-04-12,20,Vialidad,Lesiones por siniestros viales,NO,NO,,,0.0,0.0,1,0.0,0.0,"Coordenadas 0,0"
1134304,2023,ABRIL,LUNES,2023-04-03,15,Vialidad,Lesiones por siniestros viales,NO,NO,,,0.0,0.0,1,0.0,0.0,"Coordenadas 0,0"
1134305,2023,ABRIL,JUEVES,2023-04-13,16,Vialidad,Lesiones por siniestros viales,NO,NO,,,0.0,0.0,1,0.0,0.0,"Coordenadas 0,0"
1134306,2023,ABRIL,MIERCOLES,2023-04-05,19,Vialidad,Lesiones por siniestros viales,NO,NO,,,0.0,0.0,1,0.0,0.0,"Coordenadas 0,0"
1134307,2023,ABRIL,JUEVES,2023-04-13,17,Vialidad,Lesiones por siniestros viales,NO,NO,,,0.0,0.0,1,0.0,0.0,"Coordenadas 0,0"
1134308,2023,ABRIL,JUEVES,2023-04-13,18,Vialidad,Lesiones por siniestros viales,NO,NO,,,0.0,0.0,1,0.0,0.0,"Coordenadas 0,0"
1134309,2023,ABRIL,JUEVES,2023-04-13,18,Vialidad,Lesiones por siniestros viales,NO,NO,,,0.0,0.0,1,0.0,0.0,"Coordenadas 0,0"
1134310,2023,ABRIL,VIERNES,2023-04-14,7,Vialidad,Lesiones por siniestros viales,NO,NO,,,0.0,0.0,1,0.0,0.0,"Coordenadas 0,0"
1134311,2023,ABRIL,MARTES,2023-04-11,15,Vialidad,Lesiones por siniestros viales,NO,NO,,,0.0,0.0,1,0.0,0.0,"Coordenadas 0,0"
1134312,2023,ABRIL,JUEVES,2023-04-13,16,Vialidad,Lesiones por siniestros viales,NO,NO,,,0.0,0.0,1,0.0,0.0,"Coordenadas 0,0"
1134313,2023,ABRIL,VIERNES,2023-04-14,21,Vialidad,Lesiones por siniestros viales,NO,NO,,,0.0,0.0,1,0.0,0.0,"Coordenadas 0,0"
1134314,2023,ABRIL,SABADO,2023-04-15,0,Vialidad,Lesiones por siniestros viales,NO,NO,,,0.0,0.0,1,0.0,0.0,"Coordenadas 0,0"
1134315,2023,ABRIL,SABADO,2023-04-15,15,Vialidad,Lesiones por siniestros viales,NO,NO,,,0.0,0.0,1,0.0,0.0,"Coordenadas 0,0"
1134316,2023,ABRIL,SABADO,2023-04-15,12,Vialidad,Lesiones por siniestros viales,NO,NO,,,0.0,0.0,1,0.0,0.0,"Coordenadas 0,0"
1134317,2023,ABRIL,SABADO,2023-04-15,17,Vialidad,Lesiones por siniestros viales,NO,NO,,,0.0,0.0,1,0.0,0.0,"Coordenadas 0,0"
1134318,2023,ABRIL,SABADO,2023-04-15,18,Vialidad,Lesiones por siniestros viales,NO,NO,,,0.0,0.0,1,0.0,0.0,"Coordenadas 0,0"
1134319,2023,ABRIL,SABADO,2023-04-15,23,Vialidad,Lesiones por siniestros viales,NO,NO,,,0.0,0.0,1,0.0,0.0,"Coordenadas 0,0"
1134320,2023,ABRIL,DOMINGO,2023-04-16,0,Vialidad,Lesiones por siniestros viales,NO,NO,,,0.0,0.0,1,0.0,0.0,"Coordenadas 0,0"
1134321,2023,ABRIL,DOMINGO,2023-04-16,15,Vialidad,Lesiones por siniestros viales,NO,NO,,,0.0,0.0,1,0.0,0.0,"Coordenadas 0,0"
1134322,2023,ABRIL,DOMINGO,2023-04-16,21,Vialidad,Lesiones por siniestros viales,NO,NO,,,0.0,0.0,1,0.0,0.0,"Coordenadas 0,0"
1134323,2023,ABRIL,LUNES,2023-04-17,1,Vialidad,Lesiones por siniestros viales,NO,NO,,,0.0,0.0,1,0.0,0.0,"Coordenadas 0,0"
1134324,2023,ABRIL,LUNES,2023-04-17,15,Vialidad,Lesiones por siniestros viales,NO,NO,,,0.0,0.0,1,0.0,0.0,"Coordenadas 0,0"
1134325,2023,ABRIL,LUNES,2023-04-17,20,Vialidad,Lesiones por siniestros viales,NO,NO,,,0.0,0.0,1,0.0,0.0,"Coordenadas 0,0"
1134326,2023,ABRIL,LUNES,2023-04-17,23,Vialidad,Lesiones por siniestros viales,NO,NO,,,0.0,0.0,1,0.0,0.0,"Coordenadas 0,0"
1134327,2023,ABRIL,MARTES,2023-04-18,23,Vialidad,Lesiones por siniestros viales,NO,NO,,,0.0,0.0,1,0.0,0.0,"Coordenadas 0,0"
1134328,2023,ABRIL,MIERCOLES,2023-04-19,11,Vialidad,Lesiones por siniestros viales,NO,NO,,,0.0,0.0,1,0.0,0.0,"Coordenadas 0,0"
1134329,2023,ABRIL,MIERCOLES,2023-04-19,14,Vialidad,Lesiones por siniestros viales,NO,NO,,,0.0,0.0,1,0.0,0.0,"Coordenadas 0,0"
1134330,2023,ABRIL,MIERCOLES,2023-04-19,17,Vialidad,Lesiones por siniestros viales,NO,NO,,,0.0,0.0,1,0.0,0.0,"Coordenadas 0,0"
1134331,2023,ABRIL,MIERCOLES,2023-04-19,19,Vialidad,Lesiones por siniestros viales,NO,NO,,,0.0,0.0,1,0.0,0.0,"Coordenadas 0,0"
1134332,2023,ABRIL,MIERCOLES,2023-04-19,22,Vialidad,Lesiones por siniestros viales,NO,NO,,,0.0,0.0,1,0.0,0.0,"Coordenadas 0,0"
1134333,2023,ABRIL,JUEVES,2023-04-20,9,Vialidad,Lesiones por siniestros viales,NO,NO,,,0.0,0.0,1,0.0,0.0,"Coordenadas 0,0"
1134334,2023,ABRIL,JUEVES,2023-04-20,11,Vialidad,Lesiones por siniestros viales,NO,NO,,,0.0,0.0,1,0.0,0.0,"Coordenadas 0,0"
1134335,2023,ABRIL,JUEVES,2023-04-20,14,Vialidad,Lesiones por siniestros viales,NO,NO,,,0.0,0.0,1,0.0,0.0,"Coordenadas 0,0"
1134336,2023,ABRIL,JUEVES,2023-04-20,15,Vialidad,Lesiones por siniestros viales,NO,NO,,,0.0,0.0,1,0.0,0.0,"Coordenadas 0,0"
1134337,2023,ABRIL,JUEVES,2023-04-20,17,Vialidad,Lesiones por siniestros viales,NO,NO,,,0.0,0.0,1,0.0,0.0,"Coordenadas 0,0"
1134338,2023,ABRIL,JUEVES,2023-04-20,22,Vialidad,Lesiones por siniestros viales,NO,NO,,,0.0,0.0,1,0.0,0.0,"Coordenadas 0,0"
1134339,2023,ABRIL,VIERNES,2023-04-21,7,Vialidad,Lesiones por siniestros viales,NO,NO,,,0.0,0.0,1,0.0,0.0,"Coordenadas 0,0"
1134340,2023,ABRIL,VIERNES,2023-04-21,12,Vialidad,Lesiones por siniestros viales,NO,NO,,,0.0,0.0,1,0.0,0.0,"Coordenadas 0,0"
1134341,2023,ABRIL,VIERNES,2023-04-21,21,Vialidad,Lesiones por siniestros viales,NO,NO,,,0.0,0.0,1,0.0,0.0,"Coordenadas 0,0"
1134342,2023,ABRIL,SABADO,2023-04-22,15,Vialidad,Lesiones por siniestros viales,NO,NO,,,0.0,0.0,1,0.0,0.0,"Coordenadas 0,0"
1134343,2023,ABRIL,SABADO,2023-04-22,23,Vialidad,Lesiones por siniestros viales,NO,NO,,,0.0,0.0,1,0.0,0.0,"Coordenadas 0,0"
1134344,2023,ABRIL,DOMINGO,2023-04-23,16,Vialidad,Lesiones por siniestros viales,NO,NO,,,0.0,0.0,1,0.0,0.0,"Coordenadas 0,0"
1134345,2023,ABRIL,LUNES,2023-04-24,9,Vialidad,Lesiones por siniestros viales,NO,NO,,,0.0,0.0,1,0.0,0.0,"Coordenadas 0,0"
1134346,2023,ABRIL,LUNES,2023-04-24,11,Vialidad,Lesiones por siniestros viales,NO,NO,,,0.0,0.0,1,0.0,0.0,"Coordenadas 0,0"
1134347,2023,ABRIL,LUNES,2023-04-24,12,Vialidad,Lesiones por siniestros viales,NO,NO,,,0.0,0.0,1,0.0,0.0,"Coordenadas 0,0"
1134348,2023,ABRIL,LUNES,2023-04-24,22,Vialidad,Lesiones por siniestros viales,NO,NO,,,0.0,0.0,1,0.0,0.0,"Coordenadas 0,0"
1134349,2023,ABRIL,MARTES,2023-04-25,9,Vialidad,Lesiones por siniestros viales,NO,NO,,,0.0,0.0,1,0.0,0.0,"Coordenadas 0,0"
1134350,2023,ABRIL,MARTES,2023-04-25,10,Vialidad,Lesiones por siniestros viales,NO,NO,,,0.0,0.0,1,0.0,0.0,"Coordenadas 0,0"
1134351,2023,ABRIL,MIERCOLES,2023-04-26,11,Vialidad,Lesiones por siniestros viales,NO,NO,,,0.0,0.0,1,0.0,0.0,"Coordenadas 0,0"
1134352,2023,ABRIL,MIERCOLES,2023-04-26,13,Vialidad,Lesiones por siniestros viales,NO,NO,,,0.0,0.0,1,0.0,0.0,"Coordenadas 0,0"
1134353,2023,ABRIL,MIERCOLES,2023-04-26,17,Vialidad,Lesiones por siniestros viales,NO,NO,,,0.0,0.0,1,0.0,0.0,"Coordenadas 0,0"
1134354,2023,ABRIL,MIERCOLES,2023-04-26,20,Vialidad,Lesiones por siniestros viales,NO,NO,,,0.0,0.0,1,0.0,0.0,"Coordenadas 0,0"
1134355,2023,ABRIL,JUEVES,2023-04-27,0,Vialidad,Lesiones por siniestros viales,NO,NO,,,0.0,0.0,1,0.0,0.0,"Coordenadas 0,0"
1134356,2023,ABRIL,JUEVES,2023-04-27,7,Vialidad,Lesiones por siniestros viales,NO,NO,,,0.0,0.0,1,0.0,0.0,"Coordenadas 0,0"
1134357,2023,ABRIL,VIERNES,2023-04-28,11,Vialidad,Lesiones por siniestros viales,NO,NO,,,0.0,0.0,1,0.0,0.0,"Coordenadas 0,0"
1134358,2023,ABRIL,VIERNES,2023-04-28,13,Vialidad,Lesiones por siniestros viales,NO,NO,,,0.0,0.0,1,0.0,0.0,"Coordenadas 0,0"
1134359,2023,ABRIL,VIERNES,2023-04-28,19,Vialidad,Lesiones por siniestros viales,NO,NO,,,0.0,0.0,1,0.0,0.0,"Coordenadas 0,0"
1134360,2023,ABRIL,SABADO,2023-04-29,6,Vialidad,Lesiones por siniestros viales,NO,NO,,,0.0,0.0,1,0.0,0.0,"Coordenadas 0,0"
1134361,2023,ABRIL,SABADO,2023-04-29,18,Vialidad,Lesiones por siniestros viales,NO,NO,,,0.0,0.0,1,0.0,0.0,"Coordenadas 0,0"
1134362,2023,ABRIL,DOMINGO,2023-04-30,2,Vialidad,Lesiones por siniestros viales,NO,NO,,,0.0,0.0,1,0.0,0.0,"Coordenadas 0,0"
1134363,2023,ABRIL,DOMINGO,2023-04-30,9,Vialidad,Lesiones por siniestros viales,NO,NO,,,0.0,0.0,1,0.0,0.0,"Coordenadas 0,0"
1134364,2023,ABRIL,DOMINGO,2023-04-30,7,Vialidad,Lesiones por siniestros viales,NO,NO,,,0.0,0.0,1,0.0,0.0,"Coordenadas 0,0"
1134365,2023,ABRIL,DOMINGO,2023-04-30,19,Vialidad,Lesiones por siniestros viales,NO,NO,,,0.0,0.0,1,0.0,0.0,"Coordenadas 0,0"
1134366,2023,MAYO,LUNES,2023-05-01,4,Vialidad,Lesiones por siniestros viales,NO,NO,,,0.0,0.0,1,0.0,0.0,"Coordenadas 0,0"
1134367,2023,MAYO,LUNES,2023-05-01,13,Vialidad,Lesiones por siniestros viales,NO,NO,,,0.0,0.0,1,0.0,0.0,"Coordenadas 0,0"
1134368,2023,MAYO,LUNES,2023-05-01,17,Vialidad,Lesiones por siniestros viales,NO,NO,,,0.0,0.0,1,0.0,0.0,"Coordenadas 0,0"
1134369,2023,MAYO,MARTES,2023-05-02,10,Vialidad,Lesiones por siniestros viales,NO,NO,,,0.0,0.0,1,0.0,0.0,"Coordenadas 0,0"
1134370,2023,MAYO,MARTES,2023-05-02,16,Vialidad,Lesiones por siniestros viales,NO,NO,,,0.0,0.0,1,0.0,0.0,"Coordenadas 0,0"
1134371,2023,MAYO,MIERCOLES,2023-05-03,8,Vialidad,Lesiones por siniestros viales,NO,NO,,,0.0,0.0,1,0.0,0.0,"Coordenadas 0,0"
1134372,2023,MAYO,MIERCOLES,2023-05-03,17,Vialidad,Lesiones por siniestros viales,NO,NO,,,0.0,0.0,1,0.0,0.0,"Coordenadas 0,0"
1134373,2023,MAYO,MIERCOLES,2023-05-03,19,Vialidad,Lesiones por siniestros viales,NO,NO,,,0.0,0.0,1,0.0,0.0,"Coordenadas 0,0"
1134374,2023,MAYO,JUEVES,2023-05-04,3,Vialidad,Lesiones por siniestros viales,NO,NO,,,0.0,0.0,1,0.0,0.0,"Coordenadas 0,0"
1134375,2023,MAYO,JUEVES,2023-05-04,9,Vialidad,Lesiones por siniestros viales,NO,NO,,,0.0,0.0,1,0.0,0.0,"Coordenadas 0,0"
1134376,2023,MAYO,JUEVES,2023-05-04,15,Vialidad,Lesiones por siniestros viales,NO,NO,,,0.0,0.0,1,0.0,0.0,"Coordenadas 0,0"
1134377,2023,MAYO,JUEVES,2023-05-04,19,Vialidad,Lesiones por siniestros viales,NO,NO,,,0.0,0.0,1,0.0,0.0,"Coordenadas 0,0"
1134378,2023,MAYO,VIERNES,2023-05-05,3,Vialidad,Lesiones por siniestros viales,NO,NO,,,0.0,0.0,1,0.0,0.0,"Coordenadas 0,0"
1134379,2023,MAYO,VIERNES,2023-05-05,8,Vialidad,Lesiones por siniestros viales,NO,NO,,,0.0,0.0,1,0.0,0.0,"Coordenadas 0,0"
1134380,2023,MAYO,VIERNES,2023-05-05,12,Vialidad,Lesiones por siniestros viales,NO,NO,,,0.0,0.0,1,0.0,0.0,"Coordenadas 0,0"
1134381,2023,MAYO,MIERCOLES,2023-05-03,23,Vialidad,Lesiones por siniestros viales,NO,NO,,,0.0,0.0,1,0.0,0.0,"Coordenadas 0,0"
1134382,2023,MAYO,SABADO,2023-05-06,4,Vialidad,Lesiones por siniestros viales,NO,NO,,,0.0,0.0,1,0.0,0.0,"Coordenadas 0,0"
1134383,2023,MAYO,SABADO,2023-05-06,10,Vialidad,Lesiones por siniestros viales,NO,NO,,,0.0,0.0,1,0.0,0.0,"Coordenadas 0,0"
1134384,2023,MAYO,SABADO,2023-05-06,13,Vialidad,Lesiones por siniestros viales,NO,NO,,,0.0,0.0,1,0.0,0.0,"Coordenadas 0,0"
1134385,2023,MAYO,SABADO,2023-05-06,21,Vialidad,Lesiones por siniestros viales,NO,NO,,,0.0,0.0,1,0.0,0.0,"Coordenadas 0,0"
1134386,2023,MAYO,DOMINGO,2023-05-07,4,Vialidad,Lesiones por siniestros viales,NO,NO,,,0.0,0.0,1,0.0,0.0,"Coordenadas 0,0"
1134387,2023,MAYO,DOMINGO,2023-05-07,7,Vialidad,Lesiones por siniestros viales,NO,NO,,,0.0,0.0,1,0.0,0.0,"Coordenadas 0,0"
1134388,2023,MAYO,DOMINGO,2023-05-07,11,Vialidad,Lesiones por siniestros viales,NO,NO,,,0.0,0.0,1,0.0,0.0,"Coordenadas 0,0"
1134389,2023,MAYO,DOMINGO,2023-05-07,17,Vialidad,Lesiones por siniestros viales,NO,NO,,,0.0,0.0,1,0.0,0.0,"Coordenadas 0,0"
1134390,2023,MAYO,LUNES,2023-05-08,2,Vialidad,Lesiones por siniestros viales,NO,NO,,,0.0,0.0,1,0.0,0.0,"Coordenadas 0,0"
1134391,2023,MAYO,LUNES,2023-05-08,16,Vialidad,Lesiones por siniestros viales,NO,NO,,,0.0,0.0,1,0.0,0.0,"Coordenadas 0,0"
1134392,2023,MAYO,JUEVES,2023-05-04,13,Vialidad,Lesiones por siniestros viales,NO,NO,,,0.0,0.0,1,0.0,0.0,"Coordenadas 0,0"
1134393,2023,MAYO,MARTES,2023-05-09,15,Vialidad,Lesiones por siniestros viales,NO,NO,,,0.0,0.0,1,0.0,0.0,"Coordenadas 0,0"
1134394,2023,MAYO,MARTES,2023-05-09,13,Vialidad,Lesiones por siniestros viales,NO,NO,,,0.0,0.0,1,0.0,0.0,"Coordenadas 0,0"
1134395,2023,MAYO,MIERCOLES,2023-05-10,13,Vialidad,Lesiones por siniestros viales,NO,NO,,,0.0,0.0,1,0.0,0.0,"Coordenadas 0,0"
1134396,2023,MAYO,MIERCOLES,2023-05-10,13,Vialidad,Lesiones por siniestros viales,NO,NO,,,0.0,0.0,1,0.0,0.0,"Coordenadas 0,0"
1134397,2023,MAYO,JUEVES,2023-05-11,7,Vialidad,Lesiones por siniestros viales,NO,NO,,,0.0,0.0,1,0.0,0.0,"Coordenadas 0,0"
1134398,2023,MAYO,JUEVES,2023-05-11,10,Vialidad,Lesiones por siniestros viales,NO,NO,,,0.0,0.0,1,0.0,0.0,"Coordenadas 0,0"
1134399,2023,MAYO,JUEVES,2023-05-11,14,Vialidad,Lesiones por siniestros viales,NO,NO,,,0.0,0.0,1,0.0,0.0,"Coordenadas 0,0"
1134400,2023,MAYO,JUEVES,2023-05-11,18,Vialidad,Lesiones por siniestros viales,NO,NO,,,0.0,0.0,1,0.0,0.0,"Coordenadas 0,0"
1134401,2023,MAYO,VIERNES,2023-05-12,0,Vialidad,Lesiones por siniestros viales,NO,NO,,,0.0,0.0,1,0.0,0.0,"Coordenadas 0,0"
1134402,2023,MAYO,VIERNES,2023-05-12,10,Vialidad,Lesiones por siniestros viales,NO,NO,,,0.0,0.0,1,0.0,0.0,"Coordenadas 0,0"
1134403,2023,MAYO,VIERNES,2023-05-12,12,Vialidad,Lesiones por siniestros viales,NO,NO,,,0.0,0.0,1,0.0,0.0,"Coordenadas 0,0"
1134404,2023,MAYO,VIERNES,2023-05-12,15,Vialidad,Lesiones por siniestros viales,NO,NO,,,0.0,0.0,1,0.0,0.0,"Coordenadas 0,0"
1134405,2023,MAYO,VIERNES,2023-05-12,14,Vialidad,Lesiones por siniestros viales,NO,NO,,,0.0,0.0,1,0.0,0.0,"Coordenadas 0,0"
1134406,2023,MAYO,VIERNES,2023-05-12,16,Vialidad,Lesiones por siniestros viales,NO,NO,,,0.0,0.0,1,0.0,0.0,"Coordenadas 0,0"
1134407,2023,MAYO,VIERNES,2023-05-12,17,Vialidad,Lesiones por siniestros viales,NO,NO,,,0.0,0.0,1,0.0,0.0,"Coordenadas 0,0"
1134408,2023,MAYO,VIERNES,2023-05-12,17,Vialidad,Lesiones por siniestros viales,NO,NO,,,0.0,0.0,1,0.0,0.0,"Coordenadas 0,0"
1134409,2023,MAYO,VIERNES,2023-05-12,16,Vialidad,Lesiones por siniestros viales,NO,NO,,,0.0,0.0,1,0.0,0.0,"Coordenadas 0,0"
1134410,2023,MAYO,VIERNES,2023-05-12,23,Vialidad,Lesiones por siniestros viales,NO,NO,,,0.0,0.0,1,0.0,0.0,"Coordenadas 0,0"
1134411,2023,MAYO,SABADO,2023-05-13,0,Vialidad,Lesiones por siniestros viales,NO,NO,,,0.0,0.0,1,0.0,0.0,"Coordenadas 0,0"
1134412,2023,MAYO,SABADO,2023-05-13,12,Vialidad,Lesiones por siniestros viales,NO,NO,,,0.0,0.0,1,0.0,0.0,"Coordenadas 0,0"
1134413,2023,MAYO,SABADO,2023-05-13,14,Vialidad,Lesiones por siniestros viales,NO,NO,,,0.0,0.0,1,0.0,0.0,"Coordenadas 0,0"
1134414,2023,MAYO,SABADO,2023-05-13,16,Vialidad,Lesiones por siniestros viales,NO,NO,,,0.0,0.0,1,0.0,0.0,"Coordenadas 0,0"
1134415,2023,MAYO,SABADO,2023-05-13,14,Vialidad,Lesiones por siniestros viales,NO,NO,,,0.0,0.0,1,0.0,0.0,"Coordenadas 0,0"
1134416,2023,MAYO,SABADO,2023-05-13,13,Vialidad,Lesiones por siniestros viales,NO,NO,,,0.0,0.0,1,0.0,0.0,"Coordenadas 0,0"
1134417,2023,MAYO,SABADO,2023-05-13,19,Vialidad,Lesiones por siniestros viales,NO,NO,,,0.0,0.0,1,0.0,0.0,"Coordenadas 0,0"
1134418,2023,MAYO,SABADO,2023-05-13,21,Vialidad,Lesiones por siniestros viales,NO,NO,,,0.0,0.0,1,0.0,0.0,"Coordenadas 0,0"
1134419,2023,MAYO,JUEVES,2023-05-11,21,Vialidad,Lesiones por siniestros viales,NO,NO,,,0.0,0.0,1,0.0,0.0,"Coordenadas 0,0"
1134420,2023,MAYO,LUNES,2023-05-15,4,Vialidad,Lesiones por siniestros viales,NO,NO,,,0.0,0.0,1,0.0,0.0,"Coordenadas 0,0"
1134421,2023,MAYO,LUNES,2023-05-15,6,Vialidad,Lesiones por siniestros viales,NO,NO,,,0.0,0.0,1,0.0,0.0,"Coordenadas 0,0"
1134422,2023,MAYO,LUNES,2023-05-15,10,Vialidad,Lesiones por siniestros viales,NO,NO,,,0.0,0.0,1,0.0,0.0,"Coordenadas 0,0"
1134423,2023,MAYO,LUNES,2023-05-15,13,Vialidad,Lesiones por siniestros viales,NO,NO,,,0.0,0.0,1,0.0,0.0,"Coordenadas 0,0"
1134424,2023,MAYO,LUNES,2023-05-15,14,Vialidad,Lesiones por siniestros viales,NO,NO,,,0.0,0.0,1,0.0,0.0,"Coordenadas 0,0"
1134425,2023,MAYO,LUNES,2023-05-15,12,Vialidad,Lesiones por siniestros viales,NO,NO,,,0.0,0.0,1,0.0,0.0,"Coordenadas 0,0"
1134426,2023,MAYO,MARTES,2023-05-16,2,Vialidad,Lesiones por siniestros viales,NO,NO,,,0.0,0.0,1,0.0,0.0,"Coordenadas 0,0"
1134427,2023,MAYO,MARTES,2023-05-16,6,Vialidad,Lesiones por siniestros viales,NO,NO,,,0.0,0.0,1,0.0,0.0,"Coordenadas 0,0"
1134428,2023,MAYO,MARTES,2023-05-16,11,Vialidad,Lesiones por siniestros viales,NO,NO,,,0.0,0.0,1,0.0,0.0,"Coordenadas 0,0"
1134429,2023,MAYO,MARTES,2023-05-16,11,Vialidad,Lesiones por siniestros viales,NO,NO,,,0.0,0.0,1,0.0,0.0,"Coordenadas 0,0"
1134430,2023,MAYO,MARTES,2023-05-16,15,Vialidad,Lesiones por siniestros viales,NO,NO,,,0.0,0.0,1,0.0,0.0,"Coordenadas 0,0"
1134431,2023,MAYO,MARTES,2023-05-16,17,Vialidad,Lesiones por siniestros viales,NO,NO,,,0.0,0.0,1,0.0,0.0,"Coordenadas 0,0"
1134432,2023,MAYO,MARTES,2023-05-16,18,Vialidad,Lesiones por siniestros viales,NO,NO,,,0.0,0.0,1,0.0,0.0,"Coordenadas 0,0"
1134433,2023,MAYO,MARTES,2023-05-16,20,Vialidad,Lesiones por siniestros viales,NO,NO,,,0.0,0.0,1,0.0,0.0,"Coordenadas 0,0"
1134434,2023,MAYO,MARTES,2023-05-16,21,Vialidad,Lesiones por siniestros viales,NO,NO,,,0.0,0.0,1,0.0,0.0,"Coordenadas 0,0"
1134435,2023,MAYO,MIERCOLES,2023-05-17,2,Vialidad,Lesiones por siniestros viales,NO,NO,,,0.0,0.0,1,0.0,0.0,"Coordenadas 0,0"
1134436,2023,MAYO,MIERCOLES,2023-05-17,7,Vialidad,Lesiones por siniestros viales,NO,NO,,,0.0,0.0,1,0.0,0.0,"Coordenadas 0,0"
1134437,2023,MAYO,MIERCOLES,2023-05-17,20,Vialidad,Lesiones por siniestros viales,NO,NO,,,0.0,0.0,1,0.0,0.0,"Coordenadas 0,0"
1134438,2023,MAYO,JUEVES,2023-05-18,11,Vialidad,Lesiones por siniestros viales,NO,NO,,,0.0,0.0,1,0.0,0.0,"Coordenadas 0,0"
1134439,2023,MAYO,JUEVES,2023-05-18,12,Vialidad,Lesiones por siniestros viales,NO,NO,,,0.0,0.0,1,0.0,0.0,"Coordenadas 0,0"
1134440,2023,MAYO,JUEVES,2023-05-18,16,Vialidad,Lesiones por siniestros viales,NO,NO,,,0.0,0.0,1,0.0,0.0,"Coordenadas 0,0"
1134441,2023,MAYO,VIERNES,2023-05-19,12,Vialidad,Lesiones por siniestros viales,NO,NO,,,0.0,0.0,1,0.0,0.0,"Coordenadas 0,0"
1134442,2023,MAYO,SABADO,2023-05-20,0,Vialidad,Lesiones por siniestros viales,NO,NO,,,0.0,0.0,1,0.0,0.0,"Coordenadas 0,0"
1134443,2023,MAYO,SABADO,2023-05-20,13,Vialidad,Lesiones por siniestros viales,NO,NO,,,0.0,0.0,1,0.0,0.0,"Coordenadas 0,0"
1134444,2023,MAYO,SABADO,2023-05-20,15,Vialidad,Lesiones por siniestros viales,NO,NO,,,0.0,0.0,1,0.0,0.0,"Coordenadas 0,0"
1134445,2023,MAYO,SABADO,2023-05-20,22,Vialidad,Lesiones por siniestros viales,NO,NO,,,0.0,0.0,1,0.0,0.0,"Coordenadas 0,0"
1134446,2023,MAYO,DOMINGO,2023-05-21,9,Vialidad,Lesiones por siniestros viales,NO,NO,,,0.0,0.0,1,0.0,0.0,"Coordenadas 0,0"
1134447,2023,MAYO,VIERNES,2023-05-05,5,Vialidad,Lesiones por siniestros viales,NO,NO,,,0.0,0.0,1,0.0,0.0,"Coordenadas 0,0"
1134448,2023,MAYO,LUNES,2023-05-01,11,Vialidad,Lesiones por siniestros viales,NO,NO,,,0.0,0.0,1,0.0,0.0,"Coordenadas 0,0"
1134449,2023,MAYO,LUNES,2023-05-22,16,Vialidad,Lesiones por siniestros viales,NO,NO,,,0.0,0.0,1,0.0,0.0,"Coordenadas 0,0"
1134450,2023,MAYO,LUNES,2023-05-22,21,Vialidad,Lesiones por siniestros viales,NO,NO,,,0.0,0.0,1,0.0,0.0,"Coordenadas 0,0"
1134451,2023,MAYO,MARTES,2023-05-23,14,Vialidad,Lesiones por siniestros viales,NO,NO,,,0.0,0.0,1,0.0,0.0,"Coordenadas 0,0"
1134452,2023,MAYO,MARTES,2023-05-23,14,Vialidad,Lesiones por siniestros viales,NO,NO,,,0.0,0.0,1,0.0,0.0,"Coordenadas 0,0"
1134453,2023,MAYO,MARTES,2023-05-23,20,Vialidad,Lesiones por siniestros viales,NO,NO,,,0.0,0.0,1,0.0,0.0,"Coordenadas 0,0"
1134454,2023,MAYO,MARTES,2023-05-23,21,Vialidad,Lesiones por siniestros viales,NO,NO,,,0.0,0.0,1,0.0,0.0,"Coordenadas 0,0"
1134455,2023,MAYO,MIERCOLES,2023-05-24,3,Vialidad,Lesiones por siniestros viales,NO,NO,,,0.0,0.0,1,0.0,0.0,"Coordenadas 0,0"
1134456,2023,MAYO,MIERCOLES,2023-05-24,17,Vialidad,Lesiones por siniestros viales,NO,NO,,,0.0,0.0,1,0.0,0.0,"Coordenadas 0,0"
1134457,2023,MAYO,MIERCOLES,2023-05-24,21,Vialidad,Lesiones por siniestros viales,NO,NO,,,0.0,0.0,1,0.0,0.0,"Coordenadas 0,0"
1134458,2023,MAYO,MIERCOLES,2023-05-24,22,Vialidad,Lesiones por siniestros viales,NO,NO,,,0.0,0.0,1,0.0,0.0,"Coordenadas 0,0"
1134459,2023,MAYO,JUEVES,2023-05-25,19,Vialidad,Lesiones por siniestros viales,NO,NO,,,0.0,0.0,1,0.0,0.0,"Coordenadas 0,0"
1134460,2023,MAYO,VIERNES,2023-05-26,3,Vialidad,Lesiones por siniestros viales,NO,NO,,,0.0,0.0,1,0.0,0.0,"Coordenadas 0,0"
1134461,2023,MAYO,VIERNES,2023-05-26,10,Vialidad,Lesiones por siniestros viales,NO,NO,,,0.0,0.0,1,0.0,0.0,"Coordenadas 0,0"
1134462,2023,MAYO,VIERNES,2023-05-26,11,Vialidad,Lesiones por siniestros viales,NO,NO,,,0.0,0.0,1,0.0,0.0,"Coordenadas 0,0"
1134463,2023,MAYO,VIERNES,2023-05-26,14,Vialidad,Lesiones por siniestros viales,NO,NO,,,0.0,0.0,1,0.0,0.0,"Coordenadas 0,0"
1134464,2023,MAYO,VIERNES,2023-05-26,18,Vialidad,Lesiones por siniestros viales,NO,NO,,,0.0,0.0,1,0.0,0.0,"Coordenadas 0,0"
1134465,2023,MAYO,VIERNES,2023-05-26,22,Vialidad,Lesiones por siniestros viales,NO,NO,,,0.0,0.0,1,0.0,0.0,"Coordenadas 0,0"
1134466,2023,MAYO,SABADO,2023-05-27,1,Vialidad,Lesiones por siniestros viales,NO,NO,,,0.0,0.0,1,0.0,0.0,"Coordenadas 0,0"
1134467,2023,MAYO,VIERNES,2023-05-26,19,Vialidad,Lesiones por siniestros viales,NO,NO,,,0.0,0.0,1,0.0,0.0,"Coordenadas 0,0"
1134468,2023,MAYO,SABADO,2023-05-27,21,Vialidad,Lesiones por siniestros viales,NO,NO,,,0.0,0.0,1,0.0,0.0,"Coordenadas 0,0"
1134469,2023,MAYO,DOMINGO,2023-05-28,13,Vialidad,Lesiones por siniestros viales,NO,NO,,,0.0,0.0,1,0.0,0.0,"Coordenadas 0,0"
1134470,2023,MAYO,DOMINGO,2023-05-28,15,Vialidad,Lesiones por siniestros viales,NO,NO,,,0.0,0.0,1,0.0,0.0,"Coordenadas 0,0"
1134471,2023,MAYO,DOMINGO,2023-05-28,17,Vialidad,Lesiones por siniestros viales,NO,NO,,,0.0,0.0,1,0.0,0.0,"Coordenadas 0,0"
1134472,2023,MAYO,DOMINGO,2023-05-28,18,Vialidad,Lesiones por siniestros viales,NO,NO,,,0.0,0.0,1,0.0,0.0,"Coordenadas 0,0"
1134473,2023,MAYO,LUNES,2023-05-29,12,Vialidad,Lesiones por siniestros viales,NO,NO,,,0.0,0.0,1,0.0,0.0,"Coordenadas 0,0"
1134474,2023,MAYO,MARTES,2023-05-30,11,Vialidad,Lesiones por siniestros viales,NO,NO,,,0.0,0.0,1,0.0,0.0,"Coordenadas 0,0"
1134475,2023,MAYO,MARTES,2023-05-30,10,Vialidad,Lesiones por siniestros viales,NO,NO,,,0.0,0.0,1,0.0,0.0,"Coordenadas 0,0"
1134476,2023,MAYO,MARTES,2023-05-30,15,Vialidad,Lesiones por siniestros viales,NO,NO,,,0.0,0.0,1,0.0,0.0,"Coordenadas 0,0"
1134477,2023,MAYO,MARTES,2023-05-30,19,Vialidad,Lesiones por siniestros viales,NO,NO,,,0.0,0.0,1,0.0,0.0,"Coordenadas 0,0"
1134478,2023,MAYO,MARTES,2023-05-30,23,Vialidad,Lesiones por siniestros viales,NO,NO,,,0.0,0.0,1,0.0,0.0,"Coordenadas 0,0"
1134479,2023,MAYO,MARTES,2023-05-30,23,Vialidad,Lesiones por siniestros viales,NO,NO,,,0.0,0.0,1,0.0,0.0,"Coordenadas 0,0"
1134480,2023,MAYO,MIERCOLES,2023-05-31,10,Vialidad,Lesiones por siniestros viales,NO,NO,,,0.0,0.0,1,0.0,0.0,"Coordenadas 0,0"
1134481,2023,MAYO,MIERCOLES,2023-05-31,16,Vialidad,Lesiones por siniestros viales,NO,NO,,,0.0,0.0,1,0.0,0.0,"Coordenadas 0,0"
1134482,2023,MAYO,MIERCOLES,2023-05-31,18,Vialidad,Lesiones por siniestros viales,NO,NO,,,0.0,0.0,1,0.0,0.0,"Coordenadas 0,0"
1134483,2023,MAYO,MIERCOLES,2023-05-31,17,Vialidad,Lesiones por siniestros viales,NO,NO,,,0.0,0.0,1,0.0,0.0,"Coordenadas 0,0"
1134484,2023,MAYO,MIERCOLES,2023-05-31,15,Vialidad,Lesiones por siniestros viales,NO,NO,,,0.0,0.0,1,0.0,0.0,"Coordenadas 0,0"
1134485,2023,MAYO,MIERCOLES,2023-05-31,18,Vialidad,Lesiones por siniestros viales,NO,NO,,,0.0,0.0,1,0.0,0.0,"Coordenadas 0,0"
1134486,2023,MAYO,MIERCOLES,2023-05-31,19,Vialidad,Lesiones por siniestros viales,NO,NO,,,0.0,0.0,1,0.0,0.0,"Coordenadas 0,0"
1134487,2023,MAYO,MIERCOLES,2023-05-31,23,Vialidad,Lesiones por siniestros viales,NO,NO,,,0.0,0.0,1,0.0,0.0,"Coordenadas 0,0"
1134488,2023,JUNIO,JUEVES,2023-06-01,20,Vialidad,Lesiones por siniestros viales,NO,NO,,,0.0,0.0,1,0.0,0.0,"Coordenadas 0,0"
1134489,2023,JUNIO,VIERNES,2023-06-02,13,Vialidad,Lesiones por siniestros viales,NO,NO,,,0.0,0.0,1,0.0,0.0,"Coordenadas 0,0"
1134490,2023,JUNIO,VIERNES,2023-06-02,18,Vialidad,Lesiones por siniestros viales,NO,NO,,,0.0,0.0,1,0.0,0.0,"Coordenadas 0,0"
1134491,2023,JUNIO,SABADO,2023-06-03,7,Vialidad,Lesiones por siniestros viales,NO,NO,,,0.0,0.0,1,0.0,0.0,"Coordenadas 0,0"
1134492,2023,JUNIO,SABADO,2023-06-03,15,Vialidad,Lesiones por siniestros viales,NO,NO,,,0.0,0.0,1,0.0,0.0,"Coordenadas 0,0"
1134493,2023,JUNIO,SABADO,2023-06-03,22,Vialidad,Lesiones por siniestros viales,NO,NO,,,0.0,0.0,1,0.0,0.0,"Coordenadas 0,0"
1134494,2023,JUNIO,DOMINGO,2023-06-04,8,Vialidad,Lesiones por siniestros viales,NO,NO,,,0.0,0.0,1,0.0,0.0,"Coordenadas 0,0"
1134495,2023,JUNIO,DOMINGO,2023-06-04,16,Vialidad,Lesiones por siniestros viales,NO,NO,,,0.0,0.0,1,0.0,0.0,"Coordenadas 0,0"
1134496,2023,JUNIO,DOMINGO,2023-06-04,20,Vialidad,Lesiones por siniestros viales,NO,NO,,,0.0,0.0,1,0.0,0.0,"Coordenadas 0,0"
1134497,2023,JUNIO,LUNES,2023-06-05,7,Vialidad,Lesiones por siniestros viales,NO,NO,,,0.0,0.0,1,0.0,0.0,"Coordenadas 0,0"
1134498,2023,JUNIO,LUNES,2023-06-05,8,Vialidad,Lesiones por siniestros viales,NO,NO,,,0.0,0.0,1,0.0,0.0,"Coordenadas 0,0"
1134499,2023,JUNIO,LUNES,2023-06-05,13,Vialidad,Lesiones por siniestros viales,NO,NO,,,0.0,0.0,1,0.0,0.0,"Coordenadas 0,0"
1134500,2023,JUNIO,LUNES,2023-06-05,18,Vialidad,Lesiones por siniestros viales,NO,NO,,,0.0,0.0,1,0.0,0.0,"Coordenadas 0,0"
1134501,2023,JUNIO,LUNES,2023-06-05,19,Vialidad,Lesiones por siniestros viales,NO,NO,,,0.0,0.0,1,0.0,0.0,"Coordenadas 0,0"
1134502,2023,JUNIO,LUNES,2023-06-05,21,Vialidad,Lesiones por siniestros viales,NO,NO,,,0.0,0.0,1,0.0,0.0,"Coordenadas 0,0"
1134503,2023,JUNIO,LUNES,2023-06-05,23,Vialidad,Lesiones por siniestros viales,NO,NO,,,0.0,0.0,1,0.0,0.0,"Coordenadas 0,0"
1134504,2023,JUNIO,MARTES,2023-06-06,12,Vialidad,Lesiones por siniestros viales,NO,NO,,,0.0,0.0,1,0.0,0.0,"Coordenadas 0,0"
1134505,2023,JUNIO,MARTES,2023-06-06,18,Vialidad,Lesiones por siniestros viales,NO,NO,,,0.0,0.0,1,0.0,0.0,"Coordenadas 0,0"
1134506,2023,JUNIO,MIERCOLES,2023-06-07,15,Vialidad,Lesiones por siniestros viales,NO,NO,,,0.0,0.0,1,0.0,0.0,"Coordenadas 0,0"
1134507,2023,JUNIO,MIERCOLES,2023-06-07,17,Vialidad,Lesiones por siniestros viales,NO,NO,,,0.0,0.0,1,0.0,0.0,"Coordenadas 0,0"
1134508,2023,JUNIO,MIERCOLES,2023-06-07,18,Vialidad,Lesiones por siniestros viales,NO,NO,,,0.0,0.0,1,0.0,0.0,"Coordenadas 0,0"
1134509,2023,JUNIO,MIERCOLES,2023-06-07,18,Vialidad,Lesiones por siniestros viales,NO,NO,,,0.0,0.0,1,0.0,0.0,"Coordenadas 0,0"
1134510,2023,JUNIO,MIERCOLES,2023-06-07,21,Vialidad,Lesiones por siniestros viales,NO,NO,,,0.0,0.0,1,0.0,0.0,"Coordenadas 0,0"
1134511,2023,JUNIO,JUEVES,2023-06-08,17,Vialidad,Lesiones por siniestros viales,NO,NO,,,0.0,0.0,1,0.0,0.0,"Coordenadas 0,0"
1134512,2023,JUNIO,JUEVES,2023-06-08,17,Vialidad,Lesiones por siniestros viales,NO,NO,,,0.0,0.0,1,0.0,0.0,"Coordenadas 0,0"
1134513,2023,JUNIO,JUEVES,2023-06-08,17,Vialidad,Lesiones por siniestros viales,NO,NO,,,0.0,0.0,1,0.0,0.0,"Coordenadas 0,0"
1134514,2023,JUNIO,JUEVES,2023-06-08,15,Vialidad,Lesiones por siniestros viales,NO,NO,,,0.0,0.0,1,0.0,0.0,"Coordenadas 0,0"
1134515,2023,JUNIO,JUEVES,2023-06-08,21,Vialidad,Lesiones por siniestros viales,NO,NO,,,0.0,0.0,1,0.0,0.0,"Coordenadas 0,0"
1134516,2023,JUNIO,JUEVES,2023-06-08,23,Vialidad,Lesiones por siniestros viales,NO,NO,,,0.0,0.0,1,0.0,0.0,"Coordenadas 0,0"
1134517,2023,JUNIO,VIERNES,2023-06-09,8,Vialidad,Lesiones por siniestros viales,NO,NO,,,0.0,0.0,1,0.0,0.0,"Coordenadas 0,0"
1134518,2023,JUNIO,VIERNES,2023-06-09,12,Vialidad,Lesiones por siniestros viales,NO,NO,,,0.0,0.0,1,0.0,0.0,"Coordenadas 0,0"
1134519,2023,JUNIO,VIERNES,2023-06-09,13,Vialidad,Lesiones por siniestros viales,NO,NO,,,0.0,0.0,1,0.0,0.0,"Coordenadas 0,0"
1134520,2023,JUNIO,VIERNES,2023-06-09,16,Vialidad,Lesiones por siniestros viales,NO,NO,,,0.0,0.0,1,0.0,0.0,"Coordenadas 0,0"
1134521,2023,JUNIO,SABADO,2023-06-10,11,Vialidad,Lesiones por siniestros viales,NO,NO,,,0.0,0.0,1,0.0,0.0,"Coordenadas 0,0"
1134522,2023,JUNIO,DOMINGO,2023-06-11,4,Vialidad,Lesiones por siniestros viales,NO,NO,,,0.0,0.0,1,0.0,0.0,"Coordenadas 0,0"
1134523,2023,JUNIO,DOMINGO,2023-06-11,16,Vialidad,Lesiones por siniestros viales,NO,NO,,,0.0,0.0,1,0.0,0.0,"Coordenadas 0,0"
1134524,2023,JUNIO,DOMINGO,2023-06-11,20,Vialidad,Lesiones por siniestros viales,NO,NO,,,0.0,0.0,1,0.0,0.0,"Coordenadas 0,0"
1134525,2023,JUNIO,LUNES,2023-06-12,8,Vialidad,Lesiones por siniestros viales,NO,NO,,,0.0,0.0,1,0.0,0.0,"Coordenadas 0,0"
1134526,2023,JUNIO,LUNES,2023-06-12,11,Vialidad,Lesiones por siniestros viales,NO,NO,,,0.0,0.0,1,0.0,0.0,"Coordenadas 0,0"
1134527,2023,JUNIO,LUNES,2023-06-12,17,Vialidad,Lesiones por siniestros viales,NO,NO,,,0.0,0.0,1,0.0,0.0,"Coordenadas 0,0"
1134528,2023,JUNIO,LUNES,2023-06-12,20,Vialidad,Lesiones por siniestros viales,NO,NO,,,0.0,0.0,1,0.0,0.0,"Coordenadas 0,0"
1134529,2023,JUNIO,MARTES,2023-06-06,18,Vialidad,Lesiones por siniestros viales,NO,NO,,,0.0,0.0,1,0.0,0.0,"Coordenadas 0,0"
1134530,2023,JUNIO,MARTES,2023-06-13,19,Vialidad,Lesiones por siniestros viales,NO,NO,,,0.0,0.0,1,0.0,0.0,"Coordenadas 0,0"
1134531,2023,JUNIO,MARTES,2023-06-13,21,Vialidad,Lesiones por siniestros viales,NO,NO,,,0.0,0.0,1,0.0,0.0,"Coordenadas 0,0"
1134532,2023,JUNIO,MIERCOLES,2023-06-14,1,Vialidad,Lesiones por siniestros viales,NO,NO,,,0.0,0.0,1,0.0,0.0,"Coordenadas 0,0"
1134533,2023,JUNIO,MIERCOLES,2023-06-14,15,Vialidad,Lesiones por siniestros viales,NO,NO,,,0.0,0.0,1,0.0,0.0,"Coordenadas 0,0"
1134534,2023,JUNIO,MIERCOLES,2023-06-14,16,Vialidad,Lesiones por siniestros viales,NO,NO,,,0.0,0.0,1,0.0,0.0,"Coordenadas 0,0"
1134535,2023,JUNIO,JUEVES,2023-06-15,5,Vialidad,Lesiones por siniestros viales,NO,NO,,,0.0,0.0,1,0.0,0.0,"Coordenadas 0,0"
1134536,2023,JUNIO,JUEVES,2023-06-15,18,Vialidad,Lesiones por siniestros viales,NO,NO,,,0.0,0.0,1,0.0,0.0,"Coordenadas 0,0"
1134537,2023,JUNIO,JUEVES,2023-06-15,19,Vialidad,Lesiones por siniestros viales,NO,NO,,,0.0,0.0,1,0.0,0.0,"Coordenadas 0,0"
1134538,2023,JUNIO,JUEVES,2023-06-15,20,Vialidad,Lesiones por siniestros viales,NO,NO,,,0.0,0.0,1,0.0,0.0,"Coordenadas 0,0"
1134539,2023,JUNIO,JUEVES,2023-06-15,20,Vialidad,Lesiones por siniestros viales,NO,NO,,,0.0,0.0,1,0.0,0.0,"Coordenadas 0,0"
1134540,2023,JUNIO,VIERNES,2023-06-16,2,Vialidad,Lesiones por siniestros viales,NO,NO,,,0.0,0.0,1,0.0,0.0,"Coordenadas 0,0"
1134541,2023,JUNIO,VIERNES,2023-06-16,8,Vialidad,Lesiones por siniestros viales,NO,NO,,,0.0,0.0,1,0.0,0.0,"Coordenadas 0,0"
1134542,2023,JUNIO,VIERNES,2023-06-16,13,Vialidad,Lesiones por siniestros viales,NO,NO,,,0.0,0.0,1,0.0,0.0,"Coordenadas 0,0"
1134543,2023,JUNIO,VIERNES,2023-06-16,16,Vialidad,Lesiones por siniestros viales,NO,NO,,,0.0,0.0,1,0.0,0.0,"Coordenadas 0,0"
1134544,2023,JUNIO,VIERNES,2023-06-16,14,Vialidad,Lesiones por siniestros viales,NO,NO,,,0.0,0.0,1,0.0,0.0,"Coordenadas 0,0"
1134545,2023,JUNIO,VIERNES,2023-06-16,17,Vialidad,Lesiones por siniestros viales,NO,NO,,,0.0,0.0,1,0.0,0.0,"Coordenadas 0,0"
1134546,2023,JUNIO,SABADO,2023-06-17,5,Vialidad,Lesiones por siniestros viales,NO,NO,,,0.0,0.0,1,0.0,0.0,"Coordenadas 0,0"
1134547,2023,JUNIO,SABADO,2023-06-17,7,Vialidad,Lesiones por siniestros viales,NO,NO,,,0.0,0.0,1,0.0,0.0,"Coordenadas 0,0"
1134548,2023,JUNIO,SABADO,2023-06-17,8,Vialidad,Lesiones por siniestros viales,NO,NO,,,0.0,0.0,1,0.0,0.0,"Coordenadas 0,0"
1134549,2023,JUNIO,SABADO,2023-06-17,15,Vialidad,Lesiones por siniestros viales,NO,NO,,,0.0,0.0,1,0.0,0.0,"Coordenadas 0,0"
1134550,2023,JUNIO,SABADO,2023-06-17,15,Vialidad,Lesiones por siniestros viales,NO,NO,,,0.0,0.0,1,0.0,0.0,"Coordenadas 0,0"
1134551,2023,JUNIO,SABADO,2023-06-17,16,Vialidad,Lesiones por siniestros viales,NO,NO,,,0.0,0.0,1,0.0,0.0,"Coordenadas 0,0"
1134552,2023,JUNIO,DOMINGO,2023-06-18,5,Vialidad,Lesiones por siniestros viales,NO,NO,,,0.0,0.0,1,0.0,0.0,"Coordenadas 0,0"
1134553,2023,JUNIO,DOMINGO,2023-06-18,6,Vialidad,Lesiones por siniestros viales,NO,NO,,,0.0,0.0,1,0.0,0.0,"Coordenadas 0,0"
1134554,2023,JUNIO,DOMINGO,2023-06-18,14,Vialidad,Lesiones por siniestros viales,NO,NO,,,0.0,0.0,1,0.0,0.0,"Coordenadas 0,0"
1134555,2023,JUNIO,LUNES,2023-06-19,4,Vialidad,Lesiones por siniestros viales,NO,NO,,,0.0,0.0,1,0.0,0.0,"Coordenadas 0,0"
1134556,2023,JUNIO,LUNES,2023-06-19,12,Vialidad,Lesiones por siniestros viales,NO,NO,,,0.0,0.0,1,0.0,0.0,"Coordenadas 0,0"
1134557,2023,JUNIO,LUNES,2023-06-19,16,Vialidad,Lesiones por siniestros viales,NO,NO,,,0.0,0.0,1,0.0,0.0,"Coordenadas 0,0"
1134558,2023,JUNIO,LUNES,2023-06-19,15,Vialidad,Lesiones por siniestros viales,NO,NO,,,0.0,0.0,1,0.0,0.0,"Coordenadas 0,0"
1134559,2023,JUNIO,LUNES,2023-06-19,22,Vialidad,Lesiones por siniestros viales,NO,NO,,,0.0,0.0,1,0.0,0.0,"Coordenadas 0,0"
1134560,2023,JUNIO,LUNES,2023-06-19,23,Vialidad,Lesiones por siniestros viales,NO,NO,,,0.0,0.0,1,0.0,0.0,"Coordenadas 0,0"
1134561,2023,JUNIO,MARTES,2023-06-20,13,Vialidad,Lesiones por siniestros viales,NO,NO,,,0.0,0.0,1,0.0,0.0,"Coordenadas 0,0"
1134562,2023,JUNIO,MIERCOLES,2023-06-21,8,Vialidad,Lesiones por siniestros viales,NO,NO,,,0.0,0.0,1,0.0,0.0,"Coordenadas 0,0"
1134563,2023,JUNIO,MIERCOLES,2023-06-21,10,Vialidad,Lesiones por siniestros viales,NO,NO,,,0.0,0.0,1,0.0,0.0,"Coordenadas 0,0"
1134564,2023,JUNIO,MIERCOLES,2023-06-21,11,Vialidad,Lesiones por siniestros viales,NO,NO,,,0.0,0.0,1,0.0,0.0,"Coordenadas 0,0"
1134565,2023,JUNIO,MIERCOLES,2023-06-21,15,Vialidad,Lesiones por siniestros viales,NO,NO,,,0.0,0.0,1,0.0,0.0,"Coordenadas 0,0"
1134566,2023,JUNIO,LUNES,2023-06-19,19,Vialidad,Lesiones por siniestros viales,NO,NO,,,0.0,0.0,1,0.0,0.0,"Coordenadas 0,0"
1134567,2023,JUNIO,JUEVES,2023-06-22,15,Vialidad,Lesiones por siniestros viales,NO,NO,,,0.0,0.0,1,0.0,0.0,"Coordenadas 0,0"
1134568,2023,JUNIO,VIERNES,2023-06-23,16,Vialidad,Lesiones por siniestros viales,NO,NO,,,0.0,0.0,1,0.0,0.0,"Coordenadas 0,0"
1134569,2023,JUNIO,SABADO,2023-06-24,19,Vialidad,Lesiones por siniestros viales,NO,NO,,,0.0,0.0,1,0.0,0.0,"Coordenadas 0,0"
1134570,2023,JUNIO,VIERNES,2023-06-23,18,Vialidad,Lesiones por siniestros viales,NO,NO,,,0.0,0.0,1,0.0,0.0,"Coordenadas 0,0"
1134571,2023,JUNIO,VIERNES,2023-06-23,22,Vialidad,Lesiones por siniestros viales,NO,NO,,,0.0,0.0,1,0.0,0.0,"Coordenadas 0,0"
1134572,2023,JUNIO,VIERNES,2023-06-23,22,Vialidad,Lesiones por siniestros viales,NO,NO,,,0.0,0.0,1,0.0,0.0,"Coordenadas 0,0"
1134573,2023,JUNIO,SABADO,2023-06-24,11,Vialidad,Lesiones por siniestros viales,NO,NO,,,0.0,0.0,1,0.0,0.0,"Coordenadas 0,0"
1134574,2023,JUNIO,SABADO,2023-06-24,18,Vialidad,Lesiones por siniestros viales,NO,NO,,,0.0,0.0,1,0.0,0.0,"Coordenadas 0,0"
1134575,2023,JUNIO,SABADO,2023-06-24,20,Vialidad,Lesiones por siniestros viales,NO,NO,,,0.0,0.0,1,0.0,0.0,"Coordenadas 0,0"
1134576,2023,JUNIO,SABADO,2023-06-24,23,Vialidad,Lesiones por siniestros viales,NO,NO,,,0.0,0.0,1,0.0,0.0,"Coordenadas 0,0"
1134577,2023,JUNIO,DOMINGO,2023-06-25,0,Vialidad,Lesiones por siniestros viales,NO,NO,,,0.0,0.0,1,0.0,0.0,"Coordenadas 0,0"
1134578,2023,JUNIO,DOMINGO,2023-06-25,5,Vialidad,Lesiones por siniestros viales,NO,NO,,,0.0,0.0,1,0.0,0.0,"Coordenadas 0,0"
1134579,2023,JUNIO,DOMINGO,2023-06-25,20,Vialidad,Lesiones por siniestros viales,NO,NO,,,0.0,0.0,1,0.0,0.0,"Coordenadas 0,0"
1134580,2023,JUNIO,LUNES,2023-06-26,9,Vialidad,Lesiones por siniestros viales,NO,NO,,,0.0,0.0,1,0.0,0.0,"Coordenadas 0,0"
1134581,2023,JUNIO,LUNES,2023-06-26,10,Vialidad,Lesiones por siniestros viales,NO,NO,,,0.0,0.0,1,0.0,0.0,"Coordenadas 0,0"
1134582,2023,JUNIO,LUNES,2023-06-26,13,Vialidad,Lesiones por siniestros viales,NO,NO,,,0.0,0.0,1,0.0,0.0,"Coordenadas 0,0"
1134583,2023,JUNIO,LUNES,2023-06-26,15,Vialidad,Lesiones por siniestros viales,NO,NO,,,0.0,0.0,1,0.0,0.0,"Coordenadas 0,0"
1134584,2023,JUNIO,LUNES,2023-06-26,19,Vialidad,Lesiones por siniestros viales,NO,NO,,,0.0,0.0,1,0.0,0.0,"Coordenadas 0,0"
1134585,2023,JUNIO,LUNES,2023-06-26,19,Vialidad,Lesiones por siniestros viales,NO,NO,,,0.0,0.0,1,0.0,0.0,"Coordenadas 0,0"
1134586,2023,JUNIO,MARTES,2023-06-27,6,Vialidad,Lesiones por siniestros viales,NO,NO,,,0.0,0.0,1,0.0,0.0,"Coordenadas 0,0"
1134587,2023,JUNIO,MARTES,2023-06-27,7,Vialidad,Lesiones por siniestros viales,NO,NO,,,0.0,0.0,1,0.0,0.0,"Coordenadas 0,0"
1134588,2023,JUNIO,MARTES,2023-06-27,11,Vialidad,Lesiones por siniestros viales,NO,NO,,,0.0,0.0,1,0.0,0.0,"Coordenadas 0,0"
1134589,2023,JUNIO,MARTES,2023-06-27,19,Vialidad,Lesiones por siniestros viales,NO,NO,,,0.0,0.0,1,0.0,0.0,"Coordenadas 0,0"
1134590,2023,JUNIO,MIERCOLES,2023-06-28,1,Vialidad,Lesiones por siniestros viales,NO,NO,,,0.0,0.0,1,0.0,0.0,"Coordenadas 0,0"
1134591,2023,JUNIO,MIERCOLES,2023-06-28,14,Vialidad,Lesiones por siniestros viales,NO,NO,,,0.0,0.0,1,0.0,0.0,"Coordenadas 0,0"
1134592,2023,JUNIO,MIERCOLES,2023-06-28,14,Vialidad,Lesiones por siniestros viales,NO,NO,,,0.0,0.0,1,0.0,0.0,"Coordenadas 0,0"
1134593,2023,JUNIO,MIERCOLES,2023-06-28,17,Vialidad,Lesiones por siniestros viales,NO,NO,,,0.0,0.0,1,0.0,0.0,"Coordenadas 0,0"
1134594,2023,JUNIO,MIERCOLES,2023-06-28,18,Vialidad,Lesiones por siniestros viales,NO,NO,,,0.0,0.0,1,0.0,0.0,"Coordenadas 0,0"
1134595,2023,JUNIO,MIERCOLES,2023-06-28,19,Vialidad,Lesiones por siniestros viales,NO,NO,,,0.0,0.0,1,0.0,0.0,"Coordenadas 0,0"
1134596,2023,JUNIO,MIERCOLES,2023-06-28,21,Vialidad,Lesiones por siniestros viales,NO,NO,,,0.0,0.0,1,0.0,0.0,"Coordenadas 0,0"
1134597,2023,JUNIO,MIERCOLES,2023-06-28,23,Vialidad,Lesiones por siniestros viales,NO,NO,,,0.0,0.0,1,0.0,0.0,"Coordenadas 0,0"
1134598,2023,JUNIO,MIERCOLES,2023-06-28,22,Vialidad,Lesiones por siniestros viales,NO,NO,,,0.0,0.0,1,0.0,0.0,"Coordenadas 0,0"
1134599,2023,JUNIO,JUEVES,2023-06-29,14,Vialidad,Lesiones por siniestros viales,NO,NO,,,0.0,0.0,1,0.0,0.0,"Coordenadas 0,0"
1134600,2023,JUNIO,JUEVES,2023-06-29,18,Vialidad,Lesiones por siniestros viales,NO,NO,,,0.0,0.0,1,0.0,0.0,"Coordenadas 0,0"
1134601,2023,JUNIO,JUEVES,2023-06-29,20,Vialidad,Lesiones por siniestros viales,NO,NO,,,0.0,0.0,1,0.0,0.0,"Coordenadas 0,0"
1134602,2023,JUNIO,VIERNES,2023-06-16,19,Vialidad,Lesiones por siniestros viales,NO,NO,,,0.0,0.0,1,0.0,0.0,"Coordenadas 0,0"
1134603,2023,ABRIL,LUNES,2023-04-03,11,Vialidad,Lesiones por siniestros viales,NO,NO,,,0.0,0.0,1,0.0,0.0,"Coordenadas 0,0"
1134604,2023,ENERO,LUNES,2023-01-02,19,Vialidad,Lesiones por siniestros viales,NO,NO,,,0.0,0.0,1,0.0,0.0,"Coordenadas 0,0"
1134605,2023,ENERO,MARTES,2023-01-03,16,Vialidad,Lesiones por siniestros viales,NO,NO,,,0.0,0.0,1,0.0,0.0,"Coordenadas 0,0"
1134606,2023,ENERO,MARTES,2023-01-03,21,Vialidad,Lesiones por siniestros viales,NO,NO,,,0.0,0.0,1,0.0,0.0,"Coordenadas 0,0"
1134607,2023,ENERO,MARTES,2023-01-03,23,Vialidad,Lesiones por siniestros viales,NO,NO,,,0.0,0.0,1,0.0,0.0,"Coordenadas 0,0"
1134608,2023,ENERO,MIERCOLES,2023-01-04,12,Vialidad,Lesiones por siniestros viales,NO,NO,,,0.0,0.0,1,0.0,0.0,"Coordenadas 0,0"
1134609,2023,ENERO,MIERCOLES,2023-01-04,17,Vialidad,Lesiones por siniestros viales,NO,NO,,,0.0,0.0,1,0.0,0.0,"Coordenadas 0,0"
1134610,2023,ENERO,MIERCOLES,2023-01-04,18,Vialidad,Lesiones por siniestros viales,NO,NO,,,0.0,0.0,1,0.0,0.0,"Coordenadas 0,0"
1134611,2023,ENERO,JUEVES,2023-01-05,8,Vialidad,Lesiones por siniestros viales,NO,NO,,,0.0,0.0,1,0.0,0.0,"Coordenadas 0,0"
1134612,2023,ENERO,JUEVES,2023-01-05,11,Vialidad,Lesiones por siniestros viales,NO,NO,,,0.0,0.0,1,0.0,0.0,"Coordenadas 0,0"
1134613,2023,ENERO,JUEVES,2023-01-05,18,Vialidad,Lesiones por siniestros viales,NO,NO,,,0.0,0.0,1,0.0,0.0,"Coordenadas 0,0"
1134614,2023,ENERO,JUEVES,2023-01-05,18,Vialidad,Lesiones por siniestros viales,NO,NO,,,0.0,0.0,1,0.0,0.0,"Coordenadas 0,0"
1134615,2023,ENERO,JUEVES,2023-01-05,19,Vialidad,Lesiones por siniestros viales,NO,NO,,,0.0,0.0,1,0.0,0.0,"Coordenadas 0,0"
1134616,2023,ENERO,VIERNES,2023-01-06,19,Vialidad,Lesiones por siniestros viales,NO,NO,,,0.0,0.0,1,0.0,0.0,"Coordenadas 0,0"
1134617,2023,ENERO,SABADO,2023-01-07,23,Vialidad,Lesiones por siniestros viales,NO,NO,,,0.0,0.0,1,0.0,0.0,"Coordenadas 0,0"
1134618,2023,ENERO,DOMINGO,2023-01-08,17,Vialidad,Lesiones por siniestros viales,NO,NO,,,0.0,0.0,1,0.0,0.0,"Coordenadas 0,0"
1134619,2023,ENERO,DOMINGO,2023-01-08,18,Vialidad,Lesiones por siniestros viales,NO,NO,,,0.0,0.0,1,0.0,0.0,"Coordenadas 0,0"
1134620,2023,ENERO,LUNES,2023-01-09,9,Vialidad,Lesiones por siniestros viales,NO,NO,,,0.0,0.0,1,0.0,0.0,"Coordenadas 0,0"
1134621,2023,ENERO,LUNES,2023-01-09,16,Vialidad,Lesiones por siniestros viales,NO,NO,,,0.0,0.0,1,0.0,0.0,"Coordenadas 0,0"
1134622,2023,ENERO,LUNES,2023-01-09,20,Vialidad,Lesiones por siniestros viales,NO,NO,,,0.0,0.0,1,0.0,0.0,"Coordenadas 0,0"
1134623,2023,ENERO,LUNES,2023-01-09,22,Vialidad,Lesiones por siniestros viales,NO,NO,,,0.0,0.0,1,0.0,0.0,"Coordenadas 0,0"
1134624,2023,ENERO,LUNES,2023-01-09,21,Vialidad,Lesiones por siniestros viales,NO,NO,,,0.0,0.0,1,0.0,0.0,"Coordenadas 0,0"
1134625,2023,ENERO,MARTES,2023-01-10,11,Vialidad,Lesiones por siniestros viales,NO,NO,,,0.0,0.0,1,0.0,0.0,"Coordenadas 0,0"
1134626,2023,ENERO,MARTES,2023-01-10,13,Vialidad,Lesiones por siniestros viales,NO,NO,,,0.0,0.0,1,0.0,0.0,"Coordenadas 0,0"
1134627,2023,ENERO,MARTES,2023-01-10,16,Vialidad,Lesiones por siniestros viales,NO,NO,,,0.0,0.0,1,0.0,0.0,"Coordenadas 0,0"
1134628,2023,ENERO,MIERCOLES,2023-01-11,10,Vialidad,Lesiones por siniestros viales,NO,NO,,,0.0,0.0,1,0.0,0.0,"Coordenadas 0,0"
1134629,2023,ENERO,JUEVES,2023-01-12,13,Vialidad,Lesiones por siniestros viales,NO,NO,,,0.0,0.0,1,0.0,0.0,"Coordenadas 0,0"
1134630,2023,ENERO,JUEVES,2023-01-12,13,Vialidad,Lesiones por siniestros viales,NO,NO,,,0.0,0.0,1,0.0,0.0,"Coordenadas 0,0"
1134631,2023,ENERO,JUEVES,2023-01-12,16,Vialidad,Lesiones por siniestros viales,NO,NO,,,0.0,0.0,1,0.0,0.0,"Coordenadas 0,0"
1134632,2023,ENERO,JUEVES,2023-01-12,15,Vialidad,Lesiones por siniestros viales,NO,NO,,,0.0,0.0,1,0.0,0.0,"Coordenadas 0,0"
1134633,2023,ENERO,JUEVES,2023-01-12,19,Vialidad,Lesiones por siniestros viales,NO,NO,,,0.0,0.0,1,0.0,0.0,"Coordenadas 0,0"
1134634,2023,ENERO,JUEVES,2023-01-12,23,Vialidad,Lesiones por siniestros viales,NO,NO,,,0.0,0.0,1,0.0,0.0,"Coordenadas 0,0"
1134635,2023,ENERO,VIERNES,2023-01-13,0,Vialidad,Lesiones por siniestros viales,NO,NO,,,0.0,0.0,1,0.0,0.0,"Coordenadas 0,0"
1134636,2023,ENERO,VIERNES,2023-01-13,1,Vialidad,Lesiones por siniestros viales,NO,NO,,,0.0,0.0,1,0.0,0.0,"Coordenadas 0,0"
1134637,2023,ENERO,VIERNES,2023-01-13,12,Vialidad,Lesiones por siniestros viales,NO,NO,,,0.0,0.0,1,0.0,0.0,"Coordenadas 0,0"
1134638,2023,ENERO,VIERNES,2023-01-13,14,Vialidad,Lesiones por siniestros viales,NO,NO,,,0.0,0.0,1,0.0,0.0,"Coordenadas 0,0"
1134639,2023,FEBRERO,SABADO,2023-02-11,10,Vialidad,Lesiones por siniestros viales,NO,NO,,,0.0,0.0,1,0.0,0.0,"Coordenadas 0,0"
1134640,2023,ENERO,VIERNES,2023-01-13,22,Vialidad,Lesiones por siniestros viales,NO,NO,,,0.0,0.0,1,0.0,0.0,"Coordenadas 0,0"
1134641,2023,ENERO,SABADO,2023-01-14,13,Vialidad,Lesiones por siniestros viales,NO,NO,,,0.0,0.0,1,0.0,0.0,"Coordenadas 0,0"
1134642,2023,ENERO,SABADO,2023-01-14,15,Vialidad,Lesiones por siniestros viales,NO,NO,,,0.0,0.0,1,0.0,0.0,"Coordenadas 0,0"
1134643,2023,ENERO,SABADO,2023-01-14,23,Vialidad,Lesiones por siniestros viales,NO,NO,,,0.0,0.0,1,0.0,0.0,"Coordenadas 0,0"
1134644,2023,ENERO,LUNES,2023-01-16,19,Vialidad,Lesiones por siniestros viales,NO,NO,,,0.0,0.0,1,0.0,0.0,"Coordenadas 0,0"
1134645,2023,ENERO,MARTES,2023-01-17,10,Vialidad,Lesiones por siniestros viales,NO,NO,,,0.0,0.0,1,0.0,0.0,"Coordenadas 0,0"
1134646,2023,ENERO,MARTES,2023-01-17,12,Vialidad,Lesiones por siniestros viales,NO,NO,,,0.0,0.0,1,0.0,0.0,"Coordenadas 0,0"
1134647,2023,ENERO,MARTES,2023-01-17,12,Vialidad,Lesiones por siniestros viales,NO,NO,,,0.0,0.0,1,0.0,0.0,"Coordenadas 0,0"
1134648,2023,MARZO,SABADO,2023-03-11,12,Vialidad,Lesiones por siniestros viales,NO,NO,,,0.0,0.0,1,0.0,0.0,"Coordenadas 0,0"
1134649,2023,ENERO,MIERCOLES,2023-01-18,16,Vialidad,Lesiones por siniestros viales,NO,NO,,,0.0,0.0,1,0.0,0.0,"Coordenadas 0,0"
1134650,2023,ENERO,MIERCOLES,2023-01-18,16,Vialidad,Lesiones por siniestros viales,NO,NO,,,0.0,0.0,1,0.0,0.0,"Coordenadas 0,0"
1134651,2023,ENERO,MIERCOLES,2023-01-18,19,Vialidad,Lesiones por siniestros viales,NO,NO,,,0.0,0.0,1,0.0,0.0,"Coordenadas 0,0"
1134652,2023,ENERO,MIERCOLES,2023-01-18,20,Vialidad,Lesiones por siniestros viales,NO,NO,,,0.0,0.0,1,0.0,0.0,"Coordenadas 0,0"
1134653,2023,ENERO,JUEVES,2023-01-19,0,Vialidad,Lesiones por siniestros viales,NO,NO,,,0.0,0.0,1,0.0,0.0,"Coordenadas 0,0"
1134654,2023,ENERO,JUEVES,2023-01-19,22,Vialidad,Lesiones por siniestros viales,NO,NO,,,0.0,0.0,1,0.0,0.0,"Coordenadas 0,0"
1134655,2023,ENERO,VIERNES,2023-01-20,8,Vialidad,Lesiones por siniestros viales,NO,NO,,,0.0,0.0,1,0.0,0.0,"Coordenadas 0,0"
1134656,2023,ENERO,VIERNES,2023-01-20,14,Vialidad,Lesiones por siniestros viales,NO,NO,,,0.0,0.0,1,0.0,0.0,"Coordenadas 0,0"
1134657,2023,ENERO,VIERNES,2023-01-20,20,Vialidad,Lesiones por siniestros viales,NO,NO,,,0.0,0.0,1,0.0,0.0,"Coordenadas 0,0"
1134658,2023,ENERO,SABADO,2023-01-21,2,Vialidad,Lesiones por siniestros viales,NO,NO,,,0.0,0.0,1,0.0,0.0,"Coordenadas 0,0"
1134659,2023,ENERO,SABADO,2023-01-21,17,Vialidad,Lesiones por siniestros viales,NO,NO,,,0.0,0.0,1,0.0,0.0,"Coordenadas 0,0"
1134660,2023,ENERO,SABADO,2023-01-21,23,Vialidad,Lesiones por siniestros viales,NO,NO,,,0.0,0.0,1,0.0,0.0,"Coordenadas 0,0"
1134661,2023,ENERO,VIERNES,2023-01-13,20,Vialidad,Lesiones por siniestros viales,NO,NO,,,0.0,0.0,1,0.0,0.0,"Coordenadas 0,0"
1134662,2023,ENERO,MARTES,2023-01-24,11,Vialidad,Lesiones por siniestros viales,NO,NO,,,0.0,0.0,1,0.0,0.0,"Coordenadas 0,0"
1134663,2023,ENERO,MARTES,2023-01-24,10,Vialidad,Lesiones por siniestros viales,NO,NO,,,0.0,0.0,1,0.0,0.0,"Coordenadas 0,0"
1134664,2023,ENERO,MARTES,2023-01-24,17,Vialidad,Lesiones por siniestros viales,NO,NO,,,0.0,0.0,1,0.0,0.0,"Coordenadas 0,0"
1134665,2023,ENERO,MARTES,2023-01-24,19,Vialidad,Lesiones por siniestros viales,NO,NO,,,0.0,0.0,1,0.0,0.0,"Coordenadas 0,0"
1134666,2023,ENERO,MARTES,2023-01-24,21,Vialidad,Lesiones por siniestros viales,NO,NO,,,0.0,0.0,1,0.0,0.0,"Coordenadas 0,0"
1134667,2023,ENERO,MARTES,2023-01-24,23,Vialidad,Lesiones por siniestros viales,NO,NO,,,0.0,0.0,1,0.0,0.0,"Coordenadas 0,0"
1134668,2023,ENERO,MIERCOLES,2023-01-25,17,Vialidad,Lesiones por siniestros viales,NO,NO,,,0.0,0.0,1,0.0,0.0,"Coordenadas 0,0"
1134669,2023,ENERO,MIERCOLES,2023-01-25,20,Vialidad,Lesiones por siniestros viales,NO,NO,,,0.0,0.0,1,0.0,0.0,"Coordenadas 0,0"
1134670,2023,ENERO,JUEVES,2023-01-26,0,Vialidad,Lesiones por siniestros viales,NO,NO,,,0.0,0.0,1,0.0,0.0,"Coordenadas 0,0"
1134671,2023,ENERO,JUEVES,2023-01-26,8,Vialidad,Lesiones por siniestros viales,NO,NO,,,0.0,0.0,1,0.0,0.0,"Coordenadas 0,0"
1134672,2023,ENERO,JUEVES,2023-01-26,15,Vialidad,Lesiones por siniestros viales,NO,NO,,,0.0,0.0,1,0.0,0.0,"Coordenadas 0,0"
1134673,2023,ENERO,JUEVES,2023-01-26,17,Vialidad,Lesiones por siniestros viales,NO,NO,,,0.0,0.0,1,0.0,0.0,"Coordenadas 0,0"
1134674,2023,ENERO,JUEVES,2023-01-26,21,Vialidad,Lesiones por siniestros viales,NO,NO,,,0.0,0.0,1,0.0,0.0,"Coordenadas 0,0"
1134675,2023,ENERO,JUEVES,2023-01-26,23,Vialidad,Lesiones por siniestros viales,NO,NO,,,0.0,0.0,1,0.0,0.0,"Coordenadas 0,0"
1134676,2023,ENERO,VIERNES,2023-01-27,13,Vialidad,Lesiones por siniestros viales,NO,NO,,,0.0,0.0,1,0.0,0.0,"Coordenadas 0,0"
1134677,2023,ENERO,MARTES,2023-01-31,18,Vialidad,Lesiones por siniestros viales,NO,NO,,,0.0,0.0,1,0.0,0.0,"Coordenadas 0,0"
1134678,2023,ENERO,VIERNES,2023-01-27,23,Vialidad,Lesiones por siniestros viales,NO,NO,,,0.0,0.0,1,0.0,0.0,"Coordenadas 0,0"
1134679,2023,ENERO,SABADO,2023-01-28,13,Vialidad,Lesiones por siniestros viales,NO,NO,,,0.0,0.0,1,0.0,0.0,"Coordenadas 0,0"
1134680,2023,ENERO,DOMINGO,2023-01-29,1,Vialidad,Lesiones por siniestros viales,NO,NO,,,0.0,0.0,1,0.0,0.0,"Coordenadas 0,0"
1134681,2023,ENERO,LUNES,2023-01-30,9,Vialidad,Lesiones por siniestros viales,NO,NO,,,0.0,0.0,1,0.0,0.0,"Coordenadas 0,0"
1134682,2023,ENERO,LUNES,2023-01-30,9,Vialidad,Lesiones por siniestros viales,NO,NO,,,0.0,0.0,1,0.0,0.0,"Coordenadas 0,0"
1134683,2023,ENERO,LUNES,2023-01-30,14,Vialidad,Lesiones por siniestros viales,NO,NO,,,0.0,0.0,1,0.0,0.0,"Coordenadas 0,0"
1134684,2023,ENERO,LUNES,2023-01-30,16,Vialidad,Lesiones por siniestros viales,NO,NO,,,0.0,0.0,1,0.0,0.0,"Coordenadas 0,0"
1134685,2023,ENERO,LUNES,2023-01-30,17,Vialidad,Lesiones por siniestros viales,NO,NO,,,0.0,0.0,1,0.0,0.0,"Coordenadas 0,0"
1134686,2023,ENERO,LUNES,2023-01-30,18,Vialidad,Lesiones por siniestros viales,NO,NO,,,0.0,0.0,1,0.0,0.0,"Coordenadas 0,0"
1134687,2023,ENERO,LUNES,2023-01-30,19,Vialidad,Lesiones por siniestros viales,NO,NO,,,0.0,0.0,1,0.0,0.0,"Coordenadas 0,0"
1134688,2023,ENERO,MARTES,2023-01-31,5,Vialidad,Lesiones por siniestros viales,NO,NO,,,0.0,0.0,1,0.0,0.0,"Coordenadas 0,0"
1134689,2023,ENERO,MARTES,2023-01-31,7,Vialidad,Lesiones por siniestros viales,NO,NO,,,0.0,0.0,1,0.0,0.0,"Coordenadas 0,0"
1134690,2023,ENERO,LUNES,2023-01-30,11,Vialidad,Lesiones por siniestros viales,NO,NO,,,0.0,0.0,1,0.0,0.0,"Coordenadas 0,0"
1134691,2023,ENERO,MARTES,2023-01-31,18,Vialidad,Lesiones por siniestros viales,NO,NO,,,0.0,0.0,1,0.0,0.0,"Coordenadas 0,0"
1134692,2023,ENERO,MARTES,2023-01-31,19,Vialidad,Lesiones por siniestros viales,NO,NO,,,0.0,0.0,1,0.0,0.0,"Coordenadas 0,0"
1134693,2023,FEBRERO,MIERCOLES,2023-02-01,4,Vialidad,Lesiones por siniestros viales,NO,NO,,,0.0,0.0,1,0.0,0.0,"Coordenadas 0,0"
1134694,2023,FEBRERO,MIERCOLES,2023-02-01,14,Vialidad,Lesiones por siniestros viales,NO,NO,,,0.0,0.0,1,0.0,0.0,"Coordenadas 0,0"
1134695,2023,FEBRERO,MIERCOLES,2023-02-01,21,Vialidad,Lesiones por siniestros viales,NO,NO,,,0.0,0.0,1,0.0,0.0,"Coordenadas 0,0"
1134696,2023,FEBRERO,JUEVES,2023-02-02,20,Vialidad,Lesiones por siniestros viales,NO,NO,,,0.0,0.0,1,0.0,0.0,"Coordenadas 0,0"
1134697,2023,FEBRERO,VIERNES,2023-02-03,9,Vialidad,Lesiones por siniestros viales,NO,NO,,,0.0,0.0,1,0.0,0.0,"Coordenadas 0,0"
1134698,2023,FEBRERO,VIERNES,2023-02-03,9,Vialidad,Lesiones por siniestros viales,NO,NO,,,0.0,0.0,1,0.0,0.0,"Coordenadas 0,0"
1134699,2023,FEBRERO,VIERNES,2023-02-03,16,Vialidad,Lesiones por siniestros viales,NO,NO,,,0.0,0.0,1,0.0,0.0,"Coordenadas 0,0"
1134700,2023,FEBRERO,VIERNES,2023-02-03,21,Vialidad,Lesiones por siniestros viales,NO,NO,,,0.0,0.0,1,0.0,0.0,"Coordenadas 0,0"
1134701,2023,FEBRERO,SABADO,2023-02-04,14,Vialidad,Lesiones por siniestros viales,NO,NO,,,0.0,0.0,1,0.0,0.0,"Coordenadas 0,0"
1134702,2023,FEBRERO,SABADO,2023-02-04,21,Vialidad,Lesiones por siniestros viales,NO,NO,,,0.0,0.0,1,0.0,0.0,"Coordenadas 0,0"
1134703,2023,FEBRERO,SABADO,2023-02-04,10,Vialidad,Lesiones por siniestros viales,NO,NO,,,0.0,0.0,1,0.0,0.0,"Coordenadas 0,0"
1134704,2023,FEBRERO,SABADO,2023-02-04,1,Vialidad,Lesiones por siniestros viales,NO,NO,,,0.0,0.0,1,0.0,0.0,"Coordenadas 0,0"
1134705,2023,FEBRERO,DOMINGO,2023-02-05,6,Vialidad,Lesiones por siniestros viales,NO,NO,,,0.0,0.0,1,0.0,0.0,"Coordenadas 0,0"
1134706,2023,FEBRERO,DOMINGO,2023-02-05,16,Vialidad,Lesiones por siniestros viales,NO,NO,,,0.0,0.0,1,0.0,0.0,"Coordenadas 0,0"
1134707,2023,FEBRERO,DOMINGO,2023-02-05,21,Vialidad,Lesiones por siniestros viales,NO,NO,,,0.0,0.0,1,0.0,0.0,"Coordenadas 0,0"
1134708,2023,FEBRERO,LUNES,2023-02-06,1,Vialidad,Lesiones por siniestros viales,NO,NO,,,0.0,0.0,1,0.0,0.0,"Coordenadas 0,0"
1134709,2023,FEBRERO,LUNES,2023-02-06,16,Vialidad,Lesiones por siniestros viales,NO,NO,,,0.0,0.0,1,0.0,0.0,"Coordenadas 0,0"
1134710,2023,FEBRERO,MARTES,2023-02-07,11,Vialidad,Lesiones por siniestros viales,NO,NO,,,0.0,0.0,1,0.0,0.0,"Coordenadas 0,0"
1134711,2023,FEBRERO,MARTES,2023-02-07,19,Vialidad,Lesiones por siniestros viales,NO,NO,,,0.0,0.0,1,0.0,0.0,"Coordenadas 0,0"
1134712,2023,FEBRERO,MARTES,2023-02-07,20,Vialidad,Lesiones por siniestros viales,NO,NO,,,0.0,0.0,1,0.0,0.0,"Coordenadas 0,0"
1134713,2023,FEBRERO,MARTES,2023-02-07,15,Vialidad,Lesiones por siniestros viales,NO,NO,,,0.0,0.0,1,0.0,0.0,"Coordenadas 0,0"
1134714,2023,FEBRERO,MARTES,2023-02-07,9,Vialidad,Lesiones por siniestros viales,NO,NO,,,0.0,0.0,1,0.0,0.0,"Coordenadas 0,0"
1134715,2023,FEBRERO,MARTES,2023-02-07,12,Vialidad,Lesiones por siniestros viales,NO,NO,,,0.0,0.0,1,0.0,0.0,"Coordenadas 0,0"
1134716,2023,FEBRERO,MARTES,2023-02-07,7,Vialidad,Lesiones por siniestros viales,NO,NO,,,0.0,0.0,1,0.0,0.0,"Coordenadas 0,0"
1134717,2023,FEBRERO,MIERCOLES,2023-02-08,16,Vialidad,Lesiones por siniestros viales,NO,NO,,,0.0,0.0,1,0.0,0.0,"Coordenadas 0,0"
1134718,2023,FEBRERO,MIERCOLES,2023-02-08,18,Vialidad,Lesiones por siniestros viales,NO,NO,,,0.0,0.0,1,0.0,0.0,"Coordenadas 0,0"
1134719,2023,FEBRERO,JUEVES,2023-02-09,11,Vialidad,Lesiones por siniestros viales,NO,NO,,,0.0,0.0,1,0.0,0.0,"Coordenadas 0,0"
1134720,2023,FEBRERO,JUEVES,2023-02-09,5,Vialidad,Lesiones por siniestros viales,NO,NO,,,0.0,0.0,1,0.0,0.0,"Coordenadas 0,0"
1134721,2023,FEBRERO,JUEVES,2023-02-09,12,Vialidad,Lesiones por siniestros viales,NO,NO,,,0.0,0.0,1,0.0,0.0,"Coordenadas 0,0"
1134722,2023,FEBRERO,VIERNES,2023-02-10,7,Vialidad,Lesiones por siniestros viales,NO,NO,,,0.0,0.0,1,0.0,0.0,"Coordenadas 0,0"
1134723,2023,FEBRERO,VIERNES,2023-02-10,8,Vialidad,Lesiones por siniestros viales,NO,NO,,,0.0,0.0,1,0.0,0.0,"Coordenadas 0,0"
1134724,2023,FEBRERO,VIERNES,2023-02-10,9,Vialidad,Lesiones por siniestros viales,NO,NO,,,0.0,0.0,1,0.0,0.0,"Coordenadas 0,0"
1134725,2023,FEBRERO,VIERNES,2023-02-10,12,Vialidad,Lesiones por siniestros viales,NO,NO,,,0.0,0.0,1,0.0,0.0,"Coordenadas 0,0"
1134726,2023,FEBRERO,VIERNES,2023-02-10,13,Vialidad,Lesiones por siniestros viales,NO,NO,,,0.0,0.0,1,0.0,0.0,"Coordenadas 0,0"
1134727,2023,FEBRERO,VIERNES,2023-02-10,18,Vialidad,Lesiones por siniestros viales,NO,NO,,,0.0,0.0,1,0.0,0.0,"Coordenadas 0,0"
1134728,2023,FEBRERO,VIERNES,2023-02-10,21,Vialidad,Lesiones por siniestros viales,NO,NO,,,0.0,0.0,1,0.0,0.0,"Coordenadas 0,0"
1134729,2023,FEBRERO,VIERNES,2023-02-10,16,Vialidad,Lesiones por siniestros viales,NO,NO,,,0.0,0.0,1,0.0,0.0,"Coordenadas 0,0"
1134730,2023,FEBRERO,SABADO,2023-02-11,10,Vialidad,Lesiones por siniestros viales,NO,NO,,,0.0,0.0,1,0.0,0.0,"Coordenadas 0,0"
1134731,2023,FEBRERO,SABADO,2023-02-11,3,Vialidad,Lesiones por siniestros viales,NO,NO,,,0.0,0.0,1,0.0,0.0,"Coordenadas 0,0"
1134732,2023,FEBRERO,DOMINGO,2023-02-12,13,Vialidad,Lesiones por siniestros viales,NO,NO,,,0.0,0.0,1,0.0,0.0,"Coordenadas 0,0"
1134733,2023,FEBRERO,LUNES,2023-02-13,20,Vialidad,Lesiones por siniestros viales,NO,NO,,,0.0,0.0,1,0.0,0.0,"Coordenadas 0,0"
1134734,2023,FEBRERO,LUNES,2023-02-13,20,Vialidad,Lesiones por siniestros viales,NO,NO,,,0.0,0.0,1,0.0,0.0,"Coordenadas 0,0"
1134735,2023,FEBRERO,LUNES,2023-02-13,16,Vialidad,Lesiones por siniestros viales,NO,NO,,,0.0,0.0,1,0.0,0.0,"Coordenadas 0,0"
1134736,2023,FEBRERO,LUNES,2023-02-13,10,Vialidad,Lesiones por siniestros viales,NO,NO,,,0.0,0.0,1,0.0,0.0,"Coordenadas 0,0"
1134737,2023,FEBRERO,MARTES,2023-02-14,19,Vialidad,Lesiones por siniestros viales,NO,NO,,,0.0,0.0,1,0.0,0.0,"Coordenadas 0,0"
1134738,2023,FEBRERO,MARTES,2023-02-14,18,Vialidad,Lesiones por siniestros viales,NO,NO,,,0.0,0.0,1,0.0,0.0,"Coordenadas 0,0"
1134739,2023,FEBRERO,MARTES,2023-02-14,15,Vialidad,Lesiones por siniestros viales,NO,NO,,,0.0,0.0,1,0.0,0.0,"Coordenadas 0,0"
1134740,2023,FEBRERO,MARTES,2023-02-14,7,Vialidad,Lesiones por siniestros viales,NO,NO,,,0.0,0.0,1,0.0,0.0,"Coordenadas 0,0"
1134741,2023,FEBRERO,MARTES,2023-02-14,16,Vialidad,Lesiones por siniestros viales,NO,NO,,,0.0,0.0,1,0.0,0.0,"Coordenadas 0,0"
1134742,2023,FEBRERO,MARTES,2023-02-14,17,Vialidad,Lesiones por siniestros viales,NO,NO,,,0.0,0.0,1,0.0,0.0,"Coordenadas 0,0"
1134743,2023,FEBRERO,MARTES,2023-02-14,21,Vialidad,Lesiones por siniestros viales,NO,NO,,,0.0,0.0,1,0.0,0.0,"Coordenadas 0,0"
1134744,2023,FEBRERO,MARTES,2023-02-14,16,Vialidad,Lesiones por siniestros viales,NO,NO,,,0.0,0.0,1,0.0,0.0,"Coordenadas 0,0"
1134745,2023,FEBRERO,MARTES,2023-02-14,12,Vialidad,Lesiones por siniestros viales,NO,NO,,,0.0,0.0,1,0.0,0.0,"Coordenadas 0,0"
1134746,2023,FEBRERO,MARTES,2023-02-14,19,Vialidad,Lesiones por siniestros viales,NO,NO,,,0.0,0.0,1,0.0,0.0,"Coordenadas 0,0"
1134747,2023,FEBRERO,MIERCOLES,2023-02-15,14,Vialidad,Lesiones por siniestros viales,NO,NO,,,0.0,0.0,1,0.0,0.0,"Coordenadas 0,0"
1134748,2023,FEBRERO,MIERCOLES,2023-02-15,22,Vialidad,Lesiones por siniestros viales,NO,NO,,,0.0,0.0,1,0.0,0.0,"Coordenadas 0,0"
1134749,2023,FEBRERO,MIERCOLES,2023-02-15,3,Vialidad,Lesiones por siniestros viales,NO,NO,,,0.0,0.0,1,0.0,0.0,"Coordenadas 0,0"
1134750,2023,FEBRERO,MIERCOLES,2023-02-15,14,Vialidad,Lesiones por siniestros viales,NO,NO,,,0.0,0.0,1,0.0,0.0,"Coordenadas 0,0"
1134751,2023,FEBRERO,MIERCOLES,2023-02-15,14,Vialidad,Lesiones por siniestros viales,NO,NO,,,0.0,0.0,1,0.0,0.0,"Coordenadas 0,0"
1134752,2023,FEBRERO,JUEVES,2023-02-16,21,Vialidad,Lesiones por siniestros viales,NO,NO,,,0.0,0.0,1,0.0,0.0,"Coordenadas 0,0"
1134753,2023,FEBRERO,JUEVES,2023-02-16,8,Vialidad,Lesiones por siniestros viales,NO,NO,,,0.0,0.0,1,0.0,0.0,"Coordenadas 0,0"
1134754,2023,FEBRERO,JUEVES,2023-02-16,12,Vialidad,Lesiones por siniestros viales,NO,NO,,,0.0,0.0,1,0.0,0.0,"Coordenadas 0,0"
1134755,2023,FEBRERO,JUEVES,2023-02-16,14,Vialidad,Lesiones por siniestros viales,NO,NO,,,0.0,0.0,1,0.0,0.0,"Coordenadas 0,0"
1134756,2023,FEBRERO,JUEVES,2023-02-16,18,Vialidad,Lesiones por siniestros viales,NO,NO,,,0.0,0.0,1,0.0,0.0,"Coordenadas 0,0"
1134757,2023,FEBRERO,JUEVES,2023-02-16,20,Vialidad,Lesiones por siniestros viales,NO,NO,,,0.0,0.0,1,0.0,0.0,"Coordenadas 0,0"
1134758,2023,FEBRERO,JUEVES,2023-02-16,16,Vialidad,Lesiones por siniestros viales,NO,NO,,,0.0,0.0,1,0.0,0.0,"Coordenadas 0,0"
1134759,2023,FEBRERO,VIERNES,2023-02-17,10,Vialidad,Lesiones por siniestros viales,NO,NO,,,0.0,0.0,1,0.0,0.0,"Coordenadas 0,0"
1134760,2023,FEBRERO,VIERNES,2023-02-17,20,Vialidad,Lesiones por siniestros viales,NO,NO,,,0.0,0.0,1,0.0,0.0,"Coordenadas 0,0"
1134761,2023,FEBRERO,SABADO,2023-02-18,8,Vialidad,Lesiones por siniestros viales,NO,NO,,,0.0,0.0,1,0.0,0.0,"Coordenadas 0,0"
1134762,2023,FEBRERO,SABADO,2023-02-18,23,Vialidad,Lesiones por siniestros viales,NO,NO,,,0.0,0.0,1,0.0,0.0,"Coordenadas 0,0"
1134763,2023,FEBRERO,DOMINGO,2023-02-19,18,Vialidad,Lesiones por siniestros viales,NO,NO,,,0.0,0.0,1,0.0,0.0,"Coordenadas 0,0"
1134764,2023,FEBRERO,DOMINGO,2023-02-19,8,Vialidad,Lesiones por siniestros viales,NO,NO,,,0.0,0.0,1,0.0,0.0,"Coordenadas 0,0"
1134766,2023,FEBRERO,LUNES,2023-02-20,22,Vialidad,Lesiones por siniestros viales,NO,NO,,,0.0,0.0,1,0.0,0.0,"Coordenadas 0,0"
1134767,2023,FEBRERO,LUNES,2023-02-20,23,Vialidad,Lesiones por siniestros viales,NO,NO,,,0.0,0.0,1,0.0,0.0,"Coordenadas 0,0"
1134768,2023,FEBRERO,MARTES,2023-02-21,19,Vialidad,Lesiones por siniestros viales,NO,NO,,,0.0,0.0,1,0.0,0.0,"Coordenadas 0,0"
1134769,2023,FEBRERO,MARTES,2023-02-21,5,Vialidad,Lesiones por siniestros viales,NO,NO,,,0.0,0.0,1,0.0,0.0,"Coordenadas 0,0"
1134770,2023,FEBRERO,MIERCOLES,2023-02-22,19,Vialidad,Lesiones por siniestros viales,NO,NO,,,0.0,0.0,1,0.0,0.0,"Coordenadas 0,0"
1134771,2023,FEBRERO,MIERCOLES,2023-02-22,20,Vialidad,Lesiones por siniestros viales,NO,NO,,,0.0,0.0,1,0.0,0.0,"Coordenadas 0,0"
1134772,2023,FEBRERO,MIERCOLES,2023-02-22,1,Vialidad,Lesiones por siniestros viales,NO,NO,,,0.0,0.0,1,0.0,0.0,"Coordenadas 0,0"
1134773,2023,FEBRERO,MIERCOLES,2023-02-22,7,Vialidad,Lesiones por siniestros viales,NO,NO,,,0.0,0.0,1,0.0,0.0,"Coordenadas 0,0"
1134774,2023,FEBRERO,JUEVES,2023-02-23,16,Vialidad,Lesiones por siniestros viales,NO,NO,,,0.0,0.0,1,0.0,0.0,"Coordenadas 0,0"
1134775,2023,FEBRERO,JUEVES,2023-02-23,13,Vialidad,Lesiones por siniestros viales,NO,NO,,,0.0,0.0,1,0.0,0.0,"Coordenadas 0,0"
1134776,2023,FEBRERO,VIERNES,2023-02-24,18,Vialidad,Lesiones por siniestros viales,NO,NO,,,0.0,0.0,1,0.0,0.0,"Coordenadas 0,0"
1134777,2023,FEBRERO,VIERNES,2023-02-24,16,Vialidad,Lesiones por siniestros viales,NO,NO,,,0.0,0.0,1,0.0,0.0,"Coordenadas 0,0"
1134778,2023,FEBRERO,VIERNES,2023-02-24,1,Vialidad,Lesiones por siniestros viales,NO,NO,,,0.0,0.0,1,0.0,0.0,"Coordenadas 0,0"
1134779,2023,FEBRERO,SABADO,2023-02-25,21,Vialidad,Lesiones por siniestros viales,NO,NO,,,0.0,0.0,1,0.0,0.0,"Coordenadas 0,0"
1134780,2023,FEBRERO,SABADO,2023-02-25,10,Vialidad,Lesiones por siniestros viales,NO,NO,,,0.0,0.0,1,0.0,0.0,"Coordenadas 0,0"
1134781,2023,FEBRERO,SABADO,2023-02-25,5,Vialidad,Lesiones por siniestros viales,NO,NO,,,0.0,0.0,1,0.0,0.0,"Coordenadas 0,0"
1134782,2023,FEBRERO,DOMINGO,2023-02-26,1,Vialidad,Lesiones por siniestros viales,NO,NO,,,0.0,0.0,1,0.0,0.0,"Coordenadas 0,0"
1134783,2023,FEBRERO,DOMINGO,2023-02-26,10,Vialidad,Lesiones por siniestros viales,NO,NO,,,0.0,0.0,1,0.0,0.0,"Coordenadas 0,0"
1134784,2023,FEBRERO,DOMINGO,2023-02-26,16,Vialidad,Lesiones por siniestros viales,NO,NO,,,0.0,0.0,1,0.0,0.0,"Coordenadas 0,0"
1134785,2023,FEBRERO,DOMINGO,2023-02-26,21,Vialidad,Lesiones por siniestros viales,NO,NO,,,0.0,0.0,1,0.0,0.0,"Coordenadas 0,0"
1134786,2023,FEBRERO,LUNES,2023-02-27,17,Vialidad,Lesiones por siniestros viales,NO,NO,,,0.0,0.0,1,0.0,0.0,"Coordenadas 0,0"
1134787,2023,FEBRERO,LUNES,2023-02-27,22,Vialidad,Lesiones por siniestros viales,NO,NO,,,0.0,0.0,1,0.0,0.0,"Coordenadas 0,0"
1134788,2023,FEBRERO,LUNES,2023-02-27,17,Vialidad,Lesiones por siniestros viales,NO,NO,,,0.0,0.0,1,0.0,0.0,"Coordenadas 0,0"
1134789,2023,FEBRERO,LUNES,2023-02-27,16,Vialidad,Lesiones por siniestros viales,NO,NO,,,0.0,0.0,1,0.0,0.0,"Coordenadas 0,0"
1134790,2023,FEBRERO,LUNES,2023-02-27,9,Vialidad,Lesiones por siniestros viales,NO,NO,,,0.0,0.0,1,0.0,0.0,"Coordenadas 0,0"
1134791,2023,FEBRERO,MARTES,2023-02-28,16,Vialidad,Lesiones por siniestros viales,NO,NO,,,0.0,0.0,1,0.0,0.0,"Coordenadas 0,0"
1134792,2023,FEBRERO,MARTES,2023-02-28,11,Vialidad,Lesiones por siniestros viales,NO,NO,,,0.0,0.0,1,0.0,0.0,"Coordenadas 0,0"
1134793,2023,FEBRERO,MARTES,2023-02-28,12,Vialidad,Lesiones por siniestros viales,NO,NO,,,0.0,0.0,1,0.0,0.0,"Coordenadas 0,0"
1134794,2023,FEBRERO,MARTES,2023-02-28,21,Vialidad,Lesiones por siniestros viales,NO,NO,,,0.0,0.0,1,0.0,0.0,"Coordenadas 0,0"
1134795,2023,FEBRERO,MARTES,2023-02-28,12,Vialidad,Lesiones por siniestros viales,NO,NO,,,0.0,0.0,1,0.0,0.0,"Coordenadas 0,0"
1134796,2023,FEBRERO,MARTES,2023-02-28,11,Vialidad,Lesiones por siniestros viales,NO,NO,,,0.0,0.0,1,0.0,0.0,"Coordenadas 0,0"
1134797,2023,MARZO,MIERCOLES,2023-03-01,11,Vialidad,Lesiones por siniestros viales,NO,NO,,,0.0,0.0,1,0.0,0.0,"Coordenadas 0,0"
1134798,2023,MARZO,MIERCOLES,2023-03-01,11,Vialidad,Lesiones por siniestros viales,NO,NO,,,0.0,0.0,1,0.0,0.0,"Coordenadas 0,0"
1134799,2023,MARZO,MIERCOLES,2023-03-01,18,Vialidad,Lesiones por siniestros viales,NO,NO,,,0.0,0.0,1,0.0,0.0,"Coordenadas 0,0"
1134800,2023,MARZO,MIERCOLES,2023-03-01,23,Vialidad,Lesiones por siniestros viales,NO,NO,,,0.0,0.0,1,0.0,0.0,"Coordenadas 0,0"
1134801,2023,MARZO,JUEVES,2023-03-02,2,Vialidad,Lesiones por siniestros viales,NO,NO,,,0.0,0.0,1,0.0,0.0,"Coordenadas 0,0"
1134802,2023,MARZO,JUEVES,2023-03-02,9,Vialidad,Lesiones por siniestros viales,NO,NO,,,0.0,0.0,1,0.0,0.0,"Coordenadas 0,0"
1134803,2023,MARZO,JUEVES,2023-03-02,16,Vialidad,Lesiones por siniestros viales,NO,NO,,,0.0,0.0,1,0.0,0.0,"Coordenadas 0,0"
1134804,2023,ENERO,MARTES,2023-01-17,22,Vialidad,Lesiones por siniestros viales,NO,NO,,,0.0,0.0,1,0.0,0.0,"Coordenadas 0,0"
1134805,2023,MARZO,LUNES,2023-03-06,7,Vialidad,Lesiones por siniestros viales,NO,NO,,,0.0,0.0,1,0.0,0.0,"Coordenadas 0,0"
1134806,2023,MARZO,MIERCOLES,2023-03-08,18,Vialidad,Lesiones por siniestros viales,NO,NO,,,0.0,0.0,1,0.0,0.0,"Coordenadas 0,0"
1134807,2023,MARZO,MIERCOLES,2023-03-08,18,Vialidad,Lesiones por siniestros viales,NO,NO,,,0.0,0.0,1,0.0,0.0,"Coordenadas 0,0"
1134808,2023,MARZO,MIERCOLES,2023-03-08,22,Vialidad,Lesiones por siniestros viales,NO,NO,,,0.0,0.0,1,0.0,0.0,"Coordenadas 0,0"
1134809,2023,MARZO,JUEVES,2023-03-09,10,Vialidad,Lesiones por siniestros viales,NO,NO,,,0.0,0.0,1,0.0,0.0,"Coordenadas 0,0"
1134810,2023,MARZO,JUEVES,2023-03-09,10,Vialidad,Lesiones por siniestros viales,NO,NO,,,0.0,0.0,1,0.0,0.0,"Coordenadas 0,0"
1134811,2023,MARZO,JUEVES,2023-03-09,11,Vialidad,Lesiones por siniestros viales,NO,NO,,,0.0,0.0,1,0.0,0.0,"Coordenadas 0,0"
1134812,2023,MARZO,JUEVES,2023-03-09,16,Vialidad,Lesiones por siniestros viales,NO,NO,,,0.0,0.0,1,0.0,0.0,"Coordenadas 0,0"
1134813,2023,MARZO,JUEVES,2023-03-09,20,Vialidad,Lesiones por siniestros viales,NO,NO,,,0.0,0.0,1,0.0,0.0,"Coordenadas 0,0"
1134814,2023,MARZO,JUEVES,2023-03-09,21,Vialidad,Lesiones por siniestros viales,NO,NO,,,0.0,0.0,1,0.0,0.0,"Coordenadas 0,0"
1134815,2023,MARZO,VIERNES,2023-03-10,16,Vialidad,Lesiones por siniestros viales,NO,NO,,,0.0,0.0,1,0.0,0.0,"Coordenadas 0,0"
1134816,2023,MARZO,DOMINGO,2023-03-12,3,Vialidad,Lesiones por siniestros viales,NO,NO,,,0.0,0.0,1,0.0,0.0,"Coordenadas 0,0"
1134817,2023,MARZO,LUNES,2023-03-13,4,Vialidad,Lesiones por siniestros viales,NO,NO,,,0.0,0.0,1,0.0,0.0,"Coordenadas 0,0"
1134818,2023,MARZO,LUNES,2023-03-13,23,Vialidad,Lesiones por siniestros viales,NO,NO,,,0.0,0.0,1,0.0,0.0,"Coordenadas 0,0"
1134819,2023,MARZO,MARTES,2023-03-14,0,Vialidad,Lesiones por siniestros viales,NO,NO,,,0.0,0.0,1,0.0,0.0,"Coordenadas 0,0"
1134820,2023,MARZO,MARTES,2023-03-14,8,Vialidad,Lesiones por siniestros viales,NO,NO,,,0.0,0.0,1,0.0,0.0,"Coordenadas 0,0"
1134821,2023,MARZO,MARTES,2023-03-14,10,Vialidad,Lesiones por siniestros viales,NO,NO,,,0.0,0.0,1,0.0,0.0,"Coordenadas 0,0"
1134822,2023,MARZO,MARTES,2023-03-14,11,Vialidad,Lesiones por siniestros viales,NO,NO,,,0.0,0.0,1,0.0,0.0,"Coordenadas 0,0"
1134823,2023,MARZO,MARTES,2023-03-14,13,Vialidad,Lesiones por siniestros viales,NO,NO,,,0.0,0.0,1,0.0,0.0,"Coordenadas 0,0"
1134824,2023,MARZO,MIERCOLES,2023-03-15,12,Vialidad,Lesiones por siniestros viales,NO,NO,,,0.0,0.0,1,0.0,0.0,"Coordenadas 0,0"
1134825,2023,MARZO,MIERCOLES,2023-03-15,16,Vialidad,Lesiones por siniestros viales,NO,NO,,,0.0,0.0,1,0.0,0.0,"Coordenadas 0,0"
1134826,2023,MARZO,JUEVES,2023-03-16,4,Vialidad,Lesiones por siniestros viales,NO,NO,,,0.0,0.0,1,0.0,0.0,"Coordenadas 0,0"
1134827,2023,MARZO,JUEVES,2023-03-16,11,Vialidad,Lesiones por siniestros viales,NO,NO,,,0.0,0.0,1,0.0,0.0,"Coordenadas 0,0"
1134828,2023,MARZO,MIERCOLES,2023-03-15,15,Vialidad,Lesiones por siniestros viales,NO,NO,,,0.0,0.0,1,0.0,0.0,"Coordenadas 0,0"
1134829,2023,MARZO,DOMINGO,2023-03-05,19,Vialidad,Lesiones por siniestros viales,NO,NO,,,0.0,0.0,1,0.0,0.0,"Coordenadas 0,0"
1134830,2023,MARZO,JUEVES,2023-03-16,17,Vialidad,Lesiones por siniestros viales,NO,NO,,,0.0,0.0,1,0.0,0.0,"Coordenadas 0,0"
1134831,2023,MARZO,VIERNES,2023-03-17,0,Vialidad,Lesiones por siniestros viales,NO,NO,,,0.0,0.0,1,0.0,0.0,"Coordenadas 0,0"
1134832,2023,MARZO,VIERNES,2023-03-17,6,Vialidad,Lesiones por siniestros viales,NO,NO,,,0.0,0.0,1,0.0,0.0,"Coordenadas 0,0"
1134833,2023,MARZO,VIERNES,2023-03-17,13,Vialidad,Lesiones por siniestros viales,NO,NO,,,0.0,0.0,1,0.0,0.0,"Coordenadas 0,0"
1134834,2023,MARZO,VIERNES,2023-03-17,15,Vialidad,Lesiones por siniestros viales,NO,NO,,,0.0,0.0,1,0.0,0.0,"Coordenadas 0,0"
1134835,2023,MARZO,VIERNES,2023-03-17,16,Vialidad,Lesiones por siniestros viales,NO,NO,,,0.0,0.0,1,0.0,0.0,"Coordenadas 0,0"
1134836,2023,MARZO,VIERNES,2023-03-17,17,Vialidad,Lesiones por siniestros viales,NO,NO,,,0.0,0.0,1,0.0,0.0,"Coordenadas 0,0"
1134837,2023,MARZO,VIERNES,2023-03-17,15,Vialidad,Lesiones por siniestros viales,NO,NO,,,0.0,0.0,1,0.0,0.0,"Coordenadas 0,0"
1134838,2023,MARZO,VIERNES,2023-03-17,19,Vialidad,Lesiones por siniestros viales,NO,NO,,,0.0,0.0,1,0.0,0.0,"Coordenadas 0,0"
1134839,2023,MARZO,VIERNES,2023-03-17,14,Vialidad,Lesiones por siniestros viales,NO,NO,,,0.0,0.0,1,0.0,0.0,"Coordenadas 0,0"
1134840,2023,MARZO,SABADO,2023-03-18,19,Vialidad,Lesiones por siniestros viales,NO,NO,,,0.0,0.0,1,0.0,0.0,"Coordenadas 0,0"
1134841,2023,MARZO,DOMINGO,2023-03-19,9,Vialidad,Lesiones por siniestros viales,NO,NO,,,0.0,0.0,1,0.0,0.0,"Coordenadas 0,0"
1134842,2023,MARZO,DOMINGO,2023-03-19,19,Vialidad,Lesiones por siniestros viales,NO,NO,,,0.0,0.0,1,0.0,0.0,"Coordenadas 0,0"
1134843,2023,MARZO,LUNES,2023-03-20,9,Vialidad,Lesiones por siniestros viales,NO,NO,,,0.0,0.0,1,0.0,0.0,"Coordenadas 0,0"
1134844,2023,MARZO,LUNES,2023-03-20,11,Vialidad,Lesiones por siniestros viales,NO,NO,,,0.0,0.0,1,0.0,0.0,"Coordenadas 0,0"
1134845,2023,MARZO,LUNES,2023-03-20,13,Vialidad,Lesiones por siniestros viales,NO,NO,,,0.0,0.0,1,0.0,0.0,"Coordenadas 0,0"
1134846,2023,MARZO,LUNES,2023-03-20,14,Vialidad,Lesiones por siniestros viales,NO,NO,,,0.0,0.0,1,0.0,0.0,"Coordenadas 0,0"
1134847,2023,MARZO,LUNES,2023-03-20,15,Vialidad,Lesiones por siniestros viales,NO,NO,,,0.0,0.0,1,0.0,0.0,"Coordenadas 0,0"
1134848,2023,MARZO,LUNES,2023-03-20,18,Vialidad,Lesiones por siniestros viales,NO,NO,,,0.0,0.0,1,0.0,0.0,"Coordenadas 0,0"
1134849,2023,MARZO,MARTES,2023-03-21,8,Vialidad,Lesiones por siniestros viales,NO,NO,,,0.0,0.0,1,0.0,0.0,"Coordenadas 0,0"
1134850,2023,MARZO,MARTES,2023-03-21,12,Vialidad,Lesiones por siniestros viales,NO,NO,,,0.0,0.0,1,0.0,0.0,"Coordenadas 0,0"
1134851,2023,MARZO,MARTES,2023-03-21,14,Vialidad,Lesiones por siniestros viales,NO,NO,,,0.0,0.0,1,0.0,0.0,"Coordenadas 0,0"
1134852,2023,MARZO,MARTES,2023-03-21,13,Vialidad,Lesiones por siniestros viales,NO,NO,,,0.0,0.0,1,0.0,0.0,"Coordenadas 0,0"
1134853,2023,MARZO,MARTES,2023-03-21,22,Vialidad,Lesiones por siniestros viales,NO,NO,,,0.0,0.0,1,0.0,0.0,"Coordenadas 0,0"
1134854,2023,MARZO,MIERCOLES,2023-03-22,16,Vialidad,Lesiones por siniestros viales,NO,NO,,,0.0,0.0,1,0.0,0.0,"Coordenadas 0,0"
1134855,2023,MARZO,MIERCOLES,2023-03-22,16,Vialidad,Lesiones por siniestros viales,NO,NO,,,0.0,0.0,1,0.0,0.0,"Coordenadas 0,0"
1134856,2023,MARZO,MIERCOLES,2023-03-22,16,Vialidad,Lesiones por siniestros viales,NO,NO,,,0.0,0.0,1,0.0,0.0,"Coordenadas 0,0"
1134857,2023,MARZO,JUEVES,2023-03-23,8,Vialidad,Lesiones por siniestros viales,NO,NO,,,0.0,0.0,1,0.0,0.0,"Coordenadas 0,0"
1134858,2023,MARZO,JUEVES,2023-03-23,10,Vialidad,Lesiones por siniestros viales,NO,NO,,,0.0,0.0,1,0.0,0.0,"Coordenadas 0,0"
1134859,2023,MARZO,JUEVES,2023-03-23,8,Vialidad,Lesiones por siniestros viales,NO,NO,,,0.0,0.0,1,0.0,0.0,"Coordenadas 0,0"
1134860,2023,MARZO,JUEVES,2023-03-23,16,Vialidad,Lesiones por siniestros viales,NO,NO,,,0.0,0.0,1,0.0,0.0,"Coordenadas 0,0"
1134861,2023,MARZO,JUEVES,2023-03-23,19,Vialidad,Lesiones por siniestros viales,NO,NO,,,0.0,0.0,1,0.0,0.0,"Coordenadas 0,0"
1134862,2023,MARZO,JUEVES,2023-03-23,18,Vialidad,Lesiones por siniestros viales,NO,NO,,,0.0,0.0,1,0.0,0.0,"Coordenadas 0,0"
1134863,2023,MARZO,JUEVES,2023-03-23,21,Vialidad,Lesiones por siniestros viales,NO,NO,,,0.0,0.0,1,0.0,0.0,"Coordenadas 0,0"
1134864,2023,MARZO,VIERNES,2023-03-24,14,Vialidad,Lesiones por siniestros viales,NO,NO,,,0.0,0.0,1,0.0,0.0,"Coordenadas 0,0"
1134865,2023,MARZO,VIERNES,2023-03-24,15,Vialidad,Lesiones por siniestros viales,NO,NO,,,0.0,0.0,1,0.0,0.0,"Coordenadas 0,0"
1134866,2023,MARZO,VIERNES,2023-03-24,17,Vialidad,Lesiones por siniestros viales,NO,NO,,,0.0,0.0,1,0.0,0.0,"Coordenadas 0,0"
1134867,2023,MARZO,SABADO,2023-03-25,2,Vialidad,Lesiones por siniestros viales,NO,NO,,,0.0,0.0,1,0.0,0.0,"Coordenadas 0,0"
1134868,2023,MARZO,SABADO,2023-03-25,4,Vialidad,Lesiones por siniestros viales,NO,NO,,,0.0,0.0,1,0.0,0.0,"Coordenadas 0,0"
1134869,2023,MARZO,JUEVES,2023-03-23,8,Vialidad,Lesiones por siniestros viales,NO,NO,,,0.0,0.0,1,0.0,0.0,"Coordenadas 0,0"
1134870,2023,MARZO,SABADO,2023-03-25,17,Vialidad,Lesiones por siniestros viales,NO,NO,,,0.0,0.0,1,0.0,0.0,"Coordenadas 0,0"
1134871,2023,MARZO,SABADO,2023-03-25,18,Vialidad,Lesiones por siniestros viales,NO,NO,,,0.0,0.0,1,0.0,0.0,"Coordenadas 0,0"
1134872,2023,MARZO,SABADO,2023-03-25,18,Vialidad,Lesiones por siniestros viales,NO,NO,,,0.0,0.0,1,0.0,0.0,"Coordenadas 0,0"
1134873,2023,MARZO,SABADO,2023-03-25,20,Vialidad,Lesiones por siniestros viales,NO,NO,,,0.0,0.0,1,0.0,0.0,"Coordenadas 0,0"
1134874,2023,MARZO,DOMINGO,2023-03-26,3,Vialidad,Lesiones por siniestros viales,NO,NO,,,0.0,0.0,1,0.0,0.0,"Coordenadas 0,0"
1134875,2023,MARZO,DOMINGO,2023-03-26,7,Vialidad,Lesiones por siniestros viales,NO,NO,,,0.0,0.0,1,0.0,0.0,"Coordenadas 0,0"
1134876,2023,MARZO,LUNES,2023-03-27,0,Vialidad,Lesiones por siniestros viales,NO,NO,,,0.0,0.0,1,0.0,0.0,"Coordenadas 0,0"
1134877,2023,MARZO,LUNES,2023-03-27,14,Vialidad,Lesiones por siniestros viales,NO,NO,,,0.0,0.0,1,0.0,0.0,"Coordenadas 0,0"
1134878,2023,MARZO,MARTES,2023-03-28,8,Vialidad,Lesiones por siniestros viales,NO,NO,,,0.0,0.0,1,0.0,0.0,"Coordenadas 0,0"
1134879,2023,MARZO,MARTES,2023-03-28,9,Vialidad,Lesiones por siniestros viales,NO,NO,,,0.0,0.0,1,0.0,0.0,"Coordenadas 0,0"
1134880,2023,MARZO,MARTES,2023-03-28,16,Vialidad,Lesiones por siniestros viales,NO,NO,,,0.0,0.0,1,0.0,0.0,"Coordenadas 0,0"
1134881,2023,MARZO,MARTES,2023-03-28,18,Vialidad,Lesiones por siniestros viales,NO,NO,,,0.0,0.0,1,0.0,0.0,"Coordenadas 0,0"
1134882,2023,MARZO,MARTES,2023-03-28,19,Vialidad,Lesiones por siniestros viales,NO,NO,,,0.0,0.0,1,0.0,0.0,"Coordenadas 0,0"
1134883,2023,MARZO,MARTES,2023-03-28,20,Vialidad,Lesiones por siniestros viales,NO,NO,,,0.0,0.0,1,0.0,0.0,"Coordenadas 0,0"
1134884,2023,MARZO,MARTES,2023-03-28,20,Vialidad,Lesiones por siniestros viales,NO,NO,,,0.0,0.0,1,0.0,0.0,"Coordenadas 0,0"
1134885,2023,MARZO,MIERCOLES,2023-03-29,16,Vialidad,Lesiones por siniestros viales,NO,NO,,,0.0,0.0,1,0.0,0.0,"Coordenadas 0,0"
1134886,2023,MARZO,MIERCOLES,2023-03-29,16,Vialidad,Lesiones por siniestros viales,NO,NO,,,0.0,0.0,1,0.0,0.0,"Coordenadas 0,0"
1134887,2023,MARZO,JUEVES,2023-03-30,18,Vialidad,Lesiones por siniestros viales,NO,NO,,,0.0,0.0,1,0.0,0.0,"Coordenadas 0,0"
1134888,2023,MARZO,JUEVES,2023-03-30,18,Vialidad,Lesiones por siniestros viales,NO,NO,,,0.0,0.0,1,0.0,0.0,"Coordenadas 0,0"
1134889,2023,MARZO,VIERNES,2023-03-31,2,Vialidad,Lesiones por siniestros viales,NO,NO,,,0.0,0.0,1,0.0,0.0,"Coordenadas 0,0"
1134890,2023,MARZO,VIERNES,2023-03-31,12,Vialidad,Lesiones por siniestros viales,NO,NO,,,0.0,0.0,1,0.0,0.0,"Coordenadas 0,0"
1134891,2023,MARZO,VIERNES,2023-03-31,16,Vialidad,Lesiones por siniestros viales,NO,NO,,,0.0,0.0,1,0.0,0.0,"Coordenadas 0,0"
1134892,2023,MARZO,VIERNES,2023-03-31,21,Vialidad,Lesiones por siniestros viales,NO,NO,,,0.0,0.0,1,0.0,0.0,"Coordenadas 0,0"
1134893,2023,MARZO,VIERNES,2023-03-31,17,Vialidad,Lesiones por siniestros viales,NO,NO,,,0.0,0.0,1,0.0,0.0,"Coordenadas 0,0"
1134894,2023,ENERO,MARTES,2023-01-03,14,Vialidad,Lesiones por siniestros viales,NO,NO,,,0.0,0.0,1,0.0,0.0,"Coordenadas 0,0"
1134895,2023,ENERO,MARTES,2023-01-03,21,Vialidad,Lesiones por siniestros viales,NO,NO,,,0.0,0.0,1,0.0,0.0,"Coordenadas 0,0"
1134896,2023,ENERO,SABADO,2023-01-07,0,Vialidad,Lesiones por siniestros viales,NO,NO,,,0.0,0.0,1,0.0,0.0,"Coordenadas 0,0"
1134897,2023,ENERO,LUNES,2023-01-09,18,Vialidad,Lesiones por siniestros viales,NO,NO,,,0.0,0.0,1,0.0,0.0,"Coordenadas 0,0"
1134898,2023,ENERO,VIERNES,2023-01-13,17,Vialidad,Lesiones por siniestros viales,NO,NO,,,0.0,0.0,1,0.0,0.0,"Coordenadas 0,0"
1134899,2023,ENERO,SABADO,2023-01-14,23,Vialidad,Lesiones por siniestros viales,NO,NO,,,0.0,0.0,1,0.0,0.0,"Coordenadas 0,0"
1134900,2023,ENERO,LUNES,2023-01-16,0,Vialidad,Lesiones por siniestros viales,NO,NO,,,0.0,0.0,1,0.0,0.0,"Coordenadas 0,0"
1134901,2023,ENERO,MIERCOLES,2023-01-18,23,Vialidad,Lesiones por siniestros viales,NO,NO,,,0.0,0.0,1,0.0,0.0,"Coordenadas 0,0"
1134902,2023,ENERO,SABADO,2023-01-21,7,Vialidad,Lesiones por siniestros viales,NO,NO,,,0.0,0.0,1,0.0,0.0,"Coordenadas 0,0"
1134903,2023,ENERO,MARTES,2023-01-31,8,Vialidad,Lesiones por siniestros viales,NO,NO,,,0.0,0.0,1,0.0,0.0,"Coordenadas 0,0"
1134904,2023,FEBRERO,SABADO,2023-02-04,4,Vialidad,Lesiones por siniestros viales,NO,NO,,,0.0,0.0,1,0.0,0.0,"Coordenadas 0,0"
1134905,2023,FEBRERO,SABADO,2023-02-04,10,Vialidad,Lesiones por siniestros viales,NO,NO,,,0.0,0.0,1,0.0,0.0,"Coordenadas 0,0"
1134906,2023,FEBRERO,JUEVES,2023-02-09,9,Vialidad,Lesiones por siniestros viales,NO,NO,,,0.0,0.0,1,0.0,0.0,"Coordenadas 0,0"
1134907,2023,FEBRERO,VIERNES,2023-02-17,15,Vialidad,Lesiones por siniestros viales,NO,NO,,,0.0,0.0,1,0.0,0.0,"Coordenadas 0,0"
1134908,2023,FEBRERO,DOMINGO,2023-02-19,11,Vialidad,Lesiones por siniestros viales,NO,NO,,,0.0,0.0,1,0.0,0.0,"Coordenadas 0,0"
1134909,2023,FEBRERO,MARTES,2023-02-21,16,Vialidad,Lesiones por siniestros viales,NO,NO,,,0.0,0.0,1,0.0,0.0,"Coordenadas 0,0"
1134910,2023,FEBRERO,VIERNES,2023-02-24,20,Vialidad,Lesiones por siniestros viales,NO,NO,,,0.0,0.0,1,0.0,0.0,"Coordenadas 0,0"
1134911,2023,FEBRERO,DOMINGO,2023-02-26,8,Vialidad,Lesiones por siniestros viales,NO,NO,,,0.0,0.0,1,0.0,0.0,"Coordenadas 0,0"
1134912,2023,MARZO,MIERCOLES,2023-03-01,17,Vialidad,Lesiones por siniestros viales,NO,NO,,,0.0,0.0,1,0.0,0.0,"Coordenadas 0,0"
1134913,2023,MARZO,VIERNES,2023-03-03,10,Vialidad,Lesiones por siniestros viales,NO,NO,,,0.0,0.0,1,0.0,0.0,"Coordenadas 0,0"
1134914,2023,MARZO,VIERNES,2023-03-03,16,Vialidad,Lesiones por siniestros viales,NO,NO,,,0.0,0.0,1,0.0,0.0,"Coordenadas 0,0"
1134915,2023,MARZO,LUNES,2023-03-06,10,Vialidad,Lesiones por siniestros viales,NO,NO,,,0.0,0.0,1,0.0,0.0,"Coordenadas 0,0"
1134916,2023,MARZO,MIERCOLES,2023-03-08,23,Vialidad,Lesiones por siniestros viales,NO,NO,,,0.0,0.0,1,0.0,0.0,"Coordenadas 0,0"
1134917,2023,MARZO,JUEVES,2023-03-09,10,Vialidad,Lesiones por siniestros viales,NO,NO,,,0.0,0.0,1,0.0,0.0,"Coordenadas 0,0"
1134918,2023,MARZO,JUEVES,2023-03-09,18,Vialidad,Lesiones por siniestros viales,NO,NO,,,0.0,0.0,1,0.0,0.0,"Coordenadas 0,0"
1134919,2023,MARZO,LUNES,2023-03-06,11,Vialidad,Lesiones por siniestros viales,NO,NO,,,0.0,0.0,1,0.0,0.0,"Coordenadas 0,0"
1134920,2023,MARZO,SABADO,2023-03-11,5,Vialidad,Lesiones por siniestros viales,NO,NO,,,0.0,0.0,1,0.0,0.0,"Coordenadas 0,0"
1134921,2023,MARZO,LUNES,2023-03-13,8,Vialidad,Lesiones por siniestros viales,NO,NO,,,0.0,0.0,1,0.0,0.0,"Coordenadas 0,0"
1134922,2023,MARZO,LUNES,2023-03-13,17,Vialidad,Lesiones por siniestros viales,NO,NO,,,0.0,0.0,1,0.0,0.0,"Coordenadas 0,0"
1134923,2023,MARZO,MARTES,2023-03-14,13,Vialidad,Lesiones por siniestros viales,NO,NO,,,0.0,0.0,1,0.0,0.0,"Coordenadas 0,0"
1134924,2023,MARZO,MARTES,2023-03-14,23,Vialidad,Lesiones por siniestros viales,NO,NO,,,0.0,0.0,1,0.0,0.0,"Coordenadas 0,0"
1134925,2023,MARZO,JUEVES,2023-03-16,23,Vialidad,Lesiones por siniestros viales,NO,NO,,,0.0,0.0,1,0.0,0.0,"Coordenadas 0,0"
1134926,2023,MARZO,VIERNES,2023-03-17,16,Vialidad,Lesiones por siniestros viales,NO,NO,,,0.0,0.0,1,0.0,0.0,"Coordenadas 0,0"
1134927,2023,MARZO,LUNES,2023-03-20,12,Vialidad,Lesiones por siniestros viales,NO,NO,,,0.0,0.0,1,0.0,0.0,"Coordenadas 0,0"
1134928,2023,MARZO,MIERCOLES,2023-03-22,17,Vialidad,Lesiones por siniestros viales,NO,NO,,,0.0,0.0,1,0.0,0.0,"Coordenadas 0,0"
1134929,2023,MARZO,JUEVES,2023-03-23,19,Vialidad,Lesiones por siniestros viales,NO,NO,,,0.0,0.0,1,0.0,0.0,"Coordenadas 0,0"
1134930,2023,MARZO,VIERNES,2023-03-24,14,Vialidad,Lesiones por siniestros viales,NO,NO,,,0.0,0.0,1,0.0,0.0,"Coordenadas 0,0"
1134931,2023,MARZO,VIERNES,2023-03-24,18,Vialidad,Lesiones por siniestros viales,NO,NO,,,0.0,0.0,1,0.0,0.0,"Coordenadas 0,0"
1134932,2023,MARZO,LUNES,2023-03-27,9,Vialidad,Lesiones por siniestros viales,NO,NO,,,0.0,0.0,1,0.0,0.0,"Coordenadas 0,0"
1134933,2023,MARZO,MARTES,2023-03-28,19,Vialidad,Lesiones por siniestros viales,NO,NO,,,0.0,0.0,1,0.0,0.0,"Coordenadas 0,0"
1134934,2023,MARZO,MIERCOLES,2023-03-29,9,Vialidad,Lesiones por siniestros viales,NO,NO,,,0.0,0.0,1,0.0,0.0,"Coordenadas 0,0"
1134935,2023,MARZO,MIERCOLES,2023-03-29,12,Vialidad,Lesiones por siniestros viales,NO,NO,,,0.0,0.0,1,0.0,0.0,"Coordenadas 0,0"
1134936,2023,MARZO,MIERCOLES,2023-03-29,12,Vialidad,Lesiones por siniestros viales,NO,NO,,,0.0,0.0,1,0.0,0.0,"Coordenadas 0,0"
1134937,2023,MARZO,JUEVES,2023-03-30,11,Vialidad,Lesiones por siniestros viales,NO,NO,,,0.0,0.0,1,0.0,0.0,"Coordenadas 0,0"
1134938,2023,MARZO,VIERNES,2023-03-31,10,Vialidad,Lesiones por siniestros viales,NO,NO,,,0.0,0.0,1,0.0,0.0,"Coordenadas 0,0"
1134939,2023,MARZO,VIERNES,2023-03-31,10,Vialidad,Lesiones por siniestros viales,NO,NO,,,0.0,0.0,1,0.0,0.0,"Coordenadas 0,0"
1134940,2023,MARZO,VIERNES,2023-03-31,12,Vialidad,Lesiones por siniestros viales,NO,NO,,,0.0,0.0,1,0.0,0.0,"Coordenadas 0,0"
1134941,2023,MARZO,JUEVES,2023-03-30,21,Vialidad,Lesiones por siniestros viales,NO,NO,,,0.0,0.0,1,0.0,0.0,"Coordenadas 0,0"
1134942,2023,NOVIEMBRE,VIERNES,2023-11-24,16,Vialidad,Lesiones por siniestros viales,NO,NO,,,0.0,0.0,1,0.0,0.0,"Coordenadas 0,0"
1134943,2023,OCTUBRE,JUEVES,2023-10-12,13,Vialidad,Lesiones por siniestros viales,NO,NO,,,0.0,0.0,1,0.0,0.0,"Coordenadas 0,0"
1134944,2023,NOVIEMBRE,JUEVES,2023-11-23,14,Vialidad,Lesiones por siniestros viales,NO,NO,,,0.0,0.0,1,0.0,0.0,"Coordenadas 0,0"
1134945,2023,DICIEMBRE,MARTES,2023-12-05,11,Vialidad,Lesiones por siniestros viales,NO,NO,,,0.0,0.0,1,0.0,0.0,"Coordenadas 0,0"
1134946,2023,NOVIEMBRE,MARTES,2023-11-14,17,Vialidad,Lesiones por siniestros viales,NO,NO,,,0.0,0.0,1,0.0,0.0,"Coordenadas 0,0"
1134947,2023,NOVIEMBRE,DOMINGO,2023-11-05,13,Vialidad,Lesiones por siniestros viales,NO,NO,,,0.0,0.0,1,0.0,0.0,"Coordenadas 0,0"
1134948,2023,NOVIEMBRE,DOMINGO,2023-11-05,15,Vialidad,Lesiones por siniestros viales,NO,NO,,,0.0,0.0,1,0.0,0.0,"Coordenadas 0,0"
1134949,2023,NOVIEMBRE,MARTES,2023-11-28,13,Vialidad,Lesiones por siniestros viales,NO,NO,,,0.0,0.0,1,0.0,0.0,"Coordenadas 0,0"
1134950,2023,NOVIEMBRE,MARTES,2023-11-14,8,Vialidad,Lesiones por siniestros viales,NO,NO,,,0.0,0.0,1,0.0,0.0,"Coordenadas 0,0"
1134951,2023,DICIEMBRE,MARTES,2023-12-12,16,Vialidad,Lesiones por siniestros viales,NO,NO,,,0.0,0.0,1,0.0,0.0,"Coordenadas 0,0"
1134952,2023,NOVIEMBRE,VIERNES,2023-11-24,17,Vialidad,Lesiones por siniestros viales,NO,NO,,,0.0,0.0,1,0.0,0.0,"Coordenadas 0,0"
1134953,2023,NOVIEMBRE,MIERCOLES,2023-11-29,9,Vialidad,Lesiones por siniestros viales,NO,NO,,,0.0,0.0,1,0.0,0.0,"Coordenadas 0,0"
1134954,2023,OCTUBRE,SABADO,2023-10-07,18,Vialidad,Lesiones por siniestros viales,NO,NO,,,0.0,0.0,1,0.0,0.0,"Coordenadas 0,0"
1134955,2023,OCTUBRE,LUNES,2023-10-09,11,Vialidad,Lesiones por siniestros viales,NO,NO,,,0.0,0.0,1,0.0,0.0,"Coordenadas 0,0"
1134956,2023,NOVIEMBRE,SABADO,2023-11-18,21,Vialidad,Lesiones por siniestros viales,NO,NO,,,0.0,0.0,1,0.0,0.0,"Coordenadas 0,0"
1134957,2023,NOVIEMBRE,MIERCOLES,2023-11-22,18,Vialidad,Lesiones por siniestros viales,NO,NO,,,0.0,0.0,1,0.0,0.0,"Coordenadas 0,0"
1134958,2023,OCTUBRE,JUEVES,2023-10-12,16,Vialidad,Lesiones por siniestros viales,NO,NO,,,0.0,0.0,1,0.0,0.0,"Coordenadas 0,0"
1134959,2023,NOVIEMBRE,MIERCOLES,2023-11-29,16,Vialidad,Lesiones por siniestros viales,NO,NO,,,0.0,0.0,1,0.0,0.0,"Coordenadas 0,0"
1134960,2023,OCTUBRE,MARTES,2023-10-31,11,Vialidad,Lesiones por siniestros viales,NO,NO,,,0.0,0.0,1,0.0,0.0,"Coordenadas 0,0"
1134961,2023,NOVIEMBRE,JUEVES,2023-11-30,17,Vialidad,Lesiones por siniestros viales,NO,NO,,,0.0,0.0,1,0.0,0.0,"Coordenadas 0,0"
1134962,2023,DICIEMBRE,VIERNES,2023-12-15,20,Vialidad,Lesiones por siniestros viales,NO,NO,,,0.0,0.0,1,0.0,0.0,"Coordenadas 0,0"
1134963,2023,OCTUBRE,MARTES,2023-10-03,20,Vialidad,Lesiones por siniestros viales,NO,NO,,,0.0,0.0,1,0.0,0.0,"Coordenadas 0,0"
1134964,2023,OCTUBRE,SABADO,2023-10-14,21,Vialidad,Lesiones por siniestros viales,NO,NO,,,0.0,0.0,1,0.0,0.0,"Coordenadas 0,0"
1134965,2023,NOVIEMBRE,MIERCOLES,2023-11-29,15,Vialidad,Lesiones por siniestros viales,NO,NO,,,0.0,0.0,1,0.0,0.0,"Coordenadas 0,0"
1134966,2023,NOVIEMBRE,JUEVES,2023-11-16,17,Vialidad,Lesiones por siniestros viales,NO,NO,,,0.0,0.0,1,0.0,0.0,"Coordenadas 0,0"
1134967,2023,DICIEMBRE,DOMINGO,2023-12-10,8,Vialidad,Lesiones por siniestros viales,NO,NO,,,0.0,0.0,1,0.0,0.0,"Coordenadas 0,0"
1134968,2023,DICIEMBRE,VIERNES,2023-12-22,21,Vialidad,Lesiones por siniestros viales,NO,NO,,,0.0,0.0,1,0.0,0.0,"Coordenadas 0,0"
1134969,2023,DICIEMBRE,JUEVES,2023-12-14,12,Vialidad,Lesiones por siniestros viales,NO,NO,,,0.0,0.0,1,0.0,0.0,"Coordenadas 0,0"
1134970,2023,OCTUBRE,MIERCOLES,2023-10-04,21,Vialidad,Lesiones por siniestros viales,NO,NO,,,0.0,0.0,1,0.0,0.0,"Coordenadas 0,0"
1134971,2023,OCTUBRE,LUNES,2023-10-09,19,Vialidad,Lesiones por siniestros viales,NO,NO,,,0.0,0.0,1,0.0,0.0,"Coordenadas 0,0"
1134972,2023,OCTUBRE,LUNES,2023-10-30,1,Vialidad,Lesiones por siniestros viales,NO,NO,,,0.0,0.0,1,0.0,0.0,"Coordenadas 0,0"
1134973,2023,NOVIEMBRE,VIERNES,2023-11-10,22,Vialidad,Lesiones por siniestros viales,NO,NO,,,0.0,0.0,1,0.0,0.0,"Coordenadas 0,0"
1134974,2023,NOVIEMBRE,MIERCOLES,2023-11-15,14,Vialidad,Lesiones por siniestros viales,NO,NO,,,0.0,0.0,1,0.0,0.0,"Coordenadas 0,0"
1134975,2023,NOVIEMBRE,JUEVES,2023-11-23,9,Vialidad,Lesiones por siniestros viales,NO,NO,,,0.0,0.0,1,0.0,0.0,"Coordenadas 0,0"
1134976,2023,DICIEMBRE,DOMINGO,2023-12-10,20,Vialidad,Lesiones por siniestros viales,NO,NO,,,0.0,0.0,1,0.0,0.0,"Coordenadas 0,0"
1134977,2023,DICIEMBRE,LUNES,2023-12-11,18,Vialidad,Lesiones por siniestros viales,NO,NO,,,0.0,0.0,1,0.0,0.0,"Coordenadas 0,0"
1134978,2023,DICIEMBRE,MIERCOLES,2023-12-13,1,Vialidad,Lesiones por siniestros viales,NO,NO,,,0.0,0.0,1,0.0,0.0,"Coordenadas 0,0"
1134979,2023,DICIEMBRE,DOMINGO,2023-12-17,4,Vialidad,Lesiones por siniestros viales,NO,NO,,,0.0,0.0,1,0.0,0.0,"Coordenadas 0,0"
1134980,2023,DICIEMBRE,LUNES,2023-12-25,20,Vialidad,Lesiones por siniestros viales,NO,NO,,,0.0,0.0,1,0.0,0.0,"Coordenadas 0,0"
1134981,2023,DICIEMBRE,VIERNES,2023-12-29,19,Vialidad,Lesiones por siniestros viales,NO,NO,,,0.0,0.0,1,0.0,0.0,"Coordenadas 0,0"
1134982,2023,DICIEMBRE,VIERNES,2023-12-29,17,Vialidad,Lesiones por siniestros viales,NO,NO,,,0.0,0.0,1,0.0,0.0,"Coordenadas 0,0"
1134983,2023,OCTUBRE,LUNES,2023-10-16,19,Vialidad,Lesiones por siniestros viales,NO,NO,,,0.0,0.0,1,0.0,0.0,"Coordenadas 0,0"
1134984,2023,OCTUBRE,VIERNES,2023-10-27,20,Vialidad,Lesiones por siniestros viales,NO,NO,,,0.0,0.0,1,0.0,0.0,"Coordenadas 0,0"
1134985,2023,OCTUBRE,MARTES,2023-10-31,11,Vialidad,Lesiones por siniestros viales,NO,NO,,,0.0,0.0,1,0.0,0.0,"Coordenadas 0,0"
1134986,2023,NOVIEMBRE,MARTES,2023-11-28,22,Vialidad,Lesiones por siniestros viales,NO,NO,,,0.0,0.0,1,0.0,0.0,"Coordenadas 0,0"
1134987,2023,DICIEMBRE,LUNES,2023-12-04,6,Vialidad,Lesiones por siniestros viales,NO,NO,,,0.0,0.0,1,0.0,0.0,"Coordenadas 0,0"
1134988,2023,DICIEMBRE,JUEVES,2023-12-28,18,Vialidad,Lesiones por siniestros viales,NO,NO,,,0.0,0.0,1,0.0,0.0,"Coordenadas 0,0"
1134989,2023,DICIEMBRE,VIERNES,2023-12-29,13,Vialidad,Lesiones por siniestros viales,NO,NO,,,0.0,0.0,1,0.0,0.0,"Coordenadas 0,0"
1134990,2023,DICIEMBRE,VIERNES,2023-12-29,12,Vialidad,Lesiones por siniestros viales,NO,NO,,,0.0,0.0,1,0.0,0.0,"Coordenadas 0,0"
1134991,2023,DICIEMBRE,SABADO,2023-12-30,20,Vialidad,Lesiones por siniestros viales,NO,NO,,,0.0,0.0,1,0.0,0.0,"Coordenadas 0,0"
1134992,2023,OCTUBRE,DOMINGO,2023-10-01,6,Vialidad,Lesiones por siniestros viales,NO,NO,,,0.0,0.0,1,0.0,0.0,"Coordenadas 0,0"
1134993,2023,OCTUBRE,LUNES,2023-10-02,9,Vialidad,Lesiones por siniestros viales,NO,NO,,,0.0,0.0,1,0.0,0.0,"Coordenadas 0,0"
1134994,2023,OCTUBRE,JUEVES,2023-10-05,21,Vialidad,Lesiones por siniestros viales,NO,NO,,,0.0,0.0,1,0.0,0.0,"Coordenadas 0,0"
1134995,2023,OCTUBRE,SABADO,2023-10-07,19,Vialidad,Lesiones por siniestros viales,NO,NO,,,0.0,0.0,1,0.0,0.0,"Coordenadas 0,0"
1134996,2023,OCTUBRE,DOMINGO,2023-10-08,9,Vialidad,Lesiones por siniestros viales,NO,NO,,,0.0,0.0,1,0.0,0.0,"Coordenadas 0,0"
1134997,2023,OCTUBRE,LUNES,2023-10-09,15,Vialidad,Lesiones por siniestros viales,NO,NO,,,0.0,0.0,1,0.0,0.0,"Coordenadas 0,0"
1134998,2023,OCTUBRE,LUNES,2023-10-09,23,Vialidad,Lesiones por siniestros viales,NO,NO,,,0.0,0.0,1,0.0,0.0,"Coordenadas 0,0"
1134999,2023,OCTUBRE,VIERNES,2023-10-13,10,Vialidad,Lesiones por siniestros viales,NO,NO,,,0.0,0.0,1,0.0,0.0,"Coordenadas 0,0"
1135000,2023,OCTUBRE,MARTES,2023-10-17,15,Vialidad,Lesiones por siniestros viales,NO,NO,,,0.0,0.0,1,0.0,0.0,"Coordenadas 0,0"
1135001,2023,OCTUBRE,MIERCOLES,2023-10-18,16,Vialidad,Lesiones por siniestros viales,NO,NO,,,0.0,0.0,1,0.0,0.0,"Coordenadas 0,0"
1135002,2023,NOVIEMBRE,LUNES,2023-11-06,11,Vialidad,Lesiones por siniestros viales,NO,NO,,,0.0,0.0,1,0.0,0.0,"Coordenadas 0,0"
1135003,2023,NOVIEMBRE,MARTES,2023-11-07,15,Vialidad,Lesiones por siniestros viales,NO,NO,,,0.0,0.0,1,0.0,0.0,"Coordenadas 0,0"
1135004,2023,NOVIEMBRE,VIERNES,2023-11-10,2,Vialidad,Lesiones por siniestros viales,NO,NO,,,0.0,0.0,1,0.0,0.0,"Coordenadas 0,0"
1135005,2023,NOVIEMBRE,MARTES,2023-11-21,15,Vialidad,Lesiones por siniestros viales,NO,NO,,,0.0,0.0,1,0.0,0.0,"Coordenadas 0,0"
1135006,2023,DICIEMBRE,JUEVES,2023-12-07,11,Vialidad,Lesiones por siniestros viales,NO,NO,,,0.0,0.0,1,0.0,0.0,"Coordenadas 0,0"
1135007,2023,DICIEMBRE,MIERCOLES,2023-12-20,12,Vialidad,Lesiones por siniestros viales,NO,NO,,,0.0,0.0,1,0.0,0.0,"Coordenadas 0,0"
1135008,2023,OCTUBRE,DOMINGO,2023-10-01,23,Vialidad,Lesiones por siniestros viales,NO,NO,,,0.0,0.0,1,0.0,0.0,"Coordenadas 0,0"
1135009,2023,OCTUBRE,JUEVES,2023-10-05,10,Vialidad,Lesiones por siniestros viales,NO,NO,,,0.0,0.0,1,0.0,0.0,"Coordenadas 0,0"
1135010,2023,OCTUBRE,VIERNES,2023-10-06,18,Vialidad,Lesiones por siniestros viales,NO,NO,,,0.0,0.0,1,0.0,0.0,"Coordenadas 0,0"
1135011,2023,OCTUBRE,SABADO,2023-10-07,1,Vialidad,Lesiones por siniestros viales,NO,NO,,,0.0,0.0,1,0.0,0.0,"Coordenadas 0,0"
1135012,2023,OCTUBRE,JUEVES,2023-10-12,19,Vialidad,Lesiones por siniestros viales,NO,NO,,,0.0,0.0,1,0.0,0.0,"Coordenadas 0,0"
1135013,2023,OCTUBRE,VIERNES,2023-10-20,23,Vialidad,Lesiones por siniestros viales,NO,NO,,,0.0,0.0,1,0.0,0.0,"Coordenadas 0,0"
1135014,2023,OCTUBRE,SABADO,2023-10-28,2,Vialidad,Lesiones por siniestros viales,NO,NO,,,0.0,0.0,1,0.0,0.0,"Coordenadas 0,0"
1135015,2023,NOVIEMBRE,MIERCOLES,2023-11-01,22,Vialidad,Lesiones por siniestros viales,NO,NO,,,0.0,0.0,1,0.0,0.0,"Coordenadas 0,0"
1135016,2023,NOVIEMBRE,LUNES,2023-11-06,13,Vialidad,Lesiones por siniestros viales,NO,NO,,,0.0,0.0,1,0.0,0.0,"Coordenadas 0,0"
1135017,2023,NOVIEMBRE,MARTES,2023-11-14,19,Vialidad,Lesiones por siniestros viales,NO,NO,,,0.0,0.0,1,0.0,0.0,"Coordenadas 0,0"
1135018,2023,NOVIEMBRE,JUEVES,2023-11-16,23,Vialidad,Lesiones por siniestros viales,NO,NO,,,0.0,0.0,1,0.0,0.0,"Coordenadas 0,0"
1135019,2023,NOVIEMBRE,VIERNES,2023-11-17,15,Vialidad,Lesiones por siniestros viales,NO,NO,,,0.0,0.0,1,0.0,0.0,"Coordenadas 0,0"
1135020,2023,DICIEMBRE,SABADO,2023-12-02,0,Vialidad,Lesiones por siniestros viales,NO,NO,,,0.0,0.0,1,0.0,0.0,"Coordenadas 0,0"
1135021,2023,DICIEMBRE,LUNES,2023-12-04,13,Vialidad,Lesiones por siniestros viales,NO,NO,,,0.0,0.0,1,0.0,0.0,"Coordenadas 0,0"
1135022,2023,DICIEMBRE,MARTES,2023-12-05,10,Vialidad,Lesiones por siniestros viales,NO,NO,,,0.0,0.0,1,0.0,0.0,"Coordenadas 0,0"
1135023,2023,DICIEMBRE,LUNES,2023-12-11,10,Vialidad,Lesiones por siniestros viales,NO,NO,,,0.0,0.0,1,0.0,0.0,"Coordenadas 0,0"
1135024,2023,DICIEMBRE,JUEVES,2023-12-28,20,Vialidad,Lesiones por siniestros viales,NO,NO,,,0.0,0.0,1,0.0,0.0,"Coordenadas 0,0"
1135025,2023,OCTUBRE,MARTES,2023-10-17,17,Vialidad,Lesiones por siniestros viales,NO,NO,,,0.0,0.0,1,0.0,0.0,"Coordenadas 0,0"
1135026,2023,OCTUBRE,VIERNES,2023-10-20,15,Vialidad,Lesiones por siniestros viales,NO,NO,,,0.0,0.0,1,0.0,0.0,"Coordenadas 0,0"
1135027,2023,OCTUBRE,VIERNES,2023-10-20,16,Vialidad,Lesiones por siniestros viales,NO,NO,,,0.0,0.0,1,0.0,0.0,"Coordenadas 0,0"
1135028,2023,OCTUBRE,VIERNES,2023-10-20,20,Vialidad,Lesiones por siniestros viales,NO,NO,,,0.0,0.0,1,0.0,0.0,"Coordenadas 0,0"
1135029,2023,OCTUBRE,JUEVES,2023-10-26,7,Vialidad,Lesiones por siniestros viales,NO,NO,,,0.0,0.0,1,0.0,0.0,"Coordenadas 0,0"
1135030,2023,NOVIEMBRE,DOMINGO,2023-11-05,1,Vialidad,Lesiones por siniestros viales,NO,NO,,,0.0,0.0,1,0.0,0.0,"Coordenadas 0,0"
1135031,2023,NOVIEMBRE,VIERNES,2023-11-10,16,Vialidad,Lesiones por siniestros viales,NO,NO,,,0.0,0.0,1,0.0,0.0,"Coordenadas 0,0"
1135032,2023,NOVIEMBRE,VIERNES,2023-11-17,11,Vialidad,Lesiones por siniestros viales,NO,NO,,,0.0,0.0,1,0.0,0.0,"Coordenadas 0,0"
1135033,2023,NOVIEMBRE,MARTES,2023-11-21,20,Vialidad,Lesiones por siniestros viales,NO,NO,,,0.0,0.0,1,0.0,0.0,"Coordenadas 0,0"
1135034,2023,NOVIEMBRE,SABADO,2023-11-25,16,Vialidad,Lesiones por siniestros viales,NO,NO,,,0.0,0.0,1,0.0,0.0,"Coordenadas 0,0"
1135035,2023,NOVIEMBRE,MARTES,2023-11-28,16,Vialidad,Lesiones por siniestros viales,NO,NO,,,0.0,0.0,1,0.0,0.0,"Coordenadas 0,0"
1135036,2023,NOVIEMBRE,MARTES,2023-11-28,16,Vialidad,Lesiones por siniestros viales,NO,NO,,,0.0,0.0,1,0.0,0.0,"Coordenadas 0,0"
1135037,2023,DICIEMBRE,JUEVES,2023-12-07,9,Vialidad,Lesiones por siniestros viales,NO,NO,,,0.0,0.0,1,0.0,0.0,"Coordenadas 0,0"
1135038,2023,DICIEMBRE,JUEVES,2023-12-07,13,Vialidad,Lesiones por siniestros viales,NO,NO,,,0.0,0.0,1,0.0,0.0,"Coordenadas 0,0"
1135039,2023,DICIEMBRE,JUEVES,2023-12-07,13,Vialidad,Lesiones por siniestros viales,NO,NO,,,0.0,0.0,1,0.0,0.0,"Coordenadas 0,0"
1135040,2023,DICIEMBRE,JUEVES,2023-12-21,19,Vialidad,Lesiones por siniestros viales,NO,NO,,,0.0,0.0,1,0.0,0.0,"Coordenadas 0,0"
1135041,2023,OCTUBRE,MARTES,2023-10-03,14,Vialidad,Lesiones por siniestros viales,NO,NO,,,0.0,0.0,1,0.0,0.0,"Coordenadas 0,0"
1135042,2023,NOVIEMBRE,DOMINGO,2023-11-05,15,Vialidad,Lesiones por siniestros viales,NO,NO,,,0.0,0.0,1,0.0,0.0,"Coordenadas 0,0"
1135043,2023,NOVIEMBRE,DOMINGO,2023-11-05,17,Vialidad,Lesiones por siniestros viales,NO,NO,,,0.0,0.0,1,0.0,0.0,"Coordenadas 0,0"
1135044,2023,NOVIEMBRE,SABADO,2023-11-18,10,Vialidad,Lesiones por siniestros viales,NO,NO,,,0.0,0.0,1,0.0,0.0,"Coordenadas 0,0"
1135045,2023,NOVIEMBRE,VIERNES,2023-11-24,23,Vialidad,Lesiones por siniestros viales,NO,NO,,,0.0,0.0,1,0.0,0.0,"Coordenadas 0,0"
1135046,2023,NOVIEMBRE,DOMINGO,2023-11-26,4,Vialidad,Lesiones por siniestros viales,NO,NO,,,0.0,0.0,1,0.0,0.0,"Coordenadas 0,0"
1135047,2023,NOVIEMBRE,MARTES,2023-11-28,19,Vialidad,Lesiones por siniestros viales,NO,NO,,,0.0,0.0,1,0.0,0.0,"Coordenadas 0,0"
1135048,2023,DICIEMBRE,JUEVES,2023-12-07,13,Vialidad,Lesiones por siniestros viales,NO,NO,,,0.0,0.0,1,0.0,0.0,"Coordenadas 0,0"
1135049,2023,DICIEMBRE,JUEVES,2023-12-14,21,Vialidad,Lesiones por siniestros viales,NO,NO,,,0.0,0.0,1,0.0,0.0,"Coordenadas 0,0"
1135050,2023,DICIEMBRE,LUNES,2023-12-18,18,Vialidad,Lesiones por siniestros viales,NO,NO,,,0.0,0.0,1,0.0,0.0,"Coordenadas 0,0"
1135051,2023,DICIEMBRE,MARTES,2023-12-19,14,Vialidad,Lesiones por siniestros viales,NO,NO,,,0.0,0.0,1,0.0,0.0,"Coordenadas 0,0"
1135052,2023,DICIEMBRE,MIERCOLES,2023-12-20,16,Vialidad,Lesiones por siniestros viales,NO,NO,,,0.0,0.0,1,0.0,0.0,"Coordenadas 0,0"
1135053,2023,OCTUBRE,MARTES,2023-10-03,12,Vialidad,Lesiones por siniestros viales,NO,NO,,,0.0,0.0,1,0.0,0.0,"Coordenadas 0,0"
1135054,2023,OCTUBRE,VIERNES,2023-10-20,22,Vialidad,Lesiones por siniestros viales,NO,NO,,,0.0,0.0,1,0.0,0.0,"Coordenadas 0,0"
1135055,2023,OCTUBRE,DOMINGO,2023-10-22,20,Vialidad,Lesiones por siniestros viales,NO,NO,,,0.0,0.0,1,0.0,0.0,"Coordenadas 0,0"
1135056,2023,OCTUBRE,LUNES,2023-10-23,9,Vialidad,Lesiones por siniestros viales,NO,NO,,,0.0,0.0,1,0.0,0.0,"Coordenadas 0,0"
1135057,2023,OCTUBRE,VIERNES,2023-10-27,23,Vialidad,Lesiones por siniestros viales,NO,NO,,,0.0,0.0,1,0.0,0.0,"Coordenadas 0,0"
1135058,2023,NOVIEMBRE,LUNES,2023-11-06,20,Vialidad,Lesiones por siniestros viales,NO,NO,,,0.0,0.0,1,0.0,0.0,"Coordenadas 0,0"
1135059,2023,NOVIEMBRE,JUEVES,2023-11-09,17,Vialidad,Lesiones por siniestros viales,NO,NO,,,0.0,0.0,1,0.0,0.0,"Coordenadas 0,0"
1135060,2023,NOVIEMBRE,MARTES,2023-11-21,20,Vialidad,Lesiones por siniestros viales,NO,NO,,,0.0,0.0,1,0.0,0.0,"Coordenadas 0,0"
1135061,2023,DICIEMBRE,JUEVES,2023-12-14,13,Vialidad,Lesiones por siniestros viales,NO,NO,,,0.0,0.0,1,0.0,0.0,"Coordenadas 0,0"
1135062,2023,NOVIEMBRE,DOMINGO,2023-11-05,18,Vialidad,Lesiones por siniestros viales,NO,NO,,,0.0,0.0,1,0.0,0.0,"Coordenadas 0,0"
1135063,2023,NOVIEMBRE,MIERCOLES,2023-11-08,13,Vialidad,Lesiones por siniestros viales,NO,NO,,,0.0,0.0,1,0.0,0.0,"Coordenadas 0,0"
1135064,2023,NOVIEMBRE,VIERNES,2023-11-10,13,Vialidad,Lesiones por siniestros viales,NO,NO,,,0.0,0.0,1,0.0,0.0,"Coordenadas 0,0"
1135065,2023,NOVIEMBRE,VIERNES,2023-11-17,17,Vialidad,Lesiones por siniestros viales,NO,NO,,,0.0,0.0,1,0.0,0.0,"Coordenadas 0,0"
1135066,2023,NOVIEMBRE,DOMINGO,2023-11-19,20,Vialidad,Lesiones por siniestros viales,NO,NO,,,0.0,0.0,1,0.0,0.0,"Coordenadas 0,0"
1135067,2023,NOVIEMBRE,MARTES,2023-11-28,19,Vialidad,Lesiones por siniestros viales,NO,NO,,,0.0,0.0,1,0.0,0.0,"Coordenadas 0,0"
1135068,2023,DICIEMBRE,VIERNES,2023-12-01,13,Vialidad,Lesiones por siniestros viales,NO,NO,,,0.0,0.0,1,0.0,0.0,"Coordenadas 0,0"
1135069,2023,DICIEMBRE,VIERNES,2023-12-08,18,Vialidad,Lesiones por siniestros viales,NO,NO,,,0.0,0.0,1,0.0,0.0,"Coordenadas 0,0"
1135070,2023,DICIEMBRE,JUEVES,2023-12-14,20,Vialidad,Lesiones por siniestros viales,NO,NO,,,0.0,0.0,1,0.0,0.0,"Coordenadas 0,0"
1135071,2023,DICIEMBRE,VIERNES,2023-12-15,4,Vialidad,Lesiones por siniestros viales,NO,NO,,,0.0,0.0,1,0.0,0.0,"Coordenadas 0,0"
1135072,2023,OCTUBRE,MIERCOLES,2023-10-04,14,Vialidad,Lesiones por siniestros viales,NO,NO,,,0.0,0.0,1,0.0,0.0,"Coordenadas 0,0"
1135073,2023,OCTUBRE,JUEVES,2023-10-05,11,Vialidad,Lesiones por siniestros viales,NO,NO,,,0.0,0.0,1,0.0,0.0,"Coordenadas 0,0"
1135074,2023,OCTUBRE,DOMINGO,2023-10-08,14,Vialidad,Lesiones por siniestros viales,NO,NO,,,0.0,0.0,1,0.0,0.0,"Coordenadas 0,0"
1135075,2023,OCTUBRE,LUNES,2023-10-09,19,Vialidad,Lesiones por siniestros viales,NO,NO,,,0.0,0.0,1,0.0,0.0,"Coordenadas 0,0"
1135076,2023,OCTUBRE,MARTES,2023-10-17,18,Vialidad,Lesiones por siniestros viales,NO,NO,,,0.0,0.0,1,0.0,0.0,"Coordenadas 0,0"
1135077,2023,OCTUBRE,MIERCOLES,2023-10-25,17,Vialidad,Lesiones por siniestros viales,NO,NO,,,0.0,0.0,1,0.0,0.0,"Coordenadas 0,0"
1135078,2023,OCTUBRE,SABADO,2023-10-28,18,Vialidad,Lesiones por siniestros viales,NO,NO,,,0.0,0.0,1,0.0,0.0,"Coordenadas 0,0"
1135079,2023,OCTUBRE,DOMINGO,2023-10-29,15,Vialidad,Lesiones por siniestros viales,NO,NO,,,0.0,0.0,1,0.0,0.0,"Coordenadas 0,0"
1135080,2023,NOVIEMBRE,MIERCOLES,2023-11-01,14,Vialidad,Lesiones por siniestros viales,NO,NO,,,0.0,0.0,1,0.0,0.0,"Coordenadas 0,0"
1135081,2023,NOVIEMBRE,SABADO,2023-11-04,22,Vialidad,Lesiones por siniestros viales,NO,NO,,,0.0,0.0,1,0.0,0.0,"Coordenadas 0,0"
1135082,2023,NOVIEMBRE,MARTES,2023-11-21,13,Vialidad,Lesiones por siniestros viales,NO,NO,,,0.0,0.0,1,0.0,0.0,"Coordenadas 0,0"
1135083,2023,NOVIEMBRE,JUEVES,2023-11-23,13,Vialidad,Lesiones por siniestros viales,NO,NO,,,0.0,0.0,1,0.0,0.0,"Coordenadas 0,0"
1135084,2023,NOVIEMBRE,LUNES,2023-11-27,12,Vialidad,Lesiones por siniestros viales,NO,NO,,,0.0,0.0,1,0.0,0.0,"Coordenadas 0,0"
1135085,2023,DICIEMBRE,MARTES,2023-12-05,11,Vialidad,Lesiones por siniestros viales,NO,NO,,,0.0,0.0,1,0.0,0.0,"Coordenadas 0,0"
1135086,2023,DICIEMBRE,MIERCOLES,2023-12-06,10,Vialidad,Lesiones por siniestros viales,NO,NO,,,0.0,0.0,1,0.0,0.0,"Coordenadas 0,0"
1135087,2023,DICIEMBRE,JUEVES,2023-12-07,14,Vialidad,Lesiones por siniestros viales,NO,NO,,,0.0,0.0,1,0.0,0.0,"Coordenadas 0,0"
1135088,2023,DICIEMBRE,LUNES,2023-12-11,9,Vialidad,Lesiones por siniestros viales,NO,NO,,,0.0,0.0,1,0.0,0.0,"Coordenadas 0,0"
1135089,2023,DICIEMBRE,SABADO,2023-12-23,22,Vialidad,Lesiones por siniestros viales,NO,NO,,,0.0,0.0,1,0.0,0.0,"Coordenadas 0,0"
1135090,2023,DICIEMBRE,SABADO,2023-12-23,22,Vialidad,Lesiones por siniestros viales,NO,NO,,,0.0,0.0,1,0.0,0.0,"Coordenadas 0,0"
1135091,2023,DICIEMBRE,VIERNES,2023-12-29,18,Vialidad,Lesiones por siniestros viales,NO,NO,,,0.0,0.0,1,0.0,0.0,"Coordenadas 0,0"
1135092,2023,DICIEMBRE,SABADO,2023-12-30,15,Vialidad,Lesiones por siniestros viales,NO,NO,,,0.0,0.0,1,0.0,0.0,"Coordenadas 0,0"
1135093,2023,OCTUBRE,SABADO,2023-10-07,4,Vialidad,Lesiones por siniestros viales,NO,NO,,,0.0,0.0,1,0.0,0.0,"Coordenadas 0,0"
1135094,2023,NOVIEMBRE,SABADO,2023-11-25,15,Vialidad,Lesiones por siniestros viales,NO,NO,,,0.0,0.0,1,0.0,0.0,"Coordenadas 0,0"
1135095,2023,NOVIEMBRE,LUNES,2023-11-27,8,Vialidad,Lesiones por siniestros viales,NO,NO,,,0.0,0.0,1,0.0,0.0,"Coordenadas 0,0"
1135096,2023,DICIEMBRE,VIERNES,2023-12-01,15,Vialidad,Lesiones por siniestros viales,NO,NO,,,0.0,0.0,1,0.0,0.0,"Coordenadas 0,0"
1135097,2023,DICIEMBRE,VIERNES,2023-12-29,18,Vialidad,Lesiones por siniestros viales,NO,NO,,,0.0,0.0,1,0.0,0.0,"Coordenadas 0,0"
1135098,2023,OCTUBRE,LUNES,2023-10-09,2,Vialidad,Lesiones por siniestros viales,NO,NO,,,0.0,0.0,1,0.0,0.0,"Coordenadas 0,0"
1135099,2023,DICIEMBRE,LUNES,2023-12-11,11,Vialidad,Lesiones por siniestros viales,NO,NO,,,0.0,0.0,1,0.0,0.0,"Coordenadas 0,0"
1135100,2023,OCTUBRE,JUEVES,2023-10-05,17,Vialidad,Lesiones por siniestros viales,NO,NO,,,0.0,0.0,1,0.0,0.0,"Coordenadas 0,0"
1135101,2023,OCTUBRE,VIERNES,2023-10-27,1,Vialidad,Lesiones por siniestros viales,NO,NO,,,0.0,0.0,1,0.0,0.0,"Coordenadas 0,0"
1135102,2023,NOVIEMBRE,JUEVES,2023-11-30,14,Vialidad,Lesiones por siniestros viales,NO,NO,,,0.0,0.0,1,0.0,0.0,"Coordenadas 0,0"
1135103,2023,DICIEMBRE,MARTES,2023-12-26,19,Vialidad,Lesiones por siniestros viales,NO,NO,,,0.0,0.0,1,0.0,0.0,"Coordenadas 0,0"
1135104,2023,OCTUBRE,MARTES,2023-10-03,12,Vialidad,Lesiones por siniestros viales,NO,NO,,,0.0,0.0,1,0.0,0.0,"Coordenadas 0,0"
1135105,2023,OCTUBRE,LUNES,2023-10-16,12,Vialidad,Lesiones por siniestros viales,NO,NO,,,0.0,0.0,1,0.0,0.0,"Coordenadas 0,0"
1135106,2023,NOVIEMBRE,JUEVES,2023-11-23,23,Vialidad,Lesiones por siniestros viales,NO,NO,,,0.0,0.0,1,0.0,0.0,"Coordenadas 0,0"
1135107,2023,NOVIEMBRE,MARTES,2023-11-28,16,Vialidad,Lesiones por siniestros viales,NO,NO,,,0.0,0.0,1,0.0,0.0,"Coordenadas 0,0"
1135108,2023,DICIEMBRE,MARTES,2023-12-05,4,Vialidad,Lesiones por siniestros viales,NO,NO,,,0.0,0.0,1,0.0,0.0,"Coordenadas 0,0"
1135109,2023,NOVIEMBRE,LUNES,2023-11-13,16,Vialidad,Lesiones por siniestros viales,NO,NO,,,0.0,0.0,1,0.0,0.0,"Coordenadas 0,0"
1135110,2023,NOVIEMBRE,LUNES,2023-11-20,17,Vialidad,Lesiones por siniestros viales,NO,NO,,,0.0,0.0,1,0.0,0.0,"Coordenadas 0,0"
1135111,2023,NOVIEMBRE,SABADO,2023-11-18,23,Vialidad,Lesiones por siniestros viales,NO,NO,,,0.0,0.0,1,0.0,0.0,"Coordenadas 0,0"
1135112,2023,NOVIEMBRE,LUNES,2023-11-27,5,Vialidad,Lesiones por siniestros viales,NO,NO,,,0.0,0.0,1,0.0,0.0,"Coordenadas 0,0"
1135113,2023,NOVIEMBRE,MARTES,2023-11-28,10,Vialidad,Lesiones por siniestros viales,NO,NO,,,0.0,0.0,1,0.0,0.0,"Coordenadas 0,0"
1135114,2023,OCTUBRE,MIERCOLES,2023-10-04,11,Vialidad,Lesiones por siniestros viales,NO,NO,,,0.0,0.0,1,0.0,0.0,"Coordenadas 0,0"
1135115,2023,OCTUBRE,JUEVES,2023-10-05,12,Vialidad,Lesiones por siniestros viales,NO,NO,,,0.0,0.0,1,0.0,0.0,"Coordenadas 0,0"
1135116,2023,OCTUBRE,JUEVES,2023-10-05,14,Vialidad,Lesiones por siniestros viales,NO,NO,,,0.0,0.0,1,0.0,0.0,"Coordenadas 0,0"
1135117,2023,OCTUBRE,VIERNES,2023-10-06,11,Vialidad,Lesiones por siniestros viales,NO,NO,,,0.0,0.0,1,0.0,0.0,"Coordenadas 0,0"
1135118,2023,OCTUBRE,DOMINGO,2023-10-08,14,Vialidad,Lesiones por siniestros viales,NO,NO,,,0.0,0.0,1,0.0,0.0,"Coordenadas 0,0"
1135119,2023,OCTUBRE,VIERNES,2023-10-20,21,Vialidad,Lesiones por siniestros viales,NO,NO,,,0.0,0.0,1,0.0,0.0,"Coordenadas 0,0"
1135120,2023,OCTUBRE,MARTES,2023-10-17,13,Vialidad,Lesiones por siniestros viales,NO,NO,,,0.0,0.0,1,0.0,0.0,"Coordenadas 0,0"
1135121,2023,OCTUBRE,VIERNES,2023-10-27,13,Vialidad,Lesiones por siniestros viales,NO,NO,,,0.0,0.0,1,0.0,0.0,"Coordenadas 0,0"
1135122,2023,OCTUBRE,LUNES,2023-10-30,15,Vialidad,Lesiones por siniestros viales,NO,NO,,,0.0,0.0,1,0.0,0.0,"Coordenadas 0,0"
1135123,2023,NOVIEMBRE,LUNES,2023-11-06,0,Vialidad,Lesiones por siniestros viales,NO,NO,,,0.0,0.0,1,0.0,0.0,"Coordenadas 0,0"
1135124,2023,NOVIEMBRE,LUNES,2023-11-06,3,Vialidad,Lesiones por siniestros viales,NO,NO,,,0.0,0.0,1,0.0,0.0,"Coordenadas 0,0"
1135125,2023,NOVIEMBRE,MARTES,2023-11-07,20,Vialidad,Lesiones por siniestros viales,NO,NO,,,0.0,0.0,1,0.0,0.0,"Coordenadas 0,0"
1135126,2023,NOVIEMBRE,JUEVES,2023-11-09,9,Vialidad,Lesiones por siniestros viales,NO,NO,,,0.0,0.0,1,0.0,0.0,"Coordenadas 0,0"
1135127,2023,NOVIEMBRE,JUEVES,2023-11-09,14,Vialidad,Lesiones por siniestros viales,NO,NO,,,0.0,0.0,1,0.0,0.0,"Coordenadas 0,0"
1135128,2023,NOVIEMBRE,MIERCOLES,2023-11-15,8,Vialidad,Lesiones por siniestros viales,NO,NO,,,0.0,0.0,1,0.0,0.0,"Coordenadas 0,0"
1135129,2023,DICIEMBRE,MIERCOLES,2023-12-06,10,Vialidad,Lesiones por siniestros viales,NO,NO,,,0.0,0.0,1,0.0,0.0,"Coordenadas 0,0"
1135130,2023,DICIEMBRE,SABADO,2023-12-16,17,Vialidad,Lesiones por siniestros viales,NO,NO,,,0.0,0.0,1,0.0,0.0,"Coordenadas 0,0"
1135131,2023,DICIEMBRE,JUEVES,2023-12-21,21,Vialidad,Lesiones por siniestros viales,NO,NO,,,0.0,0.0,1,0.0,0.0,"Coordenadas 0,0"
1135132,2023,DICIEMBRE,VIERNES,2023-12-22,19,Vialidad,Lesiones por siniestros viales,NO,NO,,,0.0,0.0,1,0.0,0.0,"Coordenadas 0,0"
1135133,2023,DICIEMBRE,JUEVES,2023-12-28,12,Vialidad,Lesiones por siniestros viales,NO,NO,,,0.0,0.0,1,0.0,0.0,"Coordenadas 0,0"
1135134,2023,NOVIEMBRE,VIERNES,2023-11-03,2,Vialidad,Lesiones por siniestros viales,NO,NO,,,0.0,0.0,1,0.0,0.0,"Coordenadas 0,0"
1135135,2023,NOVIEMBRE,SABADO,2023-11-04,21,Vialidad,Lesiones por siniestros viales,NO,NO,,,0.0,0.0,1,0.0,0.0,"Coordenadas 0,0"
1135136,2023,NOVIEMBRE,DOMINGO,2023-11-05,2,Vialidad,Lesiones por siniestros viales,NO,NO,,,0.0,0.0,1,0.0,0.0,"Coordenadas 0,0"
1135137,2023,NOVIEMBRE,LUNES,2023-11-06,13,Vialidad,Lesiones por siniestros viales,NO,NO,,,0.0,0.0,1,0.0,0.0,"Coordenadas 0,0"
1135138,2023,NOVIEMBRE,MARTES,2023-11-07,11,Vialidad,Lesiones por siniestros viales,NO,NO,,,0.0,0.0,1,0.0,0.0,"Coordenadas 0,0"
1135139,2023,NOVIEMBRE,MIERCOLES,2023-11-08,18,Vialidad,Lesiones por siniestros viales,NO,NO,,,0.0,0.0,1,0.0,0.0,"Coordenadas 0,0"
1135140,2023,NOVIEMBRE,JUEVES,2023-11-09,7,Vialidad,Lesiones por siniestros viales,NO,NO,,,0.0,0.0,1,0.0,0.0,"Coordenadas 0,0"
1135141,2023,NOVIEMBRE,JUEVES,2023-11-09,10,Vialidad,Lesiones por siniestros viales,NO,NO,,,0.0,0.0,1,0.0,0.0,"Coordenadas 0,0"
1135142,2023,NOVIEMBRE,JUEVES,2023-11-23,15,Vialidad,Lesiones por siniestros viales,NO,NO,,,0.0,0.0,1,0.0,0.0,"Coordenadas 0,0"
1135143,2023,NOVIEMBRE,JUEVES,2023-11-23,18,Vialidad,Lesiones por siniestros viales,NO,NO,,,0.0,0.0,1,0.0,0.0,"Coordenadas 0,0"
1135144,2023,NOVIEMBRE,SABADO,2023-11-25,5,Vialidad,Lesiones por siniestros viales,NO,NO,,,0.0,0.0,1,0.0,0.0,"Coordenadas 0,0"
1135145,2023,DICIEMBRE,SABADO,2023-12-02,13,Vialidad,Lesiones por siniestros viales,NO,NO,,,0.0,0.0,1,0.0,0.0,"Coordenadas 0,0"
1135146,2023,DICIEMBRE,MIERCOLES,2023-12-06,8,Vialidad,Lesiones por siniestros viales,NO,NO,,,0.0,0.0,1,0.0,0.0,"Coordenadas 0,0"
1135147,2023,DICIEMBRE,LUNES,2023-12-11,18,Vialidad,Lesiones por siniestros viales,NO,NO,,,0.0,0.0,1,0.0,0.0,"Coordenadas 0,0"
1135148,2023,DICIEMBRE,MARTES,2023-12-19,8,Vialidad,Lesiones por siniestros viales,NO,NO,,,0.0,0.0,1,0.0,0.0,"Coordenadas 0,0"
1135149,2023,DICIEMBRE,JUEVES,2023-12-21,18,Vialidad,Lesiones por siniestros viales,NO,NO,,,0.0,0.0,1,0.0,0.0,"Coordenadas 0,0"
1135150,2023,DICIEMBRE,JUEVES,2023-12-21,19,Vialidad,Lesiones por siniestros viales,NO,NO,,,0.0,0.0,1,0.0,0.0,"Coordenadas 0,0"
1135151,2023,DICIEMBRE,VIERNES,2023-12-22,18,Vialidad,Lesiones por siniestros viales,NO,NO,,,0.0,0.0,1,0.0,0.0,"Coordenadas 0,0"
1135152,2023,DICIEMBRE,VIERNES,2023-12-29,8,Vialidad,Lesiones por siniestros viales,NO,NO,,,0.0,0.0,1,0.0,0.0,"Coordenadas 0,0"
1135153,2023,DICIEMBRE,VIERNES,2023-12-29,13,Vialidad,Lesiones por siniestros viales,NO,NO,,,0.0,0.0,1,0.0,0.0,"Coordenadas 0,0"
1135154,2023,OCTUBRE,DOMINGO,2023-10-01,6,Vialidad,Lesiones por siniestros viales,NO,NO,,,0.0,0.0,1,0.0,0.0,"Coordenadas 0,0"
1135155,2023,OCTUBRE,LUNES,2023-10-02,4,Vialidad,Lesiones por siniestros viales,NO,NO,,,0.0,0.0,1,0.0,0.0,"Coordenadas 0,0"
1135156,2023,OCTUBRE,MIERCOLES,2023-10-04,8,Vialidad,Lesiones por siniestros viales,NO,NO,,,0.0,0.0,1,0.0,0.0,"Coordenadas 0,0"
1135157,2023,OCTUBRE,SABADO,2023-10-07,2,Vialidad,Lesiones por siniestros viales,NO,NO,,,0.0,0.0,1,0.0,0.0,"Coordenadas 0,0"
1135158,2023,OCTUBRE,LUNES,2023-10-09,19,Vialidad,Lesiones por siniestros viales,NO,NO,,,0.0,0.0,1,0.0,0.0,"Coordenadas 0,0"
1135159,2023,OCTUBRE,MARTES,2023-10-24,15,Vialidad,Lesiones por siniestros viales,NO,NO,,,0.0,0.0,1,0.0,0.0,"Coordenadas 0,0"
1135160,2023,OCTUBRE,JUEVES,2023-10-26,5,Vialidad,Lesiones por siniestros viales,NO,NO,,,0.0,0.0,1,0.0,0.0,"Coordenadas 0,0"
1135161,2023,OCTUBRE,VIERNES,2023-10-27,10,Vialidad,Lesiones por siniestros viales,NO,NO,,,0.0,0.0,1,0.0,0.0,"Coordenadas 0,0"
1135162,2023,OCTUBRE,VIERNES,2023-10-27,20,Vialidad,Lesiones por siniestros viales,NO,NO,,,0.0,0.0,1,0.0,0.0,"Coordenadas 0,0"
1135163,2023,OCTUBRE,VIERNES,2023-10-27,20,Vialidad,Lesiones por siniestros viales,NO,NO,,,0.0,0.0,1,0.0,0.0,"Coordenadas 0,0"
1135164,2023,NOVIEMBRE,DOMINGO,2023-11-12,13,Vialidad,Lesiones por siniestros viales,NO,NO,,,0.0,0.0,1,0.0,0.0,"Coordenadas 0,0"
1135165,2023,NOVIEMBRE,DOMINGO,2023-11-12,22,Vialidad,Lesiones por siniestros viales,NO,NO,,,0.0,0.0,1,0.0,0.0,"Coordenadas 0,0"
1135166,2023,NOVIEMBRE,LUNES,2023-11-20,17,Vialidad,Lesiones por siniestros viales,NO,NO,,,0.0,0.0,1,0.0,0.0,"Coordenadas 0,0"
1135167,2023,NOVIEMBRE,MIERCOLES,2023-11-22,21,Vialidad,Lesiones por siniestros viales,NO,NO,,,0.0,0.0,1,0.0,0.0,"Coordenadas 0,0"
1135168,2023,NOVIEMBRE,JUEVES,2023-11-23,2,Vialidad,Lesiones por siniestros viales,NO,NO,,,0.0,0.0,1,0.0,0.0,"Coordenadas 0,0"
1135169,2023,NOVIEMBRE,LUNES,2023-11-27,14,Vialidad,Lesiones por siniestros viales,NO,NO,,,0.0,0.0,1,0.0,0.0,"Coordenadas 0,0"
1135170,2023,NOVIEMBRE,MARTES,2023-11-28,20,Vialidad,Lesiones por siniestros viales,NO,NO,,,0.0,0.0,1,0.0,0.0,"Coordenadas 0,0"
1135171,2023,DICIEMBRE,VIERNES,2023-12-01,21,Vialidad,Lesiones por siniestros viales,NO,NO,,,0.0,0.0,1,0.0,0.0,"Coordenadas 0,0"
1135172,2023,DICIEMBRE,MARTES,2023-12-05,17,Vialidad,Lesiones por siniestros viales,NO,NO,,,0.0,0.0,1,0.0,0.0,"Coordenadas 0,0"
1135173,2023,DICIEMBRE,LUNES,2023-12-11,19,Vialidad,Lesiones por siniestros viales,NO,NO,,,0.0,0.0,1,0.0,0.0,"Coordenadas 0,0"
1135174,2023,DICIEMBRE,DOMINGO,2023-12-17,2,Vialidad,Lesiones por siniestros viales,NO,NO,,,0.0,0.0,1,0.0,0.0,"Coordenadas 0,0"
1135175,2023,DICIEMBRE,JUEVES,2023-12-21,11,Vialidad,Lesiones por siniestros viales,NO,NO,,,0.0,0.0,1,0.0,0.0,"Coordenadas 0,0"
1135176,2023,DICIEMBRE,JUEVES,2023-12-21,12,Vialidad,Lesiones por siniestros viales,NO,NO,,,0.0,0.0,1,0.0,0.0,"Coordenadas 0,0"
1135177,2023,OCTUBRE,SABADO,2023-10-21,2,Vialidad,Lesiones por siniestros viales,NO,NO,,,0.0,0.0,1,0.0,0.0,"Coordenadas 0,0"
1135178,2023,NOVIEMBRE,SABADO,2023-11-25,16,Vialidad,Lesiones por siniestros viales,NO,NO,,,0.0,0.0,1,0.0,0.0,"Coordenadas 0,0"
1135179,2023,OCTUBRE,DOMINGO,2023-10-01,13,Vialidad,Lesiones por siniestros viales,NO,NO,,,0.0,0.0,1,0.0,0.0,"Coordenadas 0,0"
1135180,2023,OCTUBRE,DOMINGO,2023-10-01,16,Vialidad,Lesiones por siniestros viales,NO,NO,,,0.0,0.0,1,0.0,0.0,"Coordenadas 0,0"
1135181,2023,OCTUBRE,MIERCOLES,2023-10-04,17,Vialidad,Lesiones por siniestros viales,NO,NO,,,0.0,0.0,1,0.0,0.0,"Coordenadas 0,0"
1135182,2023,OCTUBRE,DOMINGO,2023-10-08,16,Vialidad,Lesiones por siniestros viales,NO,NO,,,0.0,0.0,1,0.0,0.0,"Coordenadas 0,0"
1135183,2023,OCTUBRE,MIERCOLES,2023-10-11,6,Vialidad,Lesiones por siniestros viales,NO,NO,,,0.0,0.0,1,0.0,0.0,"Coordenadas 0,0"
1135184,2023,OCTUBRE,LUNES,2023-10-16,7,Vialidad,Lesiones por siniestros viales,NO,NO,,,0.0,0.0,1,0.0,0.0,"Coordenadas 0,0"
1135185,2023,NOVIEMBRE,MIERCOLES,2023-11-01,20,Vialidad,Lesiones por siniestros viales,NO,NO,,,0.0,0.0,1,0.0,0.0,"Coordenadas 0,0"
1135186,2023,NOVIEMBRE,JUEVES,2023-11-02,15,Vialidad,Lesiones por siniestros viales,NO,NO,,,0.0,0.0,1,0.0,0.0,"Coordenadas 0,0"
1135187,2023,NOVIEMBRE,MARTES,2023-11-14,5,Vialidad,Lesiones por siniestros viales,NO,NO,,,0.0,0.0,1,0.0,0.0,"Coordenadas 0,0"
1135188,2023,NOVIEMBRE,MARTES,2023-11-14,18,Vialidad,Lesiones por siniestros viales,NO,NO,,,0.0,0.0,1,0.0,0.0,"Coordenadas 0,0"
1135189,2023,NOVIEMBRE,LUNES,2023-11-27,21,Vialidad,Lesiones por siniestros viales,NO,NO,,,0.0,0.0,1,0.0,0.0,"Coordenadas 0,0"
1135190,2023,NOVIEMBRE,JUEVES,2023-11-30,11,Vialidad,Lesiones por siniestros viales,NO,NO,,,0.0,0.0,1,0.0,0.0,"Coordenadas 0,0"
1135191,2023,DICIEMBRE,MARTES,2023-12-05,8,Vialidad,Lesiones por siniestros viales,NO,NO,,,0.0,0.0,1,0.0,0.0,"Coordenadas 0,0"
1135192,2023,DICIEMBRE,VIERNES,2023-12-08,22,Vialidad,Lesiones por siniestros viales,NO,NO,,,0.0,0.0,1,0.0,0.0,"Coordenadas 0,0"
1135193,2023,DICIEMBRE,LUNES,2023-12-11,2,Vialidad,Lesiones por siniestros viales,NO,NO,,,0.0,0.0,1,0.0,0.0,"Coordenadas 0,0"
1135194,2023,OCTUBRE,DOMINGO,2023-10-01,1,Vialidad,Lesiones por siniestros viales,NO,NO,,,0.0,0.0,1,0.0,0.0,"Coordenadas 0,0"
1135195,2023,OCTUBRE,LUNES,2023-10-02,10,Vialidad,Lesiones por siniestros viales,NO,NO,,,0.0,0.0,1,0.0,0.0,"Coordenadas 0,0"
1135196,2023,OCTUBRE,LUNES,2023-10-02,13,Vialidad,Lesiones por siniestros viales,NO,NO,,,0.0,0.0,1,0.0,0.0,"Coordenadas 0,0"
1135197,2023,OCTUBRE,MARTES,2023-10-03,13,Vialidad,Lesiones por siniestros viales,NO,NO,,,0.0,0.0,1,0.0,0.0,"Coordenadas 0,0"
1135198,2023,OCTUBRE,MIERCOLES,2023-10-04,18,Vialidad,Lesiones por siniestros viales,NO,NO,,,0.0,0.0,1,0.0,0.0,"Coordenadas 0,0"
1135199,2023,OCTUBRE,MIERCOLES,2023-10-04,20,Vialidad,Lesiones por siniestros viales,NO,NO,,,0.0,0.0,1,0.0,0.0,"Coordenadas 0,0"
1135200,2023,OCTUBRE,JUEVES,2023-10-05,18,Vialidad,Lesiones por siniestros viales,NO,NO,,,0.0,0.0,1,0.0,0.0,"Coordenadas 0,0"
1135201,2023,OCTUBRE,MIERCOLES,2023-10-11,18,Vialidad,Lesiones por siniestros viales,NO,NO,,,0.0,0.0,1,0.0,0.0,"Coordenadas 0,0"
1135202,2023,OCTUBRE,JUEVES,2023-10-12,15,Vialidad,Lesiones por siniestros viales,NO,NO,,,0.0,0.0,1,0.0,0.0,"Coordenadas 0,0"
1135203,2023,OCTUBRE,MARTES,2023-10-17,9,Vialidad,Lesiones por siniestros viales,NO,NO,,,0.0,0.0,1,0.0,0.0,"Coordenadas 0,0"
1135204,2023,OCTUBRE,VIERNES,2023-10-20,10,Vialidad,Lesiones por siniestros viales,NO,NO,,,0.0,0.0,1,0.0,0.0,"Coordenadas 0,0"
1135205,2023,OCTUBRE,MIERCOLES,2023-10-25,20,Vialidad,Lesiones por siniestros viales,NO,NO,,,0.0,0.0,1,0.0,0.0,"Coordenadas 0,0"
1135206,2023,OCTUBRE,MARTES,2023-10-31,5,Vialidad,Lesiones por siniestros viales,NO,NO,,,0.0,0.0,1,0.0,0.0,"Coordenadas 0,0"
1135207,2023,NOVIEMBRE,MIERCOLES,2023-11-01,9,Vialidad,Lesiones por siniestros viales,NO,NO,,,0.0,0.0,1,0.0,0.0,"Coordenadas 0,0"
1135208,2023,NOVIEMBRE,SABADO,2023-11-04,14,Vialidad,Lesiones por siniestros viales,NO,NO,,,0.0,0.0,1,0.0,0.0,"Coordenadas 0,0"
1135209,2023,NOVIEMBRE,DOMINGO,2023-11-05,23,Vialidad,Lesiones por siniestros viales,NO,NO,,,0.0,0.0,1,0.0,0.0,"Coordenadas 0,0"
1135210,2023,NOVIEMBRE,MIERCOLES,2023-11-08,19,Vialidad,Lesiones por siniestros viales,NO,NO,,,0.0,0.0,1,0.0,0.0,"Coordenadas 0,0"
1135211,2023,NOVIEMBRE,MIERCOLES,2023-11-15,8,Vialidad,Lesiones por siniestros viales,NO,NO,,,0.0,0.0,1,0.0,0.0,"Coordenadas 0,0"
1135212,2023,NOVIEMBRE,VIERNES,2023-11-17,15,Vialidad,Lesiones por siniestros viales,NO,NO,,,0.0,0.0,1,0.0,0.0,"Coordenadas 0,0"
1135213,2023,NOVIEMBRE,MARTES,2023-11-21,9,Vialidad,Lesiones por siniestros viales,NO,NO,,,0.0,0.0,1,0.0,0.0,"Coordenadas 0,0"
1135214,2023,DICIEMBRE,SABADO,2023-12-02,7,Vialidad,Lesiones por siniestros viales,NO,NO,,,0.0,0.0,1,0.0,0.0,"Coordenadas 0,0"
1135215,2023,DICIEMBRE,MARTES,2023-12-05,15,Vialidad,Lesiones por siniestros viales,NO,NO,,,0.0,0.0,1,0.0,0.0,"Coordenadas 0,0"
1135216,2023,DICIEMBRE,MIERCOLES,2023-12-06,13,Vialidad,Lesiones por siniestros viales,NO,NO,,,0.0,0.0,1,0.0,0.0,"Coordenadas 0,0"
1135217,2023,DICIEMBRE,MARTES,2023-12-12,16,Vialidad,Lesiones por siniestros viales,NO,NO,,,0.0,0.0,1,0.0,0.0,"Coordenadas 0,0"
1135218,2023,DICIEMBRE,VIERNES,2023-12-15,11,Vialidad,Lesiones por siniestros viales,NO,NO,,,0.0,0.0,1,0.0,0.0,"Coordenadas 0,0"
1135219,2023,DICIEMBRE,VIERNES,2023-12-15,12,Vialidad,Lesiones por siniestros viales,NO,NO,,,0.0,0.0,1,0.0,0.0,"Coordenadas 0,0"
1135220,2023,DICIEMBRE,SABADO,2023-12-16,15,Vialidad,Lesiones por siniestros viales,NO,NO,,,0.0,0.0,1,0.0,0.0,"Coordenadas 0,0"
1135221,2023,DICIEMBRE,LUNES,2023-12-18,21,Vialidad,Lesiones por siniestros viales,NO,NO,,,0.0,0.0,1,0.0,0.0,"Coordenadas 0,0"
1135222,2023,DICIEMBRE,MIERCOLES,2023-12-20,15,Vialidad,Lesiones por siniestros viales,NO,NO,,,0.0,0.0,1,0.0,0.0,"Coordenadas 0,0"
1135223,2023,DICIEMBRE,VIERNES,2023-12-22,18,Vialidad,Lesiones por siniestros viales,NO,NO,,,0.0,0.0,1,0.0,0.0,"Coordenadas 0,0"
1135224,2023,DICIEMBRE,SABADO,2023-12-23,17,Vialidad,Lesiones por siniestros viales,NO,NO,,,0.0,0.0,1,0.0,0.0,"Coordenadas 0,0"
1135225,2023,DICIEMBRE,MARTES,2023-12-26,6,Vialidad,Lesiones por siniestros viales,NO,NO,,,0.0,0.0,1,0.0,0.0,"Coordenadas 0,0"
1135226,2023,DICIEMBRE,MARTES,2023-12-26,12,Vialidad,Lesiones por siniestros viales,NO,NO,,,0.0,0.0,1,0.0,0.0,"Coordenadas 0,0"
1135227,2023,DICIEMBRE,MIERCOLES,2023-12-27,11,Vialidad,Lesiones por siniestros viales,NO,NO,,,0.0,0.0,1,0.0,0.0,"Coordenadas 0,0"
1135228,2023,DICIEMBRE,MIERCOLES,2023-12-27,17,Vialidad,Lesiones por siniestros viales,NO,NO,,,0.0,0.0,1,0.0,0.0,"Coordenadas 0,0"
1135229,2023,DICIEMBRE,JUEVES,2023-12-28,12,Vialidad,Lesiones por siniestros viales,NO,NO,,,0.0,0.0,1,0.0,0.0,"Coordenadas 0,0"
1135230,2023,DICIEMBRE,VIERNES,2023-12-29,17,Vialidad,Lesiones por siniestros viales,NO,NO,,,0.0,0.0,1,0.0,0.0,"Coordenadas 0,0"
1135231,2023,OCTUBRE,SABADO,2023-10-28,23,Vialidad,Lesiones por siniestros viales,NO,NO,,,0.0,0.0,1,0.0,0.0,"Coordenadas 0,0"
1135232,2023,DICIEMBRE,DOMINGO,2023-12-24,10,Vialidad,Lesiones por siniestros viales,NO,NO,,,0.0,0.0,1,0.0,0.0,"Coordenadas 0,0"
1135233,2023,OCTUBRE,DOMINGO,2023-10-22,23,Vialidad,Lesiones por siniestros viales,NO,NO,,,0.0,0.0,1,0.0,0.0,"Coordenadas 0,0"
1135234,2023,OCTUBRE,LUNES,2023-10-16,6,Vialidad,Lesiones por siniestros viales,NO,NO,,,0.0,0.0,1,0.0,0.0,"Coordenadas 0,0"
1135235,2023,NOVIEMBRE,JUEVES,2023-11-30,20,Vialidad,Lesiones por siniestros viales,NO,NO,,,0.0,0.0,1,0.0,0.0,"Coordenadas 0,0"
1135236,2023,DICIEMBRE,SABADO,2023-12-02,17,Vialidad,Lesiones por siniestros viales,NO,NO,,,0.0,0.0,1,0.0,0.0,"Coordenadas 0,0"
1135237,2023,OCTUBRE,MARTES,2023-10-24,15,Vialidad,Lesiones por siniestros viales,NO,NO,,,0.0,0.0,1,0.0,0.0,"Coordenadas 0,0"
1135238,2023,OCTUBRE,JUEVES,2023-10-26,10,Vialidad,Lesiones por siniestros viales,NO,NO,,,0.0,0.0,1,0.0,0.0,"Coordenadas 0,0"
1135239,2023,NOVIEMBRE,DOMINGO,2023-11-05,19,Vialidad,Lesiones por siniestros viales,NO,NO,,,0.0,0.0,1,0.0,0.0,"Coordenadas 0,0"
1135240,2023,NOVIEMBRE,VIERNES,2023-11-10,17,Vialidad,Lesiones por siniestros viales,NO,NO,,,0.0,0.0,1,0.0,0.0,"Coordenadas 0,0"
1135241,2023,NOVIEMBRE,LUNES,2023-11-13,4,Vialidad,Lesiones por siniestros viales,NO,NO,,,0.0,0.0,1,0.0,0.0,"Coordenadas 0,0"
1135242,2023,NOVIEMBRE,MARTES,2023-11-28,17,Vialidad,Lesiones por siniestros viales,NO,NO,,,0.0,0.0,1,0.0,0.0,"Coordenadas 0,0"
1135243,2023,DICIEMBRE,VIERNES,2023-12-15,15,Vialidad,Lesiones por siniestros viales,NO,NO,,,0.0,0.0,1,0.0,0.0,"Coordenadas 0,0"
1135244,2023,DICIEMBRE,LUNES,2023-12-18,5,Vialidad,Lesiones por siniestros viales,NO,NO,,,0.0,0.0,1,0.0,0.0,"Coordenadas 0,0"
1135245,2023,DICIEMBRE,VIERNES,2023-12-22,23,Vialidad,Lesiones por siniestros viales,NO,NO,,,0.0,0.0,1,0.0,0.0,"Coordenadas 0,0"
1135246,2023,OCTUBRE,MARTES,2023-10-31,19,Vialidad,Lesiones por siniestros viales,NO,NO,,,0.0,0.0,1,0.0,0.0,"Coordenadas 0,0"
1135247,2023,NOVIEMBRE,SABADO,2023-11-18,15,Vialidad,Lesiones por siniestros viales,NO,NO,,,0.0,0.0,1,0.0,0.0,"Coordenadas 0,0"
1135248,2023,NOVIEMBRE,MIERCOLES,2023-11-29,11,Vialidad,Lesiones por siniestros viales,NO,NO,,,0.0,0.0,1,0.0,0.0,"Coordenadas 0,0"
1135249,2023,DICIEMBRE,DOMINGO,2023-12-03,20,Vialidad,Lesiones por siniestros viales,NO,NO,,,0.0,0.0,1,0.0,0.0,"Coordenadas 0,0"
1135250,2023,OCTUBRE,DOMINGO,2023-10-22,19,Vialidad,Lesiones por siniestros viales,NO,NO,,,0.0,0.0,1,0.0,0.0,"Coordenadas 0,0"
1135251,2023,NOVIEMBRE,MIERCOLES,2023-11-15,16,Vialidad,Lesiones por siniestros viales,NO,NO,,,0.0,0.0,1,0.0,0.0,"Coordenadas 0,0"
1135252,2023,NOVIEMBRE,MIERCOLES,2023-11-22,17,Vialidad,Lesiones por siniestros viales,NO,NO,,,0.0,0.0,1,0.0,0.0,"Coordenadas 0,0"
1135253,2023,NOVIEMBRE,MIERCOLES,2023-11-29,18,Vialidad,Lesiones por siniestros viales,NO,NO,,,0.0,0.0,1,0.0,0.0,"Coordenadas 0,0"
1135254,2023,DICIEMBRE,MIERCOLES,2023-12-06,17,Vialidad,Lesiones por siniestros viales,NO,NO,,,0.0,0.0,1,0.0,0.0,"Coordenadas 0,0"
1135255,2023,DICIEMBRE,MIERCOLES,2023-12-06,19,Vialidad,Lesiones por siniestros viales,NO,NO,,,0.0,0.0,1,0.0,0.0,"Coordenadas 0,0"
1135256,2023,DICIEMBRE,MIERCOLES,2023-12-20,16,Vialidad,Lesiones por siniestros viales,NO,NO,,,0.0,0.0,1,0.0,0.0,"Coordenadas 0,0"
1135257,2023,NOVIEMBRE,MARTES,2023-11-28,19,Vialidad,Lesiones por siniestros viales,NO,NO,,,0.0,0.0,1,0.0,0.0,"Coordenadas 0,0"
1135258,2023,OCTUBRE,MARTES,2023-10-17,17,Vialidad,Lesiones por siniestros viales,NO,NO,,,0.0,0.0,1,0.0,0.0,"Coordenadas 0,0"
1135259,2023,DICIEMBRE,LUNES,2023-12-04,21,Vialidad,Lesiones por siniestros viales,NO,NO,,,0.0,0.0,1,0.0,0.0,"Coordenadas 0,0"
1135260,2023,DICIEMBRE,MARTES,2023-12-19,13,Vialidad,Lesiones por siniestros viales,NO,NO,,,0.0,0.0,1,0.0,0.0,"Coordenadas 0,0"
1135261,2023,OCTUBRE,MARTES,2023-10-10,9,Vialidad,Lesiones por siniestros viales,NO,NO,,,0.0,0.0,1,0.0,0.0,"Coordenadas 0,0"
1135262,2023,NOVIEMBRE,MARTES,2023-11-14,11,Vialidad,Lesiones por siniestros viales,NO,NO,,,0.0,0.0,1,0.0,0.0,"Coordenadas 0,0"
1135263,2023,NOVIEMBRE,VIERNES,2023-11-24,11,Vialidad,Lesiones por siniestros viales,NO,NO,,,0.0,0.0,1,0.0,0.0,"Coordenadas 0,0"
1135264,2023,DICIEMBRE,JUEVES,2023-12-14,23,Vialidad,Lesiones por siniestros viales,NO,NO,,,0.0,0.0,1,0.0,0.0,"Coordenadas 0,0"
1135265,2023,OCTUBRE,SABADO,2023-10-07,4,Vialidad,Lesiones por siniestros viales,NO,NO,,,0.0,0.0,1,0.0,0.0,"Coordenadas 0,0"
1135266,2023,OCTUBRE,DOMINGO,2023-10-15,1,Vialidad,Lesiones por siniestros viales,NO,NO,,,0.0,0.0,1,0.0,0.0,"Coordenadas 0,0"
1135267,2023,DICIEMBRE,MARTES,2023-12-26,10,Vialidad,Lesiones por siniestros viales,NO,NO,,,0.0,0.0,1,0.0,0.0,"Coordenadas 0,0"
1135268,2023,OCTUBRE,SABADO,2023-10-07,16,Vialidad,Lesiones por siniestros viales,NO,NO,,,0.0,0.0,1,0.0,0.0,"Coordenadas 0,0"
1135269,2023,NOVIEMBRE,LUNES,2023-11-20,8,Vialidad,Lesiones por siniestros viales,NO,NO,,,0.0,0.0,1,0.0,0.0,"Coordenadas 0,0"
1135270,2023,OCTUBRE,JUEVES,2023-10-05,20,Vialidad,Lesiones por siniestros viales,NO,NO,,,0.0,0.0,1,0.0,0.0,"Coordenadas 0,0"
1135271,2023,OCTUBRE,MARTES,2023-10-10,19,Vialidad,Lesiones por siniestros viales,NO,NO,,,0.0,0.0,1,0.0,0.0,"Coordenadas 0,0"
1135272,2023,OCTUBRE,MIERCOLES,2023-10-11,23,Vialidad,Lesiones por siniestros viales,NO,NO,,,0.0,0.0,1,0.0,0.0,"Coordenadas 0,0"
1135273,2023,NOVIEMBRE,SABADO,2023-11-18,15,Vialidad,Lesiones por siniestros viales,NO,NO,,,0.0,0.0,1,0.0,0.0,"Coordenadas 0,0"
1135274,2023,DICIEMBRE,VIERNES,2023-12-01,16,Vialidad,Lesiones por siniestros viales,NO,NO,,,0.0,0.0,1,0.0,0.0,"Coordenadas 0,0"
1135275,2023,NOVIEMBRE,MIERCOLES,2023-11-22,22,Vialidad,Lesiones por siniestros viales,NO,NO,,,0.0,0.0,1,0.0,0.0,"Coordenadas 0,0"
1135276,2023,OCTUBRE,DOMINGO,2023-10-15,15,Vialidad,Lesiones por siniestros viales,NO,NO,,,0.0,0.0,1,0.0,0.0,"Coordenadas 0,0"
1135277,2023,OCTUBRE,MARTES,2023-10-17,21,Vialidad,Lesiones por siniestros viales,NO,NO,,,0.0,0.0,1,0.0,0.0,"Coordenadas 0,0"
1135278,2023,OCTUBRE,VIERNES,2023-10-27,18,Vialidad,Lesiones por siniestros viales,NO,NO,,,0.0,0.0,1,0.0,0.0,"Coordenadas 0,0"
1135279,2023,OCTUBRE,SABADO,2023-10-28,21,Vialidad,Lesiones por siniestros viales,NO,NO,,,0.0,0.0,1,0.0,0.0,"Coordenadas 0,0"
1135280,2023,NOVIEMBRE,MARTES,2023-11-07,14,Vialidad,Lesiones por siniestros viales,NO,NO,,,0.0,0.0,1,0.0,0.0,"Coordenadas 0,0"
1135281,2023,NOVIEMBRE,MARTES,2023-11-14,10,Vialidad,Lesiones por siniestros viales,NO,NO,,,0.0,0.0,1,0.0,0.0,"Coordenadas 0,0"
1135282,2023,DICIEMBRE,MARTES,2023-12-05,19,Vialidad,Lesiones por siniestros viales,NO,NO,,,0.0,0.0,1,0.0,0.0,"Coordenadas 0,0"
1135283,2023,DICIEMBRE,MIERCOLES,2023-12-06,21,Vialidad,Lesiones por siniestros viales,NO,NO,,,0.0,0.0,1,0.0,0.0,"Coordenadas 0,0"
1135284,2023,DICIEMBRE,VIERNES,2023-12-22,8,Vialidad,Lesiones por siniestros viales,NO,NO,,,0.0,0.0,1,0.0,0.0,"Coordenadas 0,0"
1135285,2023,DICIEMBRE,MIERCOLES,2023-12-27,19,Vialidad,Lesiones por siniestros viales,NO,NO,,,0.0,0.0,1,0.0,0.0,"Coordenadas 0,0"
1135286,2023,OCTUBRE,MARTES,2023-10-03,8,Vialidad,Lesiones por siniestros viales,NO,NO,,,0.0,0.0,1,0.0,0.0,"Coordenadas 0,0"
1135287,2023,OCTUBRE,SABADO,2023-10-07,21,Vialidad,Lesiones por siniestros viales,NO,NO,,,0.0,0.0,1,0.0,0.0,"Coordenadas 0,0"
1135288,2023,OCTUBRE,MARTES,2023-10-24,11,Vialidad,Lesiones por siniestros viales,NO,NO,,,0.0,0.0,1,0.0,0.0,"Coordenadas 0,0"
1135289,2023,OCTUBRE,MIERCOLES,2023-10-25,19,Vialidad,Lesiones por siniestros viales,NO,NO,,,0.0,0.0,1,0.0,0.0,"Coordenadas 0,0"
1135290,2023,OCTUBRE,LUNES,2023-10-30,15,Vialidad,Lesiones por siniestros viales,NO,NO,,,0.0,0.0,1,0.0,0.0,"Coordenadas 0,0"
1135291,2023,NOVIEMBRE,MIERCOLES,2023-11-01,15,Vialidad,Lesiones por siniestros viales,NO,NO,,,0.0,0.0,1,0.0,0.0,"Coordenadas 0,0"
1135292,2023,NOVIEMBRE,MIERCOLES,2023-11-08,17,Vialidad,Lesiones por siniestros viales,NO,NO,,,0.0,0.0,1,0.0,0.0,"Coordenadas 0,0"
1135293,2023,NOVIEMBRE,DOMINGO,2023-11-19,12,Vialidad,Lesiones por siniestros viales,NO,NO,,,0.0,0.0,1,0.0,0.0,"Coordenadas 0,0"
1135294,2023,DICIEMBRE,SABADO,2023-12-02,17,Vialidad,Lesiones por siniestros viales,NO,NO,,,0.0,0.0,1,0.0,0.0,"Coordenadas 0,0"
1135295,2023,DICIEMBRE,LUNES,2023-12-18,12,Vialidad,Lesiones por siniestros viales,NO,NO,,,0.0,0.0,1,0.0,0.0,"Coordenadas 0,0"
1135296,2023,DICIEMBRE,MARTES,2023-12-19,11,Vialidad,Lesiones por siniestros viales,NO,NO,,,0.0,0.0,1,0.0,0.0,"Coordenadas 0,0"
1135297,2023,OCTUBRE,LUNES,2023-10-16,6,Vialidad,Lesiones por siniestros viales,NO,NO,,,0.0,0.0,1,0.0,0.0,"Coordenadas 0,0"
1135298,2023,OCTUBRE,VIERNES,2023-10-20,20,Vialidad,Lesiones por siniestros viales,NO,NO,,,0.0,0.0,1,0.0,0.0,"Coordenadas 0,0"
1135299,2023,OCTUBRE,MARTES,2023-10-17,18,Vialidad,Lesiones por siniestros viales,NO,NO,,,0.0,0.0,1,0.0,0.0,"Coordenadas 0,0"
1135300,2023,NOVIEMBRE,VIERNES,2023-11-17,19,Vialidad,Lesiones por siniestros viales,NO,NO,,,0.0,0.0,1,0.0,0.0,"Coordenadas 0,0"
1135301,2023,DICIEMBRE,VIERNES,2023-12-22,12,Vialidad,Lesiones por siniestros viales,NO,NO,,,0.0,0.0,1,0.0,0.0,"Coordenadas 0,0"
1135302,2023,OCTUBRE,MARTES,2023-10-24,2,Vialidad,Lesiones por siniestros viales,NO,NO,,,0.0,0.0,1,0.0,0.0,"Coordenadas 0,0"
1135303,2023,OCTUBRE,JUEVES,2023-10-05,21,Vialidad,Lesiones por siniestros viales,NO,NO,,,0.0,0.0,1,0.0,0.0,"Coordenadas 0,0"
1135304,2023,NOVIEMBRE,DOMINGO,2023-11-26,21,Vialidad,Lesiones por siniestros viales,NO,NO,,,0.0,0.0,1,0.0,0.0,"Coordenadas 0,0"
1135305,2023,OCTUBRE,MIERCOLES,2023-10-11,20,Vialidad,Lesiones por siniestros viales,NO,NO,,,0.0,0.0,1,0.0,0.0,"Coordenadas 0,0"
1135306,2023,OCTUBRE,LUNES,2023-10-16,10,Vialidad,Lesiones por siniestros viales,NO,NO,,,0.0,0.0,1,0.0,0.0,"Coordenadas 0,0"
1135307,2023,NOVIEMBRE,SABADO,2023-11-04,5,Vialidad,Lesiones por siniestros viales,NO,NO,,,0.0,0.0,1,0.0,0.0,"Coordenadas 0,0"
1135308,2023,OCTUBRE,JUEVES,2023-10-05,2,Vialidad,Lesiones por siniestros viales,NO,NO,,,0.0,0.0,1,0.0,0.0,"Coordenadas 0,0"
1135309,2023,OCTUBRE,MARTES,2023-10-17,4,Vialidad,Lesiones por siniestros viales,NO,NO,,,0.0,0.0,1,0.0,0.0,"Coordenadas 0,0"
1135310,2023,NOVIEMBRE,SABADO,2023-11-04,12,Vialidad,Lesiones por siniestros viales,NO,NO,,,0.0,0.0,1,0.0,0.0,"Coordenadas 0,0"
1135311,2023,NOVIEMBRE,VIERNES,2023-11-10,8,Vialidad,Lesiones por siniestros viales,NO,NO,,,0.0,0.0,1,0.0,0.0,"Coordenadas 0,0"
1135312,2023,DICIEMBRE,MARTES,2023-12-12,4,Vialidad,Lesiones por siniestros viales,NO,NO,,,0.0,0.0,1,0.0,0.0,"Coordenadas 0,0"
1135313,2023,DICIEMBRE,VIERNES,2023-12-15,0,Vialidad,Lesiones por siniestros viales,NO,NO,,,0.0,0.0,1,0.0,0.0,"Coordenadas 0,0"
1135314,2023,DICIEMBRE,VIERNES,2023-12-15,3,Vialidad,Lesiones por siniestros viales,NO,NO,,,0.0,0.0,1,0.0,0.0,"Coordenadas 0,0"
1135315,2023,DICIEMBRE,MIERCOLES,2023-12-20,12,Vialidad,Lesiones por siniestros viales,NO,NO,,,0.0,0.0,1,0.0,0.0,"Coordenadas 0,0"
1135316,2023,DICIEMBRE,VIERNES,2023-12-22,2,Vialidad,Lesiones por siniestros viales,NO,NO,,,0.0,0.0,1,0.0,0.0,"Coordenadas 0,0"
1135317,2023,OCTUBRE,LUNES,2023-10-09,18,Vialidad,Lesiones por siniestros viales,NO,NO,,,0.0,0.0,1,0.0,0.0,"Coordenadas 0,0"
1135318,2023,DICIEMBRE,DOMINGO,2023-12-17,9,Vialidad,Lesiones por siniestros viales,NO,NO,,,0.0,0.0,1,0.0,0.0,"Coordenadas 0,0"
1135319,2023,NOVIEMBRE,MARTES,2023-11-14,20,Vialidad,Lesiones por siniestros viales,NO,NO,,,0.0,0.0,1,0.0,0.0,"Coordenadas 0,0"
1135320,2023,OCTUBRE,SABADO,2023-10-14,3,Vialidad,Lesiones por siniestros viales,NO,NO,,,0.0,0.0,1,0.0,0.0,"Coordenadas 0,0"
1135321,2023,OCTUBRE,MIERCOLES,2023-10-25,20,Vialidad,Lesiones por siniestros viales,NO,NO,,,0.0,0.0,1,0.0,0.0,"Coordenadas 0,0"
1135322,2023,NOVIEMBRE,MIERCOLES,2023-11-08,15,Vialidad,Lesiones por siniestros viales,NO,NO,,,0.0,0.0,1,0.0,0.0,"Coordenadas 0,0"
1135323,2023,NOVIEMBRE,JUEVES,2023-11-09,19,Vialidad,Lesiones por siniestros viales,NO,NO,,,0.0,0.0,1,0.0,0.0,"Coordenadas 0,0"
1135324,2023,NOVIEMBRE,VIERNES,2023-11-17,2,Vialidad,Lesiones por siniestros viales,NO,NO,,,0.0,0.0,1,0.0,0.0,"Coordenadas 0,0"
1135325,2023,DICIEMBRE,VIERNES,2023-12-08,19,Vialidad,Lesiones por siniestros viales,NO,NO,,,0.0,0.0,1,0.0,0.0,"Coordenadas 0,0"
1135326,2023,DICIEMBRE,VIERNES,2023-12-08,20,Vialidad,Lesiones por siniestros viales,NO,NO,,,0.0,0.0,1,0.0,0.0,"Coordenadas 0,0"
1135327,2023,DICIEMBRE,DOMINGO,2023-12-10,16,Vialidad,Lesiones por siniestros viales,NO,NO,,,0.0,0.0,1,0.0,0.0,"Coordenadas 0,0"
1135328,2023,DICIEMBRE,DOMINGO,2023-12-24,17,Vialidad,Lesiones por siniestros viales,NO,NO,,,0.0,0.0,1,0.0,0.0,"Coordenadas 0,0"
1135329,2023,NOVIEMBRE,VIERNES,2023-11-03,10,Vialidad,Lesiones por siniestros viales,NO,NO,,,0.0,0.0,1,0.0,0.0,"Coordenadas 0,0"
1135330,2023,NOVIEMBRE,SABADO,2023-11-04,16,Vialidad,Lesiones por siniestros viales,NO,NO,,,0.0,0.0,1,0.0,0.0,"Coordenadas 0,0"
1135331,2023,DICIEMBRE,VIERNES,2023-12-29,16,Vialidad,Lesiones por siniestros viales,NO,NO,,,0.0,0.0,1,0.0,0.0,"Coordenadas 0,0"
1141568,2023,DICIEMBRE,JUEVES,2023-12-14,9,Vialidad,Lesiones por siniestros viales,NO,NO,,,-34536333.0,-58473443.0,1,-34536333.0,-58473443.0,Coordenadas fuera de CABA / sin barrio y comuna
1144227,2023,DICIEMBRE,MIERCOLES,2023-12-20,15,Vialidad,Lesiones por siniestros viales,NO,NO,,,-3450980684.0,-5873141988.0,1,-3450980684.0,-5873141988.0,Coordenadas fuera de CABA / sin barrio y comuna
1144228,2023,AGOSTO,MARTES,2023-08-01,18,Vialidad,Muertes por siniestros viales,NO,NO,,,0.0,0.0,1,0.0,0.0,"Coordenadas 0,0"
1144229,2023,AGOSTO,SABADO,2023-08-19,7,Vialidad,Muertes por siniestros viales,NO,NO,,,0.0,0.0,1,0.0,0.0,"Coordenadas 0,0"
1144230,2023,MARZO,JUEVES,2023-03-16,18,Vialidad,Muertes por siniestros viales,NO,NO,,,0.0,0.0,1,0.0,0.0,"Coordenadas 0,0"
1144231,2023,MAYO,MARTES,2023-05-16,14,Vialidad,Muertes por siniestros viales,NO,NO,,,0.0,0.0,1,0.0,0.0,"Coordenadas 0,0"
1144232,2023,ABRIL,MIERCOLES,2023-04-12,19,Vialidad,Muertes por siniestros viales,NO,NO,,,0.0,0.0,1,0.0,0.0,"Coordenadas 0,0"
1144233,2023,MAYO,MARTES,2023-05-02,19,Vialidad,Muertes por siniestros viales,NO,NO,,,0.0,0.0,1,0.0,0.0,"Coordenadas 0,0"
1144234,2023,MARZO,JUEVES,2023-03-09,13,Vialidad,Muertes por siniestros viales,NO,NO,,,0.0,0.0,1,0.0,0.0,"Coordenadas 0,0"
1144235,2023,FEBRERO,JUEVES,2023-02-02,22,Vialidad,Muertes por siniestros viales,NO,NO,,,0.0,0.0,1,0.0,0.0,"Coordenadas 0,0"
1144236,2023,JULIO,MARTES,2023-07-04,7,Vialidad,Muertes por siniestros viales,NO,NO,,,0.0,0.0,1,0.0,0.0,"Coordenadas 0,0"
1144237,2023,JULIO,LUNES,2023-07-03,16,Vialidad,Muertes por siniestros viales,NO,NO,,,0.0,0.0,1,0.0,0.0,"Coordenadas 0,0"
1144238,2023,JULIO,JUEVES,2023-07-06,10,Vialidad,Muertes por siniestros viales,NO,NO,,,0.0,0.0,1,0.0,0.0,"Coordenadas 0,0"
1144239,2023,FEBRERO,VIERNES,2023-02-17,14,Vialidad,Muertes por siniestros viales,NO,NO,,,0.0,0.0,1,0.0,0.0,"Coordenadas 0,0"
1144240,2023,MAYO,JUEVES,2023-05-04,12,Vialidad,Muertes por siniestros viales,NO,NO,,,0.0,0.0,1,0.0,0.0,"Coordenadas 0,0"
1144241,2023,JULIO,DOMINGO,2023-07-09,3,Vialidad,Muertes por siniestros viales,NO,NO,,,0.0,0.0,1,0.0,0.0,"Coordenadas 0,0"
1144242,2023,MAYO,MARTES,2023-05-09,8,Vialidad,Muertes por siniestros viales,NO,NO,,,0.0,0.0,1,0.0,0.0,"Coordenadas 0,0"
1144243,2023,FEBRERO,DOMINGO,2023-02-26,6,Vialidad,Muertes por siniestros viales,NO,NO,,,0.0,0.0,1,0.0,0.0,"Coordenadas 0,0"
1144244,2023,JUNIO,MARTES,2023-06-27,10,Vialidad,Muertes por siniestros viales,NO,NO,,,0.0,0.0,1,0.0,0.0,"Coordenadas 0,0"
1144245,2023,FEBRERO,MIERCOLES,2023-02-22,16,Vialidad,Muertes por siniestros viales,NO,NO,,,0.0,0.0,1,0.0,0.0,"Coordenadas 0,0"
1144246,2023,JULIO,SABADO,2023-07-01,1,Vialidad,Muertes por siniestros viales,NO,NO,,,0.0,0.0,1,0.0,0.0,"Coordenadas 0,0"
1144247,2023,ABRIL,DOMINGO,2023-04-23,19,Vialidad,Muertes por siniestros viales,NO,NO,,,0.0,0.0,1,0.0,0.0,"Coordenadas 0,0"
1144248,2023,ABRIL,JUEVES,2023-04-06,16,Vialidad,Muertes por siniestros viales,NO,NO,,,0.0,0.0,1,0.0,0.0,"Coordenadas 0,0"
1144249,2023,ENERO,SABADO,2023-01-21,0,Vialidad,Muertes por siniestros viales,NO,NO,,,0.0,0.0,1,0.0,0.0,"Coordenadas 0,0"
1144250,2023,MAYO,VIERNES,2023-05-05,15,Vialidad,Muertes por siniestros viales,NO,NO,,,0.0,0.0,1,0.0,0.0,"Coordenadas 0,0"
1144251,2023,JULIO,VIERNES,2023-07-14,11,Vialidad,Muertes por siniestros viales,NO,NO,,,0.0,0.0,1,0.0,0.0,"Coordenadas 0,0"
1144252,2023,JULIO,SABADO,2023-07-15,8,Vialidad,Muertes por siniestros viales,NO,NO,,,0.0,0.0,1,0.0,0.0,"Coordenadas 0,0"
1144253,2023,JULIO,DOMINGO,2023-07-16,11,Vialidad,Muertes por siniestros viales,NO,NO,,,0.0,0.0,1,0.0,0.0,"Coordenadas 0,0"
1144254,2023,JULIO,LUNES,2023-07-17,8,Vialidad,Muertes por siniestros viales,NO,NO,,,0.0,0.0,1,0.0,0.0,"Coordenadas 0,0"
1144255,2023,JULIO,DOMINGO,2023-07-30,19,Vialidad,Muertes por siniestros viales,NO,NO,,,0.0,0.0,1,0.0,0.0,"Coordenadas 0,0"
1144256,2023,AGOSTO,LUNES,2023-08-07,16,Vialidad,Muertes por siniestros viales,NO,NO,,,0.0,0.0,1,0.0,0.0,"Coordenadas 0,0"
1144257,2023,AGOSTO,MARTES,2023-08-29,18,Vialidad,Muertes por siniestros viales,NO,NO,,,0.0,0.0,1,0.0,0.0,"Coordenadas 0,0"
1144258,2023,SEPTIEMBRE,MARTES,2023-09-05,14,Vialidad,Muertes por siniestros viales,NO,NO,,,0.0,0.0,1,0.0,0.0,"Coordenadas 0,0"
1144259,2023,SEPTIEMBRE,DOMINGO,2023-09-10,8,Vialidad,Muertes por siniestros viales,NO,NO,,,0.0,0.0,1,0.0,0.0,"Coordenadas 0,0"
1144260,2023,SEPTIEMBRE,VIERNES,2023-09-15,14,Vialidad,Muertes por siniestros viales,NO,NO,,,0.0,0.0,1,0.0,0.0,"Coordenadas 0,0"
1144261,2023,SEPTIEMBRE,SABADO,2023-09-16,2,Vialidad,Muertes por siniestros viales,NO,NO,,,0.0,0.0,1,0.0,0.0,"Coordenadas 0,0"
1144262,2023,SEPTIEMBRE,DOMINGO,2023-09-17,7,Vialidad,Muertes por siniestros viales,NO,NO,,,0.0,0.0,1,0.0,0.0,"Coordenadas 0,0"
1144263,2023,SEPTIEMBRE,MARTES,2023-09-19,19,Vialidad,Muertes por siniestros viales,NO,NO,,,0.0,0.0,1,0.0,0.0,"Coordenadas 0,0"
1144264,2023,SEPTIEMBRE,LUNES,2023-09-25,12,Vialidad,Muertes por siniestros viales,NO,NO,,,0.0,0.0,1,0.0,0.0,"Coordenadas 0,0"
1144265,2023,SEPTIEMBRE,MIERCOLES,2023-09-27,12,Vialidad,Muertes por siniestros viales,NO,NO,,,0.0,0.0,1,0.0,0.0,"Coordenadas 0,0"
1144266,2023,SEPTIEMBRE,JUEVES,2023-09-28,1,Vialidad,Muertes por siniestros viales,NO,NO,,,0.0,0.0,1,0.0,0.0,"Coordenadas 0,0"
1144267,2023,OCTUBRE,LUNES,2023-10-09,7,Vialidad,Muertes por siniestros viales,NO,NO,,,0.0,0.0,1,0.0,0.0,"Coordenadas 0,0"
1144268,2023,OCTUBRE,VIERNES,2023-10-13,4,Vialidad,Muertes por siniestros viales,NO,NO,,,0.0,0.0,1,0.0,0.0,"Coordenadas 0,0"
1144269,2023,OCTUBRE,SABADO,2023-10-28,13,Vialidad,Muertes por siniestros viales,NO,NO,,,0.0,0.0,1,0.0,0.0,"Coordenadas 0,0"
1144270,2023,OCTUBRE,DOMINGO,2023-10-29,13,Vialidad,Muertes por siniestros viales,NO,NO,,,0.0,0.0,1,0.0,0.0,"Coordenadas 0,0"
1144271,2023,OCTUBRE,MARTES,2023-10-31,1,Vialidad,Muertes por siniestros viales,NO,NO,,,0.0,0.0,1,0.0,0.0,"Coordenadas 0,0"
1144272,2023,NOVIEMBRE,LUNES,2023-11-13,11,Vialidad,Muertes por siniestros viales,NO,NO,,,0.0,0.0,1,0.0,0.0,"Coordenadas 0,0"
1144273,2023,NOVIEMBRE,MIERCOLES,2023-11-15,2,Vialidad,Muertes por siniestros viales,NO,NO,,,0.0,0.0,1,0.0,0.0,"Coordenadas 0,0"
1144274,2023,NOVIEMBRE,LUNES,2023-11-20,7,Vialidad,Muertes por siniestros viales,NO,NO,,,0.0,0.0,1,0.0,0.0,"Coordenadas 0,0"
1144275,2023,NOVIEMBRE,JUEVES,2023-11-23,15,Vialidad,Muertes por siniestros viales,NO,NO,,,0.0,0.0,1,0.0,0.0,"Coordenadas 0,0"
1144276,2023,DICIEMBRE,VIERNES,2023-12-08,12,Vialidad,Muertes por siniestros viales,NO,NO,,,0.0,0.0,1,0.0,0.0,"Coordenadas 0,0"
1144277,2023,DICIEMBRE,SABADO,2023-12-09,23,Vialidad,Muertes por siniestros viales,NO,NO,,,0.0,0.0,1,0.0,0.0,"Coordenadas 0,0"
1144278,2023,DICIEMBRE,DOMINGO,2023-12-17,12,Vialidad,Muertes por siniestros viales,NO,NO,,,0.0,0.0,1,0.0,0.0,"Coordenadas 0,0"
1144279,2023,DICIEMBRE,LUNES,2023-12-18,8,Vialidad,Muertes por siniestros viales,NO,NO,,,0.0,0.0,1,0.0,0.0,"Coordenadas 0,0"
1144329,2023,JUNIO,MIERCOLES,2023-06-07,17,Vialidad,Muertes por siniestros viales,NO,NO,,,-34898757886.0,-58966768205.0,1,-34898757886.0,-58966768205.0,Coordenadas fuera de CABA / sin barrio y comuna
1290335,2023,DICIEMBRE,MIERCOLES,2023-12-27,0,Robo,Robo total,NO,NO,,,,,1,,,Coordenadas vacías o no numéricas
1290806,2023,MARZO,LUNES,2023-03-20,15,Robo,Robo total,NO,NO,,,,,1,,,Coordenadas vacías o no numéricas
1291799,2023,AGOSTO,DOMINGO,2023-08-20,8,Hurto,Hurto total,NO,NO,,,,,1,,,Coordenadas vacías o no numéricas
1292168,2023,MAYO,DOMINGO,2023-05-28,4,Hurto,Hurto total,NO,NO,,,,,1,,,Coordenadas vacías o no numéricas
1292210,2023,MARZO,JUEVES,2023-03-16,0,Hurto,Hurto total,NO,NO,,,,,1,,,Coordenadas vacías o no numéricas
1292217,2023,ABRIL,MIERCOLES,2023-04-12,14,Robo,Robo total,NO,NO,,,,,1,,,Coordenadas vacías o no numéricas
1292232,2023,MARZO,MIERCOLES,2023-03-29,6,Robo,Robo total,NO,NO,,,,,1,,,Coordenadas vacías o no numéricas
1292234,2023,MARZO,VIERNES,2023-03-03,15,Hurto,Hurto total,NO,NO,,,,,1,,,Coordenadas vacías o no numéricas
1292683,2023,OCTUBRE,JUEVES,2023-10-05,20,Robo,Robo total,NO,NO,,,,,1,,,Coordenadas vacías o no numéricas
1292705,2023,OCTUBRE,MIERCOLES,2023-10-18,23,Hurto,Hurto total,NO,NO,,,,,1,,,Coordenadas vacías o no numéricas
1292709,2023,FEBRERO,VIERNES,2023-02-17,16,Robo,Robo total,NO,NO,,,,,1,,,Coordenadas vacías o no numéricas
1292943,2023,DICIEMBRE,DOMINGO,2023-12-17,0,Robo,Robo total,NO,NO,,,,,1,,,Coordenadas vacías o no numéricas
1292950,2023,ABRIL,MIERCOLES,2023-04-19,19,Hurto,Hurto total,NO,NO,,,,,1,,,Coordenadas vacías o no numéricas
1293059,2023,ABRIL,SABADO,2023-04-01,15,Hurto,Hurto total,NO,NO,,,,,1,,,Coordenadas vacías o no numéricas
1293117,2023,ABRIL,MARTES,2023-04-18,13,Hurto,Hurto total,NO,NO,,,,,1,,,Coordenadas vacías o no numéricas
1293126,2023,NOVIEMBRE,LUNES,2023-11-27,10,Robo,Robo total,NO,NO,,,,,1,,,Coordenadas vacías o no numéricas
1293158,2023,OCTUBRE,JUEVES,2023-10-12,10,Hurto,Hurto total,NO,NO,,,,,1,,,Coordenadas vacías o no numéricas
1293159,2023,FEBRERO,JUEVES,2023-02-16,10,Hurto,Hurto total,NO,NO,,,,,1,,,Coordenadas vacías o no numéricas
1293162,2023,MARZO,MARTES,2023-03-14,16,Robo,Robo total,NO,NO,,,,,1,,,Coordenadas vacías o no numéricas
1293354,2023,AGOSTO,LUNES,2023-08-14,22,Hurto,Hurto total,NO,NO,,,,,1,,,Coordenadas vacías o no numéricas
1293364,2023,ENERO,MARTES,2023-01-03,12,Hurto,Hurto total,NO,NO,,,,,1,,,Coordenadas vacías o no numéricas
1293365,2023,DICIEMBRE,SABADO,2023-12-09,21,Robo,Robo total,NO,NO,,,,,1,,,Coordenadas vacías o no numéricas
1293366,2023,MAYO,MARTES,2023-05-30,0,Robo,Robo total,NO,NO,,,,,1,,,Coordenadas vacías o no numéricas
1293367,2023,ABRIL,DOMINGO,2023-04-09,23,Robo,Robo total,NO,NO,,,,,1,,,Coordenadas vacías o no numéricas
1293368,2023,MARZO,VIERNES,2023-03-03,14,Hurto,Hurto total,NO,NO,,,,,1,,,Coordenadas vacías o no numéricas
1293369,2023,AGOSTO,MIERCOLES,2023-08-30,17,Hurto,Hurto total,NO,NO,,,,,1,,,Coordenadas vacías o no numéricas
1293370,2023,MAYO,MARTES,2023-05-16,8,Robo,Robo total,NO,SI,,,,,1,,,Coordenadas vacías o no numéricas
1293371,2023,DICIEMBRE,JUEVES,2023-12-21,19,Hurto,Hurto total,NO,NO,,,,,1,,,Coordenadas vacías o no numéricas
1293373,2023,FEBRERO,MIERCOLES,2023-02-08,21,Hurto,Hurto total,NO,NO,,,,,1,,,Coordenadas vacías o no numéricas
1293374,2023,MARZO,MIERCOLES,2023-03-15,8,Hurto,Hurto total,NO,NO,,,,,1,,,Coordenadas vacías o no numéricas
1293375,2023,MARZO,MARTES,2023-03-14,14,Robo,Robo total,NO,NO,,,,,1,,,Coordenadas vacías o no numéricas
1293376,2023,FEBRERO,MARTES,2023-02-28,12,Hurto,Hurto total,NO,NO,,,,,1,,,Coordenadas vacías o no numéricas
1293377,2023,MARZO,MIERCOLES,2023-03-15,9,Hurto,Hurto total,NO,NO,,,,,1,,,Coordenadas vacías o no numéricas
1293378,2023,MARZO,MARTES,2023-03-28,22,Robo,Robo total,NO,NO,,,,,1,,,Coordenadas vacías o no numéricas
1293379,2023,JUNIO,VIERNES,2023-06-02,8,Robo,Robo total,NO,NO,,,,,1,,,Coordenadas vacías o no numéricas
1293380,2023,OCTUBRE,VIERNES,2023-10-27,11,Robo,Robo total,NO,NO,,,,,1,,,Coordenadas vacías o no numéricas
1293381,2023,ABRIL,DOMINGO,2023-04-30,4,Hurto,Hurto total,NO,NO,,,,,1,,,Coordenadas vacías o no numéricas
1293382,2023,DICIEMBRE,DOMINGO,2023-12-24,13,Robo,Robo total,NO,NO,,,,,1,,,Coordenadas vacías o no numéricas
1293383,2023,ENERO,JUEVES,2023-01-26,0,Hurto,Hurto total,NO,NO,,,,,1,,,Coordenadas vacías o no numéricas
1293384,2023,FEBRERO,MIERCOLES,2023-02-15,15,Robo,Robo total,NO,NO,,,,,1,,,Coordenadas vacías o no numéricas
1293385,2023,OCTUBRE,MARTES,2023-10-03,13,Robo,Robo total,NO,NO,,,,,1,,,Coordenadas vacías o no numéricas
1293386,2023,JUNIO,VIERNES,2023-06-02,15,Hurto,Hurto total,NO,NO,,,,,1,,,Coordenadas vacías o no numéricas
1293387,2023,SEPTIEMBRE,MARTES,2023-09-12,21,Hurto,Hurto total,NO,NO,,,,,1,,,Coordenadas vacías o no numéricas
1293388,2023,DICIEMBRE,LUNES,2023-12-18,11,Robo,Robo total,SI,NO,,,,,1,,,Coordenadas vacías o no numéricas
1293389,2023,ABRIL,MIERCOLES,2023-04-12,15,Hurto,Hurto total,NO,NO,,,,,1,,,Coordenadas vacías o no numéricas
1293390,2023,ENERO,LUNES,2023-01-16,9,Hurto,Hurto total,NO,NO,,,,,1,,,Coordenadas vacías o no numéricas
1293391,2023,FEBRERO,VIERNES,2023-02-10,15,Hurto,Hurto total,NO,NO,,,,,1,,,Coordenadas vacías o no numéricas
1293392,2023,FEBRERO,MIERCOLES,2023-02-15,13,Hurto,Hurto total,NO,NO,,,,,1,,,Coordenadas vacías o no numéricas
1293393,2023,AGOSTO,DOMINGO,2023-08-06,19,Hurto,Hurto total,NO,NO,,,,,1,,,Coordenadas vacías o no numéricas
1293394,2023,ABRIL,MARTES,2023-04-18,12,Hurto,Hurto total,NO,NO,,,,,1,,,Coordenadas vacías o no numéricas
1293395,2023,ABRIL,LUNES,2023-04-10,19,Hurto,Hurto total,NO,NO,,,,,1,,,Coordenadas vacías o no numéricas
1293396,2023,FEBRERO,MARTES,2023-02-21,14,Robo,Robo total,NO,SI,,,,,1,,,Coordenadas vacías o no numéricas
1293397,2023,FEBRERO,MARTES,2023-02-28,13,Robo,Robo total,NO,NO,,,,,1,,,Coordenadas vacías o no numéricas
1293398,2023,MARZO,VIERNES,2023-03-24,13,Robo,Robo total,SI,NO,,,,,1,,,Coordenadas vacías o no numéricas
1293399,2023,MAYO,LUNES,2023-05-15,12,Hurto,Hurto total,NO,NO,,,,,1,,,Coordenadas vacías o no numéricas
1293400,2023,MAYO,MARTES,2023-05-02,12,Hurto,Hurto total,NO,NO,,,,,1,,,Coordenadas vacías o no numéricas
1293401,2023,MAYO,JUEVES,2023-05-18,13,Robo,Robo total,NO,SI,,,,,1,,,Coordenadas vacías o no numéricas
1293402,2023,FEBRERO,MARTES,2023-02-07,1,Robo,Robo total,NO,NO,,,,,1,,,Coordenadas vacías o no numéricas
1293403,2023,JUNIO,DOMINGO,2023-06-25,15,Robo,Robo total,NO,SI,,,,,1,,,Coordenadas vacías o no numéricas
1293404,2023,ENERO,JUEVES,2023-01-05,17,Hurto,Hurto total,NO,NO,,,,,1,,,Coordenadas vacías o no numéricas
1293405,2023,FEBRERO,SABADO,2023-02-11,12,Robo,Robo total,NO,NO,,,,,1,,,Coordenadas vacías o no numéricas
1293406,2023,OCTUBRE,MIERCOLES,2023-10-18,22,Robo,Robo total,SI,NO,,,,,1,,,Coordenadas vacías o no numéricas
1293407,2023,JULIO,SABADO,2023-07-22,15,Robo,Robo total,SI,NO,,,,,1,,,Coordenadas vacías o no numéricas
1293408,2023,MARZO,MARTES,2023-03-07,10,Hurto,Hurto total,NO,NO,,,,,1,,,Coordenadas vacías o no numéricas
1293409,2023,MAYO,DOMINGO,2023-05-07,8,Hurto,Hurto total,NO,NO,,,,,1,,,Coordenadas vacías o no numéricas
1293410,2023,ABRIL,MIERCOLES,2023-04-12,12,Robo,Robo total,NO,NO,,,,,1,,,Coordenadas vacías o no numéricas
1293411,2023,NOVIEMBRE,LUNES,2023-11-27,12,Robo,Robo total,NO,NO,,,,,1,,,Coordenadas vacías o no numéricas
1293412,2023,FEBRERO,VIERNES,2023-02-03,8,Hurto,Hurto total,NO,NO,,,,,1,,,Coordenadas vacías o no numéricas
1293413,2023,MARZO,LUNES,2023-03-06,2,Robo,Robo total,NO,NO,,,,,1,,,Coordenadas vacías o no numéricas
1293414,2023,ABRIL,VIERNES,2023-04-21,14,Robo,Robo total,NO,SI,,,,,1,,,Coordenadas vacías o no numéricas
1293415,2023,ABRIL,MIERCOLES,2023-04-12,23,Hurto,Hurto total,NO,NO,,,,,1,,,Coordenadas vacías o no numéricas
1293416,2023,JUNIO,SABADO,2023-06-03,18,Robo,Robo total,NO,NO,,,,,1,,,Coordenadas vacías o no numéricas
1293417,2023,ABRIL,LUNES,2023-04-24,16,Hurto,Hurto total,NO,NO,,,,,1,,,Coordenadas vacías o no numéricas
1293418,2023,FEBRERO,JUEVES,2023-02-16,8,Hurto,Hurto total,NO,NO,,,,,1,,,Coordenadas vacías o no numéricas
1293419,2023,MARZO,JUEVES,2023-03-02,16,Hurto,Hurto total,NO,NO,,,,,1,,,Coordenadas vacías o no numéricas
1293420,2023,ENERO,DOMINGO,2023-01-29,19,Robo,Robo total,NO,NO,,,,,1,,,Coordenadas vacías o no numéricas
1293421,2023,MAYO,SABADO,2023-05-13,9,Robo,Robo total,NO,NO,,,,,1,,,Coordenadas vacías o no numéricas
1293422,2023,ABRIL,VIERNES,2023-04-28,20,Hurto,Hurto total,NO,NO,,,,,1,,,Coordenadas vacías o no numéricas
1293423,2023,MAYO,VIERNES,2023-05-19,8,Hurto,Hurto total,NO,NO,,,,,1,,,Coordenadas vacías o no numéricas
1293424,2023,OCTUBRE,SABADO,2023-10-07,13,Hurto,Hurto total,NO,NO,,,,,1,,,Coordenadas vacías o no numéricas
1293425,2023,ABRIL,DOMINGO,2023-04-02,0,Hurto,Hurto total,NO,NO,,,,,1,,,Coordenadas vacías o no numéricas
1293426,2023,MAYO,MIERCOLES,2023-05-17,20,Robo,Robo total,SI,NO,,,,,1,,,Coordenadas vacías o no numéricas
1293427,2023,JUNIO,MIERCOLES,2023-06-14,19,Hurto,Hurto total,NO,NO,,,,,1,,,Coordenadas vacías o no numéricas
1293428,2023,ENERO,LUNES,2023-01-02,12,Hurto,Hurto total,NO,NO,,,,,1,,,Coordenadas vacías o no numéricas
1293429,2023,MARZO,MIERCOLES,2023-03-08,20,Hurto,Hurto total,NO,NO,,,,,1,,,Coordenadas vacías o no numéricas
1293430,2023,MARZO,DOMINGO,2023-03-12,18,Hurto,Hurto total,NO,NO,,,,,1,,,Coordenadas vacías o no numéricas
1293431,2023,ABRIL,SABADO,2023-04-08,12,Hurto,Hurto total,NO,NO,,,,,1,,,Coordenadas vacías o no numéricas
1293432,2023,ENERO,MARTES,2023-01-10,18,Hurto,Hurto total,NO,NO,,,,,1,,,Coordenadas vacías o no numéricas
1293433,2023,ENERO,VIERNES,2023-01-13,0,Hurto,Hurto total,NO,NO,,,,,1,,,Coordenadas vacías o no numéricas
1293435,2023,NOVIEMBRE,JUEVES,2023-11-23,12,Robo,Robo total,NO,NO,,,,,1,,,Coordenadas vacías o no numéricas
1293436,2023,ABRIL,DOMINGO,2023-04-30,21,Hurto,Hurto total,NO,NO,,,,,1,,,Coordenadas vacías o no numéricas
1293437,2023,MARZO,VIERNES,2023-03-31,14,Hurto,Hurto total,NO,NO,,,,,1,,,Coordenadas vacías o no numéricas
1293438,2023,ABRIL,MARTES,2023-04-04,10,Robo,Robo total,NO,NO,,,,,1,,,Coordenadas vacías o no numéricas
1293439,2023,ABRIL,MARTES,2023-04-11,11,Hurto,Hurto total,NO,NO,,,,,1,,,Coordenadas vacías o no numéricas
1293440,2023,ENERO,MARTES,2023-01-17,19,Robo,Robo total,NO,SI,,,,,1,,,Coordenadas vacías o no numéricas
1293441,2023,MARZO,DOMINGO,2023-03-26,23,Hurto,Hurto total,NO,NO,,,,,1,,,Coordenadas vacías o no numéricas
1293442,2023,MAYO,SABADO,2023-05-27,14,Robo,Robo total,NO,SI,,,,,1,,,Coordenadas vacías o no numéricas
1293444,2023,MAYO,LUNES,2023-05-29,0,Robo,Robo total,SI,NO,,,,,1,,,Coordenadas vacías o no numéricas
1293445,2023,DICIEMBRE,VIERNES,2023-12-15,10,Hurto,Hurto total,NO,NO,,,,,1,,,Coordenadas vacías o no numéricas
1293446,2023,MARZO,DOMINGO,2023-03-26,19,Hurto,Hurto total,NO,NO,,,,,1,,,Coordenadas vacías o no numéricas
1293447,2023,MARZO,JUEVES,2023-03-23,13,Robo,Robo total,NO,NO,,,,,1,,,Coordenadas vacías o no numéricas
1293448,2023,ENERO,MIERCOLES,2023-01-11,0,Hurto,Hurto total,NO,NO,,,,,1,,,Coordenadas vacías o no numéricas
1293449,2023,JULIO,MIERCOLES,2023-07-05,0,Robo,Robo total,NO,NO,,,,,1,,,Coordenadas vacías o no numéricas
1293450,2023,MARZO,SABADO,2023-03-18,10,Hurto,Hurto total,NO,NO,,,,,1,,,Coordenadas vacías o no numéricas
1293451,2023,MARZO,SABADO,2023-03-25,18,Robo,Robo total,NO,SI,,,,,1,,,Coordenadas vacías o no numéricas
1293452,2023,MAYO,MIERCOLES,2023-05-10,15,Hurto,Hurto total,NO,NO,,,,,1,,,Coordenadas vacías o no numéricas
1293453,2023,FEBRERO,MARTES,2023-02-14,15,Hurto,Hurto total,NO,NO,,,,,1,,,Coordenadas vacías o no numéricas
1293454,2023,ABRIL,MARTES,2023-04-11,15,Hurto,Hurto total,NO,NO,,,,,1,,,Coordenadas vacías o no numéricas
1293455,2023,OCTUBRE,LUNES,2023-10-30,9,Hurto,Hurto total,NO,NO,,,,,1,,,Coordenadas vacías o no numéricas
1293456,2023,ABRIL,LUNES,2023-04-24,12,Hurto,Hurto total,NO,NO,,,,,1,,,Coordenadas vacías o no numéricas
1293457,2023,NOVIEMBRE,MARTES,2023-11-21,1,Robo,Robo total,NO,NO,,,,,1,,,Coordenadas vacías o no numéricas
1293458,2023,ABRIL,DOMINGO,2023-04-23,6,Robo,Robo total,NO,NO,,,,,1,,,Coordenadas vacías o no numéricas
1293459,2023,JUNIO,LUNES,2023-06-05,10,Hurto,Hurto total,NO,NO,,,,,1,,,Coordenadas vacías o no numéricas
1293460,2023,ENERO,LUNES,2023-01-30,10,Hurto,Hurto total,NO,NO,,,,,1,,,Coordenadas vacías o no numéricas
1293461,2023,MARZO,VIERNES,2023-03-24,19,Robo,Robo total,NO,SI,,,,,1,,,Coordenadas vacías o no numéricas
1293462,2023,NOVIEMBRE,MARTES,2023-11-28,13,Robo,Robo total,NO,NO,,,,,1,,,Coordenadas vacías o no numéricas
1293463,2023,MAYO,LUNES,2023-05-22,12,Robo,Robo total,NO,NO,,,,,1,,,Coordenadas vacías o no numéricas
1293464,2023,ENERO,JUEVES,2023-01-12,0,Robo,Robo total,NO,NO,,,,,1,,,Coordenadas vacías o no numéricas
1293465,2023,SEPTIEMBRE,VIERNES,2023-09-22,23,Hurto,Hurto total,NO,NO,,,,,1,,,Coordenadas vacías o no numéricas
1293466,2023,FEBRERO,VIERNES,2023-02-24,11,Hurto,Hurto total,NO,NO,,,,,1,,,Coordenadas vacías o no numéricas
1293467,2023,JUNIO,SABADO,2023-06-24,1,Hurto,Hurto total,NO,NO,,,,,1,,,Coordenadas vacías o no numéricas
1293468,2023,MAYO,DOMINGO,2023-05-07,19,Robo,Robo total,NO,NO,,,,,1,,,Coordenadas vacías o no numéricas
1293469,2023,MAYO,MIERCOLES,2023-05-17,1,Hurto,Hurto total,NO,NO,,,,,1,,,Coordenadas vacías o no numéricas
1293470,2023,FEBRERO,MIERCOLES,2023-02-08,9,Hurto,Hurto total,NO,NO,,,,,1,,,Coordenadas vacías o no numéricas
1293471,2023,NOVIEMBRE,SABADO,2023-11-04,21,Robo,Robo total,NO,NO,,,,,1,,,Coordenadas vacías o no numéricas
1293472,2023,AGOSTO,MARTES,2023-08-22,19,Hurto,Hurto total,NO,NO,,,,,1,,,Coordenadas vacías o no numéricas
1293473,2023,MARZO,LUNES,2023-03-06,13,Robo,Robo total,NO,NO,,,,,1,,,Coordenadas vacías o no numéricas
1293474,2023,ABRIL,LUNES,2023-04-24,5,Robo,Robo total,NO,NO,,,,,1,,,Coordenadas vacías o no numéricas
1293475,2023,OCTUBRE,LUNES,2023-10-02,20,Hurto,Hurto total,NO,NO,,,,,1,,,Coordenadas vacías o no numéricas
1293476,2023,MARZO,LUNES,2023-03-06,13,Robo,Robo total,NO,NO,,,,,1,,,Coordenadas vacías o no numéricas
1293477,2023,MARZO,MIERCOLES,2023-03-15,9,Robo,Robo total,NO,NO,,,,,1,,,Coordenadas vacías o no numéricas
1293478,2023,ABRIL,MARTES,2023-04-18,11,Hurto,Hurto total,NO,NO,,,,,1,,,Coordenadas vacías o no numéricas
1293479,2023,MAYO,MARTES,2023-05-16,17,Robo,Robo total,NO,NO,,,,,1,,,Coordenadas vacías o no numéricas
1293480,2023,MAYO,MIERCOLES,2023-05-24,0,Robo,Robo total,NO,NO,,,,,1,,,Coordenadas vacías o no numéricas
1293481,2023,JUNIO,MIERCOLES,2023-06-21,20,Hurto,Hurto total,NO,NO,,,,,1,,,Coordenadas vacías o no numéricas
1293482,2023,OCTUBRE,VIERNES,2023-10-27,11,Hurto,Hurto total,NO,NO,,,,,1,,,Coordenadas vacías o no numéricas
1293483,2023,JUNIO,LUNES,2023-06-12,14,Robo,Robo total,NO,NO,,,,,1,,,Coordenadas vacías o no numéricas
1293484,2023,JUNIO,DOMINGO,2023-06-11,14,Hurto,Hurto total,NO,NO,,,,,1,,,Coordenadas vacías o no numéricas
1293485,2023,ENERO,JUEVES,2023-01-26,10,Hurto,Hurto total,NO,NO,,,,,1,,,Coordenadas vacías o no numéricas
1293486,2023,MARZO,MIERCOLES,2023-03-15,17,Hurto,Hurto total,NO,NO,,,,,1,,,Coordenadas vacías o no numéricas
1293487,2023,MARZO,MIERCOLES,2023-03-29,20,Robo,Robo total,NO,NO,,,,,1,,,Coordenadas vacías o no numéricas
1293488,2023,MARZO,SABADO,2023-03-18,12,Robo,Robo total,NO,NO,,,,,1,,,Coordenadas vacías o no numéricas
1293489,2023,MAYO,MARTES,2023-05-16,19,Hurto,Hurto total,NO,NO,,,,,1,,,Coordenadas vacías o no numéricas
1293490,2023,MAYO,VIERNES,2023-05-19,15,Hurto,Hurto total,NO,NO,,,,,1,,,Coordenadas vacías o no numéricas
1293491,2023,JULIO,MARTES,2023-07-11,16,Hurto,Hurto total,NO,NO,,,,,1,,,Coordenadas vacías o no numéricas
1293492,2023,MAYO,JUEVES,2023-05-18,12,Hurto,Hurto total,NO,NO,,,,,1,,,Coordenadas vacías o no numéricas
1293493,2023,FEBRERO,LUNES,2023-02-27,14,Hurto,Hurto total,NO,NO,,,,,1,,,Coordenadas vacías o no numéricas
1293494,2023,MARZO,MIERCOLES,2023-03-08,20,Robo,Robo total,SI,NO,,,,,1,,,Coordenadas vacías o no numéricas
1293495,2023,ABRIL,SABADO,2023-04-08,4,Robo,Robo total,NO,NO,,,,,1,,,Coordenadas vacías o no numéricas
1293497,2023,MAYO,SABADO,2023-05-27,13,Hurto,Hurto total,NO,NO,,,,,1,,,Coordenadas vacías o no numéricas
1293498,2023,MARZO,MARTES,2023-03-14,21,Hurto,Hurto total,NO,NO,,,,,1,,,Coordenadas vacías o no numéricas
1293499,2023,MAYO,DOMINGO,2023-05-21,23,Robo,Robo total,NO,NO,,,,,1,,,Coordenadas vacías o no numéricas
1293500,2023,OCTUBRE,MARTES,2023-10-10,16,Robo,Robo total,NO,NO,,,,,1,,,Coordenadas vacías o no numéricas
1293501,2023,ENERO,MARTES,2023-01-10,11,Robo,Robo total,NO,NO,,,,,1,,,Coordenadas vacías o no numéricas
1293502,2023,FEBRERO,JUEVES,2023-02-16,19,Robo,Robo total,NO,NO,,,,,1,,,Coordenadas vacías o no numéricas
1293503,2023,ABRIL,MARTES,2023-04-25,12,Hurto,Hurto total,NO,NO,,,,,1,,,Coordenadas vacías o no numéricas
1293504,2023,ENERO,DOMINGO,2023-01-15,0,Robo,Robo total,NO,NO,,,,,1,,,Coordenadas vacías o no numéricas
1293505,2023,JUNIO,MARTES,2023-06-06,9,Hurto,Hurto total,NO,NO,,,,,1,,,Coordenadas vacías o no numéricas
1293506,2023,MARZO,VIERNES,2023-03-03,12,Hurto,Hurto total,NO,NO,,,,,1,,,Coordenadas vacías o no numéricas
1293507,2023,MARZO,LUNES,2023-03-20,16,Hurto,Hurto total,NO,NO,,,,,1,,,Coordenadas vacías o no numéricas
1293508,2023,ENERO,JUEVES,2023-01-05,0,Hurto,Hurto total,NO,NO,,,,,1,,,Coordenadas vacías o no numéricas
1293509,2023,MARZO,MIERCOLES,2023-03-15,14,Hurto,Hurto total,NO,NO,,,,,1,,,Coordenadas vacías o no numéricas
1293510,2023,MARZO,MIERCOLES,2023-03-22,19,Hurto,Hurto total,NO,NO,,,,,1,,,Coordenadas vacías o no numéricas
1293511,2023,JULIO,LUNES,2023-07-10,19,Robo,Robo total,NO,NO,,,,,1,,,Coordenadas vacías o no numéricas
1293512,2023,OCTUBRE,MARTES,2023-10-24,6,Hurto,Hurto total,NO,NO,,,,,1,,,Coordenadas vacías o no numéricas
1293513,2023,MAYO,MARTES,2023-05-09,9,Hurto,Hurto total,NO,NO,,,,,1,,,Coordenadas vacías o no numéricas
1293514,2023,MARZO,MARTES,2023-03-07,16,Hurto,Hurto total,NO,NO,,,,,1,,,Coordenadas vacías o no numéricas
1293515,2023,SEPTIEMBRE,MIERCOLES,2023-09-27,15,Robo,Robo total,SI,NO,,,,,1,,,Coordenadas vacías o no numéricas
1293516,2023,ABRIL,MARTES,2023-04-04,10,Hurto,Hurto total,NO,NO,,,,,1,,,Coordenadas vacías o no numéricas
1293517,2023,SEPTIEMBRE,MARTES,2023-09-05,21,Robo,Robo total,NO,NO,,,,,1,,,Coordenadas vacías o no numéricas
1293519,2023,MAYO,VIERNES,2023-05-05,8,Robo,Robo total,NO,NO,,,,,1,,,Coordenadas vacías o no numéricas
1293520,2023,MARZO,DOMINGO,2023-03-19,20,Hurto,Hurto total,NO,NO,,,,,1,,,Coordenadas vacías o no numéricas
1293521,2023,FEBRERO,VIERNES,2023-02-03,15,Hurto,Hurto total,NO,NO,,,,,1,,,Coordenadas vacías o no numéricas
1293850,2023,MARZO,JUEVES,2023-03-16,9,Hurto,Hurto total,NO,NO,,,,,1,,,Coordenadas vacías o no numéricas
1293851,2023,ABRIL,JUEVES,2023-04-20,20,Hurto,Hurto total,NO,NO,,,,,1,,,Coordenadas vacías o no numéricas
1293852,2023,NOVIEMBRE,JUEVES,2023-11-16,16,Hurto,Hurto total,NO,NO,,,,,1,,,Coordenadas vacías o no numéricas
1293853,2023,ABRIL,DOMINGO,2023-04-23,23,Hurto,Hurto total,NO,NO,,,,,1,,,Coordenadas vacías o no numéricas
1294095,2023,ABRIL,DOMINGO,2023-04-09,19,Hurto,Hurto total,NO,NO,,,,,1,,,Coordenadas vacías o no numéricas
1294096,2023,MAYO,MARTES,2023-05-02,16,Robo,Robo total,NO,NO,,,,,1,,,Coordenadas vacías o no numéricas
1294097,2023,NOVIEMBRE,MIERCOLES,2023-11-22,16,Robo,Robo total,NO,NO,,,,,1,,,Coordenadas vacías o no numéricas
1294098,2023,JULIO,MARTES,2023-07-11,20,Robo,Robo total,NO,NO,,,,,1,,,Coordenadas vacías o no numéricas
1294099,2023,ABRIL,LUNES,2023-04-10,17,Hurto,Hurto total,NO,NO,,,,,1,,,Coordenadas vacías o no numéricas
1294100,2023,JUNIO,MIERCOLES,2023-06-14,13,Hurto,Hurto total,NO,NO,,,,,1,,,Coordenadas vacías o no numéricas
1301342,2023,ENERO,LUNES,2023-01-09,19,Hurto,Hurto total,NO,NO,,,,,1,,,Coordenadas vacías o no numéricas
1301446,2023,MARZO,LUNES,2023-03-13,17,Hurto,Hurto total,NO,NO,,,,,1,,,Coordenadas vacías o no numéricas
1301449,2023,MARZO,MARTES,2023-03-21,13,Robo,Robo total,NO,NO,,,,,1,,,Coordenadas vacías o no numéricas
1301450,2023,MARZO,MIERCOLES,2023-03-22,18,Robo,Robo total,NO,NO,,,,,1,,,Coordenadas vacías o no numéricas
1301532,2023,MARZO,LUNES,2023-03-27,12,Hurto,Hurto total,NO,NO,,,,,1,,,Coordenadas vacías o no numéricas
1301533,2023,ABRIL,MARTES,2023-04-18,20,Robo,Robo total,NO,NO,,,,,1,,,Coordenadas vacías o no numéricas
1302515,2023,MARZO,JUEVES,2023-03-23,23,Robo,Robo total,NO,NO,,,,,1,,,Coordenadas vacías o no numéricas
1302516,2023,MARZO,JUEVES,2023-03-23,20,Hurto,Hurto total,NO,NO,,,,,1,,,Coordenadas vacías o no numéricas
1302517,2023,ENERO,VIERNES,2023-01-13,14,Robo,Robo total,NO,SI,,,,,1,,,Coordenadas vacías o no numéricas
1302518,2023,MAYO,VIERNES,2023-05-26,19,Robo,Robo total,NO,NO,,,,,1,,,Coordenadas vacías o no numéricas
1302519,2023,NOVIEMBRE,MARTES,2023-11-14,12,Robo,Robo total,NO,NO,,,,,1,,,Coordenadas vacías o no numéricas
1302520,2023,ABRIL,MIERCOLES,2023-04-26,10,Hurto,Hurto total,NO,NO,,,,,1,,,Coordenadas vacías o no numéricas
1302521,2023,FEBRERO,LUNES,2023-02-13,8,Robo,Robo total,NO,NO,,,,,1,,,Coordenadas vacías o no numéricas
1302522,2023,FEBRERO,JUEVES,2023-02-16,6,Robo,Robo total,NO,NO,,,,,1,,,Coordenadas vacías o no numéricas
1302523,2023,ABRIL,SABADO,2023-04-08,22,Hurto,Hurto total,NO,NO,,,,,1,,,Coordenadas vacías o no numéricas
1302524,2023,ABRIL,LUNES,2023-04-10,0,Hurto,Hurto total,NO,NO,,,,,1,,,Coordenadas vacías o no numéricas
1302525,2023,AGOSTO,MIERCOLES,2023-08-23,12,Robo,Robo total,NO,NO,,,,,1,,,Coordenadas vacías o no numéricas
1302526,2023,MARZO,DOMINGO,2023-03-05,18,Robo,Robo total,SI,NO,,,,,1,,,Coordenadas vacías o no numéricas
1302527,2023,JUNIO,MARTES,2023-06-20,6,Hurto,Hurto total,NO,NO,,,,,1,,,Coordenadas vacías o no numéricas
1302528,2023,ENERO,VIERNES,2023-01-13,23,Robo,Robo total,SI,NO,,,,,1,,,Coordenadas vacías o no numéricas
1302529,2023,DICIEMBRE,MIERCOLES,2023-12-27,0,Hurto,Hurto total,NO,NO,,,,,1,,,Coordenadas vacías o no numéricas
1302530,2023,JUNIO,MARTES,2023-06-27,14,Hurto,Hurto total,NO,NO,,,,,1,,,Coordenadas vacías o no numéricas
1302531,2023,FEBRERO,LUNES,2023-02-06,6,Robo,Robo total,NO,NO,,,,,1,,,Coordenadas vacías o no numéricas
1302532,2023,SEPTIEMBRE,DOMINGO,2023-09-17,13,Robo,Robo total,NO,NO,,,,,1,,,Coordenadas vacías o no numéricas
1302533,2023,ENERO,VIERNES,2023-01-27,19,Robo,Robo total,NO,NO,,,,,1,,,Coordenadas vacías o no numéricas
1302534,2023,FEBRERO,MARTES,2023-02-14,16,Robo,Robo total,NO,NO,,,,,1,,,Coordenadas vacías o no numéricas
1302535,2023,NOVIEMBRE,DOMINGO,2023-11-05,6,Hurto,Hurto total,NO,NO,,,,,1,,,Coordenadas vacías o no numéricas
1302536,2023,AGOSTO,MARTES,2023-08-22,8,Hurto,Hurto total,NO,NO,,,,,1,,,Coordenadas vacías o no numéricas
1302537,2023,FEBRERO,DOMINGO,2023-02-19,12,Hurto,Hurto total,NO,NO,,,,,1,,,Coordenadas vacías o no numéricas
1302538,2023,FEBRERO,JUEVES,2023-02-23,18,Robo,Robo total,NO,NO,,,,,1,,,Coordenadas vacías o no numéricas
1302539,2023,FEBRERO,JUEVES,2023-02-09,15,Robo,Robo total,SI,NO,,,,,1,,,Coordenadas vacías o no numéricas
1302540,2023,ABRIL,LUNES,2023-04-03,17,Robo,Robo total,NO,NO,,,,,1,,,Coordenadas vacías o no numéricas
1302541,2023,ENERO,SABADO,2023-01-07,3,Hurto,Hurto total,NO,NO,,,,,1,,,Coordenadas vacías o no numéricas
1302542,2023,MARZO,JUEVES,2023-03-02,20,Robo,Robo total,NO,NO,,,,,1,,,Coordenadas vacías o no numéricas
1302543,2023,JULIO,DOMINGO,2023-07-30,5,Hurto,Hurto total,NO,NO,,,,,1,,,Coordenadas vacías o no numéricas
1302544,2023,ABRIL,JUEVES,2023-04-20,13,Hurto,Hurto total,NO,NO,,,,,1,,,Coordenadas vacías o no numéricas
1302545,2023,MARZO,DOMINGO,2023-03-19,3,Robo,Robo total,NO,NO,,,,,1,,,Coordenadas vacías o no numéricas
1302546,2023,MARZO,DOMINGO,2023-03-26,3,Robo,Robo total,NO,NO,,,,,1,,,Coordenadas vacías o no numéricas
1302547,2023,ENERO,MIERCOLES,2023-01-25,9,Hurto,Hurto total,NO,NO,,,,,1,,,Coordenadas vacías o no numéricas
1302548,2023,JUNIO,VIERNES,2023-06-16,16,Robo,Robo total,NO,NO,,,,,1,,,Coordenadas vacías o no numéricas
1302549,2023,DICIEMBRE,VIERNES,2023-12-29,18,Robo,Robo total,NO,NO,,,,,1,,,Coordenadas vacías o no numéricas
1302550,2023,ENERO,DOMINGO,2023-01-01,1,Hurto,Hurto total,NO,NO,,,,,1,,,Coordenadas vacías o no numéricas
1302551,2023,JULIO,DOMINGO,2023-07-16,5,Robo,Robo total,NO,NO,,,,,1,,,Coordenadas vacías o no numéricas
1302552,2023,MAYO,VIERNES,2023-05-05,9,Robo,Robo total,SI,NO,,,,,1,,,Coordenadas vacías o no numéricas
1302553,2023,ABRIL,LUNES,2023-04-03,7,Robo,Robo total,NO,NO,,,,,1,,,Coordenadas vacías o no numéricas
1302554,2023,DICIEMBRE,DOMINGO,2023-12-10,20,Hurto,Hurto total,NO,NO,,,,,1,,,Coordenadas vacías o no numéricas
1302555,2023,MARZO,DOMINGO,2023-03-26,17,Hurto,Hurto total,NO,NO,,,,,1,,,Coordenadas vacías o no numéricas
1302556,2023,MAYO,MIERCOLES,2023-05-03,14,Robo,Robo total,NO,NO,,,,,1,,,Coordenadas vacías o no numéricas
1302557,2023,SEPTIEMBRE,JUEVES,2023-09-07,21,Robo,Robo total,NO,NO,,,,,1,,,Coordenadas vacías o no numéricas
1302558,2023,FEBRERO,MIERCOLES,2023-02-15,16,Robo,Robo total,SI,SI,,,,,1,,,Coordenadas vacías o no numéricas
1302559,2023,DICIEMBRE,MIERCOLES,2023-12-06,16,Robo,Robo total,NO,NO,,,,,1,,,Coordenadas vacías o no numéricas
1302560,2023,ABRIL,JUEVES,2023-04-20,16,Hurto,Hurto total,NO,NO,,,,,1,,,Coordenadas vacías o no numéricas
1302561,2023,MARZO,MIERCOLES,2023-03-15,12,Hurto,Hurto total,NO,NO,,,,,1,,,Coordenadas vacías o no numéricas
1302562,2023,MARZO,VIERNES,2023-03-10,7,Robo,Robo total,NO,NO,,,,,1,,,Coordenadas vacías o no numéricas
1302563,2023,FEBRERO,VIERNES,2023-02-17,13,Robo,Robo total,NO,NO,,,,,1,,,Coordenadas vacías o no numéricas
1302564,2023,MAYO,LUNES,2023-05-22,8,Hurto,Hurto total,NO,NO,,,,,1,,,Coordenadas vacías o no numéricas
1302565,2023,DICIEMBRE,JUEVES,2023-12-07,16,Hurto,Hurto total,NO,NO,,,,,1,,,Coordenadas vacías o no numéricas
1302566,2023,AGOSTO,JUEVES,2023-08-24,13,Hurto,Hurto total,NO,NO,,,,,1,,,Coordenadas vacías o no numéricas
1302567,2023,SEPTIEMBRE,DOMINGO,2023-09-10,7,Hurto,Hurto automotor,NO,NO,,,,,1,,,Coordenadas vacías o no numéricas
1302568,2023,MARZO,JUEVES,2023-03-16,9,Robo,Robo total,NO,NO,,,,,1,,,Coordenadas vacías o no numéricas
1302569,2023,MARZO,MIERCOLES,2023-03-22,21,Hurto,Hurto total,NO,NO,,,,,1,,,Coordenadas vacías o no numéricas
1302570,2023,NOVIEMBRE,DOMINGO,2023-11-26,22,Robo,Robo total,NO,NO,,,,,1,,,Coordenadas vacías o no numéricas
1302571,2023,FEBRERO,VIERNES,2023-02-17,18,Hurto,Hurto total,NO,NO,,,,,1,,,Coordenadas vacías o no numéricas
1302572,2023,MAYO,MIERCOLES,2023-05-31,10,Hurto,Hurto total,NO,NO,,,,,1,,,Coordenadas vacías o no numéricas
1302573,2023,AGOSTO,DOMINGO,2023-08-20,3,Robo,Robo total,NO,NO,,,,,1,,,Coordenadas vacías o no numéricas
1302574,2023,DICIEMBRE,MARTES,2023-12-19,19,Hurto,Hurto total,NO,NO,,,,,1,,,Coordenadas vacías o no numéricas
1302575,2023,MARZO,DOMINGO,2023-03-05,11,Hurto,Hurto total,NO,NO,,,,,1,,,Coordenadas vacías o no numéricas
1302576,2023,OCTUBRE,MARTES,2023-10-31,10,Hurto,Hurto total,NO,NO,,,,,1,,,Coordenadas vacías o no numéricas
1302577,2023,ENERO,JUEVES,2023-01-26,17,Robo,Robo total,NO,NO,,,,,1,,,Coordenadas vacías o no numéricas
1302578,2023,FEBRERO,JUEVES,2023-02-23,15,Hurto,Hurto total,NO,NO,,,,,1,,,Coordenadas vacías o no numéricas
1302579,2023,MAYO,MIERCOLES,2023-05-03,6,Robo,Robo total,NO,NO,,,,,1,,,Coordenadas vacías o no numéricas
1302580,2023,OCTUBRE,MARTES,2023-10-03,19,Hurto,Hurto total,NO,NO,,,,,1,,,Coordenadas vacías o no numéricas
1302581,2023,FEBRERO,MARTES,2023-02-07,20,Hurto,Hurto total,NO,NO,,,,,1,,,Coordenadas vacías o no numéricas
1302582,2023,JUNIO,DOMINGO,2023-06-18,7,Robo,Robo total,NO,NO,,,,,1,,,Coordenadas vacías o no numéricas
1302583,2023,AGOSTO,JUEVES,2023-08-03,20,Hurto,Hurto total,NO,NO,,,,,1,,,Coordenadas vacías o no numéricas
1302584,2023,ENERO,DOMINGO,2023-01-22,0,Hurto,Hurto total,NO,NO,,,,,1,,,Coordenadas vacías o no numéricas
1302585,2023,ENERO,DOMINGO,2023-01-15,8,Robo,Robo total,SI,NO,,,,,1,,,Coordenadas vacías o no numéricas
1302586,2023,JULIO,MARTES,2023-07-25,18,Robo,Robo total,NO,NO,,,,,1,,,Coordenadas vacías o no numéricas
1302587,2023,FEBRERO,MARTES,2023-02-07,10,Robo,Robo total,NO,NO,,,,,1,,,Coordenadas vacías o no numéricas
1302588,2023,NOVIEMBRE,VIERNES,2023-11-24,12,Hurto,Hurto total,NO,NO,,,,,1,,,Coordenadas vacías o no numéricas
1302589,2023,FEBRERO,MARTES,2023-02-28,14,Robo,Robo total,SI,SI,,,,,1,,,Coordenadas vacías o no numéricas
1302590,2023,ENERO,JUEVES,2023-01-26,7,Hurto,Hurto total,NO,NO,,,,,1,,,Coordenadas vacías o no numéricas
1302591,2023,DICIEMBRE,LUNES,2023-12-11,22,Hurto,Hurto total,NO,NO,,,,,1,,,Coordenadas vacías o no numéricas
1302592,2023,MARZO,JUEVES,2023-03-09,12,Hurto,Hurto total,NO,NO,,,,,1,,,Coordenadas vacías o no numéricas
1302593,2023,NOVIEMBRE,JUEVES,2023-11-02,8,Robo,Robo total,NO,NO,,,,,1,,,Coordenadas vacías o no numéricas
1302594,2023,AGOSTO,VIERNES,2023-08-11,1,Robo,Robo total,NO,NO,,,,,1,,,Coordenadas vacías o no numéricas
1302595,2023,ENERO,MARTES,2023-01-31,7,Robo,Robo total,NO,NO,,,,,1,,,Coordenadas vacías o no numéricas
1302596,2023,MARZO,LUNES,2023-03-06,10,Robo,Robo total,SI,NO,,,,,1,,,Coordenadas vacías o no numéricas
1302597,2023,SEPTIEMBRE,VIERNES,2023-09-01,19,Hurto,Hurto total,NO,NO,,,,,1,,,Coordenadas vacías o no numéricas
1302598,2023,FEBRERO,LUNES,2023-02-06,7,Hurto,Hurto total,NO,NO,,,,,1,,,Coordenadas vacías o no numéricas
1302599,2023,DICIEMBRE,MIERCOLES,2023-12-20,7,Robo,Robo total,NO,NO,,,,,1,,,Coordenadas vacías o no numéricas
1302600,2023,MARZO,DOMINGO,2023-03-19,21,Robo,Robo automotor,SI,NO,,,,,1,,,Coordenadas vacías o no numéricas
1302601,2023,ENERO,SABADO,2023-01-07,5,Hurto,Hurto total,NO,NO,,,,,1,,,Coordenadas vacías o no numéricas
1302602,2023,MARZO,MIERCOLES,2023-03-22,15,Hurto,Hurto total,NO,NO,,,,,1,,,Coordenadas vacías o no numéricas
1302603,2023,FEBRERO,MIERCOLES,2023-02-22,6,Robo,Robo total,SI,NO,,,,,1,,,Coordenadas vacías o no numéricas
1302604,2023,JULIO,SABADO,2023-07-01,20,Hurto,Hurto total,NO,NO,,,,,1,,,Coordenadas vacías o no numéricas
1302605,2023,DICIEMBRE,VIERNES,2023-12-22,20,Hurto,Hurto total,NO,NO,,,,,1,,,Coordenadas vacías o no numéricas
1302606,2023,JULIO,SABADO,2023-07-22,19,Robo,Robo total,NO,SI,,,,,1,,,Coordenadas vacías o no numéricas
1302607,2023,JUNIO,MIERCOLES,2023-06-07,7,Hurto,Hurto total,NO,NO,,,,,1,,,Coordenadas vacías o no numéricas
1302608,2023,JULIO,DOMINGO,2023-07-30,18,Robo,Robo total,SI,NO,,,,,1,,,Coordenadas vacías o no numéricas
1302609,2023,AGOSTO,VIERNES,2023-08-25,8,Hurto,Hurto total,NO,NO,,,,,1,,,Coordenadas vacías o no numéricas
1302610,2023,SEPTIEMBRE,JUEVES,2023-09-14,23,Robo,Robo automotor,NO,NO,,,,,1,,,Coordenadas vacías o no numéricas
1302611,2023,ENERO,MARTES,2023-01-24,16,Hurto,Hurto total,NO,NO,,,,,1,,,Coordenadas vacías o no numéricas
1302612,2023,JULIO,JUEVES,2023-07-27,16,Hurto,Hurto total,NO,NO,,,,,1,,,Coordenadas vacías o no numéricas
1302613,2023,SEPTIEMBRE,VIERNES,2023-09-29,17,Robo,Robo total,SI,NO,,,,,1,,,Coordenadas vacías o no numéricas
1302614,2023,MARZO,VIERNES,2023-03-03,19,Hurto,Hurto total,NO,NO,,,,,1,,,Coordenadas vacías o no numéricas
1302615,2023,MAYO,MARTES,2023-05-30,15,Hurto,Hurto total,NO,NO,,,,,1,,,Coordenadas vacías o no numéricas
1302616,2023,MARZO,LUNES,2023-03-20,5,Robo,Robo total,NO,NO,,,,,1,,,Coordenadas vacías o no numéricas
1302617,2023,AGOSTO,JUEVES,2023-08-24,16,Robo,Robo total,NO,NO,,,,,1,,,Coordenadas vacías o no numéricas
1302618,2023,ENERO,MIERCOLES,2023-01-04,11,Hurto,Hurto total,NO,NO,,,,,1,,,Coordenadas vacías o no numéricas
1302619,2023,DICIEMBRE,SABADO,2023-12-09,7,Hurto,Hurto total,NO,NO,,,,,1,,,Coordenadas vacías o no numéricas
1302620,2023,JULIO,LUNES,2023-07-24,8,Robo,Robo total,NO,NO,,,,,1,,,Coordenadas vacías o no numéricas
1302621,2023,SEPTIEMBRE,LUNES,2023-09-04,13,Robo,Robo total,SI,NO,,,,,1,,,Coordenadas vacías o no numéricas
1302622,2023,OCTUBRE,JUEVES,2023-10-12,13,Robo,Robo total,NO,NO,,,,,1,,,Coordenadas vacías o no numéricas
1302623,2023,NOVIEMBRE,JUEVES,2023-11-16,21,Robo,Robo total,NO,NO,,,,,1,,,Coordenadas vacías o no numéricas
1302624,2023,FEBRERO,DOMINGO,2023-02-05,23,Robo,Robo total,NO,NO,,,,,1,,,Coordenadas vacías o no numéricas
1302625,2023,JUNIO,MIERCOLES,2023-06-07,8,Robo,Robo total,NO,NO,,,,,1,,,Coordenadas vacías o no numéricas
1302626,2023,ENERO,LUNES,2023-01-16,6,Robo,Robo total,SI,NO,,,,,1,,,Coordenadas vacías o no numéricas
1302627,2023,SEPTIEMBRE,VIERNES,2023-09-15,19,Robo,Robo total,NO,NO,,,,,1,,,Coordenadas vacías o no numéricas
1302628,2023,OCTUBRE,VIERNES,2023-10-20,1,Robo,Robo total,NO,NO,,,,,1,,,Coordenadas vacías o no numéricas
1302629,2023,NOVIEMBRE,VIERNES,2023-11-17,0,Robo,Robo total,NO,NO,,,,,1,,,Coordenadas vacías o no numéricas
1302630,2023,JUNIO,LUNES,2023-06-19,20,Robo,Robo total,NO,NO,,,,,1,,,Coordenadas vacías o no numéricas
1302631,2023,MARZO,LUNES,2023-03-13,18,Robo,Robo automotor,SI,NO,,,,,1,,,Coordenadas vacías o no numéricas
1302632,2023,FEBRERO,MARTES,2023-02-14,14,Hurto,Hurto total,NO,NO,,,,,1,,,Coordenadas vacías o no numéricas
1302633,2023,ABRIL,SABADO,2023-04-01,16,Robo,Robo total,NO,NO,,,,,1,,,Coordenadas vacías o no numéricas
1302634,2023,JULIO,JUEVES,2023-07-13,15,Robo,Robo total,NO,NO,,,,,1,,,Coordenadas vacías o no numéricas
1302635,2023,MARZO,DOMINGO,2023-03-12,18,Robo,Robo total,NO,NO,,,,,1,,,Coordenadas vacías o no numéricas
1302636,2023,MARZO,JUEVES,2023-03-23,9,Robo,Robo total,NO,NO,,,,,1,,,Coordenadas vacías o no numéricas
1302637,2023,DICIEMBRE,LUNES,2023-12-11,11,Robo,Robo total,NO,NO,,,,,1,,,Coordenadas vacías o no numéricas
1302638,2023,OCTUBRE,MARTES,2023-10-10,8,Robo,Robo total,NO,NO,,,,,1,,,Coordenadas vacías o no numéricas
1302639,2023,MAYO,MARTES,2023-05-16,10,Robo,Robo total,NO,NO,,,,,1,,,Coordenadas vacías o no numéricas
1302640,2023,FEBRERO,DOMINGO,2023-02-19,21,Robo,Robo total,NO,NO,,,,,1,,,Coordenadas vacías o no numéricas
1302641,2023,ENERO,MARTES,2023-01-10,18,Hurto,Hurto total,NO,NO,,,,,1,,,Coordenadas vacías o no numéricas
1302642,2023,DICIEMBRE,MARTES,2023-12-26,8,Robo,Robo total,NO,NO,,,,,1,,,Coordenadas vacías o no numéricas
1302643,2023,NOVIEMBRE,MIERCOLES,2023-11-22,20,Robo,Robo total,NO,NO,,,,,1,,,Coordenadas vacías o no numéricas
1302644,2023,OCTUBRE,LUNES,2023-10-30,6,Robo,Robo total,SI,NO,,,,,1,,,Coordenadas vacías o no numéricas
1302645,2023,OCTUBRE,JUEVES,2023-10-12,8,Hurto,Hurto total,NO,NO,,,,,1,,,Coordenadas vacías o no numéricas
1302646,2023,MAYO,DOMINGO,2023-05-28,20,Robo,Robo total,NO,NO,,,,,1,,,Coordenadas vacías o no numéricas
1302647,2023,ABRIL,LUNES,2023-04-17,2,Robo,Robo total,SI,NO,,,,,1,,,Coordenadas vacías o no numéricas
1302648,2023,FEBRERO,MIERCOLES,2023-02-15,5,Robo,Robo total,NO,NO,,,,,1,,,Coordenadas vacías o no numéricas
1302649,2023,SEPTIEMBRE,JUEVES,2023-09-07,10,Robo,Robo total,NO,NO,,,,,1,,,Coordenadas vacías o no numéricas
1302650,2023,OCTUBRE,SABADO,2023-10-07,10,Hurto,Hurto total,NO,NO,,,,,1,,,Coordenadas vacías o no numéricas
1302651,2023,MAYO,JUEVES,2023-05-18,9,Hurto,Hurto total,NO,NO,,,,,1,,,Coordenadas vacías o no numéricas
1302652,2023,ENERO,MARTES,2023-01-10,7,Robo,Robo total,NO,NO,,,,,1,,,Coordenadas vacías o no numéricas
1302653,2023,OCTUBRE,SABADO,2023-10-21,22,Robo,Robo total,SI,NO,,,,,1,,,Coordenadas vacías o no numéricas
1302654,2023,MAYO,JUEVES,2023-05-04,18,Hurto,Hurto total,NO,NO,,,,,1,,,Coordenadas vacías o no numéricas
1302655,2023,OCTUBRE,DOMINGO,2023-10-15,8,Hurto,Hurto total,NO,NO,,,,,1,,,Coordenadas vacías o no numéricas
1302656,2023,MARZO,LUNES,2023-03-20,7,Hurto,Hurto total,NO,NO,,,,,1,,,Coordenadas vacías o no numéricas
1302657,2023,MARZO,VIERNES,2023-03-03,0,Robo,Robo total,NO,NO,,,,,1,,,Coordenadas vacías o no numéricas
1302658,2023,ENERO,JUEVES,2023-01-26,20,Robo,Robo total,NO,NO,,,,,1,,,Coordenadas vacías o no numéricas
1302659,2023,OCTUBRE,MARTES,2023-10-03,19,Robo,Robo total,NO,NO,,,,,1,,,Coordenadas vacías o no numéricas
1302660,2023,MARZO,SABADO,2023-03-11,4,Robo,Robo total,NO,NO,,,,,1,,,Coordenadas vacías o no numéricas
1302661,2023,MARZO,DOMINGO,2023-03-26,10,Robo,Robo total,NO,NO,,,,,1,,,Coordenadas vacías o no numéricas
1302662,2023,MAYO,MIERCOLES,2023-05-03,12,Hurto,Hurto total,NO,NO,,,,,1,,,Coordenadas vacías o no numéricas
1302663,2023,FEBRERO,MIERCOLES,2023-02-08,23,Robo,Robo total,NO,NO,,,,,1,,,Coordenadas vacías o no numéricas
1306476,2023,ABRIL,SABADO,2023-04-01,13,Robo,Robo total,NO,NO,,,,,1,,,Coordenadas vacías o no numéricas
1306560,2023,FEBRERO,VIERNES,2023-02-10,15,Robo,Robo total,NO,NO,,,,,1,,,Coordenadas vacías o no numéricas
1306633,2023,SEPTIEMBRE,MIERCOLES,2023-09-06,9,Hurto,Hurto total,NO,NO,,,,,1,,,Coordenadas vacías o no numéricas
1306639,2023,DICIEMBRE,VIERNES,2023-12-01,10,Hurto,Hurto total,NO,NO,,,,,1,,,Coordenadas vacías o no numéricas
1306710,2023,ENERO,VIERNES,2023-01-27,13,Hurto,Hurto total,NO,NO,,,,,1,,,Coordenadas vacías o no numéricas
1306722,2023,ABRIL,MIERCOLES,2023-04-05,18,Hurto,Hurto total,NO,NO,,,,,1,,,Coordenadas vacías o no numéricas
1307522,2023,OCTUBRE,VIERNES,2023-10-13,17,Hurto,Hurto total,NO,NO,,,,,1,,,Coordenadas vacías o no numéricas
1307523,2023,DICIEMBRE,LUNES,2023-12-04,17,Hurto,Hurto total,NO,NO,,,,,1,,,Coordenadas vacías o no numéricas
1307524,2023,ABRIL,MIERCOLES,2023-04-05,17,Hurto,Hurto total,NO,NO,,,,,1,,,Coordenadas vacías o no numéricas
1307777,2023,NOVIEMBRE,LUNES,2023-11-06,17,Hurto,Hurto total,NO,NO,,,,,1,,,Coordenadas vacías o no numéricas
1399522,2023,NOVIEMBRE,DOMINGO,2023-11-19,10,Homicidios,Homicidios dolosos,NO,NO,,,0.0,0.0,1,0.0,0.0,"Coordenadas 0,0"
