{
"type": "FeatureCollection",
"name": "zonas_distancia_comisarias",
"crs": { "type": "name", "properties": { "name": "urn:ogc:def:crs:OGC:1.3:CRS84" } },
"features": [
{ "type": "Feature", "properties": { "orden": 1, "franja_distancia_comisaria": "ENTORNO INMEDIATO (0-500 m)", "desde_m": 0, "hasta_m": 500.0, "superficie_km2": 43.047487408189987 }, "geometry": { "type": "MultiPolygon", "coordinates": [ [ [ [ -58.530269144830548, -34.636298813355793 ], [ -58.530289880952104, -34.635947217818781 ], [ -58.530296592482365, -34.635833425565529 ], [ -58.530305321316298, -34.635685427934021 ], [ -58.53031744243188, -34.635479909916178 ], [ -58.530329059948293, -34.635282902445326 ], [ -58.530354474609062, -34.634851989477774 ], [ -58.530357525791203, -34.634800226626716 ], [ -58.530372512784247, -34.634546106190641 ], [ -58.530383096136525, -34.634366635423063 ], [ -58.530393685908095, -34.634187066391235 ], [ -58.53039409924552, -34.634180315450386 ], [ -58.530408904004716, -34.63393851655659 ], [ -58.530427260756177, -34.633638704085676 ], [ -58.530446366538385, -34.633326658050258 ], [ -58.530579648706187, -34.631149782037035 ], [ -58.530513670942341, -34.631110604645116 ], [ -58.530500324095875, -34.631104217798267 ], [ -58.530476751489992, -34.631090220434835 ], [ -58.530013574706622, -34.6308685754301 ], [ -58.529526347528311, -34.630685522036885 ], [ -58.529204027584946, -34.630594728707884 ], [ -58.529266288086411, -34.630375196466296 ], [ -58.5293367769277, -34.629936665620868 ], [ -58.529354925193267, -34.629494535373496 ], [ -58.52932055893838, -34.629053063681226 ], [ -58.529234009951622, -34.628616502092441 ], [ -58.529096112527995, -34.628189054804594 ], [ -58.528908195404192, -34.627774838180528 ], [ -58.528672068934888, -34.627377841112811 ], [ -58.528390007634634, -34.627001886617791 ], [ -58.528064728254265, -34.626650595028693 ], [ -58.52769936360383, -34.626327349141903 ], [ -58.527297432374588, -34.626035261651637 ], [ -58.526862805250857, -34.625777145185999 ], [ -58.526399667638451, -34.625555485232788 ], [ -58.525912479368017, -34.625372416214866 ], [ -58.525405931761313, -34.625229700945454 ], [ -58.524884902472998, -34.625128713660573 ], [ -58.524354408542109, -34.625070426791616 ], [ -58.523819558104357, -34.625055401605472 ], [ -58.523285501229118, -34.625083782801674 ], [ -58.522757380353497, -34.625155297119022 ], [ -58.522240280789354, -34.625269255964653 ], [ -58.521739181779061, -34.625424562040678 ], [ -58.52125890856982, -34.625619719904442 ], [ -58.520804085967463, -34.625852850361376 ], [ -58.520379093815663, -34.626121708551693 ], [ -58.519988024829026, -34.626423705557642 ], [ -58.519634645185441, -34.626755933323338 ], [ -58.519322358256794, -34.627115192647892 ], [ -58.519054171827619, -34.627498023982568 ], [ -58.51883266911733, -34.627900740736123 ], [ -58.518659983885563, -34.628319464767706 ], [ -58.51853777986112, -34.628750163726195 ], [ -58.518467234693468, -34.629188689876685 ], [ -58.518449028582076, -34.629630820040312 ], [ -58.518483337694697, -34.630072296263251 ], [ -58.518569832438679, -34.630508866823007 ], [ -58.518707680603541, -34.630936327177359 ], [ -58.51889555534558, -34.631350560461335 ], [ -58.519131647938806, -34.631747577142164 ], [ -58.519413685170541, -34.632123553449738 ], [ -58.519738951214855, -34.632474868212618 ], [ -58.520104313774226, -34.632798137743841 ], [ -58.520506254237745, -34.63309024844056 ], [ -58.520940901566213, -34.633348386782849 ], [ -58.521404069577372, -34.633570066442225 ], [ -58.521891297272369, -34.633753152238498 ], [ -58.52221362234372, -34.633843964744152 ], [ -58.522151340874125, -34.634063493820392 ], [ -58.522080811385877, -34.634502021311327 ], [ -58.522062624398593, -34.634944151169314 ], [ -58.52209695589606, -34.635385625443355 ], [ -58.522183476070261, -34.635822192429657 ], [ -58.522321352465966, -34.636249647620332 ], [ -58.522509257967712, -34.636663874200032 ], [ -58.522745383553378, -34.637060882700439 ], [ -58.523027455692556, -34.637436849430138 ], [ -58.523352758223155, -34.637788153309835 ], [ -58.523718158496152, -34.638111410757283 ], [ -58.524120137537381, -34.638403508285961 ], [ -58.524554823935922, -34.638661632502675 ], [ -58.524568171585045, -34.638668019972911 ], [ -58.52459174543592, -34.63868201843173 ], [ -58.525054952841472, -34.638903682997423 ], [ -58.525542219657289, -34.639086753015555 ], [ -58.526048852669604, -34.63922946518008 ], [ -58.526569972049295, -34.639330444904608 ], [ -58.527100558373427, -34.639388719567748 ], [ -58.527635500994087, -34.639403727885039 ], [ -58.528169647288003, -34.63937532531704 ], [ -58.528697852311112, -34.639303785461365 ], [ -58.52921502837885, -34.639189797415256 ], [ -58.529716194093382, -34.639034459134223 ], [ -58.530117415739952, -34.638871413805575 ], [ -58.530269144830548, -34.636298813355793 ] ] ], [ [ [ -58.370568536956078, -34.580587866610401 ], [ -58.370577861037255, -34.580588506494536 ], [ -58.370577902448652, -34.580588509230282 ], [ -58.370585160325433, -34.580589006020439 ], [ -58.370595680351087, -34.580590290429107 ], [ -58.370604493580935, -34.580593614366727 ], [ -58.37060969374064, -34.580597122154906 ], [ -58.370614341096953, -34.580600853076426 ], [ -58.370614424693699, -34.580600965017837 ], [ -58.370618664661578, -34.58060664260649 ], [ -58.370621010062166, -34.580614466953392 ], [ -58.370621604925326, -34.580619554146196 ], [ -58.370621613564133, -34.580619626266774 ], [ -58.3706221663303, -34.58062434654763 ], [ -58.370622199867633, -34.580624570126474 ], [ -58.370622109413041, -34.580625549005312 ], [ -58.370621125967489, -34.580636706998213 ], [ -58.370621121564049, -34.580636746657603 ], [ -58.370602521840247, -34.580792087715146 ], [ -58.370602517439778, -34.580792124670204 ], [ -58.37056503995521, -34.58083386011949 ], [ -58.370563654123544, -34.580835402306008 ], [ -58.369751063016793, -34.58129940992859 ], [ -58.369709254163482, -34.581323283663302 ], [ -58.369635800432299, -34.581365226502385 ], [ -58.369444880804252, -34.581474242385809 ], [ -58.369129041399674, -34.581654588746289 ], [ -58.369108851665899, -34.581666118615601 ], [ -58.369032954452678, -34.581709454608799 ], [ -58.369032925006913, -34.58170947171314 ], [ -58.369022702577908, -34.581714784927826 ], [ -58.369014427797964, -34.581719084641968 ], [ -58.369002362734847, -34.581726029813218 ], [ -58.368994001159365, -34.581729978804638 ], [ -58.368993743813036, -34.581730100298145 ], [ -58.368993393778048, -34.581730265889838 ], [ -58.368993260768328, -34.581730306351169 ], [ -58.368985578864745, -34.581732684683814 ], [ -58.368985187548127, -34.581732732156915 ], [ -58.368975289100639, -34.581733924303869 ], [ -58.368965610387399, -34.581733558056357 ], [ -58.368956889626553, -34.581733229506995 ], [ -58.368956716344641, -34.581733223063083 ], [ -58.36894937344605, -34.581732657602103 ], [ -58.368949105361942, -34.581732636662117 ], [ -58.368935103941055, -34.581731560353411 ], [ -58.368903804615471, -34.581729081570224 ], [ -58.368890592387672, -34.581727893188685 ], [ -58.368876934452111, -34.581726662093985 ], [ -58.365363792804978, -34.58144561216335 ], [ -58.365320528292322, -34.581486182522269 ], [ -58.365007725008802, -34.581845061320287 ], [ -58.364738956184709, -34.582227569734549 ], [ -58.364516810642783, -34.582630024284889 ], [ -58.364343428328368, -34.583048549357315 ], [ -58.364301083026668, -34.583196842743369 ], [ -58.364548915887376, -34.583216428910198 ], [ -58.365209283321605, -34.583268614866562 ], [ -58.365209320376756, -34.583268615797763 ], [ -58.365462157671779, -34.583288670815179 ], [ -58.365607368676059, -34.583300187451009 ], [ -58.366098014494462, -34.583339099774285 ], [ -58.366098058085832, -34.583339103414716 ], [ -58.366098656370866, -34.58333915887809 ], [ -58.366098730474903, -34.583339166148498 ], [ -58.36610964672991, -34.5833401736203 ], [ -58.366115571887221, -34.583341603490702 ], [ -58.366120691841274, -34.58334283981489 ], [ -58.366130871900047, -34.583347104446801 ], [ -58.366132181330549, -34.583348361348172 ], [ -58.366137411564196, -34.583353381765043 ], [ -58.366145011726189, -34.583361503340271 ], [ -58.366145081151835, -34.583361784639983 ], [ -58.366146193006713, -34.58336632419752 ], [ -58.366147321130342, -34.583370932276274 ], [ -58.366147466416194, -34.58337814108377 ], [ -58.366147596276804, -34.583384556625447 ], [ -58.366147603478026, -34.583384924412371 ], [ -58.366148933974962, -34.583474125032446 ], [ -58.366149990468195, -34.583544974233305 ], [ -58.366149244684735, -34.58355459544466 ], [ -58.366149241365726, -34.583554637808973 ], [ -58.366148511429067, -34.58356375333382 ], [ -58.366145864031232, -34.583571287135136 ], [ -58.366137349348094, -34.583581029262696 ], [ -58.366119015272339, -34.583595918817899 ], [ -58.36611897709043, -34.583595949435924 ], [ -58.366100260118984, -34.583611128040658 ], [ -58.366091184724972, -34.583618488154862 ], [ -58.366077851449276, -34.583629304543827 ], [ -58.365554949687962, -34.584042766902499 ], [ -58.365489665286006, -34.584094386951278 ], [ -58.365208430015116, -34.584316758076561 ], [ -58.365200269017329, -34.584323085826128 ], [ -58.365192250925794, -34.58432930281478 ], [ -58.36500061926408, -34.584477895356798 ], [ -58.364992616971456, -34.584483628280012 ], [ -58.364980316550536, -34.584492674080408 ], [ -58.364975205336556, -34.584496001627066 ], [ -58.364972901689427, -34.584497502445529 ], [ -58.364965148489979, -34.584500876540147 ], [ -58.364964990374261, -34.584500944019595 ], [ -58.364964714540406, -34.584501018615576 ], [ -58.364964675291098, -34.584501029401018 ], [ -58.364963036643935, -34.584501470680067 ], [ -58.364955728697602, -34.584503433502313 ], [ -58.364946523135153, -34.584504548357486 ], [ -58.36494397818776, -34.58450456433502 ], [ -58.364943516064145, -34.584504567568302 ], [ -58.364939858312916, -34.58450459256462 ], [ -58.364939260066016, -34.584504498334312 ], [ -58.364935984420647, -34.584503980981054 ], [ -58.364931036082609, -34.58450319906359 ], [ -58.36492389035034, -34.584502540672688 ], [ -58.36492385220793, -34.584502537036258 ], [ -58.364914997559268, -34.584501832196118 ], [ -58.364136374849792, -34.584442154313152 ], [ -58.364163591931103, -34.584801246347652 ], [ -58.364249227083093, -34.585237950250011 ], [ -58.364386207105071, -34.585665609135994 ], [ -58.364573213515101, -34.586080104231769 ], [ -58.364808445951809, -34.586477443485975 ], [ -58.365089639489348, -34.586853800024393 ], [ -58.365414086430981, -34.587205549015664 ], [ -58.365778662372144, -34.587529302592365 ], [ -58.366179856282649, -34.587821942490805 ], [ -58.366613804318412, -34.588080650094653 ], [ -58.367076327037339, -34.588302933592622 ], [ -58.367562969660511, -34.588486651988092 ], [ -58.368069044990811, -34.588630035729075 ], [ -58.3685896785748, -34.588731703759244 ], [ -58.369119855672196, -34.588790676825752 ], [ -58.369654469579501, -34.588806386915074 ], [ -58.370188370841504, -34.588778682726051 ], [ -58.370716416875254, -34.588707831127095 ], [ -58.371233521527479, -34.588594514583853 ], [ -58.371734704087196, -34.588439824581677 ], [ -58.372215137279881, -34.588245251107075 ], [ -58.372670193780337, -34.588012668289025 ], [ -58.373095490795244, -34.587744316339503 ], [ -58.373486932285324, -34.587442779966899 ], [ -58.373840748419951, -34.58711096347109 ], [ -58.374153531884097, -34.586752062760411 ], [ -58.374422270687617, -34.58636953456049 ], [ -58.374644377161474, -34.585967063111866 ], [ -58.374817712861663, -34.585548524677925 ], [ -58.374940609142094, -34.585117950204925 ], [ -58.375011883198624, -34.58467948649438 ], [ -58.375030849431198, -34.58423735626203 ], [ -58.37499732601546, -34.583795817467994 ], [ -58.374911636621889, -34.583359122310185 ], [ -58.374774607267128, -34.582931476275675 ], [ -58.374587558328962, -34.582516997644404 ], [ -58.374352291803071, -34.58211967783506 ], [ -58.37407107392535, -34.581743342974583 ], [ -58.373746613327924, -34.581391617061236 ], [ -58.373382034940121, -34.581067887075598 ], [ -58.372980849886169, -34.580775270374772 ], [ -58.372546921669773, -34.580516584683593 ], [ -58.372084428971412, -34.580294320971262 ], [ -58.37159782541633, -34.580110619474063 ], [ -58.371091796700256, -34.579967249094594 ], [ -58.370571215485278, -34.579865590375697 ], [ -58.370041094499179, -34.579806622212388 ], [ -58.369506538289109, -34.579790912429772 ], [ -58.368972694093024, -34.579818612317226 ], [ -58.368444702300877, -34.579889455171624 ], [ -58.367927646981414, -34.580002758863394 ], [ -58.367426506949855, -34.580157432401045 ], [ -58.367047540367118, -34.580310908096919 ], [ -58.370568536956078, -34.580587866610401 ] ] ], [ [ [ -58.360299773363749, -34.623948798911101 ], [ -58.360301260264436, -34.623950389985502 ], [ -58.360350456739589, -34.624003033169892 ], [ -58.36035070124462, -34.62400287749341 ], [ -58.360357685594103, -34.623998430553968 ], [ -58.360385116854715, -34.623980965045725 ], [ -58.360443201373009, -34.62394387018908 ], [ -58.360508306093166, -34.62390136459706 ], [ -58.360508843002869, -34.623901949226429 ], [ -58.360524324927333, -34.623892061935052 ], [ -58.360524502806761, -34.62389194760479 ], [ -58.360751116216413, -34.624125809418679 ], [ -58.36081552102381, -34.624192273744107 ], [ -58.360864398350266, -34.624242714003081 ], [ -58.360871255326551, -34.624238188619167 ], [ -58.360973513924456, -34.624170701127206 ], [ -58.361229154391829, -34.624001984987736 ], [ -58.361301432816397, -34.623954283267196 ], [ -58.361311021859599, -34.623947954761938 ], [ -58.36131241978876, -34.623947032166953 ], [ -58.361312711917265, -34.623946839370113 ], [ -58.361398498224489, -34.623890222683031 ], [ -58.361445497234442, -34.623859204464424 ], [ -58.361495779927736, -34.623826018352403 ], [ -58.361584795997253, -34.62376726964731 ], [ -58.361618586908691, -34.623744968782091 ], [ -58.361632396171963, -34.623735855233086 ], [ -58.361638734420566, -34.62373167162395 ], [ -58.361665939335559, -34.623713716403472 ], [ -58.361668628287688, -34.623711941948009 ], [ -58.361687088614907, -34.623699758403774 ], [ -58.361705784708761, -34.623687419161556 ], [ -58.361715847607755, -34.623680777849401 ], [ -58.361754153247276, -34.623655497128617 ], [ -58.361772700694942, -34.623643256692013 ], [ -58.361774207817533, -34.623644836389012 ], [ -58.361774925575915, -34.623645588710566 ], [ -58.361891508081172, -34.623767738767846 ], [ -58.36191855215737, -34.623796074683042 ], [ -58.361917853722289, -34.623796541037322 ], [ -58.361912528147769, -34.623800102622482 ], [ -58.361911413932447, -34.623800840859531 ], [ -58.361909258609053, -34.623802276830482 ], [ -58.361902189142988, -34.623806990781375 ], [ -58.361901083653009, -34.623807727222768 ], [ -58.36189902544988, -34.62380910287925 ], [ -58.361878279687858, -34.623822994519081 ], [ -58.361879247743907, -34.623822292217532 ], [ -58.361869775218658, -34.623828611397599 ], [ -58.361869128075419, -34.623829042638931 ], [ -58.361868020400756, -34.623829781782447 ], [ -58.3618610753364, -34.623834414706636 ], [ -58.361860648636366, -34.623834699200032 ], [ -58.361847253957684, -34.62384363463871 ], [ -58.361846809797662, -34.623843929934552 ], [ -58.361832516972157, -34.623853464067864 ], [ -58.36183162537521, -34.623854059163847 ], [ -58.361818022251384, -34.623863133244321 ], [ -58.361817854189781, -34.623863245781791 ], [ -58.36180568067455, -34.623871365546641 ], [ -58.361805398025687, -34.623871554609345 ], [ -58.361797119379617, -34.62387707612028 ], [ -58.361797000426286, -34.623877156247573 ], [ -58.36178647477945, -34.623884176749698 ], [ -58.361785813447845, -34.623884617894433 ], [ -58.361773486051113, -34.623892841191122 ], [ -58.361773285250457, -34.623892975335345 ], [ -58.361758364907836, -34.623902927195715 ], [ -58.361758285241358, -34.623902981214499 ], [ -58.361746630085229, -34.623910755260219 ], [ -58.361745892361341, -34.623911247721956 ], [ -58.361736731930478, -34.623917358022304 ], [ -58.361728499109127, -34.623922849819891 ], [ -58.361728362695821, -34.623922940749573 ], [ -58.361710666056126, -34.623934744510052 ], [ -58.361709773365924, -34.623935340505618 ], [ -58.361693688581298, -34.623946070213812 ], [ -58.361693601277437, -34.623946127831886 ], [ -58.361630942715152, -34.623987923975008 ], [ -58.361628896510958, -34.623989288819899 ], [ -58.361558352076585, -34.624036345340237 ], [ -58.361557858803792, -34.624036674847929 ], [ -58.361548279281642, -34.624043065125598 ], [ -58.361547866767047, -34.624043339714092 ], [ -58.361541634292848, -34.624047497265408 ], [ -58.361541387656395, -34.624047662019251 ], [ -58.361534239572421, -34.62405242996806 ], [ -58.361533621891311, -34.624052841400975 ], [ -58.361517093989441, -34.624063866381178 ], [ -58.361516468667517, -34.624064284117523 ], [ -58.361491306306611, -34.624081068262903 ], [ -58.361491069491443, -34.624081226714885 ], [ -58.361463887102865, -34.62409935769049 ], [ -58.361463857636153, -34.624099378398533 ], [ -58.361441658167635, -34.624114185492182 ], [ -58.361441607966391, -34.624114219704161 ], [ -58.361420881761411, -34.624128044576686 ], [ -58.361420133120603, -34.624128544238623 ], [ -58.361356672169002, -34.624170875011814 ], [ -58.361356483371566, -34.624171001052545 ], [ -58.361340407227139, -34.624181724410953 ], [ -58.361340178050973, -34.624181877460536 ], [ -58.361311009402854, -34.624201334530774 ], [ -58.361310792231173, -34.624201479477556 ], [ -58.361290953221378, -34.624214712837642 ], [ -58.361288926649109, -34.624216065073348 ], [ -58.361212975451444, -34.624266727050816 ], [ -58.361209275889387, -34.624269194742396 ], [ -58.361177474925391, -34.62429040644173 ], [ -58.361177134433731, -34.624290634215527 ], [ -58.361101053233632, -34.6243413825499 ], [ -58.361097342750739, -34.624343858341675 ], [ -58.361048666663756, -34.624376327202484 ], [ -58.361048333812107, -34.62437654867238 ], [ -58.361045474555404, -34.62437845638113 ], [ -58.361044385519421, -34.624379100883786 ], [ -58.361039690004453, -34.624381881428853 ], [ -58.361039562331818, -34.624381957040924 ], [ -58.361039207686019, -34.624382166774112 ], [ -58.361034316881771, -34.624385919785723 ], [ -58.361029666735931, -34.624390826814398 ], [ -58.361024079312408, -34.624398001025632 ], [ -58.361021612643697, -34.624403434510249 ], [ -58.361019965381772, -34.624409351842097 ], [ -58.361019482159016, -34.624413928839388 ], [ -58.361019696394663, -34.624421509947474 ], [ -58.361022157670483, -34.624428470961 ], [ -58.361023900208075, -34.624432885766396 ], [ -58.361026740688523, -34.624438284939728 ], [ -58.36102692780716, -34.624438639354047 ], [ -58.36102696914601, -34.62443871871352 ], [ -58.36103314072443, -34.624445134775186 ], [ -58.361034062050372, -34.624446092853944 ], [ -58.361046254922805, -34.624458768904915 ], [ -58.361047889570372, -34.624460467645939 ], [ -58.361057132241221, -34.624470076400343 ], [ -58.361063058790137, -34.624476238055095 ], [ -58.361096087174872, -34.624510575518343 ], [ -58.361097776276182, -34.624512331093698 ], [ -58.361111658268776, -34.624526763614732 ], [ -58.361112737508449, -34.624527884981894 ], [ -58.361129248451007, -34.624545050099421 ], [ -58.361130342936129, -34.624546188606111 ], [ -58.361142833145642, -34.624559174082798 ], [ -58.361148373098061, -34.624564933376995 ], [ -58.361188627348014, -34.624606782976286 ], [ -58.361188790704617, -34.624606952579683 ], [ -58.36119990438322, -34.624618506347176 ], [ -58.361200579588669, -34.624619209117199 ], [ -58.361208709293336, -34.624627660408571 ], [ -58.36121137091439, -34.624630427286199 ], [ -58.36122315980613, -34.624642682920111 ], [ -58.361225478379154, -34.624645093450141 ], [ -58.361255380251755, -34.624676180442847 ], [ -58.361256102288088, -34.624676931026926 ], [ -58.361266707401455, -34.624687956131666 ], [ -58.36126684679877, -34.624688101376613 ], [ -58.361267640712022, -34.624688926838438 ], [ -58.361267532667966, -34.624689001565805 ], [ -58.361205103308706, -34.624731773912131 ], [ -58.360937300997882, -34.624904151250263 ], [ -58.360772616634598, -34.625010153141574 ], [ -58.360772317482237, -34.625010456668079 ], [ -58.360327127805959, -34.625297012012474 ], [ -58.360399827086241, -34.625458084272474 ], [ -58.360635157490741, -34.625855426932254 ], [ -58.360916471473011, -34.626231788044329 ], [ -58.361241060177178, -34.62658354273286 ], [ -58.361605797833995, -34.626907303075122 ], [ -58.362007171856085, -34.627199950741755 ], [ -58.362441316664729, -34.627458667041125 ], [ -58.362904050922374, -34.627680960077683 ], [ -58.363390917812183, -34.627864688762493 ], [ -58.363897227976267, -34.628008083444001 ], [ -58.364418104698402, -34.628109762960165 ], [ -58.364948530895354, -34.628168747947214 ], [ -58.365483397463152, -34.628184470276608 ], [ -58.366017552511707, -34.628156778529174 ], [ -58.366545851012326, -34.628085939453506 ], [ -58.36706320437883, -34.627972635394677 ], [ -58.36756462950347, -34.627817957718015 ], [ -58.36804529677439, -34.627623396291554 ], [ -58.368500576611019, -34.627390825128643 ], [ -58.368926084068384, -34.627122484329348 ], [ -58.369317721079945, -34.626820958495173 ], [ -58.369671715931908, -34.626489151824998 ], [ -58.369984659588148, -34.626130260133046 ], [ -58.370253538516202, -34.625747740058557 ], [ -58.370475763698217, -34.625345275764346 ], [ -58.370649195547998, -34.624926743445307 ], [ -58.370772164494632, -34.624496173989186 ], [ -58.370843487035557, -34.624057714149494 ], [ -58.370848733063966, -34.623935576194974 ], [ -58.371036050998725, -34.624047187459297 ], [ -58.371498787797606, -34.624269447906244 ], [ -58.371985652257692, -34.624453142396682 ], [ -58.372491955044339, -34.624596501608579 ], [ -58.373012819512326, -34.624698144721613 ], [ -58.37354322869642, -34.624757092722788 ], [ -58.374078073656555, -34.624772777839958 ], [ -58.374612202710885, -34.624745049012496 ], [ -58.375140471081203, -34.624674173346257 ], [ -58.375657790471735, -34.624560833538901 ], [ -58.376159178102228, -34.624406121300126 ], [ -58.376182263842331, -34.624396774487771 ], [ -58.376243916329777, -34.6243777502998 ], [ -58.376724542578891, -34.624183155504333 ], [ -58.377179778599796, -34.623950552828276 ], [ -58.377605239869766, -34.623682182675267 ], [ -58.377996828767436, -34.623380629929486 ], [ -58.378350774042673, -34.623048799048945 ], [ -58.378663667137047, -34.622689886080941 ], [ -58.37893249500528, -34.622307347869572 ], [ -58.379154669121448, -34.621904868752154 ], [ -58.37926860014305, -34.621629838893604 ], [ -58.379718205913193, -34.621569497731109 ], [ -58.380235499273937, -34.621456139053876 ], [ -58.38063034891978, -34.621334280169485 ], [ -58.380488615461516, -34.621676441115952 ], [ -58.38036570071602, -34.62210701927085 ], [ -58.380294429785479, -34.62254548358483 ], [ -58.380275489857468, -34.622987611477392 ], [ -58.380309064166248, -34.623429145019429 ], [ -58.380394830196117, -34.623865831939355 ], [ -58.380531962755832, -34.624293466577114 ], [ -58.380719141895476, -34.624707930391907 ], [ -58.380954565591033, -34.625105231632972 ], [ -58.381235967075234, -34.625481543791608 ], [ -58.381560636648913, -34.625833242463308 ], [ -58.381925447763294, -34.626156940264643 ], [ -58.382326887122872, -34.626449519468579 ], [ -58.382761088519047, -34.626708162042874 ], [ -58.383223870068626, -34.626930376802179 ], [ -58.383710774498759, -34.627114023411565 ], [ -58.384217112089516, -34.627257333010235 ], [ -58.384738005860171, -34.627358925255891 ], [ -58.385268438563017, -34.627417821625613 ], [ -58.385803301031281, -34.627433454844706 ], [ -58.386337441414362, -34.627405674352616 ], [ -58.386865714824921, -34.627334747753018 ], [ -58.387383032918656, -34.627221358234287 ], [ -58.387884412927903, -34.627066597985149 ], [ -58.388365025675782, -34.626871957669159 ], [ -58.388669685291951, -34.626716256846898 ], [ -58.388704423041212, -34.626729357200205 ], [ -58.389210766133395, -34.626872645921061 ], [ -58.389731662823358, -34.626974216751599 ], [ -58.390262095835212, -34.627033091375282 ], [ -58.390796955999214, -34.62704870272691 ], [ -58.39133109148694, -34.627020900456628 ], [ -58.39185935745823, -34.626949952377963 ], [ -58.392376665640519, -34.626836541886249 ], [ -58.392878033361661, -34.626681761372275 ], [ -58.393358631563267, -34.626487101694842 ], [ -58.393813831330654, -34.626254437813799 ], [ -58.394239248490706, -34.625986010722407 ], [ -58.394630785847383, -34.625684405853306 ], [ -58.394984672647475, -34.625352528166523 ], [ -58.395297500896277, -34.624993574160165 ], [ -58.395566258173581, -34.62461100107339 ], [ -58.395788356633823, -34.624208493579268 ], [ -58.395961657911769, -34.623789928288367 ], [ -58.396084493694509, -34.623359336405514 ], [ -58.396155681762245, -34.62292086489974 ], [ -58.396174537344756, -34.62247873656154 ], [ -58.396140879684886, -34.622037209332397 ], [ -58.396055033747423, -34.62160053529832 ], [ -58.395917827057872, -34.621172919742378 ], [ -58.395730581702793, -34.620758480650387 ], [ -58.395495101570219, -34.62036120905956 ], [ -58.395213654953515, -34.61998493063183 ], [ -58.394888952687751, -34.619633268821353 ], [ -58.394667556390381, -34.619436857954533 ], [ -58.394813589015705, -34.619417239889337 ], [ -58.395330846335348, -34.619303817951106 ], [ -58.395832163313763, -34.619149026328422 ], [ -58.396312711381505, -34.618954355987093 ], [ -58.396767862106977, -34.618721681989605 ], [ -58.397193231789601, -34.618453245426601 ], [ -58.397584723690763, -34.618151631821846 ], [ -58.397938567495082, -34.617819746219446 ], [ -58.39825135562203, -34.617460785193558 ], [ -58.398520076037741, -34.617078206050913 ], [ -58.39874214125161, -34.616675693522723 ], [ -58.398915413218468, -34.616257124267946 ], [ -58.399038223907453, -34.615826529529507 ], [ -58.399109391340239, -34.615388056303814 ], [ -58.399110478109932, -34.615362552006928 ], [ -58.399112415155734, -34.615350617515048 ], [ -58.399131254743018, -34.614908488606545 ], [ -58.399097585922391, -34.614466961965377 ], [ -58.399011733765796, -34.614030289671831 ], [ -58.39887452585829, -34.613602676992215 ], [ -58.398687284297864, -34.613188241884608 ], [ -58.398451812935697, -34.61279097534787 ], [ -58.398170379980407, -34.612414702995302 ], [ -58.397845696135299, -34.612063048222637 ], [ -58.397480888479201, -34.611739397324797 ], [ -58.397079470343577, -34.611446866896799 ], [ -58.396645307475843, -34.611188273832333 ], [ -58.396182580815143, -34.610966108208331 ], [ -58.395695746238523, -34.610782509316351 ], [ -58.395189491665157, -34.6106392450709 ], [ -58.394668691930782, -34.610537694992843 ], [ -58.394138361866126, -34.610478836931222 ], [ -58.393603608030475, -34.610463237651174 ], [ -58.393069579563722, -34.610491047378375 ], [ -58.392541418629321, -34.610561998352416 ], [ -58.392024210924028, -34.610675407403086 ], [ -58.391522936729935, -34.610830182524872 ], [ -58.391042422978892, -34.61102483338631 ], [ -58.390587296790073, -34.611257485673718 ], [ -58.39016194092715, -34.611525899131024 ], [ -58.389770451603361, -34.611827489122575 ], [ -58.389416599040239, -34.612159351511927 ], [ -58.389103791159719, -34.612518290617132 ], [ -58.388835040759041, -34.61290084997411 ], [ -58.38861293648484, -34.61330334561211 ], [ -58.388439617886455, -34.613721901521423 ], [ -58.388316754789265, -34.614152486972131 ], [ -58.388245531187465, -34.614590955324843 ], [ -58.388244441091686, -34.614616459607696 ], [ -58.388242502497107, -34.614628393965326 ], [ -58.388223605104614, -34.615070522597918 ], [ -58.388257216786819, -34.615512053577248 ], [ -58.388343014667733, -34.615948734656243 ], [ -58.388480173248965, -34.61637636023098 ], [ -58.388667372329586, -34.616790811847807 ], [ -58.388902809693136, -34.617188097873424 ], [ -58.389184218440292, -34.617564391945621 ], [ -58.389508888801537, -34.617916069834088 ], [ -58.389730269104803, -34.618112490503542 ], [ -58.389584237344316, -34.618132102459157 ], [ -58.389066978563363, -34.618245500055949 ], [ -58.388565653418439, -34.618400264060099 ], [ -58.388085089331796, -34.618594904247296 ], [ -58.387780457730742, -34.618750603125065 ], [ -58.387745723487448, -34.618737502408663 ], [ -58.38723943262157, -34.618594206173576 ], [ -58.386718591335452, -34.61849262323318 ], [ -58.38618821485985, -34.618433731752788 ], [ -58.385653410200746, -34.61841809881922 ], [ -58.385119326987173, -34.618445874982058 ], [ -58.384591107909486, -34.618516792803987 ], [ -58.384073839223987, -34.618630169433942 ], [ -58.383679007676356, -34.61875203909463 ], [ -58.383820723352493, -34.618409874712093 ], [ -58.383943615340364, -34.617979293377402 ], [ -58.384014863931867, -34.617540827163232 ], [ -58.384033783773553, -34.617098698809329 ], [ -58.384000193489193, -34.616657166257575 ], [ -58.383914417394557, -34.616220481645513 ], [ -58.383777282342436, -34.615792850358332 ], [ -58.383590109729532, -34.615378390533614 ], [ -58.383354702743389, -34.614981093408467 ], [ -58.383073328973175, -34.614604784890957 ], [ -58.38274869855266, -34.614253088725192 ], [ -58.382383938046708, -34.613929391604792 ], [ -58.381982560333185, -34.613636810569965 ], [ -58.381548430770756, -34.613378163001641 ], [ -58.381085729978238, -34.613155939501553 ], [ -58.380598913583967, -34.612972279918445 ], [ -58.380092669332342, -34.61282895275108 ], [ -58.379571871959882, -34.612727338126028 ], [ -58.379041536274769, -34.612668414513642 ], [ -58.378506768890432, -34.612652749310065 ], [ -58.377972719077171, -34.612680493375507 ], [ -58.377444529203885, -34.612751379581603 ], [ -58.376927285245763, -34.612864725381634 ], [ -58.376425967833697, -34.613019439378924 ], [ -58.375945404315331, -34.613214031830445 ], [ -58.375490222288676, -34.613446628984917 ], [ -58.375064805054656, -34.613714991117057 ], [ -58.374673249417, -34.614016534085465 ], [ -58.37431932623538, -34.614348354206584 ], [ -58.374006444111366, -34.614707256205591 ], [ -58.373737616556696, -34.615089783975876 ], [ -58.37351543296068, -34.615492253851073 ], [ -58.373401490453006, -34.615767278855323 ], [ -58.372951910454397, -34.615827596149572 ], [ -58.372434640781961, -34.615940923437172 ], [ -58.371933296087228, -34.616095619527073 ], [ -58.371910212109796, -34.616104965504192 ], [ -58.371848564611327, -34.616123987404542 ], [ -58.371367972133847, -34.616318562399904 ], [ -58.370912760088466, -34.616551143058736 ], [ -58.370487312064995, -34.616819489814624 ], [ -58.37009572516353, -34.617121018674311 ], [ -58.369741770544664, -34.617452826090094 ], [ -58.369428857112553, -34.6178117169096 ], [ -58.369159998680381, -34.618194235133913 ], [ -58.36893778493473, -34.618596697188742 ], [ -58.368764356478877, -34.619015227388068 ], [ -58.368641384195918, -34.619445795249995 ], [ -58.368570053131499, -34.619884254304885 ], [ -58.368564803809527, -34.620006392313229 ], [ -58.368377498323319, -34.619894776887776 ], [ -58.367914794134613, -34.61967250367011 ], [ -58.367427966380127, -34.619488791913881 ], [ -58.366921702913828, -34.619345410620042 ], [ -58.366400878657352, -34.619243740436204 ], [ -58.365870508677716, -34.619184760367453 ], [ -58.365335699918496, -34.61916903835337 ], [ -58.36480160204821, -34.619196725800983 ], [ -58.364719696417261, -34.619207708384586 ], [ -58.364613374888449, -34.620226419081447 ], [ -58.364265203073089, -34.623378216341507 ], [ -58.364263436118172, -34.623386885652046 ], [ -58.364262477949026, -34.623395808016376 ], [ -58.364261938756513, -34.623401759645304 ], [ -58.364261177673249, -34.623406327416625 ], [ -58.364260628394852, -34.623412507997656 ], [ -58.364259091238402, -34.623415904196122 ], [ -58.36425645743833, -34.62341903719139 ], [ -58.364250690991888, -34.623423910986411 ], [ -58.364244290767409, -34.62342440427377 ], [ -58.364239562358719, -34.623424719536182 ], [ -58.364233992999672, -34.623425237836045 ], [ -58.364228157044401, -34.623425288984308 ], [ -58.362712057835239, -34.623315864479558 ], [ -58.362705179786062, -34.623314735640172 ], [ -58.362696874698152, -34.623314252842079 ], [ -58.362688868649549, -34.623313549442464 ], [ -58.362680540924536, -34.623313753505485 ], [ -58.362673852564313, -34.62331446732032 ], [ -58.362667387434719, -34.623316336036147 ], [ -58.362660877581668, -34.623319121457385 ], [ -58.362656306133438, -34.623322195128651 ], [ -58.3626525868196, -34.623324835920542 ], [ -58.362058668186755, -34.623713950139845 ], [ -58.362048833533336, -34.623720380809281 ], [ -58.361915773208182, -34.623585840849806 ], [ -58.361935687795054, -34.62357302120035 ], [ -58.362510230229852, -34.623195846175257 ], [ -58.362516218900019, -34.623192127363225 ], [ -58.362521674656833, -34.623188162023268 ], [ -58.362525991510196, -34.623184622113257 ], [ -58.362529288094713, -34.623178983759217 ], [ -58.362532606763715, -34.623173116462972 ], [ -58.362535703569755, -34.623165866207323 ], [ -58.362536497475261, -34.623160381731104 ], [ -58.362857788515363, -34.620226699807766 ], [ -58.36291829870914, -34.619671659673593 ], [ -58.362774038353365, -34.619730050474317 ], [ -58.362318782914492, -34.619962599930965 ], [ -58.361893289150551, -34.620230917620404 ], [ -58.361501654601831, -34.620532419829274 ], [ -58.361147650887503, -34.620864203266578 ], [ -58.360834687384262, -34.621223073010931 ], [ -58.360565778387276, -34.621605573266507 ], [ -58.360343514069925, -34.622008020632151 ], [ -58.360170035522366, -34.622426539563506 ], [ -58.360047014110073, -34.62285709968733 ], [ -58.359975635351823, -34.62329555460871 ], [ -58.359956587473476, -34.623737681838008 ], [ -58.35998804887857, -34.624152759698106 ], [ -58.360299773363749, -34.623948798911101 ] ] ], [ [ [ -58.429840074997827, -34.656441125513474 ], [ -58.429636045626012, -34.656593978022279 ], [ -58.429486347585133, -34.656709007509875 ], [ -58.429156219926412, -34.656947236007646 ], [ -58.428908451342856, -34.657126031090847 ], [ -58.429156219926398, -34.656947236007646 ], [ -58.429486347585119, -34.65670900750986 ], [ -58.429636045625998, -34.656593978022279 ], [ -58.42984007499782, -34.656441125513474 ], [ -58.430300468092838, -34.656096210228988 ], [ -58.43017787536651, -34.656123119070273 ], [ -58.42967640714626, -34.65627805490422 ], [ -58.42919572950612, -34.656472858965202 ], [ -58.428740471143527, -34.656705655465061 ], [ -58.428315016095397, -34.65697420275972 ], [ -58.427923461530959, -34.6572759149254 ], [ -58.427569578301274, -34.657607886649672 ], [ -58.427256774625143, -34.65796692119811 ], [ -58.42698806326112, -34.658349561187713 ], [ -58.426846279868812, -34.658606627016312 ], [ -58.426880540418409, -34.658581688018998 ], [ -58.426846279868798, -34.658606627016319 ], [ -58.426766032481979, -34.658752121871295 ], [ -58.426592821131486, -34.659170726612651 ], [ -58.426470098004415, -34.659601344211268 ], [ -58.426399045749214, -34.660039827717725 ], [ -58.426380349449389, -34.6604819543658 ], [ -58.426414189994532, -34.660923466237506 ], [ -58.426500242306254, -34.661360111268905 ], [ -58.426637678437189, -34.661787684202281 ], [ -58.426825175514416, -34.662202067089979 ], [ -58.4270609284521, -34.662599268959589 ], [ -58.427342667311876, -34.662975464258473 ], [ -58.427667679144697, -34.66332702970665 ], [ -58.428032834104542, -34.663650579203015 ], [ -58.428434615583008, -34.663942996448277 ], [ -58.428869154074924, -34.664201464969572 ], [ -58.429332264448689, -34.66442349525763 ], [ -58.429819486262602, -34.664606948754219 ], [ -58.430326126737938, -34.664750058458559 ], [ -58.430847305974851, -34.664851445953943 ], [ -58.431378003974366, -34.664910134689961 ], [ -58.43191310901291, -34.66492555939238 ], [ -58.43244746690214, -34.664897571509677 ], [ -58.432975930658721, -34.664826440643857 ], [ -58.433493410104269, -34.664712851951577 ], [ -58.433994920916689, -34.664557899540782 ], [ -58.4344756326593, -34.664363075926659 ], [ -58.434930915324117, -34.664130257648807 ], [ -58.435356383940288, -34.663861687188231 ], [ -58.435747940817187, -34.663559951358934 ], [ -58.436101815014894, -34.663227956382755 ], [ -58.436414598661685, -34.662868899887663 ], [ -58.436683279768722, -34.66248624010003 ], [ -58.436905271225989, -34.662083662527905 ], [ -58.437078435700855, -34.661665044456505 ], [ -58.43720110619995, -34.661234417598585 ], [ -58.437272102097275, -34.660795929259443 ], [ -58.437290740475127, -34.660353802390958 ], [ -58.437256842669839, -34.659912294919643 ], [ -58.437170735960237, -34.659475658740291 ], [ -58.437033250384211, -34.659048098770455 ], [ -58.436845710714799, -34.65863373245962 ], [ -58.436609923674645, -34.658236550143137 ], [ -58.436328160512659, -34.657860376622224 ], [ -58.436003135111797, -34.657508834339993 ], [ -58.435637977839491, -34.657185308507223 ], [ -58.435236205393004, -34.656892914513882 ], [ -58.434801686930442, -34.656634467939256 ], [ -58.434338606813647, -34.656412457449214 ], [ -58.433851424321595, -34.656229020841167 ], [ -58.433344830721886, -34.656085924466886 ], [ -58.432823704112963, -34.655984546230783 ], [ -58.432293062471324, -34.655925862327472 ], [ -58.431758015354745, -34.655910437845456 ], [ -58.431223714725675, -34.655938421327775 ], [ -58.430695305366967, -34.656009543341533 ], [ -58.430300468092859, -34.656096210228981 ], [ -58.429840074997827, -34.656441125513474 ] ], [ [ -58.427972075552141, -34.657798725651709 ], [ -58.4286680501367, -34.657298077222379 ], [ -58.428797287476556, -34.657205578311981 ], [ -58.4286680501367, -34.657298077222393 ], [ -58.427972075552141, -34.657798725651709 ] ], [ [ -58.427283170495322, -34.658288527243606 ], [ -58.427766908564436, -34.657945600095971 ], [ -58.427831498623739, -34.657899811755044 ], [ -58.42776690856445, -34.657945600095971 ], [ -58.427283170495322, -34.658288527243606 ] ] ], [ [ [ -58.464476424206254, -34.685657664756739 ], [ -58.464801681549503, -34.68600912373865 ], [ -58.465167079734456, -34.686332554673008 ], [ -58.465569099809123, -34.686624842401947 ], [ -58.466003869969128, -34.686883171699805 ], [ -58.466467202850311, -34.687105054398046 ], [ -58.466954635866486, -34.687288353359946 ], [ -58.467461474203425, -34.687431303073339 ], [ -58.467982836054226, -34.687532526662707 ], [ -58.468513699659894, -34.687591049156751 ], [ -58.469048951700714, -34.687606306882891 ], [ -58.469583436571668, -34.687578152898482 ], [ -58.470112006065762, -34.687506858405982 ], [ -58.470629568985835, -34.687393110138665 ], [ -58.471131140205742, -34.687238003742095 ], [ -58.471611888707166, -34.687043033215254 ], [ -58.472067184128576, -34.686810076513254 ], [ -58.472492641377016, -34.686541377450801 ], [ -58.47288416287229, -34.686239524080882 ], [ -58.473237978016471, -34.685907423757648 ], [ -58.47355067950793, -34.6855482751238 ], [ -58.473819256150499, -34.685165537293116 ], [ -58.474041121841807, -34.684762896525022 ], [ -58.474214140461967, -34.68434423071308 ], [ -58.474336646423751, -34.683913572029375 ], [ -58.474399960044352, -34.683521514595107 ], [ -58.474432874443877, -34.683525141607788 ], [ -58.474968100398996, -34.683540373974573 ], [ -58.475502556210429, -34.683512194717764 ], [ -58.476031093951249, -34.683440875283317 ], [ -58.476548622730334, -34.683327102644867 ], [ -58.477050157750554, -34.6831719726827 ], [ -58.477530868342498, -34.682976979622858 ], [ -58.477986124509989, -34.68274400163746 ], [ -58.478411541538328, -34.682475282746189 ], [ -58.478803022234942, -34.682173411193013 ], [ -58.479156796394989, -34.68184129450713 ], [ -58.479469457111726, -34.681482131488742 ], [ -58.479737993581814, -34.681099381390084 ], [ -58.479959820089846, -34.6806967305886 ], [ -58.480132800893315, -34.68027805707441 ], [ -58.480255270769199, -34.679847393093603 ], [ -58.480326051024946, -34.679408886308252 ], [ -58.48034446082071, -34.6789667598471 ], [ -58.480310323694994, -34.678525271631827 ], [ -58.480223969232021, -34.678088673370858 ], [ -58.480086229855871, -34.677661169615632 ], [ -58.479898432783777, -34.677246877273369 ], [ -58.479662387216862, -34.676849785966191 ], [ -58.479380366893082, -34.676473719618166 ], [ -58.479055088171023, -34.676122299639609 ], [ -58.47868968385653, -34.675798910063016 ], [ -58.478287673024575, -34.675506664965837 ], [ -58.477852927127508, -34.675248378493301 ], [ -58.477389632715841, -34.675026537769476 ], [ -58.476902251130696, -34.674843278957105 ], [ -58.476395475555428, -34.674700366696051 ], [ -58.47587418583953, -34.674599177118274 ], [ -58.475343401528981, -34.674540684602157 ], [ -58.474808233554455, -34.674525452393894 ], [ -58.474273835041451, -34.674553627185702 ], [ -58.473745351714946, -34.674624937703193 ], [ -58.473227872374984, -34.674738697315455 ], [ -58.47272637991874, -34.674893810642729 ], [ -58.472245703379919, -34.675088784098307 ], [ -58.471790471446084, -34.675321740263399 ], [ -58.471365067900614, -34.675590435956892 ], [ -58.470973589417973, -34.675892283826286 ], [ -58.470619806117902, -34.676224377252545 ], [ -58.47030712525838, -34.676583518329302 ], [ -58.470038558416839, -34.676966248647567 ], [ -58.46981669247586, -34.677368882589988 ], [ -58.469643664693308, -34.677787542814379 ], [ -58.469521142097591, -34.678218197585359 ], [ -58.469457808488315, -34.678610253294714 ], [ -58.46942489620956, -34.678606624880473 ], [ -58.468889702160162, -34.678591367321758 ], [ -58.468355274601116, -34.678619516849302 ], [ -58.467826759536948, -34.678690802431937 ], [ -58.467309246073086, -34.678804537678765 ], [ -58.466807717435131, -34.678959627444577 ], [ -58.466327003004999, -34.679154578369541 ], [ -58.465871731834845, -34.679387513251825 ], [ -58.465446288085687, -34.679656189115242 ], [ -58.465054768818945, -34.67995801879831 ], [ -58.464700944546919, -34.680290095857167 ], [ -58.464388222922011, -34.680649222543146 ], [ -58.464119615914072, -34.681031940585925 ], [ -58.463897710792452, -34.681434564486501 ], [ -58.463724645192308, -34.681853216999507 ], [ -58.463602086506235, -34.682283866463962 ], [ -58.463531215800465, -34.682722365622922 ], [ -58.463512716411252, -34.68316449155882 ], [ -58.463546767332851, -34.683605986359709 ], [ -58.463633041461613, -34.684042598125252 ], [ -58.463770708714357, -34.684470121917272 ], [ -58.463958443992524, -34.684884440260547 ], [ -58.464194439916128, -34.685281562803503 ], [ -58.464476424206254, -34.685657664756739 ] ] ], [ [ [ -58.497020748887998, -34.664835552304886 ], [ -58.497386172640134, -34.665158886881855 ], [ -58.497788196825248, -34.665451069012484 ], [ -58.498222949598407, -34.665709284488436 ], [ -58.498686243762158, -34.66593104623783 ], [ -58.499173617102691, -34.66611421828933 ], [ -58.499680375380237, -34.666257036353599 ], [ -58.500201637558987, -34.666358124823724 ], [ -58.50073238284012, -34.666416510030402 ], [ -58.501267499044054, -34.666431629623936 ], [ -58.501801831874722, -34.666403337992669 ], [ -58.50233023459041, -34.666331907665302 ], [ -58.502847617601311, -34.666218026683843 ], [ -58.503348997515211, -34.666062791972443 ], [ -58.503829545157529, -34.665867698766093 ], [ -58.504284632102554, -34.66563462620163 ], [ -58.504709875266393, -34.665365819209583 ], [ -58.50510117913192, -34.665063866882349 ], [ -58.505454775198196, -34.664731677526788 ], [ -58.505767258274432, -34.664372450642723 ], [ -58.506035619268651, -34.663989646096987 ], [ -58.506257274155772, -34.663586950790993 ], [ -58.506430088846294, -34.66316824314287 ], [ -58.506552399716938, -34.662737555726864 ], [ -58.506623029606196, -34.66229903643017 ], [ -58.506641299121895, -34.66185690850142 ], [ -58.506607033152832, -34.661415429875852 ], [ -58.506520562523249, -34.660978852169023 ], [ -58.506382720775015, -34.660551379733967 ], [ -58.506194836110183, -34.66013712917588 ], [ -58.505958718572337, -34.659740089714234 ], [ -58.505676642591418, -34.659364084773628 ], [ -58.505351325060921, -34.659012735172915 ], [ -58.504985899159379, -34.658689424266946 ], [ -58.504583884168746, -34.658397265375662 ], [ -58.504149151580613, -34.658139071814375 ], [ -58.503685887816744, -34.657917329812776 ], [ -58.503198553922665, -34.657734174583325 ], [ -58.502691842622284, -34.657591369768852 ], [ -58.502170633146079, -34.657490290467116 ], [ -58.501639944267545, -34.65743190999509 ], [ -58.501104885998764, -34.657416790520514 ], [ -58.500570610409333, -34.657445077650486 ], [ -58.500042262041269, -34.657516499029271 ], [ -58.499524928395822, -34.657630366958749 ], [ -58.499023590968122, -34.65778558501637 ], [ -58.498543077299999, -34.657980658607102 ], [ -58.49808801451158, -34.658213709347976 ], [ -58.497662784758425, -34.658482493147062 ], [ -58.497271483042297, -34.658784421803333 ], [ -58.496917877781542, -34.65911658791952 ], [ -58.496605374520286, -34.659475792888934 ], [ -58.496336983126199, -34.659858577686869 ], [ -58.496115288792602, -34.660261256170834 ], [ -58.495942427124916, -34.660679950569147 ], [ -58.495820063551733, -34.661110628816751 ], [ -58.495749377259862, -34.661549143378778 ], [ -58.495731049809038, -34.661991271188562 ], [ -58.495765258536842, -34.662432754315432 ], [ -58.495851674818802, -34.662869340970857 ], [ -58.495989467201589, -34.663296826457888 ], [ -58.496177309380236, -34.663711093669768 ], [ -58.496413392943872, -34.664108152747012 ], [ -58.496695444768179, -34.664484179511241 ], [ -58.497020748887998, -34.664835552304886 ] ] ], [ [ [ -58.472170881068969, -34.644371568382944 ], [ -58.472536118247007, -34.644694983266575 ], [ -58.472937956723293, -34.644987253059668 ], [ -58.473372526442297, -34.645245562709775 ], [ -58.473835641970574, -34.64546742423817 ], [ -58.474322842815823, -34.645650700712523 ], [ -58.474829436400704, -34.645793626837715 ], [ -58.47535054327664, -34.645894825965897 ], [ -58.475881144141582, -34.645953323361702 ], [ -58.476416128207795, -34.645968555594543 ], [ -58.476950342452668, -34.645940375967484 ], [ -58.477478641277216, -34.645869055930007 ], [ -58.477995936092682, -34.645755282461408 ], [ -58.478497244356518, -34.645600151449813 ], [ -58.478977737584245, -34.64540515713103 ], [ -58.479432787873996, -34.645172177688956 ], [ -58.479858012494518, -34.644903457156879 ], [ -58.480249316106637, -34.644601583794156 ], [ -58.480602930211077, -34.64426946514687 ], [ -58.480915449442342, -34.643910300033703 ], [ -58.481183864359217, -34.643527547726556 ], [ -58.481405590416159, -34.643124894623753 ], [ -58.48157849283708, -34.642706218737132 ], [ -58.481700907152607, -34.642275552335377 ], [ -58.4817716552039, -34.641837043103607 ], [ -58.481790056459772, -34.641394914193974 ], [ -58.481755934539436, -34.640953423551665 ], [ -58.481669618879131, -34.640516822908531 ], [ -58.481531941527798, -34.640089316839067 ], [ -58.481344229103954, -34.639675022272961 ], [ -58.481108289992349, -34.639277928854085 ], [ -58.480826396904746, -34.638901860527184 ], [ -58.48050126497369, -34.638550438722028 ], [ -58.480136025590873, -34.63822704748921 ], [ -58.479734196242802, -34.637934800922551 ], [ -58.479299646634161, -34.63767651318193 ], [ -58.478836561425588, -34.637454671404079 ], [ -58.478349399944214, -34.637271411762335 ], [ -58.477842853254671, -34.637128498904943 ], [ -58.477321799003356, -34.637027308969898 ], [ -58.476791254469958, -34.636968816339277 ], [ -58.476256328277458, -34.63695358426051 ], [ -58.47572217122439, -34.636981759424643 ], [ -58.47519392671191, -34.637053070553691 ], [ -58.474676681241576, -34.637166831010717 ], [ -58.474175415459648, -34.637321945407614 ], [ -58.473694956218033, -34.637516920147085 ], [ -58.473239930112527, -34.637749877797603 ], [ -58.472814718945003, -34.638018575163358 ], [ -58.472423417537662, -34.638320424875275 ], [ -58.472069794305021, -34.638652520296105 ], [ -58.471757254963379, -34.639011663499794 ], [ -58.471488809726786, -34.639394396056403 ], [ -58.471267044305968, -34.639797032326591 ], [ -58.471094094989724, -34.640215694945404 ], [ -58.47097162804959, -34.640646352154036 ], [ -58.470900823666746, -34.641084856620623 ], [ -58.470882364537168, -34.641526985376167 ], [ -58.470916429265685, -34.641968480481403 ], [ -58.471002690613922, -34.642405090032959 ], [ -58.471140318620122, -34.642832609113995 ], [ -58.471327988562074, -34.643246920294807 ], [ -58.471563893687559, -34.643644033293015 ], [ -58.471845762590917, -34.644020123411472 ], [ -58.472170881068969, -34.644371568382944 ] ] ], [ [ [ -58.50092061498934, -34.642877312414221 ], [ -58.501285953821117, -34.643200638525627 ], [ -58.501687882235352, -34.643492811199224 ], [ -58.502122529309453, -34.643751016318006 ], [ -58.502585708864082, -34.643972766910153 ], [ -58.503072959789506, -34.64415592711206 ], [ -58.503579589025414, -34.644298732748751 ], [ -58.504100716779348, -34.644399808333254 ], [ -58.504631323547841, -34.644458180320569 ], [ -58.505166298486117, -34.644473286488434 ], [ -58.505700488659471, -34.64444498135461 ], [ -58.506228748700948, -34.644373537577863 ], [ -58.506745990395686, -34.644259643329747 ], [ -58.507247231713237, -34.644104395662076 ], [ -58.507727644814565, -34.643909289934513 ], [ -58.508182602570308, -34.643676205404297 ], [ -58.508607723141232, -34.643407387117016 ], [ -58.508998912191203, -34.643105424273543 ], [ -58.509352402325213, -34.6427732252818 ], [ -58.509664789372621, -34.642413989734059 ], [ -58.50993306516613, -34.642031177580378 ], [ -58.510154646500816, -34.641628475795066 ], [ -58.510327399995035, -34.641209762858431 ], [ -58.510449662614214, -34.640779071395443 ], [ -58.510520257660772, -34.640340549332031 ], [ -58.510538506077239, -34.639898419943322 ], [ -58.510504232954759, -34.639456941178516 ], [ -58.510417769185494, -34.639020364654478 ], [ -58.510279948244396, -34.638592894712851 ], [ -58.510092098132269, -34.638178647934879 ], [ -58.509856028559184, -34.637781613503783 ], [ -58.509574013492518, -34.63740561479586 ], [ -58.509248769238589, -34.637054272570154 ], [ -58.508883428269918, -34.636730970110733 ], [ -58.50848150905032, -34.63643882065648 ], [ -58.508046882149053, -34.636180637432112 ], [ -58.507583732970225, -34.63595890656805 ], [ -58.507096521456219, -34.635775763169775 ], [ -58.506589939152825, -34.635632970766459 ], [ -58.506068864048885, -34.635531904336574 ], [ -58.505538313624562, -34.635473537073302 ], [ -58.505003396559381, -34.635458431017348 ], [ -58.504469263563976, -34.635486731646665 ], [ -58.503941057808007, -34.635558166475583 ], [ -58.503423865420174, -34.635672047676422 ], [ -58.502922666536101, -34.635827278698763 ], [ -58.502442287364083, -34.636022364822587 ], [ -58.50198735372966, -34.636255427544057 ], [ -58.501562246545042, -34.636524222655652 ], [ -58.501171059631965, -34.636826161847139 ], [ -58.500817560303318, -34.637158337619532 ], [ -58.500505153083076, -34.637517551272857 ], [ -58.500236846913765, -34.637900343698462 ], [ -58.500015226167648, -34.638303028680149 ], [ -58.499842425740916, -34.638721728383388 ], [ -58.499720110471742, -34.639152410691764 ], [ -58.499649459081006, -34.63959092803114 ], [ -58.499631152791459, -34.640033057307917 ], [ -58.499665368736004, -34.640474540577245 ], [ -58.499751778219753, -34.640911126049104 ], [ -58.49988954985394, -34.641338609038016 ], [ -58.500077357532611, -34.641752872461318 ], [ -58.50031339317637, -34.642149926496153 ], [ -58.500595384121731, -34.642525947012835 ], [ -58.50092061498934, -34.642877312414221 ] ] ], [ [ [ -58.489934858885441, -34.642097719106779 ], [ -58.49030015276314, -34.642421079370038 ], [ -58.490702040126322, -34.642713289392731 ], [ -58.491136650448112, -34.642971534698169 ], [ -58.491599797903461, -34.643193327927428 ], [ -58.492087021692157, -34.643376532806151 ], [ -58.49259362901546, -34.643519384729018 ], [ -58.493114740292242, -34.643620507763067 ], [ -58.493645336177899, -34.643678927906116 ], [ -58.494180305932559, -34.643694082471967 ], [ -58.494714496671527, -34.643665825511988 ], [ -58.495242763022361, -34.64359442922084 ], [ -58.49576001670934, -34.643480581312502 ], [ -58.496261275586363, -34.643325378392291 ], [ -58.496741711645079, -34.643130315388802 ], [ -58.497196697534719, -34.642897271147639 ], [ -58.497621851144821, -34.64262849032626 ], [ -58.498013077820687, -34.642326561764662 ], [ -58.498366609804584, -34.641994393540614 ], [ -58.498679042522483, -34.641635184950076 ], [ -58.498947367366846, -34.641252395683551 ], [ -58.499169000660061, -34.640849712495083 ], [ -58.499341808519802, -34.640431013685991 ], [ -58.499464127387661, -34.640000331745355 ], [ -58.499534780024156, -34.639561814507644 ], [ -58.49955308681708, -34.639119685201727 ], [ -58.499518872295326, -34.638678201776209 ], [ -58.499432466786736, -34.638241615893101 ], [ -58.499294703205237, -34.637814131984378 ], [ -58.499106908999437, -34.637399866766025 ], [ -58.498870893341206, -34.637002809599004 ], [ -58.498588929678945, -34.636626784078722 ], [ -58.498263733824295, -34.636275411222584 ], [ -58.497898437783959, -34.635952074609676 ], [ -58.497496559589486, -34.635659887807861 ], [ -58.497061969415377, -34.635401664401464 ], [ -58.496598852312431, -34.63517989090785 ], [ -58.496111667914441, -34.634996702842926 ], [ -58.49560510750635, -34.634853864165883 ], [ -58.495084048866403, -34.634752750300628 ], [ -58.494553509316383, -34.634694334897034 ], [ -58.494018597431193, -34.634679180459138 ], [ -58.493484463871674, -34.634707432930625 ], [ -58.492956251812871, -34.634778820289391 ], [ -58.492439047444108, -34.634892655164684 ], [ -58.491937831016195, -34.635047841452035 ], [ -58.491457428906195, -34.635242884862045 ], [ -58.491002467160243, -34.635475907302101 ], [ -58.490577326961002, -34.635744664952526 ], [ -58.490186102447751, -34.636046569863758 ], [ -58.489832561295152, -34.636378714866936 ], [ -58.489520108429573, -34.636737901558433 ], [ -58.489251753232807, -34.637120671089328 ], [ -58.489030080548893, -34.637523337463996 ], [ -58.48885722577392, -34.637942023027264 ], [ -58.488734854269246, -34.638372695799092 ], [ -58.488664145297122, -34.638811208297355 ], [ -58.48864578063472, -34.639253337475338 ], [ -58.488679937977018, -34.63969482538932 ], [ -58.488766289193585, -34.640131420204817 ], [ -58.488904003456859, -34.640558917146592 ], [ -58.489091755213558, -34.640973198997798 ], [ -58.489327736923066, -34.641370275758298 ], [ -58.489609676441624, -34.641746323079673 ], [ -58.489934858885441, -34.642097719106779 ] ] ], [ [ [ -58.454142106928344, -34.633966190525548 ], [ -58.454507228952927, -34.634289662870252 ], [ -58.454908954787079, -34.634581995432704 ], [ -58.455343415460767, -34.634840372556098 ], [ -58.455806426591423, -34.635062305611832 ], [ -58.456293528692896, -34.635245656978711 ], [ -58.456800030139519, -34.635388660640196 ], [ -58.457321052370794, -34.635489939201484 ], [ -58.457851576900502, -34.635548517161915 ], [ -58.458386493676599, -34.635563830314751 ], [ -58.45892065032497, -34.635535731183325 ], [ -58.459448901801686, -34.635464490441549 ], [ -58.459966159974158, -34.635350794304628 ], [ -58.460467442652771, -34.635195737915538 ], [ -58.460947921599377, -34.635000814791098 ], [ -58.461402969049402, -34.634767902429211 ], [ -58.461828202298562, -34.634499244216862 ], [ -58.462219525924127, -34.634197427812992 ], [ -58.462573171233451, -34.633865360215033 ], [ -58.462885732559904, -34.633506239749913 ], [ -58.463154200056117, -34.633123525259563 ], [ -58.463375988669434, -34.632720902778168 ], [ -58.463548963020585, -34.632302250022867 ], [ -58.463671457946759, -34.631871599039741 ], [ -58.463742294512137, -34.631433097365736 ], [ -58.463760791332547, -34.630990968080546 ], [ -58.463726771106387, -34.630549469133342 ], [ -58.463640562290195, -34.630112852336353 ], [ -58.463502995903738, -34.629685322420038 ], [ -58.463315397496814, -34.629270996544179 ], [ -58.463079574356243, -34.628873864654466 ], [ -58.462797798077169, -34.62849775106654 ], [ -58.462472782667518, -34.628146277646323 ], [ -58.462107658397365, -34.627822828941717 ], [ -58.461705941645157, -34.627530519600192 ], [ -58.461271501031931, -34.627272164386234 ], [ -58.46080852016933, -34.627050251086416 ], [ -58.460321457380324, -34.626866916562768 ], [ -58.459815002779827, -34.626723926184539 ], [ -58.459294033128053, -34.626622656836069 ], [ -58.458763564890639, -34.626564083663951 ], [ -58.458228705956344, -34.626548770690952 ], [ -58.45769460647643, -34.626576865386788 ], [ -58.457166409297905, -34.626648097248051 ], [ -58.456649200466693, -34.626761780400756 ], [ -58.456147960276269, -34.626916820200918 ], [ -58.455667515331974, -34.627111723769254 ], [ -58.455212492091682, -34.627344614359359 ], [ -58.454787272329305, -34.627613249420925 ], [ -58.454395950949326, -34.627915042184696 ], [ -58.454042296558043, -34.628247086561728 ], [ -58.453729715171129, -34.62860618511742 ], [ -58.453461217406861, -34.628988879851853 ], [ -58.453239389481084, -34.629391485490018 ], [ -58.453066368283821, -34.62981012496207 ], [ -58.452943820778124, -34.630240766732385 ], [ -58.452872927920467, -34.630679263618049 ], [ -58.452854373258269, -34.631121392723422 ], [ -58.452888336315958, -34.63156289610621 ], [ -58.452974490833967, -34.631999521783726 ], [ -58.453112007879156, -34.632427064684258 ], [ -58.453299563797891, -34.632841407149037 ], [ -58.45353535293615, -34.633238558594847 ], [ -58.453817105005513, -34.633614693954556 ], [ -58.454142106928344, -34.633966190525548 ] ] ], [ [ [ -58.479614346264626, -34.631716505971696 ], [ -58.479979554185505, -34.6320398998825 ], [ -58.480381355151124, -34.632332146618303 ], [ -58.480815879467038, -34.632590431348923 ], [ -58.481278942137003, -34.632812266335812 ], [ -58.481766083177803, -34.63299551490249 ], [ -58.482272610588211, -34.633138412022817 ], [ -58.482793645557202, -34.633239581328503 ], [ -58.483324169475601, -34.633298048371586 ], [ -58.483859072297157, -34.633313250013998 ], [ -58.484393201782183, -34.633285039853583 ], [ -58.484921413148527, -34.633213689633997 ], [ -58.485438618650292, -34.633099886625295 ], [ -58.485939836605624, -34.632944727000179 ], [ -58.486420239400331, -34.632749705270001 ], [ -58.486875200003986, -34.632516699882629 ], [ -58.487300336549488, -34.632247955121152 ], [ -58.487691554546281, -34.631946059478111 ], [ -58.488045086319865, -34.631613920714081 ], [ -58.488357527297829, -34.631254737841225 ], [ -58.488625868792639, -34.63087197030233 ], [ -58.488847526965799, -34.630469304642148 ], [ -58.489020367694813, -34.630050618993273 ], [ -58.489142727104166, -34.629619945718119 ], [ -58.489213427563463, -34.629181432567847 ], [ -58.489231788999376, -34.628739302732114 ], [ -58.489197635414136, -34.628297814164874 ], [ -58.489111296548366, -34.627861218577863 ], [ -58.488973604673902, -34.627433720496768 ], [ -58.488785886548555, -34.627019436774319 ], [ -58.48854995061145, -34.626622356949895 ], [ -58.48826806954326, -34.626246304837402 ], [ -58.487942958360286, -34.625894901710524 ], [ -58.487577748254104, -34.625571531440045 ], [ -58.487175956428914, -34.625279307918106 ], [ -58.486741452227911, -34.625021045082811 ], [ -58.486278419874353, -34.624799229831254 ], [ -58.485791318186379, -34.624615998081516 ], [ -58.485284837652955, -34.624473114213473 ], [ -58.48476385528361, -34.624371954086115 ], [ -58.484233387666151, -34.624313491794723 ], [ -58.483698542683229, -34.624298290294725 ], [ -58.483164470351831, -34.624326495982821 ], [ -58.482636313257693, -34.624397837287205 ], [ -58.482119157061092, -34.624511627280462 ], [ -58.481617981549121, -34.624666770290041 ], [ -58.481137612704856, -34.624861772443133 ], [ -58.480682676254069, -34.625094756044192 ], [ -58.480257553135644, -34.625363477647362 ], [ -58.479866337324161, -34.62566534965007 ], [ -58.479512796410162, -34.625997465200228 ], [ -58.479200335317273, -34.62635662617776 ], [ -58.478931963506064, -34.62673937398133 ], [ -58.478710265980069, -34.627142022824579 ], [ -58.478537378374092, -34.627560695221177 ], [ -58.478414966365079, -34.627991359317981 ], [ -58.478344209604842, -34.628429867716576 ], [ -58.478325790330288, -34.628871997409888 ], [ -58.478359886761915, -34.629313490449455 ], [ -58.478446171355479, -34.62975009495166 ], [ -58.478583813924779, -34.630177606048193 ], [ -58.478771489606764, -34.630591906386186 ], [ -58.47900739159342, -34.630989005787697 ], [ -58.479289248508749, -34.631365079686503 ], [ -58.479614346264626, -34.631716505971696 ] ] ], [ [ [ -58.46065658182382, -34.619023091891655 ], [ -58.461021660801777, -34.619346546508766 ], [ -58.461423334722049, -34.619638859541006 ], [ -58.461857735114457, -34.619897215519856 ], [ -58.462320678176958, -34.620119126020626 ], [ -58.462807705079044, -34.620302453639503 ], [ -58.463314124919521, -34.620445432588937 ], [ -58.463835059924143, -34.620546685712327 ], [ -58.4643654924472, -34.620605237754226 ], [ -58.464900313323263, -34.620620524757626 ], [ -58.465434371102404, -34.620592399497902 ], [ -58.465962521693449, -34.620521132900684 ], [ -58.466479677936093, -34.620407411430257 ], [ -58.466980858622968, -34.620252330473612 ], [ -58.467461236498785, -34.620057383784108 ], [ -58.467916184772868, -34.619824449086543 ], [ -58.468341321696549, -34.61955576998291 ], [ -58.468732552775073, -34.619253934333187 ], [ -58.469086110207392, -34.618921849319968 ], [ -58.469398589173252, -34.618562713437697 ], [ -58.469666980618513, -34.618179985676548 ], [ -58.469888700222768, -34.617777352198289 ], [ -58.470061613271135, -34.617358690825718 ], [ -58.470184055190806, -34.616928033687678 ], [ -58.470254847555978, -34.616489528380207 ], [ -58.470273309407617, -34.616047398017777 ], [ -58.470239263780314, -34.615605900559807 ], [ -58.470153039374551, -34.615169287804058 ], [ -58.470047596497267, -34.614841610450362 ], [ -58.470439074070676, -34.615029241563775 ], [ -58.470926087468918, -34.615212537207768 ], [ -58.471432488733484, -34.615355482988427 ], [ -58.471953400269044, -34.615456702068791 ], [ -58.472483804655958, -34.61551521952142 ], [ -58.473018592999892, -34.615530471722636 ], [ -58.473552614164426, -34.615502311783139 ], [ -58.474080724411252, -34.615431010962702 ], [ -58.474597836968869, -34.615317256055327 ], [ -58.475098971050961, -34.615162142770174 ], [ -58.475579299851397, -34.61496716517199 ], [ -58.476034197052492, -34.614734201283319 ], [ -58.476459281397737, -34.6144654949873 ], [ -58.476850458899094, -34.614163634405749 ], [ -58.477203962271751, -34.61383152696132 ], [ -58.47751638721634, -34.613472371364381 ], [ -58.477784725199143, -34.613089626794896 ], [ -58.478006392414791, -34.612686979576324 ], [ -58.478179254652957, -34.612268307663641 ], [ -58.478301647830186, -34.611837643287011 ], [ -58.478372393990028, -34.611399134112013 ], [ -58.478390812618272, -34.610957003290181 ], [ -58.478356727165597, -34.61051550878517 ], [ -58.478270466715784, -34.610078902366148 ], [ -58.478132862784939, -34.60965138866343 ], [ -58.4779452412835, -34.60923708468048 ], [ -58.477709409719715, -34.60883998015214 ], [ -58.477427639768948, -34.608463899130527 ], [ -58.477102645377435, -34.608112463168027 ], [ -58.476737556612107, -34.607789056451942 ], [ -58.47633588950896, -34.607496793225657 ], [ -58.475901512210484, -34.607238487809809 ], [ -58.475438607718409, -34.607016627511726 ], [ -58.474951633620165, -34.606833348683395 ], [ -58.474445279176734, -34.606690416158081 ], [ -58.473924420184119, -34.606589206263351 ], [ -58.473394072042773, -34.60653069357366 ], [ -58.472859341485517, -34.606515441529623 ], [ -58.472325377428099, -34.606543597014515 ], [ -58.471797321414194, -34.60661488893976 ], [ -58.471280258131195, -34.606728630853169 ], [ -58.4707791664718, -34.606883727544961 ], [ -58.47029887161186, -34.607078685588043 ], [ -58.469843998564777, -34.607311627711368 ], [ -58.469418927658801, -34.607580310868236 ], [ -58.469027752365513, -34.607882147826039 ], [ -58.468674239884876, -34.608214232069983 ], [ -58.468361794866269, -34.608573365781261 ], [ -58.468093426614864, -34.608956090621014 ], [ -58.467871720099204, -34.609358721023931 ], [ -58.467698811039902, -34.609777379681269 ], [ -58.467576365319729, -34.610208034872265 ], [ -58.467505562914333, -34.610646539284332 ], [ -58.467487086499396, -34.611088669948984 ], [ -58.467521114844963, -34.611530168908594 ], [ -58.467607321061848, -34.611966784222808 ], [ -58.467712750368342, -34.612294464171725 ], [ -58.467321291679411, -34.612106823743225 ], [ -58.466834304072783, -34.611923512951279 ], [ -58.466327931053591, -34.611780547269404 ], [ -58.465807048596709, -34.611679303344367 ], [ -58.465276672328507, -34.611620756078089 ], [ -58.464741909252581, -34.611605469244068 ], [ -58.464207908597601, -34.611633590060407 ], [ -58.463679812259493, -34.611704847772252 ], [ -58.463162705313671, -34.61181855625675 ], [ -58.462661567073042, -34.611973620625989 ], [ -58.462181223161721, -34.61216854776405 ], [ -58.46172629906512, -34.612401460697434 ], [ -58.461301175602834, -34.612670116660595 ], [ -58.460909946752238, -34.612971928682803 ], [ -58.460556380228809, -34.613303990489463 ], [ -58.460243881202146, -34.613663104477943 ], [ -58.459975459497336, -34.614045812499427 ], [ -58.459753700597602, -34.614448429150741 ], [ -58.459580740727972, -34.614867077255745 ], [ -58.459458246260546, -34.615297725195425 ], [ -58.459387397640512, -34.615736225727282 ], [ -58.459368877988744, -34.616178355920333 ], [ -58.459402866491899, -34.616619857821682 ], [ -58.459489036644712, -34.617056479462811 ], [ -58.459626559362825, -34.617484015810788 ], [ -58.459814110937316, -34.617898349269929 ], [ -58.460049885755424, -34.61829548934378 ], [ -58.460331613666057, -34.618671611074767 ], [ -58.46065658182382, -34.619023091891655 ] ] ], [ [ [ -58.511442229450587, -34.601226353855907 ], [ -58.511807419175547, -34.601549654270272 ], [ -58.512209176733052, -34.601841798463994 ], [ -58.512643632845837, -34.602099972594907 ], [ -58.513106603173853, -34.602321689990163 ], [ -58.513593628622914, -34.602504815106457 ], [ -58.514100018305037, -34.602647584107274 ], [ -58.514620894735955, -34.60274862185895 ], [ -58.515151240833987, -34.602806955181244 ], [ -58.515685948266281, -34.60282202222465 ], [ -58.516219866676082, -34.602793677883952 ], [ -58.516747853315387, -34.602722195195682 ], [ -58.517264822604105, -34.602608262706134 ], [ -58.517765795136832, -34.602452977835362 ], [ -58.518245945664596, -34.602257836301156 ], [ -58.518700649588048, -34.60202471770527 ], [ -58.519125527513609, -34.601755867420984 ], [ -58.519516487442672, -34.601453874956896 ], [ -58.519869764187241, -34.601121649005648 ], [ -58.520181955631877, -34.600762389418634 ], [ -58.520450055492759, -34.600379556376772 ], [ -58.520671482258756, -34.599976837055053 ], [ -58.520844104035923, -34.599558110102059 ], [ -58.520966259057033, -34.599127408277255 ], [ -58.521036771659354, -34.598688879605966 ], [ -58.521054963577825, -34.598246747426565 ], [ -58.521020660445998, -34.597805269714868 ], [ -58.520934193443324, -34.597368698077474 ], [ -58.520796396074147, -34.596941236808888 ], [ -58.520608596110627, -34.596527002406944 ], [ -58.520372602778359, -34.596129983935796 ], [ -58.520090689309171, -34.595754004618357 ], [ -58.519765571029893, -34.595402685027317 ], [ -58.519400379199041, -34.595079408229196 ], [ -58.51899863084374, -34.594787287216285 ], [ -58.518564194887617, -34.594529134939897 ], [ -58.518101254896109, -34.594307437233049 ], [ -58.517614268797558, -34.59412432888243 ], [ -58.517107925967778, -34.593981573080221 ], [ -58.516587102090504, -34.593880544452929 ], [ -58.516056812227816, -34.593822215830123 ], [ -58.515522162551449, -34.5938071488807 ], [ -58.514988301198656, -34.593835488706269 ], [ -58.514460368724755, -34.593906962443825 ], [ -58.513943448628339, -34.594020881891034 ], [ -58.513442518424306, -34.594176150129073 ], [ -58.512962401734988, -34.594371272079314 ], [ -58.51250772185935, -34.59460436889259 ], [ -58.512082857266847, -34.594873196032758 ], [ -58.511691899443669, -34.595175164880601 ], [ -58.511338613496882, -34.595507367651038 ], [ -58.511026401895599, -34.595866605383542 ], [ -58.510758271698215, -34.596249418736988 ], [ -58.510536805581701, -34.596652121293054 ], [ -58.510364136952177, -34.597070835047397 ], [ -58.510241929377436, -34.597501527747824 ], [ -58.510171360539779, -34.59794005171964 ], [ -58.510153110865375, -34.59838218380505 ], [ -58.510187356940193, -34.598823666031862 ], [ -58.510273769777449, -34.599260246619977 ], [ -58.510411517954353, -34.599687720930895 ], [ -58.510599275589172, -34.600101971965593 ], [ -58.510835235082979, -34.600499010020712 ], [ -58.511117124504352, -34.600875011120742 ], [ -58.511442229450587, -34.601226353855907 ] ] ], [ [ [ -58.495204183593302, -34.592624109653606 ], [ -58.495569273289249, -34.592947461736415 ], [ -58.495970933417745, -34.593239662366145 ], [ -58.496405295640393, -34.593497897157185 ], [ -58.496868176522, -34.593719678852487 ], [ -58.49735511783048, -34.593902871289416 ], [ -58.497861429488772, -34.594045709982971 ], [ -58.498382234764655, -34.594146819128106 ], [ -58.498912517262255, -34.594205224856779 ], [ -58.499447169261714, -34.594220364621862 ], [ -58.499981040940497, -34.594192092617433 ], [ -58.500508990000952, -34.594120681183043 ], [ -58.501025931224966, -34.594006818178435 ], [ -58.501526885477496, -34.5938516003541 ], [ -58.502007027685515, -34.593656522781849 ], [ -58.502461733329547, -34.593423464447106 ], [ -58.5028866229991, -34.593154670142603 ], [ -58.503277604582017, -34.592852728837585 ], [ -58.503630912681245, -34.592520548731912 ], [ -58.503943144878775, -34.592161329235374 ], [ -58.504211294497679, -34.59177853014284 ], [ -58.504432779546988, -34.59137583830239 ], [ -58.504605467570805, -34.590957132098119 ], [ -58.504727696163293, -34.590526444089853 ], [ -58.504798288952635, -34.590087922170127 ], [ -58.504816566901056, -34.589645789612582 ], [ -58.504782354813216, -34.589204304397057 ], [ -58.504695982991478, -34.588767718202718 ], [ -58.504558284023403, -34.588340235464649 ], [ -58.504370584733465, -34.587925972887767 ], [ -58.504134693377829, -34.587528919807951 ], [ -58.503852882206445, -34.58715289978165 ], [ -58.503527865561331, -34.58680153377388 ], [ -58.503162773722643, -34.586478205298349 ], [ -58.502761122755061, -34.586186027845166 ], [ -58.502326780644907, -34.585927814909283 ], [ -58.501863930054455, -34.585706052907838 ], [ -58.501377028051742, -34.585522877246689 ], [ -58.500870763203324, -34.58538005176608 ], [ -58.500350010442531, -34.58527895176335 ], [ -58.499819784147128, -34.585220550755217 ], [ -58.499285189877149, -34.58520541110736 ], [ -58.498751375236608, -34.585233678621186 ], [ -58.498223480331234, -34.585305081129739 ], [ -58.497706588297952, -34.585418931116308 ], [ -58.497205676381455, -34.585574132330649 ], [ -58.496725568027834, -34.585769190339292 ], [ -58.496270886455534, -34.586002226908583 ], [ -58.495846010150011, -34.58627099808227 ], [ -58.495455030709813, -34.586572915779996 ], [ -58.495101713449678, -34.586905072709115 ], [ -58.494789461139675, -34.587264270350509 ], [ -58.494521281229595, -34.587647049749179 ], [ -58.494299756874511, -34.588049724813864 ], [ -58.494127022040836, -34.588468417805174 ], [ -58.494004740933249, -34.588899096671014 ], [ -58.493934091941718, -34.589337613870228 ], [ -58.493915756263817, -34.589779746310548 ], [ -58.493949911313408, -34.590221236016674 ], [ -58.494036228980072, -34.590657831136838 ], [ -58.494173878757415, -34.591085326892951 ], [ -58.494361535711313, -34.591499606079815 ], [ -58.494597393212558, -34.59189667872328 ], [ -58.494879180312203, -34.592272720514998 ], [ -58.495204183593302, -34.592624109653606 ] ] ], [ [ [ -58.485930881258334, -34.581687673338266 ], [ -58.486295886612425, -34.582011055894014 ], [ -58.486697461325392, -34.582303289757959 ], [ -58.487131737881796, -34.582561560224541 ], [ -58.487594533671924, -34.582783379693197 ], [ -58.488081391283636, -34.582966611637552 ], [ -58.488587621446477, -34.583109491192104 ], [ -58.489108348213598, -34.583210642158193 ], [ -58.48963855594576, -34.58326909026492 ], [ -58.490173137643652, -34.583284272556888 ], [ -58.490706944162227, -34.583256042818441 ], [ -58.491234833831768, -34.583184672981844 ], [ -58.491751722006462, -34.583070850506019 ], [ -58.492252630062374, -34.582915671750911 ], [ -58.492732733371483, -34.582720631411803 ], [ -58.493187407788973, -34.582487608115372 ], [ -58.493612274204963, -34.58221884631665 ], [ -58.494003240731082, -34.581916934671689 ], [ -58.494356542114971, -34.581584781094541 ], [ -58.494668776002911, -34.581225584739386 ], [ -58.494936935701276, -34.580842805178165 ], [ -58.495158439121489, -34.580440129070865 ], [ -58.495331153630232, -34.580021434650064 ], [ -58.49545341656605, -34.579590754362201 ], [ -58.495524051225836, -34.579152236025536 ], [ -58.495542378168075, -34.578710102879398 ], [ -58.495508221725103, -34.57826861290944 ], [ -58.495421911663023, -34.577832017840855 ], [ -58.495284279974285, -34.577404522194414 ], [ -58.495096652835194, -34.576990242799603 ], [ -58.494860837806961, -34.576593169154449 ], [ -58.494579106404444, -34.576217125013734 ], [ -58.494254172201508, -34.575865731574908 ], [ -58.49388916468456, -34.575542372616042 ], [ -58.493487599106487, -34.575250161920948 ], [ -58.493053342631661, -34.574991913304849 ], [ -58.492590577098085, -34.574770113528558 ], [ -58.492103758755128, -34.57458689836173 ], [ -58.491597575364203, -34.574444032025085 ], [ -58.491076901074706, -34.57434289020933 ], [ -58.490546749509235, -34.574284446833737 ], [ -58.490012225508615, -34.574269264671884 ], [ -58.489478476000599, -34.57429748993443 ], [ -58.488950640464068, -34.574368850861092 ], [ -58.488433801464502, -34.57448266033537 ], [ -58.487932935736083, -34.574637822496967 ], [ -58.487452866280186, -34.574832843288277 ], [ -58.48699821594068, -34.57506584483383 ], [ -58.486573362902156, -34.575334583514447 ], [ -58.486182398538872, -34.575636471562532 ], [ -58.485829088020104, -34.575968601970821 ], [ -58.485516834050571, -34.576327776475502 ], [ -58.48524864409567, -34.576710536344343 ], [ -58.485027101406686, -34.57711319567413 ], [ -58.484854340126034, -34.577531876877018 ], [ -58.484732024712592, -34.577962548014554 ], [ -58.484661333886116, -34.57840106162007 ], [ -58.484642949246634, -34.5788431946361 ], [ -58.484677048679018, -34.579284689081959 ], [ -58.484763304608101, -34.579721293060487 ], [ -58.484900887121711, -34.580148801708461 ], [ -58.485088471933302, -34.580563097696796 ], [ -58.485324253108324, -34.580960190889762 ], [ -58.485605960432864, -34.581336256781356 ], [ -58.485930881258334, -34.581687673338266 ] ] ], [ [ [ -58.471627153358291, -34.57610767244752 ], [ -58.471992079678472, -34.576431100123237 ], [ -58.472393578488202, -34.576723383294123 ], [ -58.472827783003581, -34.576981706779783 ], [ -58.473290511309187, -34.577203582469068 ], [ -58.473777306643342, -34.57738687329401 ], [ -58.47428348033587, -34.577529813821947 ], [ -58.474804156984241, -34.577631027266825 ], [ -58.475334321432285, -34.577689538755777 ], [ -58.475868867097894, -34.577704784722712 ], [ -58.476402645183299, -34.577676618338479 ], [ -58.476930514292725, -34.577605310924923 ], [ -58.477447389978465, -34.577491549339442 ], [ -58.477948293736773, -34.577336429355299 ], [ -58.478428400980896, -34.57714144510151 ], [ -58.478883087527848, -34.576908474664364 ], [ -58.479307974150601, -34.576639761989668 ], [ -58.479698968765767, -34.57633789526021 ], [ -58.480052305850002, -34.576005781957399 ], [ -58.480364582705263, -34.575646620847522 ], [ -58.480632792223609, -34.575263871163145 ], [ -58.480854351836122, -34.574861219276571 ], [ -58.481027128367799, -34.574442543187295 ], [ -58.481149458559415, -34.574011875165418 ], [ -58.481220165059725, -34.57357336291129 ], [ -58.481238567735012, -34.573131229605949 ], [ -58.48120449018802, -34.572689733236871 ], [ -58.481118261424875, -34.572253125591168 ], [ -58.480980712655004, -34.571825611311077 ], [ -58.480793169256238, -34.57141130740581 ], [ -58.48055743798345, -34.571014203609714 ], [ -58.480275789545139, -34.570638123968209 ], [ -58.479950936716541, -34.570286690020787 ], [ -58.479586008200798, -34.569963285935806 ], [ -58.47918451849042, -34.569671025931768 ], [ -58.478750334019637, -34.569412724298779 ], [ -58.478287635933562, -34.569190868308191 ], [ -58.477800879832557, -34.569007594270985 ], [ -58.477294752879089, -34.568864666974655 ], [ -58.476774128679537, -34.568763462696793 ], [ -58.47624402037448, -34.568704955957948 ], [ -58.475709532388485, -34.56868971014169 ], [ -58.475175811302755, -34.568717872071396 ], [ -58.474647996322538, -34.568789170596396 ], [ -58.47413116981545, -34.568902919200852 ], [ -58.473630308395272, -34.569058022610385 ], [ -58.473150235021784, -34.569252987332895 ], [ -58.472695572576299, -34.569485936032699 ], [ -58.472270699359662, -34.569754625599337 ], [ -58.471879706940058, -34.570056468738052 ], [ -58.471526360756457, -34.570388558874015 ], [ -58.4712140638566, -34.570747698131221 ], [ -58.470945824118722, -34.571130428116902 ], [ -58.470724225273052, -34.571533063215753 ], [ -58.470551402002322, -34.571951726073422 ], [ -58.470429019361887, -34.572382384928304 ], [ -58.47035825671859, -34.572820892432311 ], [ -58.470339796363689, -34.573263025586975 ], [ -58.470373816911028, -34.573704526410587 ], [ -58.470459991544956, -34.574141142944846 ], [ -58.470597491136189, -34.574568670205956 ], [ -58.470784992196805, -34.574982990685854 ], [ -58.471020689598966, -34.575380114013207 ], [ -58.471302313935809, -34.575756215392047 ], [ -58.471627153358291, -34.57610767244752 ] ] ], [ [ [ -58.478363845026628, -34.568056269715633 ], [ -58.478728760333567, -34.568379677888551 ], [ -58.479130242125805, -34.568671939652099 ], [ -58.479564423783167, -34.568930240032188 ], [ -58.480027123610277, -34.569152091140325 ], [ -58.48051388511967, -34.569335356145444 ], [ -58.481020019966977, -34.569478269863708 ], [ -58.481540653123908, -34.569579455767418 ], [ -58.48207076985333, -34.569637939249112 ], [ -58.482605264032941, -34.569653157012645 ], [ -58.48313898736113, -34.569624962500569 ], [ -58.483666798969857, -34.569553627305744 ], [ -58.484183614965531, -34.569439838553258 ], [ -58.484684457419675, -34.569284692278046 ], [ -58.485164502336296, -34.569089682862369 ], [ -58.485619126133059, -34.568856688634867 ], [ -58.486043950187586, -34.568587953770397 ], [ -58.486434883019378, -34.568286066665408 ], [ -58.486788159700339, -34.567953934997412 ], [ -58.487100378114327, -34.567594757709493 ], [ -58.487368531716292, -34.567211994189826 ], [ -58.487590038475879, -34.566809330943826 ], [ -58.487762765727041, -34.566390646080208 ], [ -58.487885050685023, -34.565959971953383 ], [ -58.487955716433994, -34.565521456322337 ], [ -58.487974083232423, -34.565079322400479 ], [ -58.487939975028283, -34.564637828181041 ], [ -58.487853721122555, -34.564201225430338 ], [ -58.487716152966449, -34.563773718743342 ], [ -58.487528596124058, -34.563359425056049 ], [ -58.487292857479368, -34.562962334004418 ], [ -58.487011207811463, -34.562586269511058 ], [ -58.486686359907075, -34.562234852969674 ], [ -58.486321442421627, -34.56191146838102 ], [ -58.485919969741168, -34.561619229775928 ], [ -58.485485808135728, -34.561360951238548 ], [ -58.485023138530117, -34.561139119817973 ], [ -58.484536416250371, -34.560955871588668 ], [ -58.484030328133308, -34.56081297108981 ], [ -58.483509747411389, -34.56071179434106 ], [ -58.482979686806722, -34.560653315598053 ], [ -58.482445250284741, -34.560638097974888 ], [ -58.4819115839313, -34.560666288023548 ], [ -58.481383826424974, -34.560737614322733 ], [ -58.480867059580191, -34.560851390089205 ], [ -58.480366259436593, -34.561006519787057 ], [ -58.479886248364217, -34.561201509671115 ], [ -58.47943164864477, -34.561434482163321 ], [ -58.479006837975334, -34.561703193924089 ], [ -58.478615907322073, -34.562005057444821 ], [ -58.478262621529325, -34.562337165954347 ], [ -58.477950383063423, -34.562696321399557 ], [ -58.477682199239965, -34.563079065231676 ], [ -58.477460653250709, -34.56348171170184 ], [ -58.477287879269305, -34.563900383346059 ], [ -58.477165541876317, -34.564331048317925 ], [ -58.477094820002606, -34.564769559210276 ], [ -58.477076395546533, -34.565211692991802 ], [ -58.47711044677591, -34.565653191674635 ], [ -58.477196646579259, -34.566089803320992 ], [ -58.47733416558448, -34.566517322994002 ], [ -58.477521680116311, -34.566931633258633 ], [ -58.477757384916771, -34.567328743841884 ], [ -58.478039010507366, -34.567704830070532 ], [ -58.478363845026628, -34.568056269715633 ] ] ], [ [ [ -58.451935219412839, -34.563055032826661 ], [ -58.452300012710658, -34.563378523432988 ], [ -58.45270138052242, -34.563670875332768 ], [ -58.45313545732656, -34.563929272683836 ], [ -58.453598062438381, -34.564151226663654 ], [ -58.454084740283484, -34.564334599450248 ], [ -58.454590803324031, -34.564477624821471 ], [ -58.455111377223943, -34.564578925173912 ], [ -58.455641447817356, -34.564637524797462 ], [ -58.456175909426719, -34.564652859276904 ], [ -58.45670961406433, -34.564624780930238 ], [ -58.457237421042201, -34.564553560231019 ], [ -58.457754246511243, -34.564439883201118 ], [ -58.458255112451496, -34.564284844799019 ], [ -58.458735194640319, -34.564089938367665 ], [ -58.459189869135813, -34.56385704124348 ], [ -58.459614756826682, -34.563588396665871 ], [ -58.460005765618689, -34.563286592161575 ], [ -58.460359129851355, -34.562954534612544 ], [ -58.46067144656444, -34.562595422248044 ], [ -58.460939708265329, -34.562212713831109 ], [ -58.461161331881733, -34.561810095336739 ], [ -58.46133418362141, -34.561391444442997 ], [ -58.461456599499975, -34.5609607931775 ], [ -58.461527401340234, -34.5605222890796 ], [ -58.461545908089597, -34.560080155252116 ], [ -58.461511942347954, -34.559638649687948 ], [ -58.461425832044263, -34.559202024263215 ], [ -58.461288407246826, -34.558774483791801 ], [ -58.461100992139428, -34.558360145535588 ], [ -58.460865392241487, -34.557962999560189 ], [ -58.460583876996495, -34.5575868703176 ], [ -58.460259157897333, -34.557235379825322 ], [ -58.459894362359769, -34.556911912796551 ], [ -58.4594930035963, -34.556619584056143 ], [ -58.459058946780807, -34.556361208556282 ], [ -58.458596371829792, -34.556139274279751 ], [ -58.458109733158636, -34.555955918291353 ], [ -58.457603716799731, -34.555812906167702 ], [ -58.457083195295183, -34.555711615003077 ], [ -58.456553180797357, -34.555653020154523 ], [ -58.456018776828081, -34.555637685853753 ], [ -58.455485129159982, -34.55566575977592 ], [ -58.454957376291716, -34.555736971617478 ], [ -58.454440599992978, -34.555850635696949 ], [ -58.453939776394179, -34.556005657553541 ], [ -58.453459728090763, -34.556200544480149 ], [ -58.45300507772243, -34.556433419889885 ], [ -58.452580203473318, -34.556702041377825 ], [ -58.452189196921061, -34.557003822304559 ], [ -58.451835823640089, -34.557335856694216 ], [ -58.451523486938363, -34.55769494720753 ], [ -58.451255195076655, -34.558077635921151 ], [ -58.451033532286303, -34.558480237617331 ], [ -58.450860633864998, -34.55889887526353 ], [ -58.450738165591055, -34.55932951734119 ], [ -58.450667307655216, -34.559768016664087 ], [ -58.450648743265766, -34.560210150312905 ], [ -58.450682652037898, -34.560651660301581 ], [ -58.450768708231998, -34.561088294583968 ], [ -58.45090608385911, -34.561515848005804 ], [ -58.45109345662506, -34.561930202807524 ], [ -58.451329022637601, -34.562327368287676 ], [ -58.451610513755426, -34.562703519244728 ], [ -58.451935219412839, -34.563055032826661 ] ] ], [ [ [ -58.486854622073729, -34.553901013199365 ], [ -58.487219505400454, -34.554224397453297 ], [ -58.487620945950326, -34.554516632924894 ], [ -58.488055077500128, -34.554774904893449 ], [ -58.488517718836945, -34.554996725744331 ], [ -58.489004414036714, -34.555179958938091 ], [ -58.4895104753938, -34.555322839597522 ], [ -58.490031028587943, -34.555423991513564 ], [ -58.490561059652514, -34.555482440406323 ], [ -58.491095463290705, -34.555497623312938 ], [ -58.491629092073424, -34.555469394011872 ], [ -58.492156806043752, -34.555398024431192 ], [ -58.492673522249063, -34.555284202027231 ], [ -58.493174263722565, -34.555129023159076 ], [ -58.493654207441395, -34.554933982522925 ], [ -58.494108730798359, -34.554700958747979 ], [ -58.494533456138917, -34.554432196293646 ], [ -58.494924292933618, -34.55413028382192 ], [ -58.495277477179599, -34.553798129254446 ], [ -58.495589607651105, -34.553438931754606 ], [ -58.495857678650118, -34.553056150905057 ], [ -58.496079108941736, -34.552653473377823 ], [ -58.496251766596167, -34.552234777418917 ], [ -58.496373989498601, -34.551804095489345 ], [ -58.49644460133046, -34.551365575422992 ], [ -58.496462922868986, -34.550923440475778 ], [ -58.496428778497432, -34.550481948650607 ], [ -58.496342497864518, -34.550045351690571 ], [ -58.496204912678159, -34.549617854134794 ], [ -58.496017348665866, -34.549203572831232 ], [ -58.49578161278, -34.548806497296582 ], [ -58.495499975772553, -34.548430451304064 ], [ -58.495175150307787, -34.548079056069263 ], [ -58.494810264824622, -34.547755695387885 ], [ -58.494408833400563, -34.547463483060689 ], [ -58.493974721908131, -34.547205232918955 ], [ -58.493512110789439, -34.546983431738532 ], [ -58.493025454807309, -34.546800215302916 ], [ -58.492519440160258, -34.54665734784534 ], [ -58.491998939373481, -34.54655620506751 ], [ -58.491468964399651, -34.546497760898148 ], [ -58.490934618380024, -34.546482578118599 ], [ -58.490401046529449, -34.546510802945505 ], [ -58.489873386616964, -34.546582163622752 ], [ -58.489356719517787, -34.546695973036158 ], [ -58.488856020311601, -34.546851135325831 ], [ -58.488376110396956, -34.547046156432735 ], [ -58.487921611081951, -34.547279158478091 ], [ -58.487496899097238, -34.54754789783761 ], [ -58.487106064458985, -34.547849786736805 ], [ -58.486752871087191, -34.548181918159869 ], [ -58.486440720558306, -34.548541093832881 ], [ -58.486172619341161, -34.548923855011978 ], [ -58.485951149831905, -34.549326515781047 ], [ -58.485778445467446, -34.549745198538112 ], [ -58.48565617015764, -34.550175871329465 ], [ -58.48558550223504, -34.5506143866724 ], [ -58.485567123077956, -34.551056521492569 ], [ -58.485601210517373, -34.551498017791893 ], [ -58.485687437092452, -34.551934623655363 ], [ -58.485824973172662, -34.552362134201729 ], [ -58.486012494917638, -34.552776432083732 ], [ -58.48624819699932, -34.553173527147649 ], [ -58.486529809964807, -34.553549594869743 ], [ -58.486854622073729, -34.553901013199365 ] ] ], [ [ [ -58.459382223342836, -34.554200899003362 ], [ -58.459747004727049, -34.554524368052043 ], [ -58.460148354010684, -34.554816696286672 ], [ -58.460582405850396, -34.555075068093082 ], [ -58.461044979801798, -34.555296994894974 ], [ -58.46153162059057, -34.555480339132245 ], [ -58.462037641035749, -34.55562333485787 ], [ -58.462558167211675, -34.555724604754168 ], [ -58.463088185412268, -34.555783173404535 ], [ -58.463622590464837, -34.555798476692189 ], [ -58.464156234926719, -34.555770367235709 ], [ -58.464683978689848, -34.555699115808387 ], [ -58.465200738514355, -34.555585408728142 ], [ -58.465701537012869, -34.555430341242953 ], [ -58.466181550612731, -34.555235406975861 ], [ -58.466636156033019, -34.555002483531396 ], [ -58.467060974828009, -34.554733814402411 ], [ -58.467451915567331, -34.554431987352011 ], [ -58.467805213246166, -34.554099909479163 ], [ -58.468117465545411, -34.553740779208738 ], [ -58.468385665592898, -34.553358055476075 ], [ -58.468607230910152, -34.552955424403486 ], [ -58.468780028266302, -34.552536763789952 ], [ -58.46890239420059, -34.55210610575655 ], [ -58.468973151016591, -34.551667597907588 ], [ -58.468991618095032, -34.551225463381826 ], [ -58.468957618417512, -34.550783960178741 ], [ -58.468871480239386, -34.550347340151568 ], [ -58.468734033897022, -34.549919808062093 ], [ -58.468546603781235, -34.549505481091394 ], [ -58.468310995555534, -34.549108349196374 ], [ -58.468029478743205, -34.548732236693361 ], [ -58.467704764851845, -34.548380765438765 ], [ -58.467339981246717, -34.548057319960499 ], [ -58.466938641025152, -34.547765014876042 ], [ -58.466504609182245, -34.547506664909868 ], [ -58.466042065393893, -34.547284757798998 ], [ -58.465555463775324, -34.547101430346807 ], [ -58.465049490002151, -34.546958447855268 ], [ -58.464529016206498, -34.54685718713349 ], [ -58.463999054081491, -34.546798623245536 ], [ -58.463464706644849, -34.546783320125122 ], [ -58.462931119125109, -34.546811425147268 ], [ -58.46240342944207, -34.546882667709085 ], [ -58.461886718757349, -34.546996361833358 ], [ -58.461385962569871, -34.547151412770006 ], [ -58.460905982826326, -34.547346327531912 ], [ -58.460451401506575, -34.54757922926413 ], [ -58.460026596130149, -34.547847875308221 ], [ -58.459635657611734, -34.548149678788185 ], [ -58.459282350870843, -34.548481733510876 ], [ -58.458970078574801, -34.54884084194105 ], [ -58.458701848364242, -34.549223545982699 ], [ -58.458480243876799, -34.549626160270222 ], [ -58.458307399848636, -34.550044807649662 ], [ -58.458184981534068, -34.550475456508543 ], [ -58.458114168642489, -34.550913959595114 ], [ -58.45809564394812, -34.551356093953615 ], [ -58.458129586683512, -34.551797601591034 ], [ -58.458215670781534, -34.552234230483712 ], [ -58.458353067984135, -34.55266177552916 ], [ -58.458540455788871, -34.553076119048406 ], [ -58.458776030158248, -34.55347327044862 ], [ -58.459057522870033, -34.55384940466385 ], [ -58.459382223342836, -34.554200899003362 ] ] ], [ [ [ -58.45009923386958, -34.680265136481559 ], [ -58.450464550409677, -34.680588613867847 ], [ -58.450866492057095, -34.680880952366117 ], [ -58.451301187763264, -34.681139336261758 ], [ -58.451764450881619, -34.681361276860443 ], [ -58.452251819498386, -34.681544636467727 ], [ -58.452758599420036, -34.681687648987221 ], [ -58.453279909402774, -34.681788936938375 ], [ -58.453810728187506, -34.68184752472979 ], [ -58.454345942886562, -34.681862848059787 ], [ -58.45488039825478, -34.681834759353563 ], [ -58.455408946369452, -34.681763529184614 ], [ -58.4559264962394, -34.681649843666463 ], [ -58.456428062864084, -34.681494797840024 ], [ -58.45690881526928, -34.68129988512068 ], [ -58.457364123055633, -34.681066982906572 ], [ -58.457789601010731, -34.680798334487456 ], [ -58.458181151354545, -34.680496527428481 ], [ -58.45853500321082, -34.680164468637678 ], [ -58.458847748923858, -34.67980535635774 ], [ -58.45911637687108, -34.679422649352361 ], [ -58.459338300455428, -34.679020033584216 ], [ -58.459511382998961, -34.678601386706262 ], [ -58.459633958298376, -34.67817074070841 ], [ -58.459704846645437, -34.677732243079959 ], [ -58.459723366159118, -34.677290116861862 ], [ -58.459689339321159, -34.676848619973896 ], [ -58.459603094653659, -34.676412004208423 ], [ -58.459472346192783, -34.676005854353832 ], [ -58.459646348932054, -34.67584255594732 ], [ -58.459959074173199, -34.675483441096844 ], [ -58.460227683686547, -34.675100731857604 ], [ -58.460449591052509, -34.674698114213697 ], [ -58.460622659749248, -34.674279465836122 ], [ -58.460745223706667, -34.673848818729162 ], [ -58.460816103325648, -34.673410320392762 ], [ -58.460834616809016, -34.672968193874631 ], [ -58.460800586696465, -34.672526697097425 ], [ -58.460714341541426, -34.672090081852438 ], [ -58.460576712715287, -34.671662552855103 ], [ -58.460389026370727, -34.6712482272561 ], [ -58.460153090642805, -34.670851094998213 ], [ -58.459871178212026, -34.670474980400193 ], [ -58.459546004398405, -34.670123505337259 ], [ -58.459180700998019, -34.669800054372601 ], [ -58.458778786114678, -34.669507742174972 ], [ -58.458344130277318, -34.669249383535806 ], [ -58.457880919169902, -34.669027466274123 ], [ -58.457393613331945, -34.668844127289653 ], [ -58.456886905217978, -34.668701131994119 ], [ -58.456365674028397, -34.66859985731886 ], [ -58.455834938746065, -34.668541278461483 ], [ -58.455299809829867, -34.668525959499284 ], [ -58.454765440029448, -34.668554047959589 ], [ -58.454236974793432, -34.668625273399016 ], [ -58.45371950274761, -34.668738950005583 ], [ -58.453218006718814, -34.668893983198501 ], [ -58.452737315774904, -34.669088880162455 ], [ -58.452282058741787, -34.669321764215034 ], [ -58.451856619644047, -34.66959039286931 ], [ -58.451465095497966, -34.669892179418262 ], [ -58.451111256862418, -34.670224217833301 ], [ -58.450798511527594, -34.670583310737811 ], [ -58.450529871691145, -34.670966000186787 ], [ -58.450307924937931, -34.671368600956647 ], [ -58.450134809303435, -34.671787236024862 ], [ -58.450012192661539, -34.672217873898596 ], [ -58.449941256635995, -34.672656367432765 ], [ -58.44992268519163, -34.673098493764179 ], [ -58.449956658016198, -34.673539994977382 ], [ -58.450042848757803, -34.673976619110583 ], [ -58.4501735479841, -34.674382780445534 ], [ -58.449999529097788, -34.674546065751287 ], [ -58.449686763289471, -34.67490515608111 ], [ -58.449418105015113, -34.675287843292082 ], [ -58.449196142037231, -34.675690442182209 ], [ -58.449023012547627, -34.676109075747178 ], [ -58.448900384553745, -34.676539712508628 ], [ -58.448829439788796, -34.676978205332261 ], [ -58.448810862301968, -34.677420331361752 ], [ -58.448844831839345, -34.677861832684592 ], [ -58.448931022080885, -34.678298457337931 ], [ -58.449068603751257, -34.678726000259807 ], [ -58.449256252576127, -34.679140343791055 ], [ -58.449492162008291, -34.679537497337833 ], [ -58.449774060602024, -34.679913635812369 ], [ -58.45009923386958, -34.680265136481559 ] ] ], [ [ [ -58.412990349783747, -34.647701664280177 ], [ -58.41335537853238, -34.648025261621569 ], [ -58.413757032779117, -34.648317731080311 ], [ -58.414191444244651, -34.648576255680922 ], [ -58.414654429021418, -34.648798345374097 ], [ -58.415141527878035, -34.648981861029505 ], [ -58.415648049220707, -34.649125035047724 ], [ -58.41616911429773, -34.649226488392507 ], [ -58.416699704210359, -34.649285243879142 ], [ -58.417234708276673, -34.649300735590224 ], [ -58.417768973281433, -34.64927281432869 ], [ -58.418297353136388, -34.649201749054576 ], [ -58.418814758471619, -34.649088224292477 ], [ -58.419316205679067, -34.648933333534295 ], [ -58.419796864934725, -34.648738568701162 ], [ -58.420252106736079, -34.648505805766185 ], [ -58.420677546505651, -34.648237286677073 ], [ -58.421069086830286, -34.647935597752856 ], [ -58.421422956929014, -34.647603644763407 ], [ -58.421735748969034, -34.647244624932192 ], [ -58.422004450879953, -34.646861996132422 ], [ -58.422226475350669, -34.646459443573676 ], [ -58.422399684729797, -34.64604084430033 ], [ -58.422522411590727, -34.645610229844266 ], [ -58.422593474763829, -34.645171747391473 ], [ -58.422612190682806, -34.644729619837456 ], [ -58.42257837993651, -34.644288105115571 ], [ -58.422492368964825, -34.643851455190806 ], [ -58.422354986883143, -34.643423875113442 ], [ -58.422167557467525, -34.643009482526956 ], [ -58.421931886378665, -34.642612268020116 ], [ -58.421650243748779, -34.642236056704519 ], [ -58.421325342300243, -34.64188447138752 ], [ -58.420960311207068, -34.641560897694681 ], [ -58.420558665951802, -34.641268451477082 ], [ -58.420124274468215, -34.641009948817079 ], [ -58.419661319895951, -34.640787878920804 ], [ -58.419174260305709, -34.640604380157804 ], [ -58.418667785782233, -34.640461219478318 ], [ -58.418146773278032, -34.64035977540599 ], [ -58.417616239671496, -34.640301024769258 ], [ -58.417081293480734, -34.640285533299064 ], [ -58.416547085696855, -34.640313450183278 ], [ -58.416018760209155, -34.640384506630056 ], [ -58.415501404298233, -34.640498018454025 ], [ -58.414999999672816, -34.640652892660491 ], [ -58.414519374520502, -34.640847637964406 ], [ -58.414064157033231, -34.641080379143169 ], [ -58.413638730854103, -34.641348875085129 ], [ -58.413247192873996, -34.641650540360786 ], [ -58.412893313783783, -34.641982470109085 ], [ -58.41258050176183, -34.642341467999699 ], [ -58.412311769646394, -34.642724077002583 ], [ -58.412089705909324, -34.643126612668944 ], [ -58.411916449710979, -34.64354519860354 ], [ -58.411793670277241, -34.643975803787136 ], [ -58.411722550798032, -34.644414281390034 ], [ -58.41170377700351, -34.644856408703141 ], [ -58.411737530528931, -34.645297927802361 ], [ -58.411823487133375, -34.645734586554461 ], [ -58.411960819790735, -34.646162179569956 ], [ -58.41214820662433, -34.64657658870815 ], [ -58.412383843609852, -34.646973822744208 ], [ -58.412665461925656, -34.647350055816034 ], [ -58.412990349783747, -34.647701664280177 ] ] ], [ [ [ -58.420761437906286, -34.631548617530626 ], [ -58.421126422971554, -34.631872193429487 ], [ -58.421528023657515, -34.632164639276283 ], [ -58.421962372200532, -34.632423138323105 ], [ -58.422425285298999, -34.632645200767037 ], [ -58.422912304411923, -34.632828687740421 ], [ -58.423418738713742, -34.632971831920301 ], [ -58.423939710291364, -34.633073254558099 ], [ -58.424470201146988, -34.633131978765 ], [ -58.425005101553225, -34.633147438925121 ], [ -58.425539259293814, -34.633119486145361 ], [ -58.426067529314196, -34.633048389689478 ], [ -58.426584823302939, -34.632934834382439 ], [ -58.42708615872499, -34.632779914010371 ], [ -58.427566706833595, -34.632585120779559 ], [ -58.428021839197257, -34.632352330936556 ], [ -58.428447172292948, -34.632083786688092 ], [ -58.428838609735273, -34.631782074595321 ], [ -58.429192381734389, -34.63145010065108 ], [ -58.429505081402382, -34.63109106228039 ], [ -58.42977369755851, -34.63070841753477 ], [ -58.429995643717419, -34.630305851777095 ], [ -58.430168782981653, -34.629887242178611 ], [ -58.430291448599476, -34.629456620370362 ], [ -58.430362459990604, -34.629018133608916 ], [ -58.430381134086836, -34.628576004831025 ], [ -58.430347291879137, -34.628134491981726 ], [ -58.430261260109695, -34.627697847007759 ], [ -58.430123868093503, -34.62727027491168 ], [ -58.429936439701592, -34.626855893260043 ], [ -58.429700780584085, -34.626458692536325 ], [ -58.429419160757355, -34.626082497719452 ], [ -58.42909429272359, -34.625730931458001 ], [ -58.428729305334642, -34.625407379194172 ], [ -58.428327713651811, -34.625114956572837 ], [ -58.427893385092787, -34.624856479449384 ], [ -58.427430502191186, -34.624634436784234 ], [ -58.426943522327576, -34.624450966684925 ], [ -58.42643713481916, -34.624307835825967 ], [ -58.425916215780788, -34.624206422444047 ], [ -58.425385781191238, -34.624147703072239 ], [ -58.424850938615585, -34.624132243140643 ], [ -58.424316838047723, -34.624160191533562 ], [ -58.423788622345086, -34.624231279155858 ], [ -58.423271377731709, -34.624344821521973 ], [ -58.422770084845155, -34.624499725343142 ], [ -58.422289570797595, -34.62469449904912 ], [ -58.421834462711551, -34.624927267143647 ], [ -58.421409143177101, -34.625195788255823 ], [ -58.421017708058457, -34.625497476713548 ], [ -58.420663927056211, -34.625829427432322 ], [ -58.420351207404217, -34.626188443879656 ], [ -58.420082561051217, -34.626571068846495 ], [ -58.419860575643021, -34.626973617730101 ], [ -58.41968738958537, -34.627392214007649 ], [ -58.419564671428283, -34.627822826560042 ], [ -58.419493603771095, -34.628261308486387 ], [ -58.419474871844272, -34.628703437035732 ], [ -58.419508656879238, -34.629144954271879 ], [ -58.419594634330949, -34.629581608079455 ], [ -58.419731976971782, -34.63000919311645 ], [ -58.419919362828189, -34.630423591318966 ], [ -58.420154987884651, -34.630820811567531 ], [ -58.420436583433762, -34.631197028132867 ], [ -58.420761437906286, -34.631548617530626 ] ] ], [ [ [ -58.443922376911651, -34.62968841421209 ], [ -58.444287441010374, -34.63001191884203 ], [ -58.444689111029504, -34.630304286689089 ], [ -58.445123518536903, -34.630562701756638 ], [ -58.445586479662396, -34.630784675050691 ], [ -58.446073535401801, -34.630968068562424 ], [ -58.446579994576332, -34.631111115869345 ], [ -58.447100979032932, -34.631212439156158 ], [ -58.447631470649483, -34.631271062491365 ], [ -58.448166359691172, -34.631286421230968 ], [ -58.448700494051181, -34.631258367459118 ], [ -58.449228728900337, -34.631187171412634 ], [ -58.449745976266243, -34.631073518876086 ], [ -58.450247254063342, -34.630918504572364 ], [ -58.450727734100383, -34.630723621612709 ], [ -58.451182788602118, -34.630490747108098 ], [ -58.451608034796131, -34.630222124080788 ], [ -58.451999377134712, -34.629920339850742 ], [ -58.452353046744683, -34.629588301105478 ], [ -58.452665637724998, -34.629229205894035 ], [ -58.452934139942322, -34.628846512815144 ], [ -58.453155968009241, -34.628443907696891 ], [ -58.453328986166149, -34.628025268089239 ], [ -58.453451528828012, -34.627594625911826 ], [ -58.453522416598972, -34.62715612861696 ], [ -58.453540967601455, -34.626713999242341 ], [ -58.45350700401189, -34.626272495738242 ], [ -58.453420853741235, -34.625835869960973 ], [ -58.453283347245375, -34.625408326727722 ], [ -58.453095809497377, -34.624993983326675 ], [ -58.453028831863939, -34.624881156581395 ], [ -58.45330027789057, -34.624888940240652 ], [ -58.453834368760425, -34.624860865020935 ], [ -58.454362558044245, -34.624789647787054 ], [ -58.454879758208762, -34.624675974527648 ], [ -58.455380987623286, -34.62452094016524 ], [ -58.455861418562854, -34.624326038004313 ], [ -58.45631642372534, -34.624093145340744 ], [ -58.456741620813773, -34.623824505371616 ], [ -58.457132914753565, -34.623522705580037 ], [ -58.457486537137861, -34.623190652803309 ], [ -58.457799082520538, -34.622831545225495 ], [ -58.458067541207491, -34.622448841564328 ], [ -58.458289328230514, -34.622046227749635 ], [ -58.458462308225251, -34.621627581415069 ], [ -58.458584815974092, -34.621196934544848 ], [ -58.458655672417223, -34.620758434636393 ], [ -58.458674195978595, -34.620316304752428 ], [ -58.458640209098625, -34.619874802847988 ], [ -58.458554039912308, -34.619438180763922 ], [ -58.458416519057373, -34.61901064328174 ], [ -58.458228971644878, -34.618596307634235 ], [ -58.457993204470306, -34.618199163861412 ], [ -58.457711488589673, -34.617823036393496 ], [ -58.457386537429223, -34.617471547230267 ], [ -58.457021480640336, -34.617148081071356 ], [ -58.45661983395172, -34.616855752732526 ], [ -58.456185465309886, -34.616597377161291 ], [ -58.455722557633685, -34.616375442340392 ], [ -58.45523556854161, -34.616192085339186 ], [ -58.454729187439249, -34.616049071743397 ], [ -58.454208290379476, -34.615947778661003 ], [ -58.45367789312926, -34.615889181467104 ], [ -58.453143102894202, -34.615873844415738 ], [ -58.452609069164396, -34.615901915208426 ], [ -58.452080934154047, -34.615973123571813 ], [ -58.451563783310732, -34.616086783858108 ], [ -58.451062596369745, -34.616241801643355 ], [ -58.450582199423806, -34.616436684260123 ], [ -58.450127218468694, -34.61666955516359 ], [ -58.449702034871123, -34.616938171992913 ], [ -58.449310743187198, -34.617239948154229 ], [ -58.448957111737094, -34.617571977718349 ], [ -58.44864454631535, -34.617931063393236 ], [ -58.448376057386142, -34.618313747302899 ], [ -58.448154231079876, -34.618716344276514 ], [ -58.447981204270533, -34.619134977327661 ], [ -58.447858643974797, -34.619565614982562 ], [ -58.447787731271802, -34.620004110097952 ], [ -58.447769149899671, -34.620446239795314 ], [ -58.447803079639577, -34.620887746126769 ], [ -58.447889194552431, -34.621324377081329 ], [ -58.448026666086157, -34.621751927536614 ], [ -58.448214171025121, -34.622166279761288 ], [ -58.448281139919104, -34.622279109417747 ], [ -58.448009702463061, -34.622271314357107 ], [ -58.447475625262847, -34.622299363708699 ], [ -58.446947444708364, -34.622370550889997 ], [ -58.446430246685495, -34.622484190457129 ], [ -58.445929011383576, -34.62263918818563 ], [ -58.445448565360778, -34.622834051601195 ], [ -58.444993535085196, -34.623066904343965 ], [ -58.444568302398274, -34.623335504227938 ], [ -58.44417696232864, -34.623637264822541 ], [ -58.443823283662255, -34.623969280348568 ], [ -58.443510672648237, -34.624328353649275 ], [ -58.443242140189781, -34.624711026967951 ], [ -58.443020272836449, -34.625113615235897 ], [ -58.442847207857618, -34.625532241550658 ], [ -58.442724612637662, -34.625962874503472 ], [ -58.442653668592193, -34.626401366996511 ], [ -58.4426350597614, -34.626843496176598 ], [ -58.442668966191157, -34.627285004100976 ], [ -58.442755062167151, -34.627721638743424 ], [ -58.442892519319976, -34.628149194946097 ], [ -58.4430800145728, -34.628563554922358 ], [ -58.44331574285598, -34.628960727920536 ], [ -58.443597434467307, -34.629336888666089 ], [ -58.443922376911651, -34.62968841421209 ] ] ], [ [ [ -58.405115590541811, -34.61996483946357 ], [ -58.405480464169422, -34.620288465506505 ], [ -58.405881954493232, -34.620580966121324 ], [ -58.406316194813016, -34.62083952403281 ], [ -58.406779002870095, -34.621061648871148 ], [ -58.407265921135775, -34.621245201167746 ], [ -58.407772259756435, -34.621388412970482 ], [ -58.408293141741126, -34.621489904879333 ], [ -58.408823549955521, -34.621548699338121 ], [ -58.409358375468742, -34.621564230054155 ], [ -58.409892466786253, -34.621536347454487 ], [ -58.410420679493612, -34.621465320126681 ], [ -58.410937925831604, -34.621351832229593 ], [ -58.41143922372423, -34.621196976899789 ], [ -58.41191974478614, -34.621002245716831 ], [ -58.412374860846185, -34.620769514329403 ], [ -58.4128001885381, -34.620501024380978 ], [ -58.4131916315281, -34.620199361909592 ], [ -58.413545419972429, -34.619867432429984 ], [ -58.413858146824204, -34.619508432938879 ], [ -58.414126800640226, -34.619125821113329 ], [ -58.414348794571765, -34.618723281999195 ], [ -58.414521991260571, -34.618304692511266 ], [ -58.414644723401182, -34.617874084087056 ], [ -58.414715809772005, -34.61743560385451 ], [ -58.414734566582126, -34.616993474687753 ], [ -58.41470081402548, -34.616551954535851 ], [ -58.414614877980419, -34.616115295416286 ], [ -58.414477586839816, -34.615687702468151 ], [ -58.414290263503062, -34.615273293459225 ], [ -58.414054712608547, -34.614876059136741 ], [ -58.413773203130525, -34.614499824803559 ], [ -58.41344844650876, -34.614148213489074 ], [ -58.41308357052251, -34.613824611069568 ], [ -58.412682089160747, -34.613532133673182 ], [ -58.412247868779261, -34.613273597682856 ], [ -58.411785090870552, -34.613051492625971 ], [ -58.411298211804713, -34.612867957210938 ], [ -58.410791919928947, -34.612724758741116 ], [ -58.41027109043781, -34.612623276104188 ], [ -58.409740738448335, -34.612564486499977 ], [ -58.40920597073071, -34.612548956034651 ], [ -58.408671936558413, -34.612576834271479 ], [ -58.408143778149828, -34.612647852790602 ], [ -58.40762658117751, -34.612761327771643 ], [ -58.40712532582036, -34.612916166574422 ], [ -58.406644838829102, -34.613110878254474 ], [ -58.406189747065568, -34.613343587912631 ], [ -58.405764432962343, -34.613612054740429 ], [ -58.405372992330989, -34.613913693588366 ], [ -58.405019194924627, -34.614245599849554 ], [ -58.404706448134533, -34.614604577419513 ], [ -58.40443776417014, -34.61498716946361 ], [ -58.404215731038754, -34.615389691696173 ], [ -58.404042487605061, -34.615808267851179 ], [ -58.403919702970896, -34.616238867003474 ], [ -58.403848560375152, -34.616677342381436 ], [ -58.403829745769436, -34.617119471297514 ], [ -58.403863441180874, -34.617560995812241 ], [ -58.403949322927147, -34.617997663740482 ], [ -58.404086564702084, -34.618425269604657 ], [ -58.404273845503369, -34.618839695140622 ], [ -58.404509362327225, -34.619236948965991 ], [ -58.404790847508735, -34.619613205028458 ], [ -58.405115590541811, -34.61996483946357 ] ] ], [ [ [ -58.435337643799862, -34.611887136258233 ], [ -58.435702595018938, -34.612210670269306 ], [ -58.436104147880556, -34.612503070102278 ], [ -58.436538435081275, -34.61276151945269 ], [ -58.437001273910049, -34.612983528996573 ], [ -58.437488206541119, -34.613166960376056 ], [ -58.437994542981976, -34.613310046804045 ], [ -58.438515406262333, -34.613411410088482 ], [ -58.439045779427843, -34.613470073912559 ], [ -58.439580553885222, -34.613485473242292 ], [ -58.440114578631913, -34.613457459770743 ], [ -58.440642709895059, -34.613386303346395 ], [ -58.441159860700431, -34.613272689372018 ], [ -58.441661049892886, -34.613117712198815 ], [ -58.442141450134841, -34.612922864580206 ], [ -58.442596434419741, -34.612690023286497 ], [ -58.443021620651436, -34.612421431019833 ], [ -58.443412913859561, -34.612119674803665 ], [ -58.443766545643882, -34.611787661055509 ], [ -58.4440791104672, -34.611428587583433 ], [ -58.444347598447628, -34.611045912776667 ], [ -58.444569424334176, -34.610643322287224 ], [ -58.444742452387572, -34.610224693524124 ], [ -58.444865016926698, -34.60979405830259 ], [ -58.44493593834423, -34.609355564007998 ], [ -58.444954534437777, -34.608913433649263 ], [ -58.444920626948765, -34.608471925186294 ], [ -58.444834543247197, -34.608035290523375 ], [ -58.444697113147264, -34.607607734563487 ], [ -58.444509660885828, -34.607193374717703 ], [ -58.444273992341984, -34.606796201259378 ], [ -58.443992377621953, -34.606420038904929 ], [ -58.443667529178001, -34.606068509990308 ], [ -58.44330257567259, -34.605744999598272 ], [ -58.442901031840229, -34.605452622970667 ], [ -58.442466764637338, -34.605194195520212 ], [ -58.442003956006495, -34.604972205729275 ], [ -58.441517062612959, -34.604788791196604 ], [ -58.44101077294134, -34.604645718061903 ], [ -58.440489962164641, -34.604544364006372 ], [ -58.439959645219503, -34.604485704992143 ], [ -58.439424928538706, -34.604470305868389 ], [ -58.43889096090448, -34.604498314934112 ], [ -58.438362883894875, -34.604569462510135 ], [ -58.437845782399194, -34.604683063533763 ], [ -58.437344635677626, -34.604838024151441 ], [ -58.436864269435631, -34.605032852245984 ], [ -58.436409309373182, -34.60526567179739 ], [ -58.435984136655549, -34.605534240939051 ], [ -58.435592845733751, -34.605835973536195 ], [ -58.43523920492018, -34.606167964078999 ], [ -58.43492662009902, -34.60652701565111 ], [ -58.434658101920668, -34.60690967070493 ], [ -58.434436236796593, -34.607312244347575 ], [ -58.434263161973959, -34.607730859817366 ], [ -58.434140544931175, -34.608161485810008 ], [ -58.434069567293271, -34.608599975294744 ], [ -58.434050913423157, -34.6090421054475 ], [ -58.434084763799703, -34.60948361831629 ], [ -58.434170793247731, -34.609920261827526 ], [ -58.434308174037973, -34.610347830738171 ], [ -58.434495583828514, -34.610762207139487 ], [ -58.434731218372391, -34.611159400121863 ], [ -58.435012808869978, -34.611535584218636 ], [ -58.435337643799862, -34.611887136258233 ] ] ], [ [ [ -58.411498814115731, -34.607314859523555 ], [ -58.411863654726808, -34.607638467865208 ], [ -58.412265104192905, -34.60793094899315 ], [ -58.412699296207123, -34.60818948581997 ], [ -58.413162048975977, -34.608411588179131 ], [ -58.413648905503273, -34.608595116818748 ], [ -58.414155176530159, -34.608738304014736 ], [ -58.414675985716961, -34.608839770604206 ], [ -58.415206316630787, -34.60889853927506 ], [ -58.415741061085669, -34.608914043983113 ], [ -58.416275068368194, -34.60888613540606 ], [ -58.416803194873779, -34.608815082381717 ], [ -58.417320353673936, -34.60870156931653 ], [ -58.417821563536265, -34.608546689589446 ], [ -58.418301996923724, -34.608351935014994 ], [ -58.418757026510001, -34.608119181467096 ], [ -58.419182269762018, -34.607850670802549 ], [ -58.419573631159587, -34.607548989258774 ], [ -58.419927341644915, -34.607217042534039 ], [ -58.420239994922092, -34.606858027790963 ], [ -58.420508580256495, -34.60647540285332 ], [ -58.420730511458828, -34.606072852893 ], [ -58.4209036517748, -34.605654254929057 ], [ -58.421026334441535, -34.605223640480418 ], [ -58.421097378713533, -34.604785156732852 ], [ -58.421116101204895, -34.604343026594179 ], [ -58.421082322439517, -34.603901508022652 ], [ -58.420996368547648, -34.603464853020455 ], [ -58.420859068093442, -34.603037266686925 ], [ -58.420671744065437, -34.602622866726108 ], [ -58.420436201108174, -34.602225643798114 ], [ -58.420154708118964, -34.601849423096098 ], [ -58.419829976378345, -34.601497827518273 ], [ -58.419465133425632, -34.60117424278949 ], [ -58.419063692931424, -34.600881784867667 ], [ -58.418629520857777, -34.600623269948358 ], [ -58.418166798231944, -34.600401187356248 ], [ -58.417679980891691, -34.600217675583572 ], [ -58.417173756589925, -34.600074501706231 ], [ -58.416652999870742, -34.599973044375275 ], [ -58.416122725150707, -34.59991428054699 ], [ -58.415588038456306, -34.599898776079513 ], [ -58.415054088281231, -34.599926680285861 ], [ -58.414526016035481, -34.599997724496198 ], [ -58.414008906562344, -34.600111224642795 ], [ -58.413507739198621, -34.600266087843153 ], [ -58.413027339848163, -34.600460822917853 ], [ -58.412572334529251, -34.60069355474235 ], [ -58.412147104842376, -34.600962042294654 ], [ -58.411755745786444, -34.601263700225537 ], [ -58.411402026329235, -34.601595623744167 ], [ -58.411089353111478, -34.601954616579718 ], [ -58.410820737634054, -34.602337221750318 ], [ -58.410598767244686, -34.602739754843697 ], [ -58.410425580203572, -34.603158339488999 ], [ -58.410302845069225, -34.603588944679124 ], [ -58.410231744603422, -34.604027423584107 ], [ -58.410212964351587, -34.604469553482225 ], [ -58.410246686009515, -34.604911076424443 ], [ -58.410332585641562, -34.605347740240653 ], [ -58.410469836768748, -34.605775339492773 ], [ -58.410657118298147, -34.606189755980317 ], [ -58.410892627218409, -34.606586998408062 ], [ -58.411174095940268, -34.60696324083348 ], [ -58.411498814115731, -34.607314859523555 ] ] ], [ [ [ -58.40027590509186, -34.60652283542494 ], [ -58.400677309751813, -34.606815355863795 ], [ -58.401111461365943, -34.607073935003228 ], [ -58.401574178530204, -34.607296082269137 ], [ -58.40206100459168, -34.607479657977059 ], [ -58.402567250585221, -34.607622893949433 ], [ -58.403088040412527, -34.607724410553487 ], [ -58.403618357827348, -34.607783229995228 ], [ -58.404153094773854, -34.607798785741259 ], [ -58.404687100611035, -34.607770927977526 ], [ -58.40521523174818, -34.607699925052252 ], [ -58.405732401212148, -34.607586460889138 ], [ -58.406233627667667, -34.607431628395993 ], [ -58.406714083417654, -34.607236918932252 ], [ -58.407169140920168, -34.607004207937209 ], [ -58.407594417372941, -34.606735736857793 ], [ -58.407985816935664, -34.606434091550071 ], [ -58.408339570182619, -34.606102177363304 ], [ -58.408652270405661, -34.605743191146829 ], [ -58.408920906417698, -34.605360590449699 ], [ -58.409142891540988, -34.6049580602105 ], [ -58.40931608850164, -34.604539477258498 ], [ -58.409438829990997, -34.60410887296824 ], [ -58.40950993469685, -34.603670394427866 ], [ -58.409528718651138, -34.603228264495293 ], [ -58.409495001785757, -34.602786741127048 ], [ -58.409409109634865, -34.602350076371714 ], [ -58.409271870168084, -34.601922475422825 ], [ -58.409084605786774, -34.601508056125375 ], [ -58.408849120561278, -34.601110809325917 ], [ -58.40856768283318, -34.600734560447634 ], [ -58.408243003351203, -34.600382932660224 ], [ -58.407878209151711, -34.60005931199882 ], [ -58.407476813436183, -34.599766814767378 ], [ -58.407042681735852, -34.599508257540066 ], [ -58.406579994689501, -34.599286130048895 ], [ -58.406093207792622, -34.599102571218431 ], [ -58.405587008505286, -34.598959348577594 ], [ -58.405066271130927, -34.598857841246883 ], [ -58.404536009900013, -34.598799026663897 ], [ -58.404001330709292, -34.59878347117531 ], [ -58.403467381980228, -34.598811324585277 ], [ -58.402939305108916, -34.598882318712931 ], [ -58.402422184983088, -34.598995769972596 ], [ -58.401921001041991, -34.599150585952387 ], [ -58.401440579348872, -34.599345275927433 ], [ -58.400985546136923, -34.599577965207395 ], [ -58.400560283274899, -34.59984641317984 ], [ -58.400168886080863, -34.60014803487671 ], [ -58.399815123889475, -34.600479925856035 ], [ -58.399502403752621, -34.600838890160389 ], [ -58.399402531255234, -34.600981109195949 ], [ -58.399258857926839, -34.600788994968369 ], [ -58.398934216595052, -34.600437341458665 ], [ -58.398569457285326, -34.600113692090041 ], [ -58.398168092863457, -34.59982116344294 ], [ -58.397733988559622, -34.599562572394028 ], [ -58.397271324749042, -34.599340409000995 ], [ -58.396784556703707, -34.599156812534034 ], [ -58.396278371702365, -34.599013550884436 ], [ -58.395757643911075, -34.598912003548179 ], [ -58.395227387468147, -34.59885314834797 ], [ -58.394692708224269, -34.598837552021472 ], [ -58.394158754601477, -34.598865364765935 ], [ -58.39363066804291, -34.598936318791907 ], [ -58.393113533529508, -34.599049730899743 ], [ -58.39310803171329, -34.599051429948346 ], [ -58.393075142825289, -34.599015799377668 ], [ -58.392710412046171, -34.598692131716298 ], [ -58.392309074511658, -34.59839958306317 ], [ -58.39187499519317, -34.598140970487634 ], [ -58.39141235422553, -34.597918784254674 ], [ -58.390925606660943, -34.597735163854409 ], [ -58.390419439581116, -34.597591877408526 ], [ -58.389898726979645, -34.597490304651728 ], [ -58.38936848284871, -34.597431423651436 ], [ -58.388833812920538, -34.597415801393659 ], [ -58.388299865527522, -34.59744358832527 ], [ -58.387771782052809, -34.597514516905271 ], [ -58.387254647447655, -34.597627904178978 ], [ -58.38675344129053, -34.597782658350397 ], [ -58.38627298985832, -34.597977289289695 ], [ -58.385817919670238, -34.598209922874844 ], [ -58.385392612950739, -34.598478319029667 ], [ -58.385001165439732, -34.598779893284977 ], [ -58.384647346955973, -34.599111741655697 ], [ -58.384334565092949, -34.59947066859479 ], [ -58.384065832396985, -34.59985321775514 ], [ -58.383843737343831, -34.600255705264132 ], [ -58.383670419393525, -34.600674255190299 ], [ -58.383547548364696, -34.601104836861303 ], [ -58.38347630832736, -34.601543303674177 ], [ -58.383457386170761, -34.601985433024211 ], [ -58.383490964957161, -34.602426966968181 ], [ -58.383576722126897, -34.6028636532306 ], [ -58.383713832573157, -34.60329128615777 ], [ -58.383900976558216, -34.603705747225405 ], [ -58.38413635239592, -34.604103044709376 ], [ -58.38441769377927, -34.604479352137297 ], [ -58.384742291587429, -34.604831045150441 ], [ -58.38510701996244, -34.605154736420118 ], [ -58.385508366405517, -34.605447308282457 ], [ -58.385942465602831, -34.605705942776204 ], [ -58.386405136655654, -34.605928148794064 ], [ -58.386891923355613, -34.606111786085599 ], [ -58.387398137117067, -34.606255085879994 ], [ -58.387918902152471, -34.606356667929568 ], [ -58.388449202454623, -34.606415553809775 ], [ -58.388983930132675, -34.606431176347094 ], [ -58.389517934634938, -34.606403385083915 ], [ -58.390046072383598, -34.606332447727688 ], [ -58.390563256341672, -34.606219047570349 ], [ -58.390568758681553, -34.606217348625854 ], [ -58.390601649471016, -34.606252979788941 ], [ -58.390966406390177, -34.606576652767636 ], [ -58.3913677797348, -34.606869204624047 ], [ -58.391801903931821, -34.607127817589571 ], [ -58.392264597841525, -34.607350000764264 ], [ -58.392751405035213, -34.607533614117749 ], [ -58.393257636729707, -34.607676889109783 ], [ -58.393778416964558, -34.607778445731654 ], [ -58.394308729586072, -34.607837305803827 ], [ -58.394843466584646, -34.60785290240139 ], [ -58.395377477318775, -34.607825085316691 ], [ -58.395905618150557, -34.607754122505966 ], [ -58.396422802013355, -34.607640697506447 ], [ -58.396924047433082, -34.607485902848573 ], [ -58.397404526529819, -34.607291229527284 ], [ -58.397859611536511, -34.607058552633674 ], [ -58.398284919385731, -34.606790113286138 ], [ -58.398676353934491, -34.606488497035151 ], [ -58.399030145419843, -34.60615660895013 ], [ -58.399342886765055, -34.605797645628996 ], [ -58.399442764843954, -34.605655426609367 ], [ -58.399586447369821, -34.605847540258274 ], [ -58.399911113261041, -34.606199191152655 ], [ -58.40027590509186, -34.60652283542494 ] ] ], [ [ [ -58.436921042146984, -34.602229398527378 ], [ -58.437285955705725, -34.602552929194346 ], [ -58.437687466188983, -34.602845325280555 ], [ -58.438121706701445, -34.603103770517698 ], [ -58.438584494981789, -34.603325775621585 ], [ -58.439071373691228, -34.60350920227723 ], [ -58.439577653356764, -34.603652283743124 ], [ -58.440098457555166, -34.603753641875102 ], [ -58.440628769901423, -34.603812300406084 ], [ -58.441163482388326, -34.6038276943531 ], [ -58.44169744461054, -34.603799675461097 ], [ -58.44222551339773, -34.603728513630799 ], [ -58.442742602377763, -34.603614894316991 ], [ -58.443243730991263, -34.603459911922315 ], [ -58.443724072484379, -34.603265059250376 ], [ -58.444179000416625, -34.603032213120102 ], [ -58.444604133234776, -34.602763616280114 ], [ -58.444995376483043, -34.602461855797792 ], [ -58.445348962242356, -34.602129838131603 ], [ -58.445661485418825, -34.601770761127241 ], [ -58.445929936531499, -34.601388083207837 ], [ -58.446151730684349, -34.60098549005523 ], [ -58.446324732443436, -34.600566859103992 ], [ -58.446447276380624, -34.600136222190308 ], [ -58.446518183086646, -34.599697726715746 ], [ -58.446536770500437, -34.599255595700576 ], [ -58.4465028604466, -34.598814087110924 ], [ -58.446416780319453, -34.598377452852318 ], [ -58.446279359898384, -34.597949897823845 ], [ -58.446091923326655, -34.597535539427632 ], [ -58.445856276331924, -34.597138367923137 ], [ -58.445574688812634, -34.596762208008002 ], [ -58.44524987295884, -34.596410681994854 ], [ -58.444884957119008, -34.596087174938553 ], [ -58.444483455664809, -34.595794802048964 ], [ -58.44404923514459, -34.595536378702917 ], [ -58.443586477051383, -34.595314393343415 ], [ -58.443099637563911, -34.595130983526616 ], [ -58.44259340464788, -34.594987915346955 ], [ -58.442072652929966, -34.594886566437992 ], [ -58.441542396778402, -34.594827912712375 ], [ -58.441007742040838, -34.594812518968432 ], [ -58.440473836903351, -34.594840533453379 ], [ -58.43994582234253, -34.594911686435871 ], [ -58.43942878264663, -34.595025292801118 ], [ -58.438927696481066, -34.59518025864412 ], [ -58.43844738896842, -34.595375091797308 ], [ -58.437992485243363, -34.595607916191881 ], [ -58.437567365928821, -34.595876489914495 ], [ -58.43717612496166, -34.596178226786158 ], [ -58.436822530173266, -34.596510221255727 ], [ -58.43650998700457, -34.59686927636897 ], [ -58.43624150570475, -34.597251934544005 ], [ -58.436019672329934, -34.597654510857772 ], [ -58.435846623821341, -34.598073128522785 ], [ -58.435724027403666, -34.598503756213454 ], [ -58.435653064502965, -34.598942246882622 ], [ -58.435634419339827, -34.599384377694754 ], [ -58.435668272308938, -34.599825890691456 ], [ -58.435754298209709, -34.600262533797874 ], [ -58.435891669346638, -34.60069010177488 ], [ -58.436079063470444, -34.601104476722789 ], [ -58.436314676484692, -34.601501667746014 ], [ -58.436596239796806, -34.60187784939685 ], [ -58.436921042146984, -34.602229398527378 ] ] ], [ [ [ -58.402556533443025, -34.596986165149595 ], [ -58.402921293694, -34.597309802712886 ], [ -58.403322661835048, -34.597602315725268 ], [ -58.403756772342845, -34.597860886792397 ], [ -58.404219444209239, -34.598083025418035 ], [ -58.404706221217694, -34.598266592001039 ], [ -58.405212414875656, -34.598409818451884 ], [ -58.405733149589075, -34.598511325229595 ], [ -58.406263409642811, -34.598570134634905 ], [ -58.406798087533751, -34.598585680231182 ], [ -58.407332033190031, -34.598557812302175 ], [ -58.40786010360091, -34.598486799294029 ], [ -58.408377212378419, -34.598373325227598 ], [ -58.408878378772123, -34.59821848310601 ], [ -58.409358775663712, -34.598023764381423 ], [ -58.409813776078373, -34.59779104458228 ], [ -58.410238997763877, -34.597522565240155 ], [ -58.410630345407519, -34.597220912290631 ], [ -58.410984050083712, -34.596888991156483 ], [ -58.411296705552132, -34.596529998753752 ], [ -58.411565301056619, -34.596147392691009 ], [ -58.411787250309459, -34.595744857958351 ], [ -58.411960416382009, -34.595326271428199 ], [ -58.412083132262829, -34.594895664509451 ], [ -58.412154216886044, -34.594457184315445 ], [ -58.412172986476648, -34.59401505371995 ], [ -58.412139261104521, -34.593573530685795 ], [ -58.412053366385322, -34.593136867258337 ], [ -58.411916130313053, -34.592709268618272 ], [ -58.411728875255996, -34.592294852588388 ], [ -58.411493405194349, -34.591897609983796 ], [ -58.41121198832338, -34.591521366187358 ], [ -58.410887335190694, -34.591169744319863 ], [ -58.410522572578714, -34.590846130359601 ], [ -58.410121213384613, -34.590553640546041 ], [ -58.409687122787837, -34.590295091382075 ], [ -58.40922448103138, -34.590072972522179 ], [ -58.408737743174704, -34.589889422807929 ], [ -58.408231596205745, -34.589746209680563 ], [ -58.407710913924333, -34.589644712169076 ], [ -58.407180710030694, -34.589585907616623 ], [ -58.406646089869689, -34.589570362273342 ], [ -58.406112201294711, -34.589598225845776 ], [ -58.405584185122876, -34.589669230055172 ], [ -58.40506712565778, -34.589782691218844 ], [ -58.404566001754795, -34.58993751682948 ], [ -58.404085638899339, -34.590132216069428 ], [ -58.403630662758253, -34.590364914159082 ], [ -58.403205454650937, -34.590633370401065 ], [ -58.402814109368293, -34.590934999747581 ], [ -58.402460395745159, -34.591266897682893 ], [ -58.402147720365726, -34.591625868182462 ], [ -58.401879094751287, -34.592008454479469 ], [ -58.401657106346683, -34.592410972343387 ], [ -58.401483893585123, -34.592829545550053 ], [ -58.401361125272295, -34.593260143202585 ], [ -58.40128998448899, -34.593698618543733 ], [ -58.401271157168424, -34.594140748886225 ], [ -58.401304825459263, -34.594582276276952 ], [ -58.401390665939417, -34.595018948503153 ], [ -58.401527852699282, -34.595446560045978 ], [ -58.401715065265627, -34.595860992586807 ], [ -58.401950501291125, -34.59625825467603 ], [ -58.402231893888519, -34.596634520181993 ], [ -58.402556533443025, -34.596986165149595 ] ] ], [ [ [ -58.423437849017098, -34.595402274706686 ], [ -58.423802680901595, -34.595725848091682 ], [ -58.424204111985603, -34.596018290858325 ], [ -58.424638276138921, -34.596276786288847 ], [ -58.42510099183616, -34.596498844615603 ], [ -58.425587802438052, -34.596682327010988 ], [ -58.42609401912808, -34.596825466196584 ], [ -58.426614766089955, -34.596926883472186 ], [ -58.427145027490347, -34.596985602000871 ], [ -58.42767969581309, -34.597001056221643 ], [ -58.428213621078449, -34.596973097298694 ], [ -58.428741660472255, -34.596901994554912 ], [ -58.429258727905534, -34.596788432875748 ], [ -58.429759843026417, -34.59663350610851 ], [ -58.430240179210919, -34.596438706520829 ], [ -58.430695110069486, -34.596205910420124 ], [ -58.431120254020385, -34.595937360073016 ], [ -58.431511516500272, -34.595635642098983 ], [ -58.431865129404429, -34.595303662547011 ], [ -58.432177687377028, -34.594944618895695 ], [ -58.432446180601509, -34.594561969246939 ], [ -58.432668023775719, -34.594159399010401 ], [ -58.432841080993136, -34.593740785400108 ], [ -58.432963686290996, -34.59331016008538 ], [ -58.433034659668671, -34.592871670356324 ], [ -58.433053318422594, -34.592429539178099 ], [ -58.43301948369006, -34.591988024518734 ], [ -58.432933482139759, -34.591551378342444 ], [ -58.432796142794238, -34.591123805663415 ], [ -58.432608789015937, -34.590709424054047 ], [ -58.432373225735283, -34.590312223997621 ], [ -58.432091722044689, -34.589936030466994 ], [ -58.431766989327194, -34.589584466098728 ], [ -58.431402155130996, -34.589260916317194 ], [ -58.43100073304192, -34.588968496743874 ], [ -58.430566588844478, -34.588710023205216 ], [ -58.430103903297187, -34.588487984627577 ], [ -58.429617131880676, -34.588304519079578 ], [ -58.429110961905593, -34.588161393192252 ], [ -58.428590267392963, -34.588059985154757 ], [ -58.428060062160533, -34.58800127144896 ], [ -58.427525451565998, -34.587985817450537 ], [ -58.426991583370587, -34.588013771986766 ], [ -58.426463598195326, -34.588084865903333 ], [ -58.425946580045611, -34.588198414653981 ], [ -58.425445507379344, -34.588353324888296 ], [ -58.424965205189004, -34.588548104973938 ], [ -58.424510298557806, -34.588780879352967 ], [ -58.424085168136394, -34.589049406593517 ], [ -58.423693907968214, -34.589351100964073 ], [ -58.423340286069134, -34.589683057322723 ], [ -58.423027708140644, -34.590042079082195 ], [ -58.422759184766207, -34.590424708981828 ], [ -58.422537302406603, -34.590827262370951 ], [ -58.42236419847427, -34.591245862682982 ], [ -58.422241540727157, -34.591676478759609 ], [ -58.42217051118152, -34.592114963665765 ], [ -58.422151794699396, -34.59255709462164 ], [ -58.422185572361975, -34.592998613667731 ], [ -58.42227151969373, -34.593435268671236 ], [ -58.422408809755709, -34.593862854278768 ], [ -58.42259612107938, -34.594277252421087 ], [ -58.422831650365865, -34.594674471979559 ], [ -58.423113129829098, -34.595050687231847 ], [ -58.423437849017098, -34.595402274706686 ] ] ], [ [ [ -58.446911104278634, -34.593455835674845 ], [ -58.447276015870045, -34.593779336896354 ], [ -58.447677516816462, -34.594071700685483 ], [ -58.44811174031414, -34.594330111085156 ], [ -58.448574504265395, -34.594552079146801 ], [ -58.449061351565632, -34.594735466912418 ], [ -58.44956759304435, -34.594878508015228 ], [ -58.450088352646155, -34.594979824700033 ], [ -58.450618614415689, -34.595038441099163 ], [ -58.451153270833103, -34.595053792635611 ], [ -58.451687172033388, -34.595025731462997 ], [ -58.452215175434262, -34.594954527889399 ], [ -58.452732195293784, -34.594840867771815 ], [ -58.452912090190217, -34.594785210383634 ], [ -58.452985248699264, -34.594769127107554 ], [ -58.453486304189632, -34.594614104223091 ], [ -58.453966570087047, -34.59441921281946 ], [ -58.45442142067953, -34.594186330088618 ], [ -58.454846475159151, -34.593917699131687 ], [ -58.455237639824972, -34.593615907344535 ], [ -58.455591147515115, -34.593283861487031 ], [ -58.455903593887811, -34.592924759676229 ], [ -58.456171970201972, -34.592542060573948 ], [ -58.456393692282042, -34.592139450065872 ], [ -58.45656662538822, -34.591720805753475 ], [ -58.456689104753416, -34.591290159601328 ], [ -58.45675995159008, -34.590851659099805 ], [ -58.456778484413427, -34.590409527317277 ], [ -58.456744525573484, -34.589968022227083 ], [ -58.456658402933982, -34.589531395700824 ], [ -58.45652094668327, -34.589103852562978 ], [ -58.456333481309187, -34.588689510100984 ], [ -58.45609781281626, -34.588292358420794 ], [ -58.455816211309475, -34.587916222029094 ], [ -58.455491389113156, -34.587564723011944 ], [ -58.45512647463638, -34.58724124616429 ], [ -58.454724982237359, -34.586948906405162 ], [ -58.454290778376937, -34.586690518792487 ], [ -58.453828044387478, -34.586468571425279 ], [ -58.453341236215479, -34.586285201494043 ], [ -58.45283504152502, -34.586142174709316 ], [ -58.452314334574766, -34.586040868306235 ], [ -58.451784129301934, -34.585982257788345 ], [ -58.451249531064484, -34.585966907538072 ], [ -58.450715687504712, -34.585994965384032 ], [ -58.45018773900658, -34.58606616117747 ], [ -58.449670769222564, -34.586179809391481 ], [ -58.449490890332719, -34.586235461664316 ], [ -58.449417738495704, -34.586251542695649 ], [ -58.448916724484462, -34.58640654800395 ], [ -58.448436491498967, -34.586601418912807 ], [ -58.447981663956661, -34.586834278989784 ], [ -58.447556621747253, -34.587102885977934 ], [ -58.447165458065456, -34.587404653377831 ], [ -58.446811939998703, -34.587736675344267 ], [ -58.446499472249336, -34.588095754657999 ], [ -58.446231064340431, -34.588478433503973 ], [ -58.446009301621416, -34.588881026759779 ], [ -58.445836320353052, -34.589299657474598 ], [ -58.445713787112396, -34.589730294196912 ], [ -58.445642882716918, -34.590168789792379 ], [ -58.445624290823496, -34.59061092137771 ], [ -58.445658191313441, -34.591052430986906 ], [ -58.445744258528137, -34.59148906657753 ], [ -58.445881664373744, -34.591916622982687 ], [ -58.446069086266206, -34.592330982413976 ], [ -58.446304719841208, -34.592728154125169 ], [ -58.446586296307679, -34.593104312854521 ], [ -58.446911104278634, -34.593455835674845 ] ] ], [ [ [ -58.41193897007556, -34.590676310566003 ], [ -58.412303737264438, -34.590999920183691 ], [ -58.412705106056642, -34.591292402556199 ], [ -58.413139210922324, -34.591550940584334 ], [ -58.413601870907478, -34.59177304409021 ], [ -58.41408862990982, -34.591956573811075 ], [ -58.41459479961015, -34.59209976201258 ], [ -58.415115504645151, -34.592201229522331 ], [ -58.415645729585592, -34.592259999019447 ], [ -58.416180367266726, -34.592275504451841 ], [ -58.416714268004135, -34.592247596490274 ], [ -58.417242289219978, -34.592176543966602 ], [ -58.417759345000427, -34.592063031282393 ], [ -58.418260455105795, -34.591908151812845 ], [ -58.418740792960278, -34.591713397369865 ], [ -58.419195732158045, -34.591480643825932 ], [ -58.4196208910368, -34.591212133037658 ], [ -58.420012174889095, -34.590910451243424 ], [ -58.420365815404004, -34.5905785041437 ], [ -58.420678406959375, -34.59021948890453 ], [ -58.420946939414804, -34.589836863354215 ], [ -58.421168827089907, -34.589434312670413 ], [ -58.421341933649131, -34.589015713878936 ], [ -58.421464592654168, -34.58858509850657 ], [ -58.421535623586799, -34.588146613747845 ], [ -58.421554343188916, -34.587704482520294 ], [ -58.421520572011559, -34.587262962792643 ], [ -58.421452865687137, -34.586918934852534 ], [ -58.421780071938443, -34.586847085247882 ], [ -58.422281143007311, -34.586692190087192 ], [ -58.422761441316688, -34.586497420620461 ], [ -58.423216340841797, -34.586264652864855 ], [ -58.423641460302669, -34.585996128813825 ], [ -58.42403270537163, -34.585694434833449 ], [ -58.424386308111409, -34.585362476741501 ], [ -58.424698863263764, -34.585003451809797 ], [ -58.424967361038924, -34.584620817959895 ], [ -58.425189216090502, -34.584218260449276 ], [ -58.425362292397089, -34.583799656369415 ], [ -58.425484923811645, -34.583369037297899 ], [ -58.425555930081522, -34.582930550464802 ], [ -58.425574628185942, -34.582488418807486 ], [ -58.425540838882803, -34.582046900298756 ], [ -58.425454888402911, -34.58161024694008 ], [ -58.425317605276682, -34.581182663815007 ], [ -58.425130312324917, -34.580768268596714 ], [ -58.424894813892131, -34.580371051899789 ], [ -58.424613378446139, -34.579994838857473 ], [ -58.42428871671283, -34.57964325229446 ], [ -58.423923955556916, -34.579319677849043 ], [ -58.423522607861024, -34.579027231380344 ], [ -58.423088538693548, -34.578768728973934 ], [ -58.422625928090795, -34.578546659834252 ], [ -58.422139230812043, -34.578363162324287 ], [ -58.421633133454421, -34.578220003382874 ], [ -58.421112509340098, -34.578118561517428 ], [ -58.420582371609335, -34.578059813535525 ], [ -58.420047824970148, -34.578044325142827 ], [ -58.419514016568328, -34.578072245497694 ], [ -58.418986086449401, -34.57814330577483 ], [ -58.418469118088808, -34.578256821751751 ], [ -58.417968089465219, -34.578411700393445 ], [ -58.417898650014912, -34.578439858666364 ], [ -58.417825887066371, -34.57836104923831 ], [ -58.417461156053307, -34.57803745465155 ], [ -58.41705983656508, -34.577744986155601 ], [ -58.416625793398609, -34.577486460048164 ], [ -58.416163206340045, -34.577264365761927 ], [ -58.415676529922131, -34.577080841901982 ], [ -58.415170450541297, -34.576937655660828 ], [ -58.414649841346751, -34.57683618580873 ], [ -58.414119715335218, -34.576777409422675 ], [ -58.413585177101957, -34.576761892481734 ], [ -58.413051373711852, -34.576789784419056 ], [ -58.412523445162208, -34.576860816682874 ], [ -58.412006474913341, -34.576974305320391 ], [ -58.411505440962003, -34.577129157559746 ], [ -58.411025167927868, -34.577323882326866 ], [ -58.410570280613236, -34.577556604596232 ], [ -58.410145159482525, -34.57782508343756 ], [ -58.409753898489342, -34.578126733585265 ], [ -58.409400265657041, -34.578458650323135 ], [ -58.409087666791926, -34.578817637445354 ], [ -58.408819112678444, -34.579200238024868 ], [ -58.408597190072804, -34.579602767693331 ], [ -58.408424036774335, -34.580021350112688 ], [ -58.408301321015792, -34.580451954297146 ], [ -58.40823022537149, -34.580890433426319 ], [ -58.40821143533946, -34.581332564776282 ], [ -58.408245132708736, -34.581774090384059 ], [ -58.408330993776659, -34.582210758053918 ], [ -58.408468192434782, -34.582638362310846 ], [ -58.408655408094702, -34.583052784906315 ], [ -58.408890838378774, -34.583450034486468 ], [ -58.409172216454493, -34.58382628504021 ], [ -58.409496832846521, -34.584177912756495 ], [ -58.409861561516919, -34.584501530935611 ], [ -58.410262889963143, -34.584794022617842 ], [ -58.410696953043995, -34.585052570614401 ], [ -58.411159570208071, -34.585274684651459 ], [ -58.411475114707933, -34.585393676979351 ], [ -58.411261038102595, -34.585698659395604 ], [ -58.411039111271229, -34.586101193223975 ], [ -58.410865958024075, -34.586519778706311 ], [ -58.410743246593626, -34.586950384827304 ], [ -58.410672159512771, -34.587388864747922 ], [ -58.410653382197388, -34.587830995736589 ], [ -58.410687096314291, -34.588272519833751 ], [ -58.410772977999819, -34.588709184858203 ], [ -58.410910200947129, -34.58913678536026 ], [ -58.411097444334132, -34.589551203127535 ], [ -58.411332905516275, -34.589948446852553 ], [ -58.411614317363608, -34.590324690580523 ], [ -58.41193897007556, -34.590676310566003 ] ] ], [ [ [ -58.434886203219605, -34.576166240730899 ], [ -58.43525099146057, -34.576489781852928 ], [ -58.43565236632729, -34.576782189142051 ], [ -58.436086462230747, -34.577040646222407 ], [ -58.43654909830267, -34.577262663696004 ], [ -58.437035818670729, -34.577446103129056 ], [ -58.437541935387621, -34.57758919765719 ], [ -58.438062573600277, -34.577690569010606 ], [ -58.438592718523211, -34.577749240795022 ], [ -58.439127263762664, -34.577764647899869 ], [ -58.43966106052504, -34.577736641943353 ], [ -58.440188967234512, -34.577665492701541 ], [ -58.440705899080854, -34.577551885507845 ], [ -58.441206877018836, -34.577396914647956 ], [ -58.441687075746444, -34.577202072814174 ], [ -58.442141870198704, -34.576969236720778 ], [ -58.442566880108252, -34.576700649019358 ], [ -58.442958012203185, -34.576398896688985 ], [ -58.443311499634916, -34.576066886109288 ], [ -58.443623938256231, -34.575707815057406 ], [ -58.443892319400113, -34.575325141898809 ], [ -58.444114058843759, -34.574922552269236 ], [ -58.444287021679358, -34.574503923569125 ], [ -58.444409542852704, -34.574073287612798 ], [ -58.444480443172786, -34.573634791792507 ], [ -58.444499040638988, -34.573192659131784 ], [ -58.444465156978033, -34.572751147612649 ], [ -58.444379119329007, -34.572314509168891 ], [ -58.444241757061228, -34.571886948740072 ], [ -58.444054393757021, -34.571472583780533 ], [ -58.443818834437714, -34.57107540461319 ], [ -58.443537348156781, -34.570699236009744 ], [ -58.443212646128899, -34.570347700366838 ], [ -58.442847855606132, -34.570024182832384 ], [ -58.442446489753294, -34.569731798717505 ], [ -58.442012413813032, -34.569473363507456 ], [ -58.441549807886403, -34.569251365759783 ], [ -58.441063126687304, -34.569067943150209 ], [ -58.440557056657795, -34.568924861896612 ], [ -58.440036470856754, -34.568823499758615 ], [ -58.439506382055527, -34.568764832776409 ], [ -58.438971894491139, -34.568749425875978 ], [ -58.438438154740801, -34.568777427431286 ], [ -58.437910302189344, -34.568848567835381 ], [ -58.437393419565787, -34.568962162094493 ], [ -58.436892484023723, -34.569117116419996 ], [ -58.436412319235913, -34.569311938754971 ], [ -58.43595754896306, -34.569544753134544 ], [ -58.435532552543322, -34.569813317741485 ], [ -58.435141422730197, -34.570115046484275 ], [ -58.434787926284571, -34.570447033889735 ], [ -58.434475467700068, -34.570806083071311 ], [ -58.434207056410877, -34.571188736503991 ], [ -58.433985277798286, -34.571591309310072 ], [ -58.433812268275325, -34.572009924735646 ], [ -58.433689694690351, -34.572440551476546 ], [ -58.433618738248569, -34.572879042494634 ], [ -58.433600083107301, -34.573321174950948 ], [ -58.433633909756225, -34.573762690871298 ], [ -58.433719893247222, -34.574199338152766 ], [ -58.433857206292217, -34.574626911516155 ], [ -58.434044527200506, -34.575041293010102 ], [ -58.434280052580007, -34.575438491676238 ], [ -58.43456151468154, -34.575814681993528 ], [ -58.434886203219605, -34.576166240730899 ] ] ], [ [ [ -58.439968767862823, -34.557797711866179 ], [ -58.440333492413792, -34.558121240248042 ], [ -58.440734793840107, -34.558413633430632 ], [ -58.441168807259906, -34.558672075174215 ], [ -58.441631352599423, -34.558894076228775 ], [ -58.442117974860331, -34.559077498318857 ], [ -58.442623987040534, -34.559220574747393 ], [ -58.443144515294215, -34.559321927419134 ], [ -58.443674545895448, -34.559380580119885 ], [ -58.444208973552144, -34.559395967923017 ], [ -58.444742650603821, -34.559367942632782 ], [ -58.445270436628327, -34.559296774211489 ], [ -58.44578724797843, -34.559183148177297 ], [ -58.446288106770098, -34.559028158997343 ], [ -58.446768188849454, -34.55883329954024 ], [ -58.447222870275453, -34.55860044668988 ], [ -58.447647771869754, -34.558331843259118 ], [ -58.448038801403925, -34.558030076378259 ], [ -58.448392193017312, -34.557698052566849 ], [ -58.448704543485555, -34.557338969729201 ], [ -58.448972844990514, -34.556956286344061 ], [ -58.449194514076105, -34.556553688145378 ], [ -58.44936741651172, -34.556135052615872 ], [ -58.449489887824363, -34.555704411635396 ], [ -58.44956074930262, -34.555265912644408 ], [ -58.449579319319206, -34.554823778696793 ], [ -58.449545419864528, -34.554382267786842 ], [ -58.44945937822893, -34.553945631842424 ], [ -58.449322023819413, -34.553518075778989 ], [ -58.449134680141874, -34.553103717008831 ], [ -58.448899152027934, -34.552706545795367 ], [ -58.448617708229968, -34.552330386833823 ], [ -58.448293059553045, -34.551978862428115 ], [ -58.447928332735067, -34.551655357618159 ], [ -58.447527040327124, -34.551362987592732 ], [ -58.447093046864488, -34.551104567701678 ], [ -58.446630531654002, -34.550882586355243 ], [ -58.44614394853614, -34.550699181071487 ], [ -58.445637983008758, -34.550556117901635 ], [ -58.44511750712482, -34.550454774431408 ], [ -58.444587532597737, -34.550396126521399 ], [ -58.444053162564678, -34.550380738914114 ], [ -58.443519542471691, -34.550408759797797 ], [ -58.44299181055203, -34.550479919379455 ], [ -58.442475048373709, -34.550593532480647 ], [ -58.44197423193112, -34.550748505131253 ], [ -58.441494183750699, -34.550943345097842 ], [ -58.441039526470753, -34.551176176245569 ], [ -58.440614638341714, -34.551444756595579 ], [ -58.440223611074543, -34.551746499904553 ], [ -58.439870210442798, -34.552078500558778 ], [ -58.439557840017386, -34.552437561543897 ], [ -58.439289508383403, -34.55282022522092 ], [ -58.439067800154767, -34.553222806613263 ], [ -58.43889485106633, -34.553641428884092 ], [ -58.43877232738393, -34.554072060663046 ], [ -58.438701409831538, -34.554510554863306 ], [ -58.4386827821913, -34.554952688615082 ], [ -58.438716624687316, -34.555394203931584 ], [ -58.438802612218048, -34.555830848715637 ], [ -58.438939917455791, -34.556258417712066 ], [ -58.43912721878425, -34.556672793011579 ], [ -58.439362712999255, -34.557069983715543 ], [ -58.439644132651175, -34.557446164379726 ], [ -58.439968767862823, -34.557797711866179 ] ] ], [ [ [ -58.37062058903205, -34.650056014381178 ], [ -58.370985468149428, -34.650379742161306 ], [ -58.371386990057275, -34.650672354401145 ], [ -58.371821287752191, -34.650931032749938 ], [ -58.372284178423627, -34.651153285677438 ], [ -58.372771203747654, -34.651336972480784 ], [ -58.373277672839663, -34.651480323911699 ], [ -58.373798707451925, -34.651581959224636 ], [ -58.374329288979617, -34.651640899481556 ], [ -58.374864306821856, -34.651656576984813 ], [ -58.375398607630714, -34.651628840747101 ], [ -58.375927044972826, -34.651557957945741 ], [ -58.376444528924083, -34.651444611347181 ], [ -58.376946075118475, -34.65128989272673 ], [ -58.377426852777681, -34.65109529234708 ], [ -58.377882231257701, -34.65086268459708 ], [ -58.378307824663409, -34.650594309929524 ], [ -58.378699534100654, -34.650292753272403 ], [ -58.379053587158346, -34.649960919121753 ], [ -58.379366574240301, -34.649602003556701 ], [ -58.379635481396441, -34.64921946344667 ], [ -58.379857719337849, -34.648816983147526 ], [ -58.380031148356302, -34.648398439008425 ], [ -58.380154098909109, -34.647967862030953 ], [ -58.380225387671899, -34.647529399041034 ], [ -58.380244328905505, -34.647087272747541 ], [ -58.380210741028911, -34.646645741072632 ], [ -58.380124948335911, -34.646209056145423 ], [ -58.379987777840377, -34.645781423354151 ], [ -58.379800551281463, -34.645366960850694 ], [ -58.379565072367264, -34.644969659897797 ], [ -58.379283609380472, -34.644593346440118 ], [ -58.37895887331473, -34.644241644269073 ], [ -58.37859399175273, -34.643917940135751 ], [ -58.37819247873842, -34.643625351147499 ], [ -58.377758200933407, -34.64336669476149 ], [ -58.377295340383874, -34.643144461663965 ], [ -58.37680835425622, -34.642960791795765 ], [ -58.376301931928715, -34.64281745375429 ], [ -58.375780949851972, -34.642715827770608 ], [ -58.375548265037352, -34.642689979418357 ], [ -58.37599539223951, -34.642629997520991 ], [ -58.37651282101951, -34.642516651789911 ], [ -58.377014313872756, -34.642361933947889 ], [ -58.377495040534882, -34.64216733425009 ], [ -58.377950370853256, -34.641934727078649 ], [ -58.378375919396738, -34.641666352880726 ], [ -58.378767587703308, -34.641364796579659 ], [ -58.379121603758044, -34.64103296266795 ], [ -58.37943455832103, -34.640674047222305 ], [ -58.379703437755254, -34.640291507110916 ], [ -58.379925653038605, -34.639889026689524 ], [ -58.380099064680806, -34.639470482308404 ], [ -58.380222003306258, -34.639039904971391 ], [ -58.3802932857051, -34.638601441507824 ], [ -58.380312226199095, -34.638159314631103 ], [ -58.380278643213991, -34.637717782269 ], [ -58.380192860996118, -34.637281096557274 ], [ -58.380055706458108, -34.636853462891679 ], [ -58.379868501185122, -34.636438999432656 ], [ -58.37963304867997, -34.636041697452193 ], [ -58.37935161697083, -34.635665382904932 ], [ -58.379026916749922, -34.635313679592862 ], [ -58.378662075254667, -34.63498997427822 ], [ -58.378260606143101, -34.634697384079793 ], [ -58.377826375654081, -34.634438726466541 ], [ -58.377363565378239, -34.634216492136659 ], [ -58.376876631997966, -34.634032821042879 ], [ -58.37637026438383, -34.63388948179459 ], [ -58.375849338459787, -34.63378785463447 ], [ -58.375318870271315, -34.63372891815343 ], [ -58.374783967707096, -34.633713239871362 ], [ -58.374249781338463, -34.633740970774326 ], [ -58.373721454848521, -34.63381184386072 ], [ -58.373204075527305, -34.633925176710136 ], [ -58.37270262530852, -34.634079878050706 ], [ -58.372221932818086, -34.634274458261423 ], [ -58.37176662689545, -34.634507043709036 ], [ -58.371341092034243, -34.634775394781208 ], [ -58.370949426170668, -34.635076927443308 ], [ -58.370595401225771, -34.635408738111266 ], [ -58.370282426781131, -34.635767631601617 ], [ -58.370013517237751, -34.636150151889936 ], [ -58.369791262774882, -34.636552615382222 ], [ -58.36961780438839, -34.636971146378798 ], [ -58.369494813250277, -34.637401714390194 ], [ -58.36942347458843, -34.637840172945438 ], [ -58.369404476243211, -34.638282299519759 ], [ -58.369438002012082, -34.638723836197023 ], [ -58.369523729847501, -34.639160530675611 ], [ -58.369660834926719, -34.639588177222876 ], [ -58.369847997565252, -34.640002657183345 ], [ -58.370083415898698, -34.640399978650883 ], [ -58.370364823212114, -34.640776314921986 ], [ -58.370689509750754, -34.641128041359799 ], [ -58.371054348803014, -34.641451770313424 ], [ -58.371455826804727, -34.641744383755587 ], [ -58.371890077175422, -34.642003063324111 ], [ -58.372352917560406, -34.642225317477092 ], [ -58.372839890120197, -34.64240900549995 ], [ -58.373346304478602, -34.642552358132789 ], [ -58.373867282915306, -34.642653994618513 ], [ -58.37409996721852, -34.64267984619417 ], [ -58.373652838143329, -34.642739821177777 ], [ -58.373135403672883, -34.642853154890865 ], [ -58.372633900132037, -34.64300785700479 ], [ -58.372153156659984, -34.643202437891183 ], [ -58.371697802586922, -34.643435023910349 ], [ -58.371272222870019, -34.643703375444574 ], [ -58.370880515877396, -34.644004908454875 ], [ -58.370526453926161, -34.644336719353966 ], [ -58.370213446954303, -34.64469561295622 ], [ -58.369944509676245, -34.645078133236282 ], [ -58.369722232538486, -34.645480596600308 ], [ -58.369548756755535, -34.645899127349942 ], [ -58.369425753667201, -34.64632969499818 ], [ -58.3693544086168, -34.646768153077595 ], [ -58.369335409506569, -34.647210279068027 ], [ -58.36936894014169, -34.647651815058964 ], [ -58.369454678428141, -34.648088508755407 ], [ -58.369591799442873, -34.648516154432173 ], [ -58.369778983348219, -34.648930633442163 ], [ -58.370014428075265, -34.649327953888289 ], [ -58.370295866655113, -34.649704289076794 ], [ -58.37062058903205, -34.650056014381178 ] ] ], [ [ [ -58.398664797206401, -34.64485597218335 ], [ -58.399029758924435, -34.645179614218257 ], [ -58.399431350434575, -34.64547213256224 ], [ -58.399865704062194, -34.645730709768991 ], [ -58.400328636457267, -34.645952855282538 ], [ -58.40081568889331, -34.646136429434847 ], [ -58.401322170224056, -34.646279664062966 ], [ -58.401843202083505, -34.646381179546722 ], [ -58.402373765893138, -34.646439998102686 ], [ -58.402908751222654, -34.646455553205847 ], [ -58.40344300503741, -34.646427695048267 ], [ -58.403971381356961, -34.646356691981978 ], [ -58.404488790845399, -34.646243227932203 ], [ -58.404990249854492, -34.646088395805862 ], [ -58.405470928446363, -34.645893686959155 ], [ -58.405926196931958, -34.645660976825845 ], [ -58.406351670476425, -34.645392506844921 ], [ -58.406743251340906, -34.645090862862382 ], [ -58.407097168353516, -34.644758950215241 ], [ -58.407410013229153, -34.644399965738437 ], [ -58.407678773388099, -34.644017366964775 ], [ -58.407900860957803, -34.643614838814756 ], [ -58.408074137678781, -34.643196258097923 ], [ -58.408196935475452, -34.642765656167597 ], [ -58.408268072494792, -34.642327180089453 ], [ -58.408286864459036, -34.641885052697837 ], [ -58.408253131224555, -34.641443531924864 ], [ -58.408167198484676, -34.641006869794104 ], [ -58.408029894601469, -34.64057927147369 ], [ -58.407842542598033, -34.640164854783059 ], [ -58.407606947389752, -34.639767610543352 ], [ -58.407325378378431, -34.63939136415275 ], [ -58.407000547577809, -34.639039738756559 ], [ -58.406635583481986, -34.638716120366404 ], [ -58.406234000928762, -34.638423625263918 ], [ -58.405857932011145, -34.638199754722002 ], [ -58.405928812224253, -34.638071284320553 ], [ -58.406102088412347, -34.63765270607643 ], [ -58.406224889320654, -34.637222105703188 ], [ -58.406296033065928, -34.636783630251493 ], [ -58.406314835305388, -34.636341502549705 ], [ -58.406281115796233, -34.635899980532962 ], [ -58.406195200099383, -34.63546331623683 ], [ -58.406057916412571, -34.635035714850353 ], [ -58.405870587564259, -34.634621294222619 ], [ -58.405635018246699, -34.634224045212733 ], [ -58.405353477612259, -34.633847793264891 ], [ -58.405028677401354, -34.633496161577995 ], [ -58.404663745813515, -34.63317253622435 ], [ -58.404262197373505, -34.632880033552709 ], [ -58.403827899083318, -34.632621470189179 ], [ -58.403365033185722, -34.632399335924454 ], [ -58.402878056898075, -34.632215769747916 ], [ -58.40237165950353, -34.632072539258907 ], [ -58.40185071721239, -34.631971023653151 ], [ -58.401320246227421, -34.631912200447715 ], [ -58.400785354464126, -34.631896636072149 ], [ -58.40025119238981, -34.631924480416068 ], [ -58.399722903453835, -34.631995465385906 ], [ -58.399205574584919, -34.632108907484273 ], [ -58.398704187231388, -34.632263714387648 ], [ -58.398223569414377, -34.632458395458784 ], [ -58.397768349254953, -34.632691076093394 ], [ -58.397342910421607, -34.632959515762657 ], [ -58.396951349926631, -34.633261129578862 ], [ -58.396597438677198, -34.633593013176345 ], [ -58.396284585160785, -34.633951970669209 ], [ -58.396015802614613, -34.634334545416458 ], [ -58.395793679995592, -34.63473705329929 ], [ -58.395620357030481, -34.635155618190197 ], [ -58.395497503587563, -34.635586209272795 ], [ -58.395426303568954, -34.636024679853463 ], [ -58.395407443479982, -34.636466807291015 ], [ -58.395441105786567, -34.636908333660486 ], [ -58.395526967126045, -34.637345006759034 ], [ -58.395664201389629, -34.63777262105932 ], [ -58.395851487648152, -34.638187058216026 ], [ -58.396087022846068, -34.638584326734815 ], [ -58.396368539142209, -34.638960600421797 ], [ -58.396693325731441, -34.639312255242615 ], [ -58.397058254937747, -34.639635904235973 ], [ -58.39745981232786, -34.63992843014465 ], [ -58.397835867555912, -34.640152326888071 ], [ -58.397764973033865, -34.640280792885875 ], [ -58.397591649520471, -34.640699360248796 ], [ -58.397468799172934, -34.641129952888875 ], [ -58.397397605863787, -34.6415684240975 ], [ -58.397378756033987, -34.642010551227429 ], [ -58.397412432050899, -34.642452076356591 ], [ -58.397498310420026, -34.642888747294037 ], [ -58.397635564868757, -34.643316358533198 ], [ -58.397822874273714, -34.643730791758159 ], [ -58.398058435356553, -34.644128055512383 ], [ -58.39833998002689, -34.644504323647745 ], [ -58.398664797206401, -34.64485597218335 ] ] ], [ [ [ -58.356526087146257, -34.637007681455991 ], [ -58.356890853996582, -34.637331454724048 ], [ -58.357292263474136, -34.637624116636047 ], [ -58.357726449658841, -34.637882848362977 ], [ -58.358189230814673, -34.638105157860608 ], [ -58.358676149673073, -34.638288903881254 ], [ -58.359182516375498, -34.63843231660627 ], [ -58.359703453660977, -34.638534014699694 ], [ -58.360233943862696, -34.638593018618671 ], [ -58.360768877259922, -34.638608760052236 ], [ -58.361303101318548, -34.638581087397085 ], [ -58.361831470344825, -34.638510267217889 ], [ -58.362348895072898, -34.638396981677666 ], [ -58.362850391707347, -34.638242321963418 ], [ -58.363331129947198, -34.638047777770169 ], [ -58.363786479528038, -34.637815222945321 ], [ -58.364212054832862, -34.637546897431733 ], [ -58.364603757141481, -34.637245385683777 ], [ -58.364957814111051, -34.636913591764781 ], [ -58.365270816107149, -34.636554711366308 ], [ -58.365539749035428, -34.636172201019058 ], [ -58.365762023358101, -34.635769744792249 ], [ -58.365935499015841, -34.635351218803308 ], [ -58.366058506016117, -34.634920653879135 ], [ -58.366129860490197, -34.634482196729763 ], [ -58.366148876065488, -34.634040070008091 ], [ -58.366115370444433, -34.633598531640665 ], [ -58.366029667128217, -34.633161833821383 ], [ -58.365892592269581, -34.63273418206294 ], [ -58.365705466686464, -34.632319694700236 ], [ -58.365470093114389, -34.631922363235788 ], [ -58.365188738821629, -34.631546013908363 ], [ -58.364864113755253, -34.631194270855133 ], [ -58.364499344429277, -34.630870521221112 ], [ -58.364097943807209, -34.630577882552039 ], [ -58.363663777468794, -34.630319172783672 ], [ -58.363201026387387, -34.630096883116416 ], [ -58.362714146675785, -34.629913154035876 ], [ -58.362207826688177, -34.62976975470967 ], [ -58.361686941890277, -34.629668065958896 ], [ -58.361156507931831, -34.629609066967348 ], [ -58.360621632372187, -34.629593325856668 ], [ -58.360087465522795, -34.629620994217696 ], [ -58.359559150878866, -34.629691805650815 ], [ -58.359041775616383, -34.629805078329085 ], [ -58.358540321629839, -34.629959721559857 ], [ -58.358059617581233, -34.630154246281485 ], [ -58.357604292421073, -34.630386779394868 ], [ -58.35717873082789, -34.63065508179151 ], [ -58.356787030994901, -34.630956569905415 ], [ -58.356432965169851, -34.631288340581499 ], [ -58.356119943327464, -34.631647199021394 ], [ -58.355850980324746, -34.632029689538285 ], [ -58.355628666855281, -34.632432128824981 ], [ -58.355455144482725, -34.632850641415118 ], [ -58.355332084994892, -34.633281196996634 ], [ -58.35526067427751, -34.633719649218577 ], [ -58.355241600864645, -34.634161775617372 ], [ -58.355275049276479, -34.634603318278927 ], [ -58.355360698210333, -34.63504002484428 ], [ -58.355497723603378, -34.635467689464654 ], [ -58.355684806538612, -34.635882193310842 ], [ -58.35592014591942, -34.636279544246932 ], [ -58.356201475791487, -34.6366559152858 ], [ -58.356526087146257, -34.637007681455991 ] ] ], [ [ [ -58.398952684708661, -34.628956133847311 ], [ -58.399317575663723, -34.629279777495164 ], [ -58.399719089516168, -34.62957229745885 ], [ -58.400153359339363, -34.629830876276628 ], [ -58.400616202590534, -34.630053023377251 ], [ -58.401103161402048, -34.630236599077534 ], [ -58.401609545529716, -34.630379835199818 ], [ -58.402130477544169, -34.630481352109648 ], [ -58.40266093982904, -34.630540172009972 ], [ -58.403195822932396, -34.63055572836285 ], [ -58.403729974804726, -34.630527871348377 ], [ -58.404258250448002, -34.630456869307537 ], [ -58.404775561496514, -34.630343406155625 ], [ -58.405276925250625, -34.630188574790807 ], [ -58.405757512690286, -34.62999386656184 ], [ -58.406212695004712, -34.62976115689635 ], [ -58.406638088189204, -34.629492687228684 ], [ -58.407029595278999, -34.629191043401605 ], [ -58.407383445812755, -34.628859130750413 ], [ -58.407696232145483, -34.628500146109928 ], [ -58.407964942261103, -34.628117547014291 ], [ -58.408186988768648, -34.627715018386972 ], [ -58.408360233803663, -34.62729643704192 ], [ -58.408483009595251, -34.626865834338389 ], [ -58.408554134501649, -34.626427357349399 ], [ -58.408572924361167, -34.625985228918019 ], [ -58.408539199049791, -34.625543706986356 ], [ -58.408453284183892, -34.625107043589146 ], [ -58.408316007952777, -34.624679443906771 ], [ -58.408128693112666, -34.624265025771905 ], [ -58.40789314422058, -34.623867780019729 ], [ -58.407611630231834, -34.62349153206312 ], [ -58.407286862630002, -34.623139905062644 ], [ -58.406921969300377, -34.622816285045587 ], [ -58.406520464399172, -34.622523788309429 ], [ -58.40608621450906, -34.62226523142327 ], [ -58.405623401406778, -34.622043104115541 ], [ -58.405136481801364, -34.621859545308794 ], [ -58.404630144430314, -34.621716322531476 ], [ -58.404109264926177, -34.621614814905215 ], [ -58.403578858887414, -34.621555999870317 ], [ -58.403044033604409, -34.621540443777704 ], [ -58.402509938904679, -34.62156829643731 ], [ -58.401981717589152, -34.621639289675493 ], [ -58.401464455935752, -34.621752739915259 ], [ -58.400963134745872, -34.621907554754614 ], [ -58.400482581403857, -34.622102243479887 ], [ -58.40002742341013, -34.622334931412986 ], [ -58.399602043834768, -34.622603377954682 ], [ -58.399210539119551, -34.622904998150958 ], [ -58.398856679634548, -34.62323688757462 ], [ -58.39854387336873, -34.6235958502835 ], [ -58.398275133104235, -34.623978429586217 ], [ -58.398053047390597, -34.624380941319998 ], [ -58.39787975559895, -34.624799509320077 ], [ -58.397756927297038, -34.625230102740034 ], [ -58.397685746144539, -34.625668574863603 ], [ -58.397666898464664, -34.626110703034712 ], [ -58.397700566603447, -34.626552229321234 ], [ -58.397786427141604, -34.626988901521102 ], [ -58.397923653977614, -34.627416514115637 ], [ -58.398110926253473, -34.627830948775951 ], [ -58.398346441047927, -34.628228214031836 ], [ -58.398627930715968, -34.628604483720864 ], [ -58.398952684708661, -34.628956133847311 ] ] ], [ [ [ -58.368555914776834, -34.606304804765514 ], [ -58.368920588642048, -34.606628545701717 ], [ -58.369321887413157, -34.606921171939568 ], [ -58.369755946236005, -34.607179864994073 ], [ -58.370218584601147, -34.607402133193844 ], [ -58.370705346615487, -34.607585835689427 ], [ -58.37121154393148, -34.607729203081782 ], [ -58.371732300920215, -34.60783085447197 ], [ -58.372262601652217, -34.607889810767354 ], [ -58.372797338232523, -34.607905504115891 ], [ -58.373331360023741, -34.607877783377702 ], [ -58.373859523281354, -34.607806915580689 ], [ -58.374376740722518, -34.607693583346617 ], [ -58.374878030549361, -34.60753887831217 ], [ -58.375358564453826, -34.607344290608737 ], [ -58.375813714140413, -34.607111694502649 ], [ -58.376239095918145, -34.60684333033408 ], [ -58.376630612931308, -34.606541782929312 ], [ -58.376984494622057, -34.606209956694741 ], [ -58.377297333044169, -34.605851047632733 ], [ -58.377566115678633, -34.605468512549528 ], [ -58.377788254434755, -34.605066035752152 ], [ -58.377961610558266, -34.604647493555632 ], [ -58.37808451520705, -34.604216916942562 ], [ -58.378136992023201, -34.603894073066691 ], [ -58.378313886440949, -34.603573561006698 ], [ -58.378487237058579, -34.603155018100296 ], [ -58.378610137043786, -34.602724440972189 ], [ -58.378681403557501, -34.602285976449529 ], [ -58.378700351073007, -34.60184384725585 ], [ -58.378666797946948, -34.601402311341218 ], [ -58.378581068136612, -34.600965620875691 ], [ -58.378443988048545, -34.600537981301009 ], [ -58.378256878549642, -34.600123510834763 ], [ -58.378021542219315, -34.599726200816733 ], [ -58.37774024596601, -34.59934987727938 ], [ -58.377415699176872, -34.598998164111705 ], [ -58.377051027611365, -34.598674448171273 ], [ -58.376649743290976, -34.5983818466797 ], [ -58.376215710675176, -34.59812317721515 ], [ -58.375753109449519, -34.597900930590356 ], [ -58.37526639428394, -34.597717246876883 ], [ -58.374760251948494, -34.597573894805954 ], [ -58.374239556198816, -34.597472254744012 ], [ -58.373709320865025, -34.597413305406349 ], [ -58.373174651594766, -34.597397614436794 ], [ -58.372640696714093, -34.597425332943629 ], [ -58.372112597678232, -34.597496194044481 ], [ -58.371595439588106, -34.597609515434222 ], [ -58.371094202248074, -34.597764205951087 ], [ -58.370613712235006, -34.597958776077974 ], [ -58.370158596439254, -34.598191352278363 ], [ -58.369733237523995, -34.598459695028538 ], [ -58.369341731731311, -34.598761220373596 ], [ -58.3689878494407, -34.59909302479943 ], [ -58.368674998859639, -34.59945191318225 ], [ -58.368406193195739, -34.599834429546405 ], [ -58.368184021627002, -34.600236890335282 ], [ -58.368010624349957, -34.600655419874933 ], [ -58.367887671946882, -34.601085987689643 ], [ -58.367835156689225, -34.601408828198714 ], [ -58.367658225774242, -34.601729326017484 ], [ -58.367484822988672, -34.602147854845818 ], [ -58.367361865918738, -34.602578422144219 ], [ -58.367290539462914, -34.603016881448475 ], [ -58.367271531342631, -34.603459010226459 ], [ -58.367305025448026, -34.603900550540857 ], [ -58.367390700035116, -34.60433725005516 ], [ -58.367527730792638, -34.604764902988336 ], [ -58.367714798750661, -34.605179390623725 ], [ -58.367950102955589, -34.605576720981581 ], [ -58.368231377790799, -34.605953067273155 ], [ -58.368555914776834, -34.606304804765514 ] ] ], [ [ [ -58.375872990138241, -34.597550416143172 ], [ -58.376237652187811, -34.597874135889356 ], [ -58.37663893260504, -34.598166738852889 ], [ -58.377072966712326, -34.598425406773046 ], [ -58.377535574238159, -34.598647648220656 ], [ -58.378022299586391, -34.598831322604077 ], [ -58.378528454762666, -34.598974660795186 ], [ -58.379049164544035, -34.599076282176462 ], [ -58.379579413455836, -34.599135207944435 ], [ -58.380114094102495, -34.59915087054128 ], [ -58.380648056385596, -34.599123119123419 ], [ -58.381176157134149, -34.599052221014347 ], [ -58.381693309667696, -34.598938859127855 ], [ -58.382194532813891, -34.598784125386281 ], [ -58.382674998907312, -34.598589510197549 ], [ -58.383130080305904, -34.598356888092653 ], [ -58.383555393976728, -34.59808849966214 ], [ -58.38394684372031, -34.597786929965878 ], [ -58.384300659626902, -34.597455083624844 ], [ -58.384613434384043, -34.597096156834901 ], [ -58.384882156085936, -34.596713606572877 ], [ -58.385104237228745, -34.596311117291783 ], [ -58.385277539612993, -34.595892565426695 ], [ -58.385400394913965, -34.595461982053131 ], [ -58.385471620722726, -34.595023514058155 ], [ -58.385490531904374, -34.594581384198641 ], [ -58.385456947165139, -34.594139850430871 ], [ -58.385371190766477, -34.593703164904127 ], [ -58.385234089370599, -34.593275533012466 ], [ -58.385046964049273, -34.59286107289941 ], [ -58.38481161753387, -34.592463775804994 ], [ -58.384530316830606, -34.592087467637199 ], [ -58.384205771369118, -34.591735772137 ], [ -58.383841106895787, -34.591412075991911 ], [ -58.383439835363561, -34.59111949623297 ], [ -58.383005821108569, -34.59086085022917 ], [ -58.382543243639418, -34.590638628567405 ], [ -58.382056557397199, -34.590454971079026 ], [ -58.381550448873455, -34.590311646242817 ], [ -58.3810297914983, -34.590210034163121 ], [ -58.380499598732428, -34.590151113285955 ], [ -58.379964975813799, -34.590135450981172 ], [ -58.379431070622331, -34.590163198081143 ], [ -58.378903024135049, -34.590234087428286 ], [ -58.37838592094716, -34.590347436445533 ], [ -58.377884740334686, -34.590502153705152 ], [ -58.377404308328515, -34.590696749432546 ], [ -58.376949251260733, -34.590929349844615 ], [ -58.376523951229274, -34.591197715184499 ], [ -58.376132503909446, -34.591499261279658 ], [ -58.375778679117857, -34.5918310844161 ], [ -58.375465884508415, -34.592189989289693 ], [ -58.37519713274984, -34.592572519765866 ], [ -58.374975012501004, -34.59297499215193 ], [ -58.374801663464225, -34.593393530662105 ], [ -58.374678755757046, -34.593824104734097 ], [ -58.374607473802349, -34.594262567838264 ], [ -58.374588504892692, -34.59470469740571 ], [ -58.37462203254028, -34.595146235491384 ], [ -58.374707734677678, -34.595582929780051 ], [ -58.374844786727898, -34.596010574540927 ], [ -58.375031869515496, -34.596425051135974 ], [ -58.375267181943649, -34.596822367691722 ], [ -58.375548458316111, -34.597198697552336 ], [ -58.375872990138241, -34.597550416143172 ] ] ], [ [ [ -58.388196069957992, -34.594044104841956 ], [ -58.38856076273639, -34.594367787150865 ], [ -58.388962067662113, -34.594660349106967 ], [ -58.38939611982115, -34.594918972844525 ], [ -58.389858738767785, -34.595141167360005 ], [ -58.390345468795601, -34.595324792513935 ], [ -58.390851621864954, -34.595468079652498 ], [ -58.391372322773044, -34.595569648650056 ], [ -58.391902556130631, -34.5956285212079 ], [ -58.392437214691945, -34.595644130280881 ], [ -58.392971148571419, -34.595616325541165 ], [ -58.39349921487176, -34.595545374826038 ], [ -58.394016327244572, -34.595431961556116 ], [ -58.394517504904627, -34.595277178148798 ], [ -58.394997920624895, -34.595082515490475 ], [ -58.395452947248899, -34.594849848569453 ], [ -58.395878202271639, -34.59458141840792 ], [ -58.396269590058893, -34.59427981046769 ], [ -58.396623341298017, -34.593947929737993 ], [ -58.396936049299718, -34.59358897274582 ], [ -58.397204702801446, -34.593206396758703 ], [ -58.397426714956445, -34.592803886477277 ], [ -58.397599948229868, -34.592385318538625 ], [ -58.39772273496267, -34.59195472417283 ], [ -58.397793893406352, -34.591516250372599 ], [ -58.397812739074723, -34.591074119950385 ], [ -58.397779091304834, -34.590632590867678 ], [ -58.397693274964951, -34.59019591522835 ], [ -58.397556117294272, -34.589768298331059 ], [ -58.397368939906201, -34.589353858174654 ], [ -58.397133546033167, -34.588956585806883 ], [ -58.396852203137001, -34.588580306897406 ], [ -58.396527621053288, -34.588228644905399 ], [ -58.396162925880645, -34.587904986195625 ], [ -58.395761629867231, -34.587612447438637 ], [ -58.395327597584576, -34.587353845608625 ], [ -58.394865008714525, -34.587131670867201 ], [ -58.394378317807721, -34.586948062594011 ], [ -58.393872211400378, -34.586804788794097 ], [ -58.393351562902083, -34.586703229080513 ], [ -58.392821385688045, -34.586644361395194 ], [ -58.392286784846434, -34.58662875259602 ], [ -58.391752908044687, -34.586656553000338 ], [ -58.391224895986632, -34.586727494937449 ], [ -58.390707832936179, -34.586840895324059 ], [ -58.390206697783107, -34.586995662237896 ], [ -58.389726316120935, -34.58719030542639 ], [ -58.389271313797288, -34.58742295064944 ], [ -58.388846072383352, -34.587691357718697 ], [ -58.388454686990343, -34.587992942059806 ], [ -58.388100926838916, -34.588324799590389 ], [ -58.387788198960834, -34.588683734675037 ], [ -58.387519515382508, -34.589066290888063 ], [ -58.38729746410651, -34.589468784288755 ], [ -58.387124184171086, -34.589887338888765 ], [ -58.387001345028459, -34.590317923970588 ], [ -58.386930130441243, -34.590756392898307 ], [ -58.386911227053176, -34.591198523046707 ], [ -58.386944817745338, -34.591640056464811 ], [ -58.387030579842936, -34.592076740882135 ], [ -58.387167688191248, -34.592504370662738 ], [ -58.387354823072336, -34.59291882731263 ], [ -58.38759018288728, -34.593316119150252 ], [ -58.387871501483069, -34.593692419757687 ], [ -58.388196069957992, -34.594044104841956 ] ] ] ] } },
{ "type": "Feature", "properties": { "orden": 2, "franja_distancia_comisaria": "CERCANA (501-900 m)", "desde_m": 501, "hasta_m": 900.0, "superficie_km2": 63.864641165312278 }, "geometry": { "type": "MultiPolygon", "coordinates": [ [ [ [ -58.530083963525819, -34.639438596912164 ], [ -58.530098360354479, -34.639194494467546 ], [ -58.530269144830548, -34.636298813355793 ], [ -58.530117415739952, -34.638871413805575 ], [ -58.529716194093382, -34.639034459134223 ], [ -58.52921502837885, -34.639189797415256 ], [ -58.528697852311112, -34.639303785461365 ], [ -58.528169647288003, -34.63937532531704 ], [ -58.527635500994087, -34.639403727885039 ], [ -58.527100558373427, -34.639388719567748 ], [ -58.526569972049295, -34.639330444904608 ], [ -58.526048852669604, -34.63922946518008 ], [ -58.525542219657289, -34.639086753015555 ], [ -58.525054952841472, -34.638903682997423 ], [ -58.52459174543592, -34.63868201843173 ], [ -58.524568171585045, -34.638668019972911 ], [ -58.524554823935922, -34.638661632502675 ], [ -58.524120137537381, -34.638403508285961 ], [ -58.523718158496152, -34.638111410757283 ], [ -58.523352758223155, -34.637788153309835 ], [ -58.523027455692556, -34.637436849430138 ], [ -58.522745383553378, -34.637060882700439 ], [ -58.522509257967712, -34.636663874200032 ], [ -58.522321352465966, -34.636249647620332 ], [ -58.522183476070261, -34.635822192429657 ], [ -58.52209695589606, -34.635385625443355 ], [ -58.522062624398593, -34.634944151169314 ], [ -58.522080811385877, -34.634502021311327 ], [ -58.522151340874125, -34.634063493820392 ], [ -58.52221362234372, -34.633843964744152 ], [ -58.521891297272369, -34.633753152238498 ], [ -58.521404069577372, -34.633570066442225 ], [ -58.520940901566213, -34.633348386782849 ], [ -58.520506254237745, -34.63309024844056 ], [ -58.520104313774226, -34.632798137743841 ], [ -58.519738951214855, -34.632474868212618 ], [ -58.519413685170541, -34.632123553449738 ], [ -58.519131647938806, -34.631747577142164 ], [ -58.51889555534558, -34.631350560461335 ], [ -58.518707680603541, -34.630936327177359 ], [ -58.518569832438679, -34.630508866823007 ], [ -58.518483337694697, -34.630072296263251 ], [ -58.518449028582076, -34.629630820040312 ], [ -58.518467234693468, -34.629188689876685 ], [ -58.51853777986112, -34.628750163726195 ], [ -58.518659983885563, -34.628319464767706 ], [ -58.51883266911733, -34.627900740736123 ], [ -58.519054171827619, -34.627498023982568 ], [ -58.519322358256794, -34.627115192647892 ], [ -58.519634645185441, -34.626755933323338 ], [ -58.519988024829026, -34.626423705557642 ], [ -58.520379093815663, -34.626121708551693 ], [ -58.520804085967463, -34.625852850361376 ], [ -58.52125890856982, -34.625619719904442 ], [ -58.521739181779061, -34.625424562040678 ], [ -58.522240280789354, -34.625269255964653 ], [ -58.522757380353497, -34.625155297119022 ], [ -58.523285501229118, -34.625083782801674 ], [ -58.523819558104357, -34.625055401605472 ], [ -58.524354408542109, -34.625070426791616 ], [ -58.524884902472998, -34.625128713660573 ], [ -58.525405931761313, -34.625229700945454 ], [ -58.525912479368017, -34.625372416214866 ], [ -58.526399667638451, -34.625555485232788 ], [ -58.526862805250857, -34.625777145185999 ], [ -58.527297432374588, -34.626035261651637 ], [ -58.52769936360383, -34.626327349141903 ], [ -58.528064728254265, -34.626650595028693 ], [ -58.528390007634634, -34.627001886617791 ], [ -58.528672068934888, -34.627377841112811 ], [ -58.528908195404192, -34.627774838180528 ], [ -58.529096112527995, -34.628189054804594 ], [ -58.529234009951622, -34.628616502092441 ], [ -58.52932055893838, -34.629053063681226 ], [ -58.529354925193267, -34.629494535373496 ], [ -58.5293367769277, -34.629936665620868 ], [ -58.529266288086411, -34.630375196466296 ], [ -58.529204027584946, -34.630594728707884 ], [ -58.529526347528311, -34.630685522036885 ], [ -58.530013574706622, -34.6308685754301 ], [ -58.530476751489992, -34.631090220434835 ], [ -58.530500324095875, -34.631104217798267 ], [ -58.530513670942341, -34.631110604645116 ], [ -58.530579648706187, -34.631149782037035 ], [ -58.530788845258215, -34.627732850075667 ], [ -58.530800542923537, -34.62754177540328 ], [ -58.530801071305717, -34.627533085439488 ], [ -58.530801390935309, -34.62752785072712 ], [ -58.530801392000946, -34.627527820078328 ], [ -58.531012411559871, -34.623982516998566 ], [ -58.530737053499344, -34.623738908080682 ], [ -58.53001358394242, -34.623213167303128 ], [ -58.529231269670731, -34.62274857341157 ], [ -58.528397643855357, -34.622349599679183 ], [ -58.527520733350364, -34.62202008752238 ], [ -58.526608981444411, -34.621763209541228 ], [ -58.525671166617855, -34.621581438995548 ], [ -58.524716318085247, -34.621476526009722 ], [ -58.523753628933406, -34.62144948073442 ], [ -58.522792367687778, -34.621500563626512 ], [ -58.521841789155133, -34.621629282941129 ], [ -58.520911045396971, -34.621834399459082 ], [ -58.520009097687335, -34.622113938405327 ], [ -58.519144630299117, -34.622465208443664 ], [ -58.518325966945611, -34.622884827565976 ], [ -58.517560990679407, -34.623368755627723 ], [ -58.516857068017359, -34.62391233321766 ], [ -58.516220978021046, -34.624510326489066 ], [ -58.515658847014478, -34.62515697752211 ], [ -58.515176089567774, -34.625846059734322 ], [ -58.514777356315882, -34.626570937806683 ], [ -58.514466489115939, -34.627324631550067 ], [ -58.514246483977558, -34.628099883098201 ], [ -58.514119462125578, -34.628889226781126 ], [ -58.514086649477214, -34.629685061007365 ], [ -58.514148364734829, -34.630479721462812 ], [ -58.514304016212989, -34.631265554922173 ], [ -58.514552107434184, -34.632034992961692 ], [ -58.514890251443504, -34.632780624863301 ], [ -58.515315193707835, -34.633495269007241 ], [ -58.515822843382765, -34.63417204206484 ], [ -58.516408312648721, -34.634804425323871 ], [ -58.517065963740109, -34.635386327506453 ], [ -58.517784598643814, -34.635908608096841 ], [ -58.51791742723379, -34.636579012606141 ], [ -58.518165569264262, -34.637348441356004 ], [ -58.518503768637061, -34.63809406119497 ], [ -58.518928770286166, -34.638808690619122 ], [ -58.519436482795335, -34.639485446441228 ], [ -58.520022017739819, -34.640117810114738 ], [ -58.520679736721306, -34.640699690550115 ], [ -58.521403305644768, -34.641225482816907 ], [ -58.522185755715377, -34.641690122164739 ], [ -58.522199103687143, -34.641696509883353 ], [ -58.522222678034339, -34.641710508781529 ], [ -58.523056473262486, -34.642109519194236 ], [ -58.523933581932482, -34.642439057312252 ], [ -58.524845555167829, -34.642695948719933 ], [ -58.525783607976415, -34.642877718796015 ], [ -58.526738703938946, -34.642982616569235 ], [ -58.527701642329269, -34.643009631597593 ], [ -58.528663146823341, -34.64295850370786 ], [ -58.529613954939315, -34.642829725501336 ], [ -58.529887495378958, -34.64276943626497 ], [ -58.530080613935546, -34.639495387079783 ], [ -58.530083963525819, -34.639438596912164 ] ] ], [ [ [ -58.523508089283631, -34.598228930161255 ], [ -58.523373537953923, -34.597942780371937 ], [ -58.523285065889411, -34.597754625745125 ], [ -58.522626861994887, -34.596354786547813 ], [ -58.521768034423886, -34.594528193131559 ], [ -58.52095487538336, -34.592798649706772 ], [ -58.520173982710489, -34.591137662099392 ], [ -58.52009885292064, -34.591101683071308 ], [ -58.519222306271772, -34.590772100106498 ], [ -58.518310922904547, -34.590515149161185 ], [ -58.517373477753999, -34.590333304198225 ], [ -58.516418996478627, -34.59022831605872 ], [ -58.515456668632609, -34.590201195616892 ], [ -58.514495759266019, -34.590252204053058 ], [ -58.513545519800786, -34.590380850338626 ], [ -58.51261509903663, -34.590585895956828 ], [ -58.511713455140089, -34.590865366814263 ], [ -58.510849269460635, -34.5912165722292 ], [ -58.510030863000338, -34.591636130814535 ], [ -58.509266116338686, -34.592120003007317 ], [ -58.508562393781489, -34.592663529932977 ], [ -58.508453035112424, -34.592766359255705 ], [ -58.508486207298752, -34.592706041623622 ], [ -58.508797012027863, -34.591952360947893 ], [ -58.509016985675409, -34.59117711595713 ], [ -58.509144012225846, -34.590387773110415 ], [ -58.509176870966655, -34.589591934430459 ], [ -58.509115248143644, -34.588797264283649 ], [ -58.508959739879081, -34.588011415567713 ], [ -58.508711846328417, -34.587241956018381 ], [ -58.508373957136016, -34.586496295343913 ], [ -58.507949328333389, -34.585781613888997 ], [ -58.507442050906064, -34.585104793513871 ], [ -58.506857011334617, -34.584472351353341 ], [ -58.506199844492123, -34.583890377092253 ], [ -58.50547687935336, -34.583364474359946 ], [ -58.504695078039681, -34.582899706806465 ], [ -58.503861968786367, -34.582500549378416 ], [ -58.502985573477773, -34.582170845261928 ], [ -58.502074330446447, -34.581913768905821 ], [ -58.501137013277827, -34.58173179548006 ], [ -58.500182646399729, -34.581626677062104 ], [ -58.499281111326468, -34.581601144894201 ], [ -58.499522045291613, -34.581017001033899 ], [ -58.499742080784102, -34.580241769934126 ], [ -58.499869182726904, -34.579452433529291 ], [ -58.499902129679761, -34.578656593780579 ], [ -58.499840607037449, -34.57786191506522 ], [ -58.499685209956141, -34.577076050364191 ], [ -58.499437437519518, -34.576306567567912 ], [ -58.499099678204814, -34.575560876609266 ], [ -58.49867518679234, -34.574846158125403 ], [ -58.49816805294445, -34.574169294333849 ], [ -58.497583161759252, -34.573536802788261 ], [ -58.496926146681389, -34.57295477364967 ], [ -58.49620333522504, -34.572428811076392 ], [ -58.495421688032714, -34.571963979295141 ], [ -58.494588731856837, -34.5715647538713 ], [ -58.493712487109171, -34.571234978645855 ], [ -58.492801390674018, -34.570977828752433 ], [ -58.491864214726768, -34.570795780068927 ], [ -58.490909982336952, -34.570690585397209 ], [ -58.489947880665028, -34.570663257599016 ], [ -58.489692070076806, -34.570676785608491 ], [ -58.490198693830223, -34.570200466147092 ], [ -58.490760672525646, -34.569553931302003 ], [ -58.49124332723683, -34.568864942793326 ], [ -58.49164201114646, -34.568140136875556 ], [ -58.491952886542144, -34.567386494608371 ], [ -58.492172961705201, -34.566611274595139 ], [ -58.492300119638728, -34.565821943054964 ], [ -58.492333138361282, -34.565026101902561 ], [ -58.492271702574627, -34.56423141552915 ], [ -58.492116406596786, -34.563445536990031 ], [ -58.491868748536348, -34.562676034309554 ], [ -58.491531115767891, -34.561930317612841 ], [ -58.491106761852244, -34.561215567785624 ], [ -58.490599775127144, -34.560538667348119 ], [ -58.490015039273842, -34.559906134207559 ], [ -58.489358186241368, -34.559324058926279 ], [ -58.488738366203023, -34.558872892546397 ], [ -58.489243756902461, -34.558971096738979 ], [ -58.49019785321596, -34.559076308148846 ], [ -58.491159821262883, -34.559103637472788 ], [ -58.492120394075521, -34.55905282150848 ], [ -58.493070318155063, -34.558924349850301 ], [ -58.494000442690059, -34.558719460166266 ], [ -58.494901807780778, -34.55844012626256 ], [ -58.495765730816061, -34.55808903905141 ], [ -58.496583890167436, -34.55766958060638 ], [ -58.497348405391577, -34.557185791556016 ], [ -58.498051913166421, -34.556642332131418 ], [ -58.498687638227821, -34.556044437244203 ], [ -58.499249458622877, -34.555397866029139 ], [ -58.499731964651161, -34.554708846338983 ], [ -58.500130510927107, -34.553984014727725 ], [ -58.500441261063223, -34.553230352501636 ], [ -58.500661224546228, -34.552455118455519 ], [ -58.50078828545346, -34.551665778942841 ], [ -58.500821222736292, -34.550869935954324 ], [ -58.500759721879007, -34.550075253898328 ], [ -58.500712760624744, -34.549837683936204 ], [ -58.500674075607201, -34.549755612549021 ], [ -58.50067243872838, -34.549752139859358 ], [ -58.50055206560144, -34.549496762822955 ], [ -58.500551668790834, -34.549495920968496 ], [ -58.500551556547826, -34.549495871435958 ], [ -58.500522280583382, -34.549482952032655 ], [ -58.498281981761934, -34.548494281509541 ], [ -58.497512901436188, -34.548154862300272 ], [ -58.497512507099991, -34.548154688265413 ], [ -58.497463883537996, -34.548133228909855 ], [ -58.496449929473997, -34.547685727152633 ], [ -58.496449533841563, -34.547685552540329 ], [ -58.495933441934049, -34.547457773782966 ], [ -58.495933046303776, -34.547457599168986 ], [ -58.495420901390027, -34.547231559034039 ], [ -58.495092385527492, -34.54708656466137 ], [ -58.495087956276514, -34.547084609749412 ], [ -58.495015813710637, -34.547052768581892 ], [ -58.495013556086477, -34.547051772145664 ], [ -58.49501138446324, -34.547050813667141 ], [ -58.495009126839186, -34.547049817230793 ], [ -58.495003818188458, -34.547047474177717 ], [ -58.494999388941608, -34.547045519262518 ], [ -58.494979672788197, -34.547036817236531 ], [ -58.494975243542477, -34.547034862320416 ], [ -58.494913114593906, -34.547007440721877 ], [ -58.494908685351298, -34.547005485803368 ], [ -58.494852153623427, -34.546980534580712 ], [ -58.494811295885022, -34.546962501216377 ], [ -58.494806866652233, -34.546960546286265 ], [ -58.494696968878984, -34.546912040635263 ], [ -58.494302438814437, -34.546737905129476 ], [ -58.49429453934949, -34.546734418486658 ], [ -58.494110771325708, -34.546653307265622 ], [ -58.493481048588507, -34.546375357930188 ], [ -58.493422703696687, -34.546349604906482 ], [ -58.493400212624081, -34.546339677493982 ], [ -58.493050338894236, -34.546185244676032 ], [ -58.49300101819054, -34.546163475297902 ], [ -58.49297852575647, -34.546153547483001 ], [ -58.492871466469694, -34.546106293069059 ], [ -58.492503912137892, -34.545944058235719 ], [ -58.492495439115352, -34.545940318215251 ], [ -58.492487092180639, -34.545936633849479 ], [ -58.49247090226028, -34.545929487560194 ], [ -58.492462569066817, -34.545925809257241 ], [ -58.491993111698847, -34.545718587561829 ], [ -58.491970620096502, -34.545708659543344 ], [ -58.491483733905547, -34.545493741505069 ], [ -58.491461243272077, -34.545483813766587 ], [ -58.490877067415958, -34.545225946575961 ], [ -58.490854575625967, -34.545216018151145 ], [ -58.490467192875926, -34.545045016931965 ], [ -58.490282700873109, -34.54496357696523 ], [ -58.490260209647992, -34.544953648674976 ], [ -58.489287030649876, -34.544524052512251 ], [ -58.489264539661157, -34.544514124037754 ], [ -58.488029925389363, -34.543969103035565 ], [ -58.488007435546983, -34.543959174702806 ], [ -58.487701453297518, -34.543824095581094 ], [ -58.487154891784463, -34.543582806705608 ], [ -58.487137294123514, -34.543575037864656 ], [ -58.487114803196121, -34.543565108787078 ], [ -58.487091893462988, -34.543554994813491 ], [ -58.486265156048411, -34.543890952122823 ], [ -58.485447074593012, -34.544310340164046 ], [ -58.484682602641769, -34.544794054387197 ], [ -58.483979101853812, -34.545337437436729 ], [ -58.483343347224782, -34.545935257336083 ], [ -58.48278146184385, -34.546581757832243 ], [ -58.482298857908788, -34.547270713790148 ], [ -58.481900184567714, -34.547995491104992 ], [ -58.481589283091111, -34.548749110557054 ], [ -58.481369149808216, -34.549524314995367 ], [ -58.481241907167004, -34.550313639204241 ], [ -58.481208783200017, -34.551109481781054 ], [ -58.481270099597182, -34.551904178333338 ], [ -58.481425268504502, -34.552690075290748 ], [ -58.481672798083252, -34.553459603621199 ], [ -58.482010306780339, -34.554205351740606 ], [ -58.482434546175696, -34.554920136913772 ], [ -58.48294143219055, -34.555597074457729 ], [ -58.483526084358566, -34.556229644080048 ], [ -58.484182872784153, -34.556811752711724 ], [ -58.484802653373059, -34.557262943404467 ], [ -58.484297277613997, -34.557164720392315 ], [ -58.483343208923465, -34.557059462064707 ], [ -58.482381264684555, -34.557032070443483 ], [ -58.481420706257595, -34.55708280931843 ], [ -58.480470781688616, -34.557211190254577 ], [ -58.479540636747636, -34.557415977288002 ], [ -58.478639226946811, -34.557695198813008 ], [ -58.477775231381976, -34.558046166546518 ], [ -58.476956969224027, -34.558465501387936 ], [ -58.476192319661372, -34.558949165926933 ], [ -58.475488646062303, -34.559492503286855 ], [ -58.474852725085654, -34.560090281931679 ], [ -58.474290681422005, -34.560736746006384 ], [ -58.473807928793192, -34.561425670727346 ], [ -58.473409117779475, -34.562150422291467 ], [ -58.473098090977807, -34.562904021727817 ], [ -58.472877845925289, -34.563679212078974 ], [ -58.472750506147591, -34.564468528265742 ], [ -58.472717300614306, -34.565264368963447 ], [ -58.472734628382646, -34.565489189247565 ], [ -58.471903360997445, -34.565746607962446 ], [ -58.471039253309605, -34.566097530405443 ], [ -58.470220878262197, -34.566516822419082 ], [ -58.469456116129685, -34.567000447005526 ], [ -58.468752331363468, -34.567543747673113 ], [ -58.468116301692248, -34.568141493239523 ], [ -58.467554152852735, -34.568787928168625 ], [ -58.467071299579395, -34.569476827958027 ], [ -58.466672393421611, -34.570201559045167 ], [ -58.466361277892815, -34.570955142656928 ], [ -58.466140951384979, -34.571730321988852 ], [ -58.466013538208905, -34.572519632068406 ], [ -58.465980268041903, -34.573315471630295 ], [ -58.466041463984723, -34.574110176312153 ], [ -58.466196539346569, -34.574896092466297 ], [ -58.466444003192962, -34.575665650876431 ], [ -58.466781474607174, -34.576411439669258 ], [ -58.467205705531562, -34.577126275718015 ], [ -58.46771261197199, -34.577803273849725 ], [ -58.468297313268195, -34.578435913188102 ], [ -58.468954179053846, -34.579018099992091 ], [ -58.469676883455847, -34.579544226383526 ], [ -58.470458466012012, -34.58000922439625 ], [ -58.471291398720297, -34.580408614825039 ], [ -58.472167658573511, -34.58073855040206 ], [ -58.473078804879449, -34.580995852883483 ], [ -58.474016060619711, -34.581178043687899 ], [ -58.474970397061092, -34.581283367790157 ], [ -58.475932620801345, -34.5813108106397 ], [ -58.476893462407432, -34.581260107939819 ], [ -58.477843665788754, -34.581131748193144 ], [ -58.478774077440718, -34.580926967989249 ], [ -58.479675734695114, -34.580647740079499 ], [ -58.480469794745581, -34.580325247795351 ], [ -58.480499717327305, -34.580476745725619 ], [ -58.480747330436508, -34.581246270646893 ], [ -58.481084952610161, -34.581992015368506 ], [ -58.481509334338206, -34.582706797187271 ], [ -58.482016390173399, -34.583383731451683 ], [ -58.482601238015619, -34.584016297899886 ], [ -58.48325824608586, -34.584598403492372 ], [ -58.483981087139263, -34.585124441132763 ], [ -58.484762799395924, -34.585589343709522 ], [ -58.485595853602987, -34.585988632936662 ], [ -58.486472225581458, -34.586318462521255 ], [ -58.487383473557607, -34.586575655240708 ], [ -58.48832081953239, -34.586757733571325 ], [ -58.489275233902234, -34.586862943571923 ], [ -58.490176825618065, -34.586888548273926 ], [ -58.489935810133645, -34.587472675261495 ], [ -58.489715666337204, -34.588247890630846 ], [ -58.489588457691653, -34.589037218183087 ], [ -58.489555411907347, -34.589833056483243 ], [ -58.489616849926442, -34.590627741179574 ], [ -58.489772182728593, -34.591413618815182 ], [ -58.490019916901247, -34.592183120542991 ], [ -58.490357668924872, -34.592928835033824 ], [ -58.490782188039276, -34.593643579874879 ], [ -58.491289387474161, -34.594320470770022 ], [ -58.491874383746179, -34.594952987874393 ], [ -58.492531543646244, -34.595535038623105 ], [ -58.493254538466324, -34.596061016447443 ], [ -58.494036404944474, -34.596525854811624 ], [ -58.494869612341155, -34.596925076047796 ], [ -58.495746135000438, -34.597254834517749 ], [ -58.496657529695746, -34.597511953683899 ], [ -58.497595017013275, -34.597693956731064 ], [ -58.498549565986501, -34.597799090443509 ], [ -58.4995119811636, -34.597826342105598 ], [ -58.500472991265575, -34.597775449263395 ], [ -58.501423338577325, -34.597646902252421 ], [ -58.502353868206932, -34.59744193946743 ], [ -58.503255616349392, -34.597162535419876 ], [ -58.504119896701376, -34.596811381699013 ], [ -58.504938384190886, -34.5963918610205 ], [ -58.505703195213101, -34.595908014613897 ], [ -58.506406963596838, -34.595364503264399 ], [ -58.506516328142411, -34.595261675663913 ], [ -58.506483153565284, -34.595321992799455 ], [ -58.506172316309133, -34.596075668048996 ], [ -58.505952304844037, -34.596850908333558 ], [ -58.505825240451628, -34.597640248091622 ], [ -58.505792349454545, -34.598436085769706 ], [ -58.505853951305511, -34.599230757020941 ], [ -58.506009455407259, -34.600016608516768 ], [ -58.50625736669803, -34.6007860716607 ], [ -58.5065952999526, -34.601531735494021 ], [ -58.507020002665072, -34.602246418090715 ], [ -58.507527386296296, -34.602923235753167 ], [ -58.508112565587865, -34.603555669340949 ], [ -58.508769905566666, -34.604137627092889 ], [ -58.509493075788718, -34.604663503335466 ], [ -58.510275111300906, -34.605128232510964 ], [ -58.51110847973375, -34.605527338003128 ], [ -58.511985153878335, -34.605856975288688 ], [ -58.512896689047132, -34.606113968997548 ], [ -58.51383430447148, -34.606295843523505 ], [ -58.514788967949336, -34.606400846889322 ], [ -58.5157514829246, -34.606427967635682 ], [ -58.516712577155921, -34.606376944570528 ], [ -58.517662992117089, -34.606248269284642 ], [ -58.518593572264223, -34.606043181409269 ], [ -58.519495353305736, -34.605763656661743 ], [ -58.520359648621792, -34.605412387794722 ], [ -58.521178132997044, -34.604992758633784 ], [ -58.521942922857754, -34.604508811454018 ], [ -58.522646652238002, -34.603965208011729 ], [ -58.52328254374185, -34.603367184607521 ], [ -58.523844473816993, -34.602720501615558 ], [ -58.524327031711408, -34.602031387966356 ], [ -58.524725571545517, -34.6013064811196 ], [ -58.524832859693902, -34.601046203322973 ], [ -58.523676352567925, -34.598586772369558 ], [ -58.523508089283631, -34.598228930161255 ] ], [ [ -58.511117124504352, -34.600875011120742 ], [ -58.510835235082979, -34.600499010020712 ], [ -58.510599275589172, -34.600101971965593 ], [ -58.510411517954353, -34.599687720930895 ], [ -58.510273769777449, -34.599260246619977 ], [ -58.510187356940193, -34.598823666031862 ], [ -58.510153110865375, -34.59838218380505 ], [ -58.510171360539779, -34.59794005171964 ], [ -58.510241929377436, -34.597501527747824 ], [ -58.510364136952177, -34.597070835047397 ], [ -58.510536805581701, -34.596652121293054 ], [ -58.510758271698215, -34.596249418736988 ], [ -58.511026401895599, -34.595866605383542 ], [ -58.511338613496882, -34.595507367651038 ], [ -58.511691899443669, -34.595175164880601 ], [ -58.512082857266847, -34.594873196032758 ], [ -58.51250772185935, -34.59460436889259 ], [ -58.512962401734988, -34.594371272079314 ], [ -58.513442518424306, -34.594176150129073 ], [ -58.513943448628339, -34.594020881891034 ], [ -58.514460368724755, -34.593906962443825 ], [ -58.514988301198656, -34.593835488706269 ], [ -58.515522162551449, -34.5938071488807 ], [ -58.516056812227816, -34.593822215830123 ], [ -58.516587102090504, -34.593880544452929 ], [ -58.517107925967778, -34.593981573080221 ], [ -58.517614268797558, -34.59412432888243 ], [ -58.518101254896109, -34.594307437233049 ], [ -58.518564194887617, -34.594529134939897 ], [ -58.51899863084374, -34.594787287216285 ], [ -58.519400379199041, -34.595079408229196 ], [ -58.519765571029893, -34.595402685027317 ], [ -58.520090689309171, -34.595754004618357 ], [ -58.520372602778359, -34.596129983935796 ], [ -58.520608596110627, -34.596527002406944 ], [ -58.520796396074147, -34.596941236808888 ], [ -58.520934193443324, -34.597368698077474 ], [ -58.521020660445998, -34.597805269714868 ], [ -58.521054963577825, -34.598246747426565 ], [ -58.521036771659354, -34.598688879605966 ], [ -58.520966259057033, -34.599127408277255 ], [ -58.520844104035923, -34.599558110102059 ], [ -58.520671482258756, -34.599976837055053 ], [ -58.520450055492759, -34.600379556376772 ], [ -58.520181955631877, -34.600762389418634 ], [ -58.519869764187241, -34.601121649005648 ], [ -58.519516487442672, -34.601453874956896 ], [ -58.519125527513609, -34.601755867420984 ], [ -58.518700649588048, -34.60202471770527 ], [ -58.518245945664596, -34.602257836301156 ], [ -58.517765795136832, -34.602452977835362 ], [ -58.517264822604105, -34.602608262706134 ], [ -58.516747853315387, -34.602722195195682 ], [ -58.516219866676082, -34.602793677883952 ], [ -58.515685948266281, -34.60282202222465 ], [ -58.515151240833987, -34.602806955181244 ], [ -58.514620894735955, -34.60274862185895 ], [ -58.514100018305037, -34.602647584107274 ], [ -58.513593628622914, -34.602504815106457 ], [ -58.513106603173853, -34.602321689990163 ], [ -58.512643632845837, -34.602099972594907 ], [ -58.512209176733052, -34.601841798463994 ], [ -58.511807419175547, -34.601549654270272 ], [ -58.511442229450587, -34.601226353855907 ], [ -58.511117124504352, -34.600875011120742 ] ], [ [ -58.494879180312203, -34.592272720514998 ], [ -58.494597393212558, -34.59189667872328 ], [ -58.494361535711313, -34.591499606079815 ], [ -58.494173878757415, -34.591085326892951 ], [ -58.494036228980072, -34.590657831136838 ], [ -58.493949911313408, -34.590221236016674 ], [ -58.493915756263817, -34.589779746310548 ], [ -58.493934091941718, -34.589337613870228 ], [ -58.494004740933249, -34.588899096671014 ], [ -58.494127022040836, -34.588468417805174 ], [ -58.494299756874511, -34.588049724813864 ], [ -58.494521281229595, -34.587647049749179 ], [ -58.494789461139675, -34.587264270350509 ], [ -58.495101713449678, -34.586905072709115 ], [ -58.495455030709813, -34.586572915779996 ], [ -58.495846010150011, -34.58627099808227 ], [ -58.496270886455534, -34.586002226908583 ], [ -58.496725568027834, -34.585769190339292 ], [ -58.497205676381455, -34.585574132330649 ], [ -58.497706588297952, -34.585418931116308 ], [ -58.498223480331234, -34.585305081129739 ], [ -58.498751375236608, -34.585233678621186 ], [ -58.499285189877149, -34.58520541110736 ], [ -58.499819784147128, -34.585220550755217 ], [ -58.500350010442531, -34.58527895176335 ], [ -58.500870763203324, -34.58538005176608 ], [ -58.501377028051742, -34.585522877246689 ], [ -58.501863930054455, -34.585706052907838 ], [ -58.502326780644907, -34.585927814909283 ], [ -58.502761122755061, -34.586186027845166 ], [ -58.503162773722643, -34.586478205298349 ], [ -58.503527865561331, -34.58680153377388 ], [ -58.503852882206445, -34.58715289978165 ], [ -58.504134693377829, -34.587528919807951 ], [ -58.504370584733465, -34.587925972887767 ], [ -58.504558284023403, -34.588340235464649 ], [ -58.504695982991478, -34.588767718202718 ], [ -58.504782354813216, -34.589204304397057 ], [ -58.504816566901056, -34.589645789612582 ], [ -58.504798288952635, -34.590087922170127 ], [ -58.504727696163293, -34.590526444089853 ], [ -58.504605467570805, -34.590957132098119 ], [ -58.504432779546988, -34.59137583830239 ], [ -58.504211294497679, -34.59177853014284 ], [ -58.503943144878775, -34.592161329235374 ], [ -58.503630912681245, -34.592520548731912 ], [ -58.503277604582017, -34.592852728837585 ], [ -58.5028866229991, -34.593154670142603 ], [ -58.502461733329547, -34.593423464447106 ], [ -58.502007027685515, -34.593656522781849 ], [ -58.501526885477496, -34.5938516003541 ], [ -58.501025931224966, -34.594006818178435 ], [ -58.500508990000952, -34.594120681183043 ], [ -58.499981040940497, -34.594192092617433 ], [ -58.499447169261714, -34.594220364621862 ], [ -58.498912517262255, -34.594205224856779 ], [ -58.498382234764655, -34.594146819128106 ], [ -58.497861429488772, -34.594045709982971 ], [ -58.49735511783048, -34.593902871289416 ], [ -58.496868176522, -34.593719678852487 ], [ -58.496405295640393, -34.593497897157185 ], [ -58.495970933417745, -34.593239662366145 ], [ -58.495569273289249, -34.592947461736415 ], [ -58.495204183593302, -34.592624109653606 ], [ -58.494879180312203, -34.592272720514998 ] ], [ [ -58.485605960432864, -34.581336256781356 ], [ -58.485324253108324, -34.580960190889762 ], [ -58.485088471933302, -34.580563097696796 ], [ -58.484900887121711, -34.580148801708461 ], [ -58.484763304608101, -34.579721293060487 ], [ -58.484677048679018, -34.579284689081959 ], [ -58.484642949246634, -34.5788431946361 ], [ -58.484661333886116, -34.57840106162007 ], [ -58.484732024712592, -34.577962548014554 ], [ -58.484854340126034, -34.577531876877018 ], [ -58.485027101406686, -34.57711319567413 ], [ -58.48524864409567, -34.576710536344343 ], [ -58.485516834050571, -34.576327776475502 ], [ -58.485829088020104, -34.575968601970821 ], [ -58.486182398538872, -34.575636471562532 ], [ -58.486573362902156, -34.575334583514447 ], [ -58.48699821594068, -34.57506584483383 ], [ -58.487452866280186, -34.574832843288277 ], [ -58.487932935736083, -34.574637822496967 ], [ -58.488433801464502, -34.57448266033537 ], [ -58.488950640464068, -34.574368850861092 ], [ -58.489478476000599, -34.57429748993443 ], [ -58.490012225508615, -34.574269264671884 ], [ -58.490546749509235, -34.574284446833737 ], [ -58.491076901074706, -34.57434289020933 ], [ -58.491597575364203, -34.574444032025085 ], [ -58.492103758755128, -34.57458689836173 ], [ -58.492590577098085, -34.574770113528558 ], [ -58.493053342631661, -34.574991913304849 ], [ -58.493487599106487, -34.575250161920948 ], [ -58.49388916468456, -34.575542372616042 ], [ -58.494254172201508, -34.575865731574908 ], [ -58.494579106404444, -34.576217125013734 ], [ -58.494860837806961, -34.576593169154449 ], [ -58.495096652835194, -34.576990242799603 ], [ -58.495284279974285, -34.577404522194414 ], [ -58.495421911663023, -34.577832017840855 ], [ -58.495508221725103, -34.57826861290944 ], [ -58.495542378168075, -34.578710102879398 ], [ -58.495524051225836, -34.579152236025536 ], [ -58.49545341656605, -34.579590754362201 ], [ -58.495331153630232, -34.580021434650064 ], [ -58.495158439121489, -34.580440129070865 ], [ -58.494936935701276, -34.580842805178165 ], [ -58.494668776002911, -34.581225584739386 ], [ -58.494356542114971, -34.581584781094541 ], [ -58.494003240731082, -34.581916934671689 ], [ -58.493612274204963, -34.58221884631665 ], [ -58.493187407788973, -34.582487608115372 ], [ -58.492732733371483, -34.582720631411803 ], [ -58.492252630062374, -34.582915671750911 ], [ -58.491751722006462, -34.583070850506019 ], [ -58.491234833831768, -34.583184672981844 ], [ -58.490706944162227, -34.583256042818441 ], [ -58.490173137643652, -34.583284272556888 ], [ -58.48963855594576, -34.58326909026492 ], [ -58.489108348213598, -34.583210642158193 ], [ -58.488587621446477, -34.583109491192104 ], [ -58.488081391283636, -34.582966611637552 ], [ -58.487594533671924, -34.582783379693197 ], [ -58.487131737881796, -34.582561560224541 ], [ -58.486697461325392, -34.582303289757959 ], [ -58.486295886612425, -34.582011055894014 ], [ -58.485930881258334, -34.581687673338266 ], [ -58.485605960432864, -34.581336256781356 ] ], [ [ -58.471302313935809, -34.575756215392047 ], [ -58.471020689598966, -34.575380114013207 ], [ -58.470784992196805, -34.574982990685854 ], [ -58.470597491136189, -34.574568670205956 ], [ -58.470459991544956, -34.574141142944846 ], [ -58.470373816911028, -34.573704526410587 ], [ -58.470339796363689, -34.573263025586975 ], [ -58.47035825671859, -34.572820892432311 ], [ -58.470429019361887, -34.572382384928304 ], [ -58.470551402002322, -34.571951726073422 ], [ -58.470724225273052, -34.571533063215753 ], [ -58.470945824118722, -34.571130428116902 ], [ -58.4712140638566, -34.570747698131221 ], [ -58.471526360756457, -34.570388558874015 ], [ -58.471879706940058, -34.570056468738052 ], [ -58.472270699359662, -34.569754625599337 ], [ -58.472695572576299, -34.569485936032699 ], [ -58.473150235021784, -34.569252987332895 ], [ -58.473630308395272, -34.569058022610385 ], [ -58.47413116981545, -34.568902919200852 ], [ -58.474647996322538, -34.568789170596396 ], [ -58.475175811302755, -34.568717872071396 ], [ -58.475709532388485, -34.56868971014169 ], [ -58.47624402037448, -34.568704955957948 ], [ -58.476774128679537, -34.568763462696793 ], [ -58.477294752879089, -34.568864666974655 ], [ -58.477800879832557, -34.569007594270985 ], [ -58.478287635933562, -34.569190868308191 ], [ -58.478750334019637, -34.569412724298779 ], [ -58.47918451849042, -34.569671025931768 ], [ -58.479586008200798, -34.569963285935806 ], [ -58.479950936716541, -34.570286690020787 ], [ -58.480275789545139, -34.570638123968209 ], [ -58.48055743798345, -34.571014203609714 ], [ -58.480793169256238, -34.57141130740581 ], [ -58.480980712655004, -34.571825611311077 ], [ -58.481118261424875, -34.572253125591168 ], [ -58.48120449018802, -34.572689733236871 ], [ -58.481238567735012, -34.573131229605949 ], [ -58.481220165059725, -34.57357336291129 ], [ -58.481149458559415, -34.574011875165418 ], [ -58.481027128367799, -34.574442543187295 ], [ -58.480854351836122, -34.574861219276571 ], [ -58.480632792223609, -34.575263871163145 ], [ -58.480364582705263, -34.575646620847522 ], [ -58.480052305850002, -34.576005781957399 ], [ -58.479698968765767, -34.57633789526021 ], [ -58.479307974150601, -34.576639761989668 ], [ -58.478883087527848, -34.576908474664364 ], [ -58.478428400980896, -34.57714144510151 ], [ -58.477948293736773, -34.577336429355299 ], [ -58.477447389978465, -34.577491549339442 ], [ -58.476930514292725, -34.577605310924923 ], [ -58.476402645183299, -34.577676618338479 ], [ -58.475868867097894, -34.577704784722712 ], [ -58.475334321432285, -34.577689538755777 ], [ -58.474804156984241, -34.577631027266825 ], [ -58.47428348033587, -34.577529813821947 ], [ -58.473777306643342, -34.57738687329401 ], [ -58.473290511309187, -34.577203582469068 ], [ -58.472827783003581, -34.576981706779783 ], [ -58.472393578488202, -34.576723383294123 ], [ -58.471992079678472, -34.576431100123237 ], [ -58.471627153358291, -34.57610767244752 ], [ -58.471302313935809, -34.575756215392047 ] ], [ [ -58.478039010507366, -34.567704830070532 ], [ -58.477757384916771, -34.567328743841884 ], [ -58.477521680116311, -34.566931633258633 ], [ -58.47733416558448, -34.566517322994002 ], [ -58.477196646579259, -34.566089803320992 ], [ -58.47711044677591, -34.565653191674635 ], [ -58.477076395546533, -34.565211692991802 ], [ -58.477094820002606, -34.564769559210276 ], [ -58.477165541876317, -34.564331048317925 ], [ -58.477287879269305, -34.563900383346059 ], [ -58.477460653250709, -34.56348171170184 ], [ -58.477682199239965, -34.563079065231676 ], [ -58.477950383063423, -34.562696321399557 ], [ -58.478262621529325, -34.562337165954347 ], [ -58.478615907322073, -34.562005057444821 ], [ -58.479006837975334, -34.561703193924089 ], [ -58.47943164864477, -34.561434482163321 ], [ -58.479886248364217, -34.561201509671115 ], [ -58.480366259436593, -34.561006519787057 ], [ -58.480867059580191, -34.560851390089205 ], [ -58.481383826424974, -34.560737614322733 ], [ -58.4819115839313, -34.560666288023548 ], [ -58.482445250284741, -34.560638097974888 ], [ -58.482979686806722, -34.560653315598053 ], [ -58.483509747411389, -34.56071179434106 ], [ -58.484030328133308, -34.56081297108981 ], [ -58.484536416250371, -34.560955871588668 ], [ -58.485023138530117, -34.561139119817973 ], [ -58.485485808135728, -34.561360951238548 ], [ -58.485919969741168, -34.561619229775928 ], [ -58.486321442421627, -34.56191146838102 ], [ -58.486686359907075, -34.562234852969674 ], [ -58.487011207811463, -34.562586269511058 ], [ -58.487292857479368, -34.562962334004418 ], [ -58.487528596124058, -34.563359425056049 ], [ -58.487716152966449, -34.563773718743342 ], [ -58.487853721122555, -34.564201225430338 ], [ -58.487939975028283, -34.564637828181041 ], [ -58.487974083232423, -34.565079322400479 ], [ -58.487955716433994, -34.565521456322337 ], [ -58.487885050685023, -34.565959971953383 ], [ -58.487762765727041, -34.566390646080208 ], [ -58.487590038475879, -34.566809330943826 ], [ -58.487368531716292, -34.567211994189826 ], [ -58.487100378114327, -34.567594757709493 ], [ -58.486788159700339, -34.567953934997412 ], [ -58.486434883019378, -34.568286066665408 ], [ -58.486043950187586, -34.568587953770397 ], [ -58.485619126133059, -34.568856688634867 ], [ -58.485164502336296, -34.569089682862369 ], [ -58.484684457419675, -34.569284692278046 ], [ -58.484183614965531, -34.569439838553258 ], [ -58.483666798969857, -34.569553627305744 ], [ -58.48313898736113, -34.569624962500569 ], [ -58.482605264032941, -34.569653157012645 ], [ -58.48207076985333, -34.569637939249112 ], [ -58.481540653123908, -34.569579455767418 ], [ -58.481020019966977, -34.569478269863708 ], [ -58.48051388511967, -34.569335356145444 ], [ -58.480027123610277, -34.569152091140325 ], [ -58.479564423783167, -34.568930240032188 ], [ -58.479130242125805, -34.568671939652099 ], [ -58.478728760333567, -34.568379677888551 ], [ -58.478363845026628, -34.568056269715633 ], [ -58.478039010507366, -34.567704830070532 ] ], [ [ -58.486529809964807, -34.553549594869743 ], [ -58.48624819699932, -34.553173527147649 ], [ -58.486012494917638, -34.552776432083732 ], [ -58.485824973172662, -34.552362134201729 ], [ -58.485687437092452, -34.551934623655363 ], [ -58.485601210517373, -34.551498017791893 ], [ -58.485567123077956, -34.551056521492569 ], [ -58.48558550223504, -34.5506143866724 ], [ -58.48565617015764, -34.550175871329465 ], [ -58.485778445467446, -34.549745198538112 ], [ -58.485951149831905, -34.549326515781047 ], [ -58.486172619341161, -34.548923855011978 ], [ -58.486440720558306, -34.548541093832881 ], [ -58.486752871087191, -34.548181918159869 ], [ -58.487106064458985, -34.547849786736805 ], [ -58.487496899097238, -34.54754789783761 ], [ -58.487921611081951, -34.547279158478091 ], [ -58.488376110396956, -34.547046156432735 ], [ -58.488856020311601, -34.546851135325831 ], [ -58.489356719517787, -34.546695973036158 ], [ -58.489873386616964, -34.546582163622752 ], [ -58.490401046529449, -34.546510802945505 ], [ -58.490934618380024, -34.546482578118599 ], [ -58.491468964399651, -34.546497760898148 ], [ -58.491998939373481, -34.54655620506751 ], [ -58.492519440160258, -34.54665734784534 ], [ -58.493025454807309, -34.546800215302916 ], [ -58.493512110789439, -34.546983431738532 ], [ -58.493974721908131, -34.547205232918955 ], [ -58.494408833400563, -34.547463483060689 ], [ -58.494810264824622, -34.547755695387885 ], [ -58.495175150307787, -34.548079056069263 ], [ -58.495499975772553, -34.548430451304064 ], [ -58.49578161278, -34.548806497296582 ], [ -58.496017348665866, -34.549203572831232 ], [ -58.496204912678159, -34.549617854134794 ], [ -58.496342497864518, -34.550045351690571 ], [ -58.496428778497432, -34.550481948650607 ], [ -58.496462922868986, -34.550923440475778 ], [ -58.49644460133046, -34.551365575422992 ], [ -58.496373989498601, -34.551804095489345 ], [ -58.496251766596167, -34.552234777418917 ], [ -58.496079108941736, -34.552653473377823 ], [ -58.495857678650118, -34.553056150905057 ], [ -58.495589607651105, -34.553438931754606 ], [ -58.495277477179599, -34.553798129254446 ], [ -58.494924292933618, -34.55413028382192 ], [ -58.494533456138917, -34.554432196293646 ], [ -58.494108730798359, -34.554700958747979 ], [ -58.493654207441395, -34.554933982522925 ], [ -58.493174263722565, -34.555129023159076 ], [ -58.492673522249063, -34.555284202027231 ], [ -58.492156806043752, -34.555398024431192 ], [ -58.491629092073424, -34.555469394011872 ], [ -58.491095463290705, -34.555497623312938 ], [ -58.490561059652514, -34.555482440406323 ], [ -58.490031028587943, -34.555423991513564 ], [ -58.4895104753938, -34.555322839597522 ], [ -58.489004414036714, -34.555179958938091 ], [ -58.488517718836945, -34.554996725744331 ], [ -58.488055077500128, -34.554774904893449 ], [ -58.487620945950326, -34.554516632924894 ], [ -58.487219505400454, -34.554224397453297 ], [ -58.486854622073729, -34.553901013199365 ], [ -58.486529809964807, -34.553549594869743 ] ] ], [ [ [ -58.370766401533089, -34.576603421414596 ], [ -58.370766251050632, -34.576603502428824 ], [ -58.370761605718627, -34.576606006672975 ], [ -58.370754991788587, -34.576610852229436 ], [ -58.370753753587429, -34.576612003312512 ], [ -58.370750932452133, -34.576614626124687 ], [ -58.370747936713236, -34.576620411005308 ], [ -58.370747893029268, -34.576620493903327 ], [ -58.370747842753545, -34.576620624571909 ], [ -58.370747070094993, -34.57662258098096 ], [ -58.370747050424626, -34.576622629643012 ], [ -58.37074538598938, -34.57662683984114 ], [ -58.370744815209811, -34.576633472999056 ], [ -58.370701397445785, -34.577020733041643 ], [ -58.370701397402804, -34.577020771802893 ], [ -58.370701397324844, -34.577020842113981 ], [ -58.37070129323277, -34.577029209968018 ], [ -58.370703213409435, -34.577036147893999 ], [ -58.3707053997882, -34.577042825509885 ], [ -58.370705410652292, -34.577042856166614 ], [ -58.370709073771096, -34.577047522920971 ], [ -58.370709098800674, -34.57704755539126 ], [ -58.370714326186132, -34.577054817634689 ], [ -58.370715839761722, -34.577055951874613 ], [ -58.370719191406714, -34.577058463084072 ], [ -58.370722859922985, -34.577061211608651 ], [ -58.370722927434073, -34.577061263041116 ], [ -58.370725973184847, -34.577062483177016 ], [ -58.370732216106965, -34.577064980353249 ], [ -58.370741544196811, -34.57706754927851 ], [ -58.370749878776905, -34.577067795377666 ], [ -58.370758434649794, -34.577068969210892 ], [ -58.370766861463167, -34.577069576850427 ], [ -58.37077477937661, -34.577070148046595 ], [ -58.374688657711857, -34.577379768239119 ], [ -58.37408740610487, -34.577090821892391 ], [ -58.373211547830905, -34.576760171359219 ], [ -58.372300729696995, -34.576502114292083 ], [ -58.371363721205711, -34.576319135298782 ], [ -58.371281944702318, -34.576310039086948 ], [ -58.370766438610303, -34.576603399808491 ], [ -58.370766401533089, -34.576603421414596 ] ] ], [ [ [ -58.375390599874962, -34.57809280870881 ], [ -58.375294626559665, -34.578147166747939 ], [ -58.375288251652535, -34.578150777768514 ], [ -58.374326767435072, -34.578695334831274 ], [ -58.374326635463035, -34.578695431187562 ], [ -58.374326511131336, -34.57869551673231 ], [ -58.374319040144783, -34.578700823385269 ], [ -58.374319011788117, -34.578700843195939 ], [ -58.374314232861529, -34.578702911187236 ], [ -58.37430963166041, -34.578704900883871 ], [ -58.374309095216809, -34.578705133060467 ], [ -58.374308810674478, -34.578705223896996 ], [ -58.374297257824949, -34.578708906809716 ], [ -58.374288891582431, -34.57870957317202 ], [ -58.374278339712149, -34.578709704295932 ], [ -58.374278044365646, -34.578709706784814 ], [ -58.374269480644891, -34.578708534094176 ], [ -58.374254653985865, -34.578708090594134 ], [ -58.374253660091838, -34.578708061924871 ], [ -58.374233717821539, -34.578706551008224 ], [ -58.368014862566241, -34.57821571410026 ], [ -58.368014825515388, -34.578215711367044 ], [ -58.367982400240457, -34.578213598348405 ], [ -58.367974407643452, -34.578212498677537 ], [ -58.367967480727977, -34.578211544066583 ], [ -58.367962010971631, -34.578211486610208 ], [ -58.367955538592341, -34.578211416651861 ], [ -58.367944087469041, -34.57821267961733 ], [ -58.367934207639564, -34.578216053144637 ], [ -58.367931164116499, -34.578217652599385 ], [ -58.367925953816325, -34.578220388861091 ], [ -58.367918737247187, -34.578223995233046 ], [ -58.367915151855364, -34.578225792577484 ], [ -58.367900876336449, -34.578234311608192 ], [ -58.367900841438448, -34.578234332313698 ], [ -58.36788348060248, -34.578244779783788 ], [ -58.367883452249593, -34.578244795085816 ], [ -58.365434794964983, -34.579645594654657 ], [ -58.365339267130423, -34.579700348101795 ], [ -58.365321035591712, -34.579710193254982 ], [ -58.365308925585573, -34.579719203192127 ], [ -58.365298717903372, -34.579730529515018 ], [ -58.365295415371591, -34.579742862865068 ], [ -58.365248385823008, -34.580143415667308 ], [ -58.365248382517471, -34.580143446313095 ], [ -58.365249087736544, -34.580149868631267 ], [ -58.365249101862226, -34.580149904699617 ], [ -58.365251454121299, -34.58015608946328 ], [ -58.365254708301393, -34.580159893386593 ], [ -58.365256609652576, -34.580162119630771 ], [ -58.365257805317952, -34.580162928307274 ], [ -58.365260452676061, -34.580164718821734 ], [ -58.36526318057858, -34.580166565328433 ], [ -58.365266532289951, -34.580168058076097 ], [ -58.365270606193626, -34.580169872311004 ], [ -58.365274692118746, -34.580170730143521 ], [ -58.365274794539033, -34.580170751859967 ], [ -58.365281068341694, -34.580172068471889 ], [ -58.36528110756776, -34.580172075714792 ], [ -58.365290141412864, -34.580172927604615 ], [ -58.365295229352689, -34.580173407642576 ], [ -58.365306690626227, -34.580173973925731 ], [ -58.365307975483574, -34.580174037155622 ], [ -58.367047540367118, -34.580310908096919 ], [ -58.367426506949855, -34.580157432401045 ], [ -58.367927646981414, -34.580002758863394 ], [ -58.368444702300877, -34.579889455171624 ], [ -58.368972694093024, -34.579818612317226 ], [ -58.369506538289109, -34.579790912429772 ], [ -58.370041094499179, -34.579806622212388 ], [ -58.370571215485278, -34.579865590375697 ], [ -58.371091796700256, -34.579967249094594 ], [ -58.37159782541633, -34.580110619474063 ], [ -58.372084428971412, -34.580294320971262 ], [ -58.372546921669773, -34.580516584683593 ], [ -58.372980849886169, -34.580775270374772 ], [ -58.373382034940121, -34.581067887075598 ], [ -58.373746613327924, -34.581391617061236 ], [ -58.37407107392535, -34.581743342974583 ], [ -58.374352291803071, -34.58211967783506 ], [ -58.374587558328962, -34.582516997644404 ], [ -58.374774607267128, -34.582931476275675 ], [ -58.374911636621889, -34.583359122310185 ], [ -58.37499732601546, -34.583795817467994 ], [ -58.375030849431198, -34.58423735626203 ], [ -58.375011883198624, -34.58467948649438 ], [ -58.374940609142094, -34.585117950204925 ], [ -58.374817712861663, -34.585548524677925 ], [ -58.374644377161474, -34.585967063111866 ], [ -58.374422270687617, -34.58636953456049 ], [ -58.374153531884097, -34.586752062760411 ], [ -58.373840748419951, -34.58711096347109 ], [ -58.373486932285324, -34.587442779966899 ], [ -58.373095490795244, -34.587744316339503 ], [ -58.372670193780337, -34.588012668289025 ], [ -58.372215137279881, -34.588245251107075 ], [ -58.371734704087196, -34.588439824581677 ], [ -58.371233521527479, -34.588594514583853 ], [ -58.370716416875254, -34.588707831127095 ], [ -58.370188370841504, -34.588778682726051 ], [ -58.369654469579501, -34.588806386915074 ], [ -58.369119855672196, -34.588790676825752 ], [ -58.3685896785748, -34.588731703759244 ], [ -58.368069044990811, -34.588630035729075 ], [ -58.367562969660511, -34.588486651988092 ], [ -58.367076327037339, -34.588302933592622 ], [ -58.366613804318412, -34.588080650094653 ], [ -58.366179856282649, -34.587821942490805 ], [ -58.365778662372144, -34.587529302592365 ], [ -58.365414086430981, -34.587205549015664 ], [ -58.365089639489348, -34.586853800024393 ], [ -58.364808445951809, -34.586477443485975 ], [ -58.364573213515101, -34.586080104231769 ], [ -58.364386207105071, -34.585665609135994 ], [ -58.364249227083093, -34.585237950250011 ], [ -58.364163591931103, -34.584801246347652 ], [ -58.364136374849792, -34.584442154313152 ], [ -58.360530402638581, -34.584165706882416 ], [ -58.360530361225727, -34.584165704143281 ], [ -58.360428352869029, -34.584157014108783 ], [ -58.360245704741757, -34.584141451973601 ], [ -58.359955582062085, -34.584116733883761 ], [ -58.359954966265875, -34.584116736066591 ], [ -58.359944206773818, -34.58411673506815 ], [ -58.359935470447247, -34.584117363173611 ], [ -58.359935005020247, -34.584117395230678 ], [ -58.359934201696667, -34.58411744953721 ], [ -58.359934165715501, -34.584117461225269 ], [ -58.359933972716327, -34.58411753137289 ], [ -58.359933931282299, -34.584117545760591 ], [ -58.359926907047232, -34.584120048475235 ], [ -58.359925094489981, -34.584120971801376 ], [ -58.359920422409289, -34.584123353012799 ], [ -58.359912914126809, -34.584129481746778 ], [ -58.359912750476738, -34.584129615018952 ], [ -58.359908699675884, -34.584135486169835 ], [ -58.359905445521889, -34.584142293673956 ], [ -58.359902710906844, -34.584150258145542 ], [ -58.359901448850742, -34.584155498858877 ], [ -58.359900894981457, -34.584165340140572 ], [ -58.359812763143275, -34.584975367480915 ], [ -58.359830016025398, -34.58520315020607 ], [ -58.359977936477719, -34.585957680962636 ], [ -58.360267158244653, -34.585980149217171 ], [ -58.363620264540266, -34.586240585291279 ], [ -58.363631878689759, -34.586241599864536 ], [ -58.363641508961628, -34.58624370263837 ], [ -58.363648638745993, -34.586245967428951 ], [ -58.363652953616544, -34.586248835677765 ], [ -58.363652972120541, -34.586248856425641 ], [ -58.36365343555385, -34.586249439222243 ], [ -58.363656121644269, -34.586252817150239 ], [ -58.363659183770793, -34.586257861315119 ], [ -58.363659234897291, -34.586257945189274 ], [ -58.363659249036225, -34.586257970440698 ], [ -58.363659260987752, -34.586258002000285 ], [ -58.363661763476394, -34.586263469377506 ], [ -58.36366178195459, -34.58626351175954 ], [ -58.363662551106614, -34.586272012816416 ], [ -58.363661293065107, -34.58628227900941 ], [ -58.363661289754425, -34.586282313260824 ], [ -58.363597643922958, -34.586844006195875 ], [ -58.3635275354698, -34.587462716935583 ], [ -58.363527529984523, -34.587462746678071 ], [ -58.363527509157109, -34.587462845817683 ], [ -58.363527503675051, -34.587462872855923 ], [ -58.363527487221411, -34.58746296028059 ], [ -58.363525792114274, -34.587471371883893 ], [ -58.363524334314818, -34.587480034277029 ], [ -58.363524264448564, -34.587480126165104 ], [ -58.363518775513505, -34.587487401576752 ], [ -58.363518747132943, -34.58748743670909 ], [ -58.363511291310282, -34.587493413363227 ], [ -58.363506011749571, -34.587495128962978 ], [ -58.363502951093736, -34.587496118026465 ], [ -58.363502900934797, -34.587496136013954 ], [ -58.363502855139934, -34.587496150399268 ], [ -58.363502263279244, -34.587496167943762 ], [ -58.363501928654856, -34.587496177585798 ], [ -58.363496553940415, -34.587496344461094 ], [ -58.363495118430329, -34.587496389259748 ], [ -58.363495077011407, -34.58749639012732 ], [ -58.363481495672815, -34.587496008534558 ], [ -58.363480583516512, -34.587495902321905 ], [ -58.363466021716548, -34.587494201142349 ], [ -58.363463942265696, -34.5874940651291 ], [ -58.363447479948348, -34.587492987079308 ], [ -58.363341004778633, -34.587484472504343 ], [ -58.360453738828021, -34.587253546942236 ], [ -58.360567229656056, -34.587505121782826 ], [ -58.360990623485272, -34.588220346437687 ], [ -58.361315556313315, -34.588655271391396 ], [ -58.361406960977597, -34.588674007243519 ], [ -58.361411325174096, -34.588674901493818 ], [ -58.36322483600528, -34.589044832878074 ], [ -58.363470129338566, -34.589094867182617 ], [ -58.365205353108415, -34.589448798540332 ], [ -58.365223524037326, -34.589452472023254 ], [ -58.365726133055325, -34.58955412822057 ], [ -58.367147645069643, -34.589841625570344 ], [ -58.367996921036408, -34.590013380721572 ], [ -58.367996775956371, -34.590014434372407 ], [ -58.367996414349797, -34.590017065345336 ], [ -58.367965264529914, -34.590243627341323 ], [ -58.367963193814511, -34.590251045340587 ], [ -58.367911996067114, -34.590434415268668 ], [ -58.367721159239245, -34.590505278293378 ], [ -58.367534526006942, -34.590623771927142 ], [ -58.367491450104474, -34.590656737426279 ], [ -58.36749133567681, -34.590656719307937 ], [ -58.367491299713514, -34.590656713871148 ], [ -58.367483803088156, -34.590655507289419 ], [ -58.367473657020135, -34.590654029101195 ], [ -58.367468121909916, -34.590653222487859 ], [ -58.36746725442611, -34.590653096508809 ], [ -58.36746346184519, -34.590652601353263 ], [ -58.367450649897343, -34.590650928164926 ], [ -58.367434014579651, -34.590648995066182 ], [ -58.367417372442212, -34.590647306245536 ], [ -58.367417328848013, -34.590647301704159 ], [ -58.367400621034619, -34.590645854411122 ], [ -58.367398938236455, -34.590645733199409 ], [ -58.367383876979865, -34.590644644161706 ], [ -58.367367113029268, -34.590643674574359 ], [ -58.367350338986306, -34.590642951065405 ], [ -58.367333574472624, -34.590642471847417 ], [ -58.367333542864117, -34.590642470921104 ], [ -58.367330899692483, -34.59064243368703 ], [ -58.367316747556359, -34.59064223055379 ], [ -58.367302998477108, -34.590642234161912 ], [ -58.367302958147711, -34.590642234130208 ], [ -58.367302912368359, -34.590642234094183 ], [ -58.367299939974821, -34.590642237164516 ], [ -58.367296910857469, -34.590642278951378 ], [ -58.367283143023478, -34.590642478151402 ], [ -58.367271283586085, -34.590642823079349 ], [ -58.367266345786838, -34.590642967027186 ], [ -58.367249559170808, -34.590643698391936 ], [ -58.367232804975963, -34.590644671361353 ], [ -58.367232772273297, -34.590644674039901 ], [ -58.367216059221448, -34.590645886818088 ], [ -58.367199346981977, -34.590647340274678 ], [ -58.367182676970032, -34.590649038047978 ], [ -58.367170313784989, -34.590650479601663 ], [ -58.367166038287628, -34.590650978326593 ], [ -58.367161953495987, -34.5906515132585 ], [ -58.367161913160331, -34.590651518635234 ], [ -58.367161881545577, -34.590651523117486 ], [ -58.367159631474983, -34.590651818814607 ], [ -58.367149440749749, -34.590653156611111 ], [ -58.367132884357268, -34.590655572000202 ], [ -58.36712633777767, -34.590656627816557 ], [ -58.36711639635341, -34.590658229923804 ], [ -58.367099957128758, -34.590661121352362 ], [ -58.367083583026641, -34.590664251707253 ], [ -58.367078095823544, -34.590665384075827 ], [ -58.367067284953073, -34.590667615588522 ], [ -58.367051058544817, -34.590671215697121 ], [ -58.367034907073801, -34.590675050232761 ], [ -58.367018840350838, -34.590679118301765 ], [ -58.367002896536647, -34.59068341001867 ], [ -58.367002858375741, -34.590683419904181 ], [ -58.366986973148663, -34.590687946035352 ], [ -58.366971181391222, -34.590692703904004 ], [ -58.366971147588174, -34.590692715595864 ], [ -58.366970278549658, -34.590692992548291 ], [ -58.36695956877977, -34.590696395080272 ], [ -58.366955497277232, -34.59069768991575 ], [ -58.36694250616145, -34.590702039844061 ], [ -58.36693992080766, -34.590702903169159 ], [ -58.366937684336477, -34.590703691050201 ], [ -58.366935978905545, -34.590704290952935 ], [ -58.36692445853479, -34.590708332852415 ], [ -58.366909101724026, -34.590713991578554 ], [ -58.366893875456455, -34.590719869451725 ], [ -58.366878773193051, -34.590725965565468 ], [ -58.366863814556623, -34.59073227723102 ], [ -58.366851793517235, -34.590737571706526 ], [ -58.366848978830077, -34.590738810742039 ], [ -58.366846489066866, -34.590739956286285 ], [ -58.366834282381816, -34.590745549885924 ], [ -58.366819735008136, -34.590752506388867 ], [ -58.366805336725598, -34.590759665828273 ], [ -58.366792417013954, -34.590766348680809 ], [ -58.366792372298484, -34.590766371181026 ], [ -58.366791086434773, -34.590767036316095 ], [ -58.366789181043131, -34.590768060629074 ], [ -58.36677699613589, -34.590774608847617 ], [ -58.366766957410015, -34.590780215873643 ], [ -58.366763073456696, -34.590782385231726 ], [ -58.366759491535696, -34.590784462883448 ], [ -58.366759413004559, -34.590784507892486 ], [ -58.366749314040327, -34.590790362760906 ], [ -58.366735717899203, -34.590798530618017 ], [ -58.366722301367467, -34.590806902337455 ], [ -58.366709072095873, -34.590815459896866 ], [ -58.36669601372305, -34.590824213198957 ], [ -58.36669105465355, -34.59082765631635 ], [ -58.36668314588335, -34.590833149639437 ], [ -58.366670467480532, -34.590842274626048 ], [ -58.366657992696901, -34.590851577352986 ], [ -58.366657959965963, -34.59085160436976 ], [ -58.366657350117322, -34.590852075331284 ], [ -58.366645699727471, -34.590861062310161 ], [ -58.366641108807393, -34.590864731974385 ], [ -58.366633651834341, -34.590870692589377 ], [ -58.366633619104434, -34.590870718704707 ], [ -58.366621751911488, -34.590880551946185 ], [ -58.366612990606562, -34.590888060171977 ], [ -58.366610081810315, -34.590890552105932 ], [ -58.366607236191378, -34.590893080146749 ], [ -58.366606698270857, -34.590893560179211 ], [ -58.366598631685399, -34.590900723709261 ], [ -58.366593953926156, -34.590905019792139 ], [ -58.366587389563634, -34.590911052324053 ], [ -58.36658176882738, -34.590916405930216 ], [ -58.366581673892924, -34.590916496898743 ], [ -58.366581653160161, -34.590916516713627 ], [ -58.366576371784419, -34.590921546977512 ], [ -58.36656557836551, -34.590932192345498 ], [ -58.366562033880939, -34.590935815962155 ], [ -58.366555003844425, -34.590942999240816 ], [ -58.36654725976414, -34.59095120867422 ], [ -58.366544667854619, -34.590953955960607 ], [ -58.366544636204196, -34.590953991091027 ], [ -58.366541851003937, -34.590957051018044 ], [ -58.36653456386037, -34.590965058894049 ], [ -58.366524725686872, -34.590976277419628 ], [ -58.366524697310574, -34.590976308946942 ], [ -58.366515073667784, -34.59098769530658 ], [ -58.366513076144969, -34.590990145593999 ], [ -58.366505680939063, -34.59099922066779 ], [ -58.366505649281301, -34.590999262108191 ], [ -58.366505053263943, -34.591000023338204 ], [ -58.36650501942411, -34.591000066579696 ], [ -58.366504986676347, -34.59100010801918 ], [ -58.366496536572612, -34.591010877833128 ], [ -58.366487268283031, -34.591023183022813 ], [ -58.366487246446667, -34.591023214555328 ], [ -58.366369490994266, -34.59120199592909 ], [ -58.366324026756267, -34.591271033176326 ], [ -58.365950858450041, -34.59183761098911 ], [ -58.366649491442999, -34.592035551940924 ], [ -58.366988711446957, -34.591508047974536 ], [ -58.367089402500184, -34.591403659647462 ], [ -58.367132027385964, -34.591380417592937 ], [ -58.367173845395236, -34.591375380033625 ], [ -58.36720911896235, -34.591380850607457 ], [ -58.36724434993338, -34.59139965949867 ], [ -58.367255115154251, -34.5914125484097 ], [ -58.367267515300696, -34.591427393793552 ], [ -58.36727278938708, -34.591478901667081 ], [ -58.367264593883959, -34.591510006942457 ], [ -58.36728025697937, -34.591551830886687 ], [ -58.366943409008286, -34.592111462027802 ], [ -58.367504580972636, -34.592221046435697 ], [ -58.367657407839452, -34.591983812356808 ], [ -58.367697204636734, -34.591985023503611 ], [ -58.367707127048682, -34.591971599168609 ], [ -58.367719640773814, -34.591959746240313 ], [ -58.367734387901166, -34.591949805175588 ], [ -58.367750947367441, -34.59194205778946 ], [ -58.367768846949041, -34.591936725461636 ], [ -58.367787577440282, -34.591933961936384 ], [ -58.36780660247458, -34.591933843414608 ], [ -58.36782538031585, -34.591936375782268 ], [ -58.367843374769777, -34.591941484703376 ], [ -58.367860073702069, -34.591949025550022 ], [ -58.3678749988485, -34.59195878341 ], [ -58.367887725427373, -34.591970479412062 ], [ -58.367897890849235, -34.591983779746847 ], [ -58.367905203425636, -34.591998305589151 ], [ -58.367909455439907, -34.592013641220987 ], [ -58.367910526397843, -34.592029351161102 ], [ -58.367908385202732, -34.592044984673635 ], [ -58.367903092309859, -34.59206009830541 ], [ -58.367894799723643, -34.592074258590294 ], [ -58.367932414910022, -34.592092175834622 ], [ -58.367932098284797, -34.5920926344116 ], [ -58.367912915149901, -34.592120422917063 ], [ -58.367903618918959, -34.592116242060754 ], [ -58.367802908210713, -34.592278801624637 ], [ -58.36875131390947, -34.592384294435639 ], [ -58.369713660497489, -34.592412572817828 ], [ -58.370623196915417, -34.59236537616318 ], [ -58.370611480721443, -34.59239366039705 ], [ -58.370390209124174, -34.593168687022867 ], [ -58.370261861185519, -34.593957917081397 ], [ -58.370252357599192, -34.594179159329698 ], [ -58.369370637645879, -34.59445127092085 ], [ -58.368914113596453, -34.594636135221094 ], [ -58.368794236979298, -34.594976689679577 ], [ -58.368751872398661, -34.59509704097772 ], [ -58.368700262681315, -34.595243656157507 ], [ -58.368573916858573, -34.595602579503129 ], [ -58.368046041192727, -34.597102156542761 ], [ -58.367913531510901, -34.597478579000487 ], [ -58.367894016604573, -34.597491314364603 ], [ -58.367872302861223, -34.597501321203154 ], [ -58.367848939969306, -34.597508346645242 ], [ -58.367824524408739, -34.597512209970787 ], [ -58.36779967545565, -34.597512814310122 ], [ -58.367775027555687, -34.597510143032657 ], [ -58.367483306508326, -34.597487893467026 ], [ -58.366600265950716, -34.597420538528084 ], [ -58.3665270172894, -34.59741495110989 ], [ -58.366519556255511, -34.597414501692811 ], [ -58.366512100662248, -34.597415000575964 ], [ -58.366504824934488, -34.597416436179259 ], [ -58.366497900252213, -34.597418775285888 ], [ -58.366491489101946, -34.597421961235199 ], [ -58.366485741998332, -34.597425921131489 ], [ -58.366480794220173, -34.597430560432791 ], [ -58.366477204054959, -34.597433854085992 ], [ -58.366474336081815, -34.597437601727634 ], [ -58.366472272182811, -34.597441694350628 ], [ -58.366471072445933, -34.597446016620601 ], [ -58.366470768628858, -34.597450443265082 ], [ -58.366469734846135, -34.597460175102668 ], [ -58.366469104443311, -34.597466104159196 ], [ -58.366466569616314, -34.597489935756656 ], [ -58.366462548124979, -34.597490112849783 ], [ -58.366458032805077, -34.597490311185034 ], [ -58.366451270862683, -34.59755059925979 ], [ -58.366453072008383, -34.597551386471736 ], [ -58.366453764780559, -34.597551689255987 ], [ -58.366465799644637, -34.597556955001082 ], [ -58.366466052279875, -34.597557741338882 ], [ -58.366469219939077, -34.597567600809668 ], [ -58.366472730386306, -34.597578526130647 ], [ -58.366475546456599, -34.597600724089162 ], [ -58.366474178706639, -34.597623015179963 ], [ -58.366468662636898, -34.597644863986197 ], [ -58.366459129663198, -34.597665745082331 ], [ -58.366445808190569, -34.597685157457803 ], [ -58.366436348508302, -34.597685149949072 ], [ -58.366377307508898, -34.598226844381266 ], [ -58.366095805656052, -34.59820866073435 ], [ -58.366093909072035, -34.598208538222032 ], [ -58.366114997136648, -34.598044418633606 ], [ -58.366160246533433, -34.597692263537127 ], [ -58.36616403773376, -34.597664687584761 ], [ -58.366164232907799, -34.5976632679521 ], [ -58.366160308658522, -34.597663242485382 ], [ -58.366159008208058, -34.597663234045996 ], [ -58.366151101960092, -34.597636948584636 ], [ -58.366148896691698, -34.597614381532473 ], [ -58.366148463794467, -34.597609951587586 ], [ -58.366151160458458, -34.597582957936353 ], [ -58.366159123528057, -34.597556684206893 ], [ -58.366172139619771, -34.597531829732105 ], [ -58.36617905444897, -34.59753141607446 ], [ -58.36618402354069, -34.59745416001504 ], [ -58.366185891943346, -34.597425111361389 ], [ -58.366184816880342, -34.597417833322538 ], [ -58.366182298270623, -34.597410803828737 ], [ -58.366178407834802, -34.597404215841472 ], [ -58.366173275400314, -34.597398278385604 ], [ -58.366173252188318, -34.597398251532766 ], [ -58.366168705251724, -34.597394504506582 ], [ -58.366166971758652, -34.597393075974573 ], [ -58.366159742971767, -34.597388831731912 ], [ -58.366151764084314, -34.597385636147322 ], [ -58.366143254097757, -34.597383577734483 ], [ -58.366059787262991, -34.597378847029177 ], [ -58.366057888459366, -34.597378739408761 ], [ -58.366060047828142, -34.597361934105649 ], [ -58.366060217264952, -34.597360615462179 ], [ -58.36578681889344, -34.597344178897025 ], [ -58.365783920627415, -34.597356101498356 ], [ -58.36550821967532, -34.597335369895291 ], [ -58.365172451767528, -34.597309703792888 ], [ -58.365016104595014, -34.59748904820092 ], [ -58.364532232774444, -34.598177563401229 ], [ -58.364132295805391, -34.59890198064496 ], [ -58.363820147122652, -34.59965532418699 ], [ -58.363611873218524, -34.600384549660944 ], [ -58.363606434435646, -34.600394400691762 ], [ -58.363294275835649, -34.601147742952406 ], [ -58.363072915374659, -34.60192275737635 ], [ -58.362944487319723, -34.602711980586115 ], [ -58.362910231123024, -34.603507812160096 ], [ -58.362970479384714, -34.604302587820023 ], [ -58.363124654546191, -34.605088653241474 ], [ -58.363371274349944, -34.605858437776895 ], [ -58.363707966017031, -34.606604527380739 ], [ -58.364131489009729, -34.607319736033759 ], [ -58.364294238687208, -34.607537509473133 ], [ -58.364390795726045, -34.606707314509187 ], [ -58.36452976784463, -34.605479505821783 ], [ -58.364530454627833, -34.605474927157964 ], [ -58.364531518593552, -34.605466681817923 ], [ -58.364533057600617, -34.605461432285139 ], [ -58.364534850617233, -34.605457105111796 ], [ -58.364538039572423, -34.605452347287681 ], [ -58.364542302059384, -34.605448758574241 ], [ -58.364546530751099, -34.605446090184422 ], [ -58.364550738735183, -34.605444337621606 ], [ -58.364557148011464, -34.605443318794201 ], [ -58.364563824372581, -34.605442307393993 ], [ -58.364569359895498, -34.605442649004907 ], [ -58.364578781812078, -34.605443069479541 ], [ -58.364591491629881, -34.605444476965403 ], [ -58.365186690284006, -34.605491463156127 ], [ -58.36519987234, -34.605489015579792 ], [ -58.365206824399259, -34.605489027479152 ], [ -58.365213998856504, -34.605489965316437 ], [ -58.365223641658382, -34.605491678556902 ], [ -58.365232233008996, -34.605491978424446 ], [ -58.365242837006953, -34.605491200907707 ], [ -58.365251537620324, -34.605489437508481 ], [ -58.365258033158689, -34.605487369459254 ], [ -58.365265149244287, -34.605484173328954 ], [ -58.365271200523871, -34.605479794579495 ], [ -58.365276710005482, -34.605475397366043 ], [ -58.36528116585712, -34.605469584074555 ], [ -58.365287733802205, -34.605460631928032 ], [ -58.365290274824197, -34.605454294273713 ], [ -58.365291442548056, -34.605447677878445 ], [ -58.365293202952707, -34.605434886322406 ], [ -58.365299058601266, -34.6054346314165 ], [ -58.365326259681936, -34.605187693585648 ], [ -58.365548849546293, -34.605204402381069 ], [ -58.365519434233711, -34.605451034708047 ], [ -58.3655257455883, -34.605452630774252 ], [ -58.365524978825889, -34.605462244718673 ], [ -58.365524153679431, -34.605467723797076 ], [ -58.36552487955263, -34.60547532335972 ], [ -58.365525758270152, -34.605479945650508 ], [ -58.365526935135712, -34.605484116568206 ], [ -58.365528144418477, -34.605487603333117 ], [ -58.365530130716223, -34.605492261666825 ], [ -58.36553348895292, -34.605497429501412 ], [ -58.365535783473881, -34.605501412016068 ], [ -58.365539262406351, -34.605504057770624 ], [ -58.365545654224299, -34.605509557955585 ], [ -58.365550781992326, -34.605512721545161 ], [ -58.36555621934496, -34.605514977651353 ], [ -58.365561624010681, -34.605518148673674 ], [ -58.365567072535029, -34.605520174925893 ], [ -58.365573438655673, -34.605520626228561 ], [ -58.365584552851956, -34.605520784765972 ], [ -58.365596145095658, -34.605522336380993 ], [ -58.365605554606049, -34.605523122743435 ], [ -58.366201776770367, -34.605570295903568 ], [ -58.36620974842107, -34.605571952749465 ], [ -58.366216934067225, -34.605572659772882 ], [ -58.366222535163111, -34.605571938585378 ], [ -58.366229676134367, -34.605573563219345 ], [ -58.366236584882643, -34.605574263711318 ], [ -58.36624205440588, -34.605576061890574 ], [ -58.366247182472989, -34.605578994687285 ], [ -58.36625205571741, -34.605581687503019 ], [ -58.366255235441436, -34.605584784611189 ], [ -58.36625841543519, -34.605587650054204 ], [ -58.366262473925524, -34.605595364039146 ], [ -58.366264969380495, -34.605600960243869 ], [ -58.366265804559013, -34.605606497437158 ], [ -58.366263599745075, -34.605617209074872 ], [ -58.366263109961373, -34.605626832258181 ], [ -58.366140532015983, -34.606705226501475 ], [ -58.365985301065614, -34.608060400904932 ], [ -58.365855576514804, -34.609192866201475 ], [ -58.365878334078218, -34.609213069778825 ], [ -58.366600678246506, -34.609739813724495 ], [ -58.367381998411794, -34.610205477014745 ], [ -58.36821476910837, -34.610605574033904 ], [ -58.369090968897012, -34.610936250704633 ], [ -58.370002157669717, -34.611194321640362 ], [ -58.370939558002704, -34.611377300852681 ], [ -58.37161109904774, -34.611451959701519 ], [ -58.37154701820036, -34.611501307462625 ], [ -58.370909950083096, -34.612098566960746 ], [ -58.370351841889629, -34.612738731954479 ], [ -58.370209294367605, -34.612782715807441 ], [ -58.370186211090122, -34.612792061446008 ], [ -58.370124565591937, -34.612811082436231 ], [ -58.369259523712621, -34.613161303411715 ], [ -58.368440159582484, -34.61357993297193 ], [ -58.367674362988652, -34.614062940497533 ], [ -58.366969508332566, -34.614605675439591 ], [ -58.366332383635012, -34.615202912065527 ], [ -58.365999990051584, -34.61558412782189 ], [ -58.365276639267819, -34.615562861691814 ], [ -58.365124607094117, -34.615570743342282 ], [ -58.365106425253373, -34.615720792807728 ], [ -58.364900116762087, -34.617535875550317 ], [ -58.364896546975466, -34.617557145267966 ], [ -58.364896522546566, -34.617569529849739 ], [ -58.364894439818741, -34.617575228746183 ], [ -58.364892656918329, -34.617580016549383 ], [ -58.364887518034607, -34.617585664303711 ], [ -58.364881859600416, -34.617589929762694 ], [ -58.364876499635145, -34.617593511284866 ], [ -58.36487004416464, -34.617595928190433 ], [ -58.3648652942125, -34.617597226007469 ], [ -58.364857509903132, -34.61759755595557 ], [ -58.364846405300348, -34.61759714496111 ], [ -58.364836153047776, -34.617596059490467 ], [ -58.364227461358389, -34.617550054914567 ], [ -58.364218017043555, -34.617549900312959 ], [ -58.364205550920055, -34.617548319013324 ], [ -58.364196958688105, -34.617547718899601 ], [ -58.364187769507524, -34.617548485753538 ], [ -58.364180239243559, -34.617549737115517 ], [ -58.364172123204767, -34.617552127395165 ], [ -58.364164030063272, -34.617553600047898 ], [ -58.364156400032449, -34.617558978025414 ], [ -58.364149667058243, -34.61756184898271 ], [ -58.364142834589124, -34.617568617596341 ], [ -58.364137707102273, -34.617573808308627 ], [ -58.364133964043759, -34.617579250740746 ], [ -58.364130983930764, -34.617587687406754 ], [ -58.364099601852246, -34.617861696993536 ], [ -58.36388827477905, -34.617846528051778 ], [ -58.363916973669383, -34.617591281181383 ], [ -58.363918237367344, -34.617584880330206 ], [ -58.363918980170347, -34.617577324336381 ], [ -58.363917752770007, -34.617570652832804 ], [ -58.36391597176172, -34.617563743804901 ], [ -58.363913903453842, -34.617557288858258 ], [ -58.363908833788507, -34.617548719440705 ], [ -58.363903177802278, -34.617541745057494 ], [ -58.363897731965103, -34.617536840504272 ], [ -58.363891996920479, -34.617533076010716 ], [ -58.363885963673113, -34.617529765589232 ], [ -58.363878534273255, -34.617526893020916 ], [ -58.363869678467061, -34.61752514155674 ], [ -58.363860267142982, -34.617523840348809 ], [ -58.363853059617504, -34.617523262072211 ], [ -58.363217131856629, -34.617477723326552 ], [ -58.363206590971693, -34.617477320758056 ], [ -58.363198542546925, -34.617476958093519 ], [ -58.363191655602783, -34.617474551962346 ], [ -58.363185046690091, -34.617472149664586 ], [ -58.363179832839855, -34.617469312224429 ], [ -58.363174629353949, -34.617466015970059 ], [ -58.363169250373296, -34.61745904718866 ], [ -58.363166040280575, -34.617453719869282 ], [ -58.3631634181544, -34.617447255441107 ], [ -58.363163918723039, -34.617438089317822 ], [ -58.36316497152923, -34.617429391484514 ], [ -58.363166070701411, -34.617418401379609 ], [ -58.363355928713816, -34.615742062309941 ], [ -58.362433392413948, -34.615944099185953 ], [ -58.361530934581772, -34.616222477472164 ], [ -58.360665819586202, -34.616572638984039 ], [ -58.359846377363944, -34.616991212382366 ], [ -58.359080498453132, -34.61747416758859 ], [ -58.35837555804693, -34.618016854557574 ], [ -58.35773834499102, -34.618614048018891 ], [ -58.357174996407721, -34.619259997756551 ], [ -58.356690938576435, -34.619948483945237 ], [ -58.356290834640099, -34.620672877011224 ], [ -58.355978539642798, -34.621426201443263 ], [ -58.355757063333549, -34.622201202940232 ], [ -58.355628541097104, -34.622990418249969 ], [ -58.355594213295099, -34.623786247027674 ], [ -58.355654413219931, -34.624581025022557 ], [ -58.355808563781288, -34.625367097888095 ], [ -58.356055182961377, -34.626136894905251 ], [ -58.356268612880363, -34.626609823429909 ], [ -58.356343488932573, -34.626561946137073 ], [ -58.357191525330265, -34.626008908720273 ], [ -58.357182177753884, -34.625988556483577 ], [ -58.360299773363749, -34.623948798911101 ], [ -58.35998804887857, -34.624152759698106 ], [ -58.359956587473476, -34.623737681838008 ], [ -58.359975635351823, -34.62329555460871 ], [ -58.360047014110073, -34.62285709968733 ], [ -58.360170035522366, -34.622426539563506 ], [ -58.360343514069925, -34.622008020632151 ], [ -58.360565778387276, -34.621605573266507 ], [ -58.360834687384262, -34.621223073010931 ], [ -58.361147650887503, -34.620864203266578 ], [ -58.361501654601831, -34.620532419829274 ], [ -58.361893289150551, -34.620230917620404 ], [ -58.362318782914492, -34.619962599930965 ], [ -58.362774038353365, -34.619730050474317 ], [ -58.36291829870914, -34.619671659673593 ], [ -58.362857788515363, -34.620226699807766 ], [ -58.36307337489685, -34.618249167996829 ], [ -58.363073808118294, -34.61824252399105 ], [ -58.363075747954127, -34.618231547199024 ], [ -58.363076181175295, -34.618224903193223 ], [ -58.363078286952458, -34.618218287604044 ], [ -58.363081752892384, -34.618213068529379 ], [ -58.363085497413572, -34.618207397170913 ], [ -58.363090867308216, -34.618203815736074 ], [ -58.363096492877581, -34.618200696939098 ], [ -58.363103214209566, -34.618198513813681 ], [ -58.363111308246417, -34.618197271094211 ], [ -58.363121328334366, -34.61819651852511 ], [ -58.363133529321551, -34.618197407427679 ], [ -58.363759442434748, -34.618243700136851 ], [ -58.363770259270211, -34.618244108291258 ], [ -58.363783003249715, -34.618245922428073 ], [ -58.363791915842974, -34.618244921010152 ], [ -58.363801705063381, -34.618242101242387 ], [ -58.363809566048154, -34.618238789529215 ], [ -58.363816576029869, -34.61823592422548 ], [ -58.363824481724357, -34.618230779060845 ], [ -58.363829000314503, -34.618227872062384 ], [ -58.363834149945269, -34.618221534776367 ], [ -58.363839908800394, -34.61821360247459 ], [ -58.363844261953133, -34.61820587635296 ], [ -58.363845349596644, -34.61819534415492 ], [ -58.363876252549595, -34.617940821142774 ], [ -58.364088121747869, -34.617956916303882 ], [ -58.364060644443001, -34.61819567092391 ], [ -58.364060488516131, -34.618202089804086 ], [ -58.364058559714039, -34.618213066620932 ], [ -58.364059454311111, -34.618221795791932 ], [ -58.364061523462304, -34.61822848149945 ], [ -58.364065253452523, -34.618234963935734 ], [ -58.364067068015927, -34.618240269363078 ], [ -58.364070000708828, -34.618245134004397 ], [ -58.364072955756086, -34.61824953894002 ], [ -58.364079453808266, -34.618256297658782 ], [ -58.364088221649055, -34.618261487049324 ], [ -58.364094797394792, -34.618265263935406 ], [ -58.364099757552573, -34.618266951820239 ], [ -58.364107474325138, -34.61826937209598 ], [ -58.364114671560102, -34.618270407368755 ], [ -58.364122697988385, -34.61827191385612 ], [ -58.364129064667992, -34.618272706872425 ], [ -58.364137390117151, -34.618273073306483 ], [ -58.364760546927791, -34.61831839862753 ], [ -58.364771641269826, -34.618319269345413 ], [ -58.364781848920522, -34.618322188272288 ], [ -58.364790096441638, -34.618325764553056 ], [ -58.364795842755278, -34.618329300052586 ], [ -58.364800458410208, -34.618333732452562 ], [ -58.364803170890887, -34.618336758003025 ], [ -58.364806092184693, -34.618342081439849 ], [ -58.364807929419079, -34.618346697288622 ], [ -58.364808349233172, -34.618352209806616 ], [ -58.364808712913636, -34.618360013687209 ], [ -58.36480742774306, -34.618367102312426 ], [ -58.364719696417261, -34.619207708384586 ], [ -58.36480160204821, -34.619196725800983 ], [ -58.365335699918496, -34.61916903835337 ], [ -58.365870508677716, -34.619184760367453 ], [ -58.366400878657352, -34.619243740436204 ], [ -58.366921702913828, -34.619345410620042 ], [ -58.367427966380127, -34.619488791913881 ], [ -58.367914794134613, -34.61967250367011 ], [ -58.368377498323319, -34.619894776887776 ], [ -58.368564803809527, -34.620006392313229 ], [ -58.368570053131499, -34.619884254304885 ], [ -58.368641384195918, -34.619445795249995 ], [ -58.368764356478877, -34.619015227388068 ], [ -58.36893778493473, -34.618596697188742 ], [ -58.369159998680381, -34.618194235133913 ], [ -58.369428857112553, -34.6178117169096 ], [ -58.369741770544664, -34.617452826090094 ], [ -58.37009572516353, -34.617121018674311 ], [ -58.370487312064995, -34.616819489814624 ], [ -58.370912760088466, -34.616551143058736 ], [ -58.371367972133847, -34.616318562399904 ], [ -58.371848564611327, -34.616123987404542 ], [ -58.371910212109796, -34.616104965504192 ], [ -58.371933296087228, -34.616095619527073 ], [ -58.372434640781961, -34.615940923437172 ], [ -58.372951910454397, -34.615827596149572 ], [ -58.373401490453006, -34.615767278855323 ], [ -58.37351543296068, -34.615492253851073 ], [ -58.373737616556696, -34.615089783975876 ], [ -58.374006444111366, -34.614707256205591 ], [ -58.37431932623538, -34.614348354206584 ], [ -58.374673249417, -34.614016534085465 ], [ -58.375064805054656, -34.613714991117057 ], [ -58.375490222288676, -34.613446628984917 ], [ -58.375945404315331, -34.613214031830445 ], [ -58.376425967833697, -34.613019439378924 ], [ -58.376927285245763, -34.612864725381634 ], [ -58.377444529203885, -34.612751379581603 ], [ -58.377972719077171, -34.612680493375507 ], [ -58.378506768890432, -34.612652749310065 ], [ -58.379041536274769, -34.612668414513642 ], [ -58.379571871959882, -34.612727338126028 ], [ -58.380092669332342, -34.61282895275108 ], [ -58.380598913583967, -34.612972279918445 ], [ -58.381085729978238, -34.613155939501553 ], [ -58.381548430770756, -34.613378163001641 ], [ -58.381982560333185, -34.613636810569965 ], [ -58.382383938046708, -34.613929391604792 ], [ -58.38274869855266, -34.614253088725192 ], [ -58.383073328973175, -34.614604784890957 ], [ -58.383354702743389, -34.614981093408467 ], [ -58.383590109729532, -34.615378390533614 ], [ -58.383777282342436, -34.615792850358332 ], [ -58.383914417394557, -34.616220481645513 ], [ -58.384000193489193, -34.616657166257575 ], [ -58.384033783773553, -34.617098698809329 ], [ -58.384014863931867, -34.617540827163232 ], [ -58.383943615340364, -34.617979293377402 ], [ -58.383820723352493, -34.618409874712093 ], [ -58.383679007676356, -34.61875203909463 ], [ -58.384073839223987, -34.618630169433942 ], [ -58.384591107909486, -34.618516792803987 ], [ -58.385119326987173, -34.618445874982058 ], [ -58.385653410200746, -34.61841809881922 ], [ -58.38618821485985, -34.618433731752788 ], [ -58.386718591335452, -34.61849262323318 ], [ -58.38723943262157, -34.618594206173576 ], [ -58.387745723487448, -34.618737502408663 ], [ -58.387780457730742, -34.618750603125065 ], [ -58.388085089331796, -34.618594904247296 ], [ -58.388565653418439, -34.618400264060099 ], [ -58.389066978563363, -34.618245500055949 ], [ -58.389584237344316, -34.618132102459157 ], [ -58.389730269104803, -34.618112490503542 ], [ -58.389508888801537, -34.617916069834088 ], [ -58.389184218440292, -34.617564391945621 ], [ -58.388902809693136, -34.617188097873424 ], [ -58.388667372329586, -34.616790811847807 ], [ -58.388480173248965, -34.61637636023098 ], [ -58.388343014667733, -34.615948734656243 ], [ -58.388257216786819, -34.615512053577248 ], [ -58.388223605104614, -34.615070522597918 ], [ -58.388242502497107, -34.614628393965326 ], [ -58.388244441091686, -34.614616459607696 ], [ -58.388245531187465, -34.614590955324843 ], [ -58.388316754789265, -34.614152486972131 ], [ -58.388439617886455, -34.613721901521423 ], [ -58.38861293648484, -34.61330334561211 ], [ -58.388835040759041, -34.61290084997411 ], [ -58.389103791159719, -34.612518290617132 ], [ -58.389416599040239, -34.612159351511927 ], [ -58.389770451603361, -34.611827489122575 ], [ -58.39016194092715, -34.611525899131024 ], [ -58.390587296790073, -34.611257485673718 ], [ -58.391042422978892, -34.61102483338631 ], [ -58.391522936729935, -34.610830182524872 ], [ -58.392024210924028, -34.610675407403086 ], [ -58.392541418629321, -34.610561998352416 ], [ -58.393069579563722, -34.610491047378375 ], [ -58.393603608030475, -34.610463237651174 ], [ -58.394138361866126, -34.610478836931222 ], [ -58.394668691930782, -34.610537694992843 ], [ -58.395189491665157, -34.6106392450709 ], [ -58.395695746238523, -34.610782509316351 ], [ -58.396182580815143, -34.610966108208331 ], [ -58.396645307475843, -34.611188273832333 ], [ -58.397079470343577, -34.611446866896799 ], [ -58.397480888479201, -34.611739397324797 ], [ -58.397845696135299, -34.612063048222637 ], [ -58.398170379980407, -34.612414702995302 ], [ -58.398451812935697, -34.61279097534787 ], [ -58.398687284297864, -34.613188241884608 ], [ -58.39887452585829, -34.613602676992215 ], [ -58.399011733765796, -34.614030289671831 ], [ -58.399097585922391, -34.614466961965377 ], [ -58.399131254743018, -34.614908488606545 ], [ -58.399112415155734, -34.615350617515048 ], [ -58.399110478109932, -34.615362552006928 ], [ -58.399109391340239, -34.615388056303814 ], [ -58.399038223907453, -34.615826529529507 ], [ -58.398915413218468, -34.616257124267946 ], [ -58.39874214125161, -34.616675693522723 ], [ -58.398520076037741, -34.617078206050913 ], [ -58.39825135562203, -34.617460785193558 ], [ -58.397938567495082, -34.617819746219446 ], [ -58.397584723690763, -34.618151631821846 ], [ -58.397193231789601, -34.618453245426601 ], [ -58.396767862106977, -34.618721681989605 ], [ -58.396312711381505, -34.618954355987093 ], [ -58.395832163313763, -34.619149026328422 ], [ -58.395330846335348, -34.619303817951106 ], [ -58.394813589015705, -34.619417239889337 ], [ -58.394667556390381, -34.619436857954533 ], [ -58.394888952687751, -34.619633268821353 ], [ -58.395213654953515, -34.61998493063183 ], [ -58.395495101570219, -34.62036120905956 ], [ -58.395730581702793, -34.620758480650387 ], [ -58.395917827057872, -34.621172919742378 ], [ -58.396055033747423, -34.62160053529832 ], [ -58.396140879684886, -34.622037209332397 ], [ -58.396174537344756, -34.62247873656154 ], [ -58.396155681762245, -34.62292086489974 ], [ -58.396084493694509, -34.623359336405514 ], [ -58.395961657911769, -34.623789928288367 ], [ -58.395788356633823, -34.624208493579268 ], [ -58.395566258173581, -34.62461100107339 ], [ -58.395297500896277, -34.624993574160165 ], [ -58.394984672647475, -34.625352528166523 ], [ -58.394630785847383, -34.625684405853306 ], [ -58.394239248490706, -34.625986010722407 ], [ -58.393813831330654, -34.626254437813799 ], [ -58.393358631563267, -34.626487101694842 ], [ -58.392878033361661, -34.626681761372275 ], [ -58.392376665640519, -34.626836541886249 ], [ -58.39185935745823, -34.626949952377963 ], [ -58.39133109148694, -34.627020900456628 ], [ -58.390796955999214, -34.62704870272691 ], [ -58.390262095835212, -34.627033091375282 ], [ -58.389731662823358, -34.626974216751599 ], [ -58.389210766133395, -34.626872645921061 ], [ -58.388704423041212, -34.626729357200205 ], [ -58.388669685291951, -34.626716256846898 ], [ -58.388365025675782, -34.626871957669159 ], [ -58.387884412927903, -34.627066597985149 ], [ -58.387383032918656, -34.627221358234287 ], [ -58.386865714824921, -34.627334747753018 ], [ -58.386337441414362, -34.627405674352616 ], [ -58.385803301031281, -34.627433454844706 ], [ -58.385268438563017, -34.627417821625613 ], [ -58.384738005860171, -34.627358925255891 ], [ -58.384217112089516, -34.627257333010235 ], [ -58.383710774498759, -34.627114023411565 ], [ -58.383223870068626, -34.626930376802179 ], [ -58.382761088519047, -34.626708162042874 ], [ -58.382326887122872, -34.626449519468579 ], [ -58.381925447763294, -34.626156940264643 ], [ -58.381560636648913, -34.625833242463308 ], [ -58.381235967075234, -34.625481543791608 ], [ -58.380954565591033, -34.625105231632972 ], [ -58.380719141895476, -34.624707930391907 ], [ -58.380531962755832, -34.624293466577114 ], [ -58.380394830196117, -34.623865831939355 ], [ -58.380309064166248, -34.623429145019429 ], [ -58.380275489857468, -34.622987611477392 ], [ -58.380294429785479, -34.62254548358483 ], [ -58.38036570071602, -34.62210701927085 ], [ -58.380488615461516, -34.621676441115952 ], [ -58.38063034891978, -34.621334280169485 ], [ -58.380235499273937, -34.621456139053876 ], [ -58.379718205913193, -34.621569497731109 ], [ -58.37926860014305, -34.621629838893604 ], [ -58.379154669121448, -34.621904868752154 ], [ -58.37893249500528, -34.622307347869572 ], [ -58.378663667137047, -34.622689886080941 ], [ -58.378350774042673, -34.623048799048945 ], [ -58.377996828767436, -34.623380629929486 ], [ -58.377605239869766, -34.623682182675267 ], [ -58.377179778599796, -34.623950552828276 ], [ -58.376724542578891, -34.624183155504333 ], [ -58.376243916329777, -34.6243777502998 ], [ -58.376182263842331, -34.624396774487771 ], [ -58.376159178102228, -34.624406121300126 ], [ -58.375657790471735, -34.624560833538901 ], [ -58.375140471081203, -34.624674173346257 ], [ -58.374612202710885, -34.624745049012496 ], [ -58.374078073656555, -34.624772777839958 ], [ -58.37354322869642, -34.624757092722788 ], [ -58.373012819512326, -34.624698144721613 ], [ -58.372491955044339, -34.624596501608579 ], [ -58.371985652257692, -34.624453142396682 ], [ -58.371498787797606, -34.624269447906244 ], [ -58.371036050998725, -34.624047187459297 ], [ -58.370848733063966, -34.623935576194974 ], [ -58.370843487035557, -34.624057714149494 ], [ -58.370772164494632, -34.624496173989186 ], [ -58.370649195547998, -34.624926743445307 ], [ -58.370475763698217, -34.625345275764346 ], [ -58.370253538516202, -34.625747740058557 ], [ -58.369984659588148, -34.626130260133046 ], [ -58.369671715931908, -34.626489151824998 ], [ -58.369317721079945, -34.626820958495173 ], [ -58.368926084068384, -34.627122484329348 ], [ -58.368500576611019, -34.627390825128643 ], [ -58.36804529677439, -34.627623396291554 ], [ -58.36756462950347, -34.627817957718015 ], [ -58.36706320437883, -34.627972635394677 ], [ -58.366545851012326, -34.628085939453506 ], [ -58.366017552511707, -34.628156778529174 ], [ -58.365483397463152, -34.628184470276608 ], [ -58.364948530895354, -34.628168747947214 ], [ -58.364418104698402, -34.628109762960165 ], [ -58.363897227976267, -34.628008083444001 ], [ -58.363390917812183, -34.627864688762493 ], [ -58.362904050922374, -34.627680960077683 ], [ -58.362441316664729, -34.627458667041125 ], [ -58.362007171856085, -34.627199950741755 ], [ -58.361605797833995, -34.626907303075122 ], [ -58.361241060177178, -34.62658354273286 ], [ -58.360916471473011, -34.626231788044329 ], [ -58.360635157490741, -34.625855426932254 ], [ -58.360399827086241, -34.625458084272474 ], [ -58.360327127805959, -34.625297012012474 ], [ -58.360772317482237, -34.625010456668079 ], [ -58.358996915361764, -34.626153209010738 ], [ -58.357460328639441, -34.627142199454582 ], [ -58.357438364783114, -34.627156335808728 ], [ -58.357384753405057, -34.627190841070743 ], [ -58.355847292486033, -34.628192161455651 ], [ -58.355468782327804, -34.628478264627695 ], [ -58.355131398621367, -34.6287775223201 ], [ -58.354893354627194, -34.629008180271214 ], [ -58.354694555820743, -34.629233147794722 ], [ -58.354294203937783, -34.629777922924731 ], [ -58.354272558693786, -34.629810413200879 ], [ -58.354214781873537, -34.629897136497327 ], [ -58.354194753684077, -34.629927198885049 ], [ -58.354122902298791, -34.630035047785107 ], [ -58.354068709060918, -34.63011639185288 ], [ -58.354042528002459, -34.630164039865527 ], [ -58.353979807811264, -34.630283739677793 ], [ -58.353920261542761, -34.630404542030746 ], [ -58.353837571978794, -34.630586253089739 ], [ -58.353792529448022, -34.630675219511105 ], [ -58.353750312692966, -34.630781332508988 ], [ -58.353720345329855, -34.630868532140326 ], [ -58.353714530573619, -34.630881087265308 ], [ -58.353679890621216, -34.630963890981839 ], [ -58.353645777580425, -34.631061413502785 ], [ -58.353620716095065, -34.631153688889448 ], [ -58.353467298772586, -34.631582639873706 ], [ -58.352766229002981, -34.633566862042322 ], [ -58.353029389464801, -34.634397015826771 ], [ -58.353197882680234, -34.63493931524394 ], [ -58.353200026335315, -34.634946216622708 ], [ -58.353252063763968, -34.635114626594259 ], [ -58.353290563200716, -34.635196211592728 ], [ -58.353293498430347, -34.635202432212488 ], [ -58.353319822741788, -34.635264259784869 ], [ -58.353383041264813, -34.635412734127812 ], [ -58.353388193517794, -34.635424833979734 ], [ -58.35346929031261, -34.635615297948476 ], [ -58.353481086517071, -34.635643002793529 ], [ -58.353512116550831, -34.635715881417852 ], [ -58.353539950302142, -34.635751397945882 ], [ -58.353820764935421, -34.636109729963813 ], [ -58.353913385387337, -34.636227916664822 ], [ -58.353914406641245, -34.636229220127646 ], [ -58.354007132968817, -34.636347541161435 ], [ -58.354008975151402, -34.636349891903699 ], [ -58.35406881892596, -34.636426254028983 ], [ -58.354070227784554, -34.636428051813915 ], [ -58.35414355928804, -34.636521625007354 ], [ -58.354144617087663, -34.636522187365642 ], [ -58.354875509456186, -34.636910747844404 ], [ -58.354925700787696, -34.636937430211781 ], [ -58.35525083249582, -34.637110275934695 ], [ -58.356048991746391, -34.637542188293267 ], [ -58.356049852351234, -34.637543150695429 ], [ -58.356095561996597, -34.63759426710299 ], [ -58.35612819267746, -34.637630758974282 ], [ -58.356233402127259, -34.637748415002122 ], [ -58.356501455052225, -34.638049117324314 ], [ -58.356521738410621, -34.638071870606218 ], [ -58.356587812680992, -34.638145993306914 ], [ -58.356592013116057, -34.638150704177932 ], [ -58.356592106773022, -34.638150809725616 ], [ -58.356592289731452, -34.638151015408582 ], [ -58.356633789866521, -34.638197570200219 ], [ -58.356638631752745, -34.638203000960829 ], [ -58.356660245996039, -34.638227248128523 ], [ -58.35666401953425, -34.638231479971687 ], [ -58.356698513922566, -34.638270176377958 ], [ -58.356702724170646, -34.638274898972064 ], [ -58.356725700847413, -34.638300674317854 ], [ -58.356726306357864, -34.638301352711984 ], [ -58.3567277057806, -34.638302923300571 ], [ -58.356763737963348, -34.638343343638233 ], [ -58.356764477425493, -34.638344173587143 ], [ -58.356856967014998, -34.638447926227371 ], [ -58.356858087646359, -34.638449183779642 ], [ -58.356919530781028, -34.638518109195729 ], [ -58.356961182660122, -34.638564833472081 ], [ -58.356968742862364, -34.638573315179094 ], [ -58.35696970497311, -34.63857388681032 ], [ -58.356971371425182, -34.638574876920849 ], [ -58.357603959435828, -34.638951119038836 ], [ -58.357692153296021, -34.639003573128619 ], [ -58.357863064022233, -34.63910522316997 ], [ -58.357896659251608, -34.639125204154624 ], [ -58.357970510618202, -34.639169127262932 ], [ -58.357974011057017, -34.639171208951687 ], [ -58.358032146478372, -34.639205786087444 ], [ -58.358032435492397, -34.639205786336909 ], [ -58.358043564265849, -34.639205722473143 ], [ -58.358047728279629, -34.639205698577243 ], [ -58.358961350614216, -34.639200491013995 ], [ -58.360175798536588, -34.639193557245115 ], [ -58.360302063784083, -34.639192836445815 ], [ -58.36031609361946, -34.639192756349225 ], [ -58.360353192413207, -34.639192544288143 ], [ -58.360359115615758, -34.639192507822749 ], [ -58.36036831193924, -34.639194981859319 ], [ -58.3603695406592, -34.63919531281465 ], [ -58.360455739732643, -34.63921849964791 ], [ -58.360466490771003, -34.639221391442412 ], [ -58.360519567832121, -34.639235668644488 ], [ -58.360552394438528, -34.639244498633573 ], [ -58.360905139435175, -34.639339383606455 ], [ -58.360943601687239, -34.639349728995114 ], [ -58.3609554201254, -34.639352908292679 ], [ -58.361127586748488, -34.639399218677674 ], [ -58.361128378032731, -34.639400398462563 ], [ -58.361364003827781, -34.639751708860324 ], [ -58.361380093952995, -34.639775698173125 ], [ -58.36138674091606, -34.63978560861932 ], [ -58.361444084404042, -34.639871106130762 ], [ -58.361428023733687, -34.639896745067226 ], [ -58.361427883113798, -34.639896969549966 ], [ -58.361427900535183, -34.639896993001372 ], [ -58.361117731211564, -34.640392124728059 ], [ -58.361107499553704, -34.640408457925503 ], [ -58.360980276100726, -34.640611546639704 ], [ -58.360977149653216, -34.640616537861014 ], [ -58.360908096714887, -34.640726767245347 ], [ -58.360906035625852, -34.640727474929207 ], [ -58.359896541718399, -34.641074210957932 ], [ -58.359858922426945, -34.641087132401644 ], [ -58.359719162043284, -34.641135135864822 ], [ -58.359711995622476, -34.641137597854602 ], [ -58.359461824230024, -34.641223522600754 ], [ -58.359458024972113, -34.641224827320229 ], [ -58.359425161711584, -34.641236114806652 ], [ -58.359424964219329, -34.641236183146056 ], [ -58.359369773474953, -34.641255138872452 ], [ -58.359368297196795, -34.641255646012908 ], [ -58.359356089806056, -34.641259838911104 ], [ -58.359355482055378, -34.641260047521577 ], [ -58.359160285843707, -34.641327089659626 ], [ -58.359150924064103, -34.641330305128122 ], [ -58.359111025198281, -34.641344009526819 ], [ -58.359108538542657, -34.641344863747442 ], [ -58.358884685881144, -34.641421747854793 ], [ -58.358865944821602, -34.641428184142029 ], [ -58.358570110431167, -34.641529791337646 ], [ -58.358551463159785, -34.641536195205965 ], [ -58.358545826422791, -34.641538132013991 ], [ -58.358542984050814, -34.641539107608651 ], [ -58.358531693119659, -34.641542985715702 ], [ -58.358520217788289, -34.641546926762388 ], [ -58.358486459553447, -34.641558521510333 ], [ -58.358333363241705, -34.641693981699497 ], [ -58.358130708101868, -34.641872699371994 ], [ -58.35810972787835, -34.641924165233867 ], [ -58.358909948889334, -34.642080384420922 ], [ -58.359864871759576, -34.642186595024924 ], [ -58.360827793530511, -34.642214929838367 ], [ -58.361789438039359, -34.642165115966343 ], [ -58.362740541453306, -34.642037633344152 ], [ -58.363671941588173, -34.641833710107498 ], [ -58.364574666242689, -34.641555310749155 ], [ -58.365440019694582, -34.641205117176739 ], [ -58.365682944333933, -34.641081050434572 ], [ -58.365839549490623, -34.64142789477102 ], [ -58.366263277874502, -34.642143087440289 ], [ -58.366634205074192, -34.642639171918994 ], [ -58.366552494238704, -34.642732856072072 ], [ -58.366068385463365, -34.643421378296836 ], [ -58.36566825840638, -34.644145800155179 ], [ -58.365355968337354, -34.644899145858872 ], [ -58.365134524960922, -34.645674160902018 ], [ -58.365006063347977, -34.646463381901832 ], [ -58.364971823279589, -34.647259208458379 ], [ -58.365032137206377, -34.648053976341672 ], [ -58.365186426943097, -34.648840031301809 ], [ -58.365212212659017, -34.64892046372497 ], [ -58.366146715470954, -34.649385736472254 ], [ -58.366240260826984, -34.649431470324608 ], [ -58.366977402186166, -34.649791845480692 ], [ -58.367073204100414, -34.649841394359676 ], [ -58.367623187326984, -34.650125843043966 ], [ -58.367624920610716, -34.650126739508629 ], [ -58.36765381444949, -34.650141683301158 ], [ -58.367715794877505, -34.650173739320877 ], [ -58.368088787711763, -34.650374854021699 ], [ -58.368637863329901, -34.650670907274886 ], [ -58.368642625986816, -34.650673475496404 ], [ -58.369017957901448, -34.650918217274061 ], [ -58.369188634201421, -34.651029508851117 ], [ -58.369661848496598, -34.651337957691204 ], [ -58.36986499666034, -34.651776090055399 ], [ -58.369900518741773, -34.651853295466893 ], [ -58.37001717285527, -34.652106460449914 ], [ -58.369983668210828, -34.652217392608279 ], [ -58.369732889650599, -34.653047686911819 ], [ -58.36967610712589, -34.653235683733683 ], [ -58.369684827111428, -34.653261793580086 ], [ -58.369792056429411, -34.653582368246802 ], [ -58.370317890359544, -34.653984985831784 ], [ -58.370830583291443, -34.654215284970491 ], [ -58.370833307884226, -34.654216508452656 ], [ -58.371243188227794, -34.654400622316849 ], [ -58.37180176435438, -34.654651524062359 ], [ -58.372417166906871, -34.655007079961543 ], [ -58.372423166376315, -34.655014771629219 ], [ -58.373005701116902, -34.655128402068435 ], [ -58.373960788405824, -34.655234498068538 ], [ -58.374923862205904, -34.655262717793171 ], [ -58.375885644888371, -34.655212789456783 ], [ -58.376836871288262, -34.655085194098 ], [ -58.377768378035803, -34.65488116093934 ], [ -58.378671191902299, -34.654602655533267 ], [ -58.379536616306069, -34.654252360809792 ], [ -58.380356315141768, -34.653833651208693 ], [ -58.381122393122972, -34.653350560146791 ], [ -58.38182747186184, -34.652807741135021 ], [ -58.382464760951578, -34.652210422920888 ], [ -58.38302812336596, -34.6515643590905 ], [ -58.383512134546308, -34.650875772616587 ], [ -58.383912134607108, -34.650151295888449 ], [ -58.384224273159141, -34.649397906802932 ], [ -58.384445546320492, -34.648622861533063 ], [ -58.384573825561539, -34.647833624623217 ], [ -58.384607878109662, -34.647037797084757 ], [ -58.384547378720541, -34.646243043185379 ], [ -58.384392912706609, -34.645457016637607 ], [ -58.384145970197658, -34.64468728689706 ], [ -58.383808931692492, -34.643941266280272 ], [ -58.383385045044882, -34.643226138603197 ], [ -58.383014017087724, -34.642730107573804 ], [ -58.383095709015883, -34.6426364128275 ], [ -58.383579670305991, -34.641947826356088 ], [ -58.3839796295944, -34.641223349412257 ], [ -58.384291736883796, -34.640469959894645 ], [ -58.384512988592348, -34.639694913980208 ], [ -58.384641256395987, -34.638905676219359 ], [ -58.384675307631106, -34.638109847631554 ], [ -58.384614817064836, -34.637315092494589 ], [ -58.384460369923467, -34.63652906453293 ], [ -58.384213456153908, -34.635759333215901 ], [ -58.383876455977159, -34.635013310875429 ], [ -58.38345261687698, -34.634298181344292 ], [ -58.38294602224844, -34.633620830801512 ], [ -58.382361552011474, -34.632987781489653 ], [ -58.381704835571, -34.63240512894096 ], [ -58.38098219757822, -34.631878483315617 ], [ -58.380200597016461, -34.631412915414963 ], [ -58.379367560198446, -34.631012907888746 ], [ -58.378491108319423, -34.63068231210395 ], [ -58.377579680262599, -34.630424311089492 ], [ -58.376642051398413, -34.630241388912339 ], [ -58.375687249156549, -34.630135306778364 ], [ -58.374724466180957, -34.63010708608779 ], [ -58.373762971900447, -34.630156998607227 ], [ -58.372812023362542, -34.630284563853053 ], [ -58.37188077618562, -34.630488553710876 ], [ -58.370978196482575, -34.63076700424741 ], [ -58.37011297460095, -34.631117234601014 ], [ -58.36987008541189, -34.631241309525286 ], [ -58.369738121135271, -34.630949035625655 ], [ -58.370154084832002, -34.63078066142139 ], [ -58.370973606103, -34.630362017694729 ], [ -58.371739529380505, -34.629878987612607 ], [ -58.372444477766322, -34.629336224097628 ], [ -58.37308166210817, -34.628738955361811 ], [ -58.373414073016349, -34.62835772062639 ], [ -58.374137535387213, -34.628378935761525 ], [ -58.375099008857063, -34.628329020766493 ], [ -58.376049931056066, -34.628201438257143 ], [ -58.376981141547425, -34.627997417331798 ], [ -58.377834047267143, -34.627734235757934 ], [ -58.378226257679039, -34.628159115030044 ], [ -58.378882915936217, -34.628741788085897 ], [ -58.379605513191173, -34.62926844738098 ], [ -58.380387090022452, -34.629734019814194 ], [ -58.381220118490312, -34.630134020644334 ], [ -58.382096574670506, -34.630464596720195 ], [ -58.38300801598303, -34.630722563623998 ], [ -58.383945662569111, -34.630905436369382 ], [ -58.384900481929797, -34.631011453357281 ], [ -58.385863276008152, -34.631039593357798 ], [ -58.386824769872398, -34.63098958535398 ], [ -58.387775701142417, -34.630861911152309 ], [ -58.38870690929415, -34.630657800734973 ], [ -58.38909499558585, -34.630538010692362 ], [ -58.389894356256633, -34.630626733193175 ], [ -58.390857146186995, -34.630654833826974 ], [ -58.391818631237633, -34.630604786617212 ], [ -58.392769549113439, -34.630477073748331 ], [ -58.393700739419579, -34.630272925575206 ], [ -58.394555133254876, -34.63000915797361 ], [ -58.394645431817246, -34.630129868671418 ], [ -58.394528531064054, -34.630203627423022 ], [ -58.393823723896084, -34.630746515274815 ], [ -58.393186677213826, -34.631343889021437 ], [ -58.392623526541449, -34.6319899967109 ], [ -58.392139696256578, -34.632678616996401 ], [ -58.391739847314994, -34.633403119012002 ], [ -58.391427832309063, -34.634156526196037 ], [ -58.391206658295019, -34.634931583448797 ], [ -58.391078457749586, -34.635720826979266 ], [ -58.391044467938954, -34.63651665616861 ], [ -58.391105018902351, -34.637311406759714 ], [ -58.391259530169968, -34.638097424667514 ], [ -58.391506516250466, -34.638867139699762 ], [ -58.391843600839721, -34.639613138477941 ], [ -58.39226753961713, -34.640328235855193 ], [ -58.392774251413748, -34.641005544142786 ], [ -58.393047878409291, -34.641301821515235 ], [ -58.393015493822816, -34.642060477564932 ], [ -58.393076069453997, -34.642855225925985 ], [ -58.393230611365325, -34.643641239946874 ], [ -58.393477633771006, -34.644410949472643 ], [ -58.39381476001757, -34.645156941177568 ], [ -58.39423874538366, -34.645872029982613 ], [ -58.394745508251916, -34.646549328281402 ], [ -58.395330169355923, -34.647182312306519 ], [ -58.39598709872643, -34.647764884995965 ], [ -58.396709969886544, -34.6482914347527 ], [ -58.397491820774725, -34.648756889529913 ], [ -58.398325120809297, -34.649156765719148 ], [ -58.399201843447763, -34.649487211369433 ], [ -58.400113543540911, -34.649745043319257 ], [ -58.401051438734605, -34.649927777882404 ], [ -58.402006494132593, -34.65003365479128 ], [ -58.4029695094018, -34.650061654165931 ], [ -58.403931207477662, -34.650011506344832 ], [ -58.404882324011155, -34.649883694482241 ], [ -58.405813696692249, -34.649679449887451 ], [ -58.406716353585558, -34.649400740150746 ], [ -58.407581599623661, -34.649050250171257 ], [ -58.408401100421884, -34.648631356270165 ], [ -58.408482382846387, -34.648580067166961 ], [ -58.408564341202812, -34.64871824119767 ], [ -58.409071236652245, -34.649395476390303 ], [ -58.409656024999791, -34.650028388292434 ], [ -58.410313075049331, -34.65061088053627 ], [ -58.411036059160203, -34.651137342299357 ], [ -58.411818014181499, -34.65160270238227 ], [ -58.412651408527047, -34.652002478088782 ], [ -58.413528214744559, -34.652332818435994 ], [ -58.41443998687847, -34.652590541277078 ], [ -58.415377941879612, -34.652773163977287 ], [ -58.416333044274701, -34.652878927347203 ], [ -58.417296093277336, -34.652906812601188 ], [ -58.418257811497604, -34.652856551177756 ], [ -58.419208934392302, -34.652728627326162 ], [ -58.420140299590308, -34.65252427343524 ], [ -58.421042935228783, -34.652245458148748 ], [ -58.421908146445794, -34.651894867383071 ], [ -58.422727599193017, -34.651475878430745 ], [ -58.423493400558321, -34.650992527400085 ], [ -58.424198174822443, -34.650449470306292 ], [ -58.424835134515504, -34.649851938189855 ], [ -58.42539814578813, -34.649205686696348 ], [ -58.425881787467596, -34.648516940604758 ], [ -58.426281403230767, -34.64779233384008 ], [ -58.426593146392683, -34.647038845549467 ], [ -58.426814016881778, -34.646263732858976 ], [ -58.426941890048134, -34.645474460959655 ], [ -58.426975537030728, -34.644678631196982 ], [ -58.426914636490977, -34.643883907857187 ], [ -58.426759777603685, -34.643097944355617 ], [ -58.42651245428037, -34.642328309538023 ], [ -58.426175050684662, -34.641582414804297 ], [ -58.425750818182991, -34.640867442756011 ], [ -58.425508646043852, -34.640543975490544 ], [ -58.425243843955919, -34.640190278053538 ], [ -58.424659011575343, -34.639557441148199 ], [ -58.424001953929505, -34.638975025525674 ], [ -58.423278998950998, -34.638448639063917 ], [ -58.422497108671202, -34.637983350068552 ], [ -58.421663812188292, -34.637583638503969 ], [ -58.42078713319377, -34.637253352888109 ], [ -58.419875512754082, -34.636995673264543 ], [ -58.418937728088885, -34.636813080607155 ], [ -58.417982808125529, -34.636707332950849 ], [ -58.41701994663967, -34.636679448477388 ], [ -58.41605841381508, -34.636729695718294 ], [ -58.415107467070264, -34.636857590969292 ], [ -58.414176262007025, -34.63706190294068 ], [ -58.413273764334335, -34.637340664599662 ], [ -58.412408663612148, -34.637691192090671 ], [ -58.411589289642556, -34.638110110552823 ], [ -58.41150801919602, -34.638161401517969 ], [ -58.411426067039699, -34.638023229100042 ], [ -58.410919225306678, -34.637346001254322 ], [ -58.410645549651768, -34.637049765033758 ], [ -58.410677773136733, -34.636291107637582 ], [ -58.410617036836996, -34.635496371149308 ], [ -58.410462349451549, -34.63471038176133 ], [ -58.410215203239773, -34.63394070856986 ], [ -58.409877980659616, -34.633194763345507 ], [ -58.409453931334546, -34.63247972917712 ], [ -58.409335943347898, -34.632322059897177 ], [ -58.409452833392372, -34.632248287219056 ], [ -58.41015754785542, -34.631705311312892 ], [ -58.410794472360479, -34.631107851815131 ], [ -58.411357473395199, -34.630461663671404 ], [ -58.411841129883172, -34.629772971050144 ], [ -58.41224078535604, -34.629048407361218 ], [ -58.412552592743623, -34.628294951337004 ], [ -58.412773551352885, -34.627519859793111 ], [ -58.412901535682366, -34.626730597717412 ], [ -58.412935315797675, -34.625934766361532 ], [ -58.412874569075512, -34.625140030027971 ], [ -58.412774189665328, -34.624629985388829 ], [ -58.413165029628686, -34.624509249387714 ], [ -58.414029992073431, -34.624158719211316 ], [ -58.414849218473655, -34.623739787063975 ], [ -58.4156148180979, -34.623256488505668 ], [ -58.416319417169873, -34.622713479045053 ], [ -58.416956229906205, -34.622115989262667 ], [ -58.417519123871429, -34.621469774395365 ], [ -58.418002679020532, -34.620781058868495 ], [ -58.418402239861067, -34.62005647631193 ], [ -58.41871396023393, -34.619303005639239 ], [ -58.418934840283541, -34.618527903806509 ], [ -58.419062755264221, -34.617738635900196 ], [ -58.419096475908454, -34.616942803227538 ], [ -58.419035680164541, -34.616148070103264 ], [ -58.418880956194485, -34.615362090037621 ], [ -58.418633796607317, -34.614592432036751 ], [ -58.418296583987036, -34.613846507724844 ], [ -58.41787256785873, -34.613131499989471 ], [ -58.417365833317632, -34.612454293835931 ], [ -58.417312089382762, -34.612396108757295 ], [ -58.417714210198803, -34.612342006862626 ], [ -58.418645131563594, -34.612137674040198 ], [ -58.419547339920769, -34.61185887862765 ], [ -58.420412144527262, -34.611508306348853 ], [ -58.421231215253691, -34.611089334316894 ], [ -58.421996662869219, -34.610605998475613 ], [ -58.422701115062544, -34.610062954692296 ], [ -58.423337787465599, -34.609465433877553 ], [ -58.423900548994915, -34.608819191566539 ], [ -58.424383980880975, -34.608130452448243 ], [ -58.424783428818181, -34.607405850379109 ], [ -58.42509504773416, -34.60665236445984 ], [ -58.425315838749469, -34.605877251792798 ], [ -58.425443677974698, -34.605087977568083 ], [ -58.425477336870429, -34.604292143153252 ], [ -58.425416493977998, -34.603497412879335 ], [ -58.425261737911718, -34.602711440228781 ], [ -58.425014561587894, -34.601941794136017 ], [ -58.424677347749913, -34.601195886110517 ], [ -58.424253345932883, -34.600480898882942 ], [ -58.423895990569697, -34.600003315580025 ], [ -58.423975851177801, -34.600033415376664 ], [ -58.424887074861829, -34.600291075489856 ], [ -58.425824457166705, -34.600473633240746 ], [ -58.426778968140312, -34.600579330066964 ], [ -58.427741412698396, -34.600607147825023 ], [ -58.428702519279064, -34.600556818604254 ], [ -58.429653029236583, -34.600428827307375 ], [ -58.430583786109679, -34.600224406972679 ], [ -58.431316540348966, -34.599997864373435 ], [ -58.431334353790476, -34.600230344424169 ], [ -58.431489161362705, -34.601016308378838 ], [ -58.431736393915408, -34.601785940054221 ], [ -58.432073672764304, -34.602531826872919 ], [ -58.432497751711331, -34.603246784765247 ], [ -58.432521677779164, -34.603278753245696 ], [ -58.432465148239146, -34.603322342686575 ], [ -58.431828588284461, -34.60391990895755 ], [ -58.431265921220302, -34.604566186019476 ], [ -58.430782566769686, -34.605254950892494 ], [ -58.43038318130764, -34.605979571315906 ], [ -58.430071612963715, -34.606733069585104 ], [ -58.429850864492188, -34.607508189720406 ], [ -58.429723064270135, -34.608297467322252 ], [ -58.429689445705932, -34.609093301440907 ], [ -58.429750335260138, -34.609888027769024 ], [ -58.429905149197857, -34.610673992452703 ], [ -58.43015239910811, -34.611443625810217 ], [ -58.430489706140612, -34.61218951524782 ], [ -58.430913823826941, -34.612904476670444 ], [ -58.431420669269599, -34.613581623697996 ], [ -58.432005362401391, -34.614214434019985 ], [ -58.432662272939652, -34.614796812247974 ], [ -58.433385074584535, -34.615323148658895 ], [ -58.434166805940613, -34.615788373262205 ], [ -58.434999937575029, -34.616188004668295 ], [ -58.435876444565814, -34.616518193286062 ], [ -58.436787883840495, -34.616775758431992 ], [ -58.437725475557812, -34.616958218992181 ], [ -58.438680187746364, -34.6170638173407 ], [ -58.439642823381639, -34.617091536283098 ], [ -58.440604109059286, -34.617041108861095 ], [ -58.441554784406819, -34.616913020924024 ], [ -58.442485691368539, -34.616708506441874 ], [ -58.443387862499996, -34.616429535605583 ], [ -58.444252607417916, -34.616078795829786 ], [ -58.445071596569505, -34.615659665841768 ], [ -58.44547630801106, -34.61540400332418 ], [ -58.444983029192109, -34.615970669616857 ], [ -58.444499727358028, -34.616659486431395 ], [ -58.444100411735114, -34.617384148854711 ], [ -58.443788929782457, -34.618137678777437 ], [ -58.443568283424469, -34.618912819914591 ], [ -58.443452009663929, -34.619631578562725 ], [ -58.44333718308787, -34.619678149842812 ], [ -58.442518146036043, -34.620097269116123 ], [ -58.441752736929722, -34.620580732248364 ], [ -58.441048326446293, -34.621123884304389 ], [ -58.440411698337016, -34.621721495535198 ], [ -58.439848984099903, -34.622367811700819 ], [ -58.439365603913977, -34.623056609445314 ], [ -58.438966214404104, -34.623781256191755 ], [ -58.438654663741112, -34.624534773982184 ], [ -58.43843395451146, -34.625309906648909 ], [ -58.43830621471681, -34.626099189671478 ], [ -58.438272677186163, -34.62689502204757 ], [ -58.438333667602059, -34.627689739486108 ], [ -58.438488601260481, -34.628475688218138 ], [ -58.438735988599369, -34.629245298714721 ], [ -58.439073449446489, -34.629991158601442 ], [ -58.439497735853259, -34.630706084066887 ], [ -58.440004763297956, -34.631383189076331 ], [ -58.440589649960778, -34.632015951723041 ], [ -58.441246763694927, -34.632598277076816 ], [ -58.441969776242885, -34.633124555923054 ], [ -58.442751724176809, -34.633589718824979 ], [ -58.443585075976422, -34.633989284986662 ], [ -58.444461804597431, -34.634319405444977 ], [ -58.445373464830652, -34.634576900172704 ], [ -58.446311274704428, -34.634759288734095 ], [ -58.447266200143837, -34.634864814196845 ], [ -58.448229042068128, -34.634892460068741 ], [ -58.449190525083857, -34.63484196009582 ], [ -58.449600142433432, -34.634786751913239 ], [ -58.449717378972075, -34.634984233138702 ], [ -58.450224515253048, -34.63566129246076 ], [ -58.450809508991782, -34.63629400295779 ], [ -58.451466727009304, -34.636876270201526 ], [ -58.452189840042692, -34.637402485536725 ], [ -58.45297188369522, -34.637867580138199 ], [ -58.453805325523511, -34.638267073867851 ], [ -58.454682137614995, -34.638597118460304 ], [ -58.455593873955401, -34.63885453461932 ], [ -58.456531751838995, -34.639036842666243 ], [ -58.457486736534896, -34.639142286444709 ], [ -58.458449628390831, -34.639169850249822 ], [ -58.459411151531867, -34.639119268618657 ], [ -58.460362043295994, -34.638991028886984 ], [ -58.461293143541219, -34.638786366488176 ], [ -58.462195482960198, -34.638507253039258 ], [ -58.463060369548145, -34.638156377329864 ], [ -58.463879472387809, -34.637737119397904 ], [ -58.464644901941753, -34.637253517942824 ], [ -58.465349286076282, -34.636710231391767 ], [ -58.465985841083274, -34.636112492994563 ], [ -58.46654843701495, -34.635466060382491 ], [ -58.467031656702211, -34.634777160077341 ], [ -58.467430847888878, -34.634052427487362 ], [ -58.467742167981051, -34.633298842969147 ], [ -58.467962620982831, -34.632523664572922 ], [ -58.468090086265221, -34.631734358119715 ], [ -58.468123338894713, -34.630938525284897 ], [ -58.468062061328965, -34.630143830381471 ], [ -58.467906846371314, -34.629357926548181 ], [ -58.467659191359189, -34.62858838205365 ], [ -58.4673214836467, -34.627842607425805 ], [ -58.466896977524719, -34.627127784107742 ], [ -58.466389762804205, -34.626450795326257 ], [ -58.465804725368258, -34.625818159837735 ], [ -58.465147500075076, -34.625235969187912 ], [ -58.464424416467203, -34.624709829088552 ], [ -58.463642437810542, -34.624244805473609 ], [ -58.463411073441769, -34.624133911266135 ], [ -58.464000975448734, -34.624199026319239 ], [ -58.4649636946546, -34.624226543047882 ], [ -58.465925039799089, -34.624175914380139 ], [ -58.466875749936435, -34.624047628105203 ], [ -58.467806666675941, -34.62384292010487 ], [ -58.468708822479606, -34.62356376243541 ], [ -58.469573527112914, -34.623212844312249 ], [ -58.470392451412678, -34.622793546181569 ], [ -58.471157707562426, -34.622309907129591 ], [ -58.471861925099617, -34.621766585945039 ], [ -58.472498321921378, -34.621168816210712 ], [ -58.473060769603769, -34.620522355859023 ], [ -58.473543852405413, -34.61983343167816 ], [ -58.473942919388037, -34.619108679305533 ], [ -58.473950341568909, -34.619090706522606 ], [ -58.474043592640065, -34.619085788783586 ], [ -58.474994230143388, -34.618957440899777 ], [ -58.47592506823387, -34.61875267270716 ], [ -58.476827140131967, -34.618473456842089 ], [ -58.47769175641232, -34.618122483080725 ], [ -58.478510588763776, -34.61770313240519 ], [ -58.479275750256434, -34.617219444407851 ], [ -58.479979871340404, -34.616676078348718 ], [ -58.480616170842637, -34.616078268242596 ], [ -58.481178521277215, -34.615431772410403 ], [ -58.481661507839931, -34.614742817981643 ], [ -58.48206048051977, -34.614018040884581 ], [ -58.482371598826589, -34.613264421903175 ], [ -58.482591868706599, -34.612489219418244 ], [ -58.482719171292679, -34.611699899481501 ], [ -58.482752283215973, -34.610904063897038 ], [ -58.482690888286676, -34.610109377003255 ], [ -58.482535580435503, -34.609323491860856 ], [ -58.482287857891485, -34.608553976557808 ], [ -58.48195010865598, -34.607808241340443 ], [ -58.481525587416684, -34.607093467272108 ], [ -58.481018384127275, -34.606416537105318 ], [ -58.480433384558154, -34.605783969032309 ], [ -58.479776223200645, -34.605201853950085 ], [ -58.479053228979794, -34.604675796843416 ], [ -58.478271364299459, -34.604210862847935 ], [ -58.477438158006976, -34.603811528511784 ], [ -58.476561632922305, -34.603481638723096 ], [ -58.475650228628055, -34.603224369716997 ], [ -58.474712720262211, -34.603042198516775 ], [ -58.47375813409262, -34.602936879102543 ], [ -58.472795660683126, -34.602909425535891 ], [ -58.471834566484247, -34.602960102202402 ], [ -58.470884104695614, -34.603088421265781 ], [ -58.469953426254889, -34.603293147357959 ], [ -58.469051491806347, -34.603572309460525 ], [ -58.468186985493233, -34.603923219863361 ], [ -58.467368231400734, -34.604342500019193 ], [ -58.466603113451306, -34.604826113045647 ], [ -58.465898999521485, -34.605369402563845 ], [ -58.465262670509404, -34.6059671375004 ], [ -58.464700255035027, -34.606613562423092 ], [ -58.46421717040198, -34.607302452927442 ], [ -58.463818070390097, -34.608027175541785 ], [ -58.463810646898303, -34.608045147769971 ], [ -58.463717407260035, -34.608050057394969 ], [ -58.462766872902222, -34.608178314881293 ], [ -58.461836115884424, -34.608382980807257 ], [ -58.460934097606611, -34.60866208473351 ], [ -58.460069503018268, -34.609012939509924 ], [ -58.45925065705358, -34.609432167124716 ], [ -58.458485444518679, -34.609915731201546 ], [ -58.457781234200013, -34.610458975832948 ], [ -58.457144807923044, -34.611056670378012 ], [ -58.456582295243663, -34.611703059793811 ], [ -58.456099114401027, -34.612391920018176 ], [ -58.455985851466643, -34.612597539067181 ], [ -58.455935084692115, -34.61258320114888 ], [ -58.45499750780823, -34.612400880232194 ], [ -58.454042833252977, -34.612295408732095 ], [ -58.453080252440756, -34.612267802173442 ], [ -58.452119032855308, -34.612318326413849 ], [ -58.451168428902243, -34.61244649508366 ], [ -58.450237592886481, -34.612651074262054 ], [ -58.449335486967648, -34.612930094344499 ], [ -58.448470796937983, -34.61328086898785 ], [ -58.447651848649471, -34.613700020951732 ], [ -58.447247152227305, -34.61395569038509 ], [ -58.447740403895239, -34.613389015435295 ], [ -58.448223660504567, -34.612700186562776 ], [ -58.448622918837032, -34.611975511555677 ], [ -58.448934335648588, -34.611221970216242 ], [ -58.449154914008282, -34.610446820179284 ], [ -58.449282532076332, -34.609657526993495 ], [ -58.44931596344442, -34.608861692207483 ], [ -58.449254888845857, -34.608066980154227 ], [ -58.449099899126651, -34.607281044139071 ], [ -58.448852489453024, -34.606511452742048 ], [ -58.448515044814826, -34.605765616944311 ], [ -58.448090816968595, -34.605050718779658 ], [ -58.448066884510112, -34.605018753524142 ], [ -58.448123406748032, -34.604975157038616 ], [ -58.448759854603104, -34.604377508536125 ], [ -58.449322381913937, -34.603731154166596 ], [ -58.449805572169097, -34.603042319697487 ], [ -58.450204773392095, -34.602317639902431 ], [ -58.450516142888134, -34.60156409462941 ], [ -58.45073668418101, -34.600788941550817 ], [ -58.450864275786863, -34.599999646244349 ], [ -58.450897691550992, -34.599203810278823 ], [ -58.450855087752657, -34.598649486670595 ], [ -58.451215997685054, -34.598659848151783 ], [ -58.452177060939007, -34.598609334857251 ], [ -58.453127506092343, -34.59848116204369 ], [ -58.454058177309022, -34.598276564499038 ], [ -58.45423807857469, -34.598220905021542 ], [ -58.454311239787984, -34.598204820889592 ], [ -58.45521317021408, -34.597925767771372 ], [ -58.456077673273043, -34.597574949184278 ], [ -58.456896421743807, -34.597155744614483 ], [ -58.457661529503362, -34.596672192245862 ], [ -58.458365627517665, -34.596128950031023 ], [ -58.459001934833601, -34.595531250791197 ], [ -58.459564323887278, -34.594884851778922 ], [ -58.460047379499429, -34.594195979190985 ], [ -58.460446450990602, -34.593471268167484 ], [ -58.460757696915465, -34.592717698856404 ], [ -58.460978121987608, -34.591942529160839 ], [ -58.461105605841823, -34.591153224817731 ], [ -58.461138923360323, -34.590357387482165 ], [ -58.461077756370443, -34.589562681510813 ], [ -58.460922696605373, -34.588776760149713 ], [ -58.460675239903146, -34.588007191837264 ], [ -58.46033777170377, -34.58726138733202 ], [ -58.45991354398798, -34.58654652836627 ], [ -58.459406643882907, -34.585869498511691 ], [ -58.458821954240086, -34.585236816921977 ], [ -58.458165106567726, -34.584654575588544 ], [ -58.457442426772118, -34.584128380712961 ], [ -58.456660874231765, -34.583663298758282 ], [ -58.455827974791085, -34.583263807697904 ], [ -58.454951748318273, -34.582933753929282 ], [ -58.454040631523775, -34.582676315266411 ], [ -58.453103396780385, -34.582493970365796 ], [ -58.452149067724278, -34.582388474879451 ], [ -58.45118683244641, -34.582360844563446 ], [ -58.450225955106809, -34.582411345504106 ], [ -58.449275686818986, -34.582539491555906 ], [ -58.448345176658883, -34.582744049015332 ], [ -58.448165304135415, -34.58279969920045 ], [ -58.448092155001412, -34.58281577937661 ], [ -58.447190360313016, -34.583094777014672 ], [ -58.446325965378371, -34.583445530600102 ], [ -58.445507293209722, -34.583864663094218 ], [ -58.444742226939574, -34.58434813903537 ], [ -58.444038133945121, -34.58489130336369 ], [ -58.443401794920618, -34.585488926210445 ], [ -58.442839338579695, -34.586135253222366 ], [ -58.4423561826164, -34.586824060937531 ], [ -58.441956981494052, -34.587548716681617 ], [ -58.441645581566227, -34.588302242408737 ], [ -58.441424983964076, -34.589077381873686 ], [ -58.441297315610072, -34.589866670489712 ], [ -58.441263808640571, -34.59066250720003 ], [ -58.441306342804587, -34.591216836555432 ], [ -58.440945465269095, -34.591206444906256 ], [ -58.439984477109988, -34.59125686780709 ], [ -58.439034089932179, -34.591384936807628 ], [ -58.43810345395508, -34.59158941894583 ], [ -58.437370792663181, -34.591816000326936 ], [ -58.437352965077707, -34.591583521219803 ], [ -58.437198123255989, -34.59079756446539 ], [ -58.436950876959067, -34.590027942957882 ], [ -58.436613609602226, -34.589282067969457 ], [ -58.436189571233918, -34.588567121912348 ], [ -58.435682847159981, -34.587889989197926 ], [ -58.43509831853914, -34.587257189971041 ], [ -58.434441615331437, -34.586674817356439 ], [ -58.433719062054543, -34.586148478819958 ], [ -58.432937616871037, -34.585683242207899 ], [ -58.432104804593791, -34.585283586982484 ], [ -58.431228644253693, -34.584953361121279 ], [ -58.430317571926032, -34.584695744094468 ], [ -58.42962030723222, -34.58455994831418 ], [ -58.42977332752718, -34.584022520977534 ], [ -58.429901098390033, -34.583233241207068 ], [ -58.429934713433553, -34.582437404064393 ], [ -58.429873851618517, -34.581642673906416 ], [ -58.429719101738542, -34.580856704214263 ], [ -58.42947195664744, -34.580087063893934 ], [ -58.4291347987851, -34.579341164399402 ], [ -58.428710877145029, -34.578626188379609 ], [ -58.428204275908797, -34.577949020535065 ], [ -58.427619875052287, -34.577316181349588 ], [ -58.426963303305591, -34.576733764333206 ], [ -58.426240883921025, -34.576207377379845 ], [ -58.425459573772777, -34.575742088802436 ], [ -58.424626896374427, -34.575342378563846 ], [ -58.423750869459298, -34.575012095171552 ], [ -58.422839927819219, -34.574754418649775 ], [ -58.421902842143048, -34.574571829944261 ], [ -58.420948634633788, -34.574466087053217 ], [ -58.419986492213702, -34.574438208113349 ], [ -58.419043365135337, -34.574487536589061 ], [ -58.418997032571156, -34.574459939984663 ], [ -58.418164397541588, -34.574060184484985 ], [ -58.417288408166073, -34.573729853666627 ], [ -58.416377498875526, -34.57347212801028 ], [ -58.415440440047846, -34.57328948893457 ], [ -58.414486253627921, -34.573183694922413 ], [ -58.413524126335254, -34.573155764602419 ], [ -58.41256332129138, -34.573205966947626 ], [ -58.411613088914173, -34.573333818685526 ], [ -58.410682577933521, -34.57353808894446 ], [ -58.409780747381049, -34.573816811091802 ], [ -58.408916280398053, -34.574167301650668 ], [ -58.408097500688086, -34.574586186113599 ], [ -58.407332292416179, -34.575069431406178 ], [ -58.40662802432341, -34.575612384688775 ], [ -58.405991478786291, -34.576209818124653 ], [ -58.405428786503073, -34.576855979184565 ], [ -58.404945367435758, -34.577544646005329 ], [ -58.404545878577345, -34.578269187270443 ], [ -58.404234169048586, -34.579022626037947 ], [ -58.404013242958804, -34.579797706901871 ], [ -58.403885230391083, -34.580586965841974 ], [ -58.403851366794562, -34.581382802089642 ], [ -58.403911980985733, -34.582177551318701 ], [ -58.404066491878382, -34.582963559456608 ], [ -58.404313413977462, -34.583733256405147 ], [ -58.404650371587955, -34.584479228960298 ], [ -58.40507412160575, -34.585194292228529 ], [ -58.405580584674226, -34.585871558850947 ], [ -58.405708382084747, -34.586009997323103 ], [ -58.405624351357226, -34.586014382484827 ], [ -58.404673961288708, -34.586142183729137 ], [ -58.403743289747382, -34.586346404537451 ], [ -58.402841297309337, -34.586625078753251 ], [ -58.401976668673122, -34.586975523361232 ], [ -58.401157729097491, -34.587394364296607 ], [ -58.40108539414333, -34.587440032609031 ], [ -58.400950606907436, -34.58721256933346 ], [ -58.400444172210911, -34.586535282920067 ], [ -58.399859914673755, -34.585902307960183 ], [ -58.399203461649051, -34.585319739271604 ], [ -58.398481135248879, -34.584793186208685 ], [ -58.397699891454735, -34.584327718683483 ], [ -58.396867253143739, -34.58392781838127 ], [ -58.395991237674778, -34.583597335638679 ], [ -58.395080279730962, -34.583339452398278 ], [ -58.394143150159103, -34.583156651594869 ], [ -58.393188871585231, -34.583050693267424 ], [ -58.39222663161565, -34.583022597625529 ], [ -58.391265694455853, -34.583072635232767 ], [ -58.390315311794474, -34.583200324401886 ], [ -58.389384633806678, -34.5834044358255 ], [ -58.38848262113018, -34.583683004399653 ], [ -58.38761795865765, -34.584033348125601 ], [ -58.386798971972709, -34.584452093909441 ], [ -58.386033547230966, -34.584935210012013 ], [ -58.385329055255646, -34.58547804483787 ], [ -58.384692280576978, -34.586075371691386 ], [ -58.384129356097816, -34.586721439070409 ], [ -58.383820495948314, -34.5871611720899 ], [ -58.383670040623308, -34.587104395405383 ], [ -58.382759078863153, -34.586846420311375 ], [ -58.38182193331032, -34.586663525261663 ], [ -58.380867626744887, -34.586557471202028 ], [ -58.379905347042666, -34.586529279263146 ], [ -58.378995881789244, -34.586576543525808 ], [ -58.379007594364715, -34.586548258547637 ], [ -58.379228769955667, -34.585773217798739 ], [ -58.379357022852432, -34.584983979597027 ], [ -58.379391120527863, -34.584188144965964 ], [ -58.379330737294651, -34.583393378241759 ], [ -58.379176457338417, -34.582607333261087 ], [ -58.378929768989416, -34.581837579658249 ], [ -58.378593050291848, -34.581091529981165 ], [ -58.378169546013716, -34.580376368327627 ], [ -58.377663336321703, -34.579698981187981 ], [ -58.377079297426057, -34.579065891159367 ], [ -58.376423054576357, -34.578483194168435 ], [ -58.375700927863065, -34.57795650080552 ], [ -58.375666984526703, -34.577936266065201 ], [ -58.375407811050785, -34.578083060506863 ], [ -58.375390599874962, -34.57809280870881 ] ], [ [ -58.365976789552498, -34.599124252007464 ], [ -58.36598846832689, -34.599123759229563 ], [ -58.366034905010473, -34.598737821687642 ], [ -58.366177984807031, -34.59872948481982 ], [ -58.366306995617819, -34.598738238384676 ], [ -58.366260282111057, -34.599143951210785 ], [ -58.366268871655748, -34.599145245272268 ], [ -58.366268670724082, -34.599153048724276 ], [ -58.366267684627125, -34.599159231696298 ], [ -58.366268358177514, -34.599165904558845 ], [ -58.366270128080266, -34.599172822578552 ], [ -58.366273580768471, -34.59917908209529 ], [ -58.366277044893792, -34.599184880994308 ], [ -58.366281626346989, -34.599190698810048 ], [ -58.36628848872698, -34.599194260376507 ], [ -58.36630006651108, -34.599198128568972 ], [ -58.366309176874644, -34.599200578664849 ], [ -58.366317456045515, -34.599202554852823 ], [ -58.366888492329437, -34.599247073395468 ], [ -58.366895155437774, -34.599247643851612 ], [ -58.366904022413593, -34.599248482869392 ], [ -58.366909866845077, -34.599248121508893 ], [ -58.366917636377906, -34.59924871357051 ], [ -58.366925385497794, -34.599249990696372 ], [ -58.366932868343795, -34.599250575319203 ], [ -58.366943638388157, -34.59925351254499 ], [ -58.366951884108566, -34.599257097702058 ], [ -58.36695847017517, -34.599260193878791 ], [ -58.366964236505993, -34.599263274985262 ], [ -58.366970766243803, -34.59926889600036 ], [ -58.366975857401975, -34.599276103283934 ], [ -58.36697932131581, -34.599282131124035 ], [ -58.366981943158969, -34.599288605404745 ], [ -58.366984554927356, -34.599295308638666 ], [ -58.366985517379071, -34.599301065880276 ], [ -58.366985670431625, -34.599306351940619 ], [ -58.366651976057497, -34.602198214756342 ], [ -58.366350026189885, -34.604858199039207 ], [ -58.36634845118963, -34.604867323777214 ], [ -58.366347782592428, -34.604875105216301 ], [ -58.366346115925822, -34.604880556589535 ], [ -58.366345300915746, -34.604885807622537 ], [ -58.366343102802958, -34.604890779017296 ], [ -58.366340150005847, -34.604894120042545 ], [ -58.366336334119772, -34.604898117517948 ], [ -58.366333403391671, -34.60490122959952 ], [ -58.366327948486607, -34.604904711060513 ], [ -58.366322569574855, -34.604906590755974 ], [ -58.366315840798613, -34.604907732015612 ], [ -58.366309962588012, -34.60490867383546 ], [ -58.366299977017484, -34.604908327864358 ], [ -58.366288949800555, -34.60490656493139 ], [ -58.365676414208188, -34.604857905320983 ], [ -58.365666705540178, -34.604857567632443 ], [ -58.365658370164674, -34.604857505975581 ], [ -58.365647265867103, -34.604857348354287 ], [ -58.365638012904121, -34.604858861646129 ], [ -58.365630187720633, -34.60485973787393 ], [ -58.365623723568334, -34.604861119986708 ], [ -58.365619153805049, -34.604863713323162 ], [ -58.365612283349471, -34.60486760556843 ], [ -58.365605303374153, -34.6048737882372 ], [ -58.365599185403006, -34.604879313558214 ], [ -58.365596412209939, -34.604884725274026 ], [ -58.365592166552133, -34.604891693466655 ], [ -58.365590314574554, -34.60490080986019 ], [ -58.365588848741886, -34.604907873125157 ], [ -58.365588510635398, -34.604914519033734 ], [ -58.36557912689549, -34.60491878064996 ], [ -58.365555544198699, -34.605110530126957 ], [ -58.365337172551115, -34.605092821448679 ], [ -58.365360703015121, -34.604891199605589 ], [ -58.365354613834249, -34.604890759331198 ], [ -58.36535530486529, -34.604882519993687 ], [ -58.365355973554088, -34.60487473946165 ], [ -58.365355822738557, -34.604866699563885 ], [ -58.365354488338262, -34.604860226287641 ], [ -58.365352345871365, -34.604853037535577 ], [ -58.365349850499925, -34.604847441311669 ], [ -58.365347023471635, -34.604842982415157 ], [ -58.365343079065134, -34.604838483860341 ], [ -58.365338868937116, -34.604833747116871 ], [ -58.365334526941929, -34.604831758700946 ], [ -58.36532720751952, -34.60482805970075 ], [ -58.365321780297251, -34.604825575532679 ], [ -58.365312235657825, -34.60482202978914 ], [ -58.365298429739312, -34.604820172590081 ], [ -58.365286495862364, -34.604819985424164 ], [ -58.365276222515938, -34.604819627419644 ], [ -58.365267122133588, -34.604818392372366 ], [ -58.365187717857552, -34.604814282067991 ], [ -58.36465379123333, -34.604776806752596 ], [ -58.364644104489081, -34.604776378858247 ], [ -58.36463611127563, -34.60477460921485 ], [ -58.364629258346653, -34.604771946283087 ], [ -58.364624640760013, -34.604768865997841 ], [ -58.364621153919302, -34.604764661653086 ], [ -58.364617434329467, -34.604759073438281 ], [ -58.364616182823632, -34.604754458050294 ], [ -58.364616050081423, -34.604749631733171 ], [ -58.364615386706213, -34.604743647561847 ], [ -58.364615829284737, -34.604738143841161 ], [ -58.364615431087522, -34.604732855781549 ], [ -58.364908969551713, -34.60219695240658 ], [ -58.36519136998605, -34.599667412250241 ], [ -58.365247310975484, -34.599193261402789 ], [ -58.365248906750232, -34.599185020982276 ], [ -58.365249960475758, -34.599176083326853 ], [ -58.365250658331313, -34.59917035264553 ], [ -58.365251932283712, -34.599164174420217 ], [ -58.365254291141689, -34.599158702880231 ], [ -58.365256948939496, -34.599152087675641 ], [ -58.365259861014458, -34.599147085319551 ], [ -58.365262751020282, -34.599142310104043 ], [ -58.365267312108934, -34.599137564175095 ], [ -58.365272393453843, -34.599134434913864 ], [ -58.365277509118258, -34.599129929208381 ], [ -58.365283708060765, -34.599126587207401 ], [ -58.365289873769974, -34.599124624355333 ], [ -58.365297157343029, -34.599122222506793 ], [ -58.365301907327996, -34.599120922865183 ], [ -58.365307740046489, -34.599121251159971 ], [ -58.365316351904227, -34.599121167031917 ], [ -58.365325528419561, -34.599121093272295 ], [ -58.365333565001293, -34.599121686550625 ], [ -58.365918689758303, -34.599169891532682 ], [ -58.36592617258988, -34.599170476217246 ], [ -58.365933689462473, -34.599169914319496 ], [ -58.365940972753883, -34.599167741393529 ], [ -58.365947150424489, -34.599164859067187 ], [ -58.365954433982211, -34.599162457179382 ], [ -58.365960378625402, -34.599158422648941 ], [ -58.365964951111536, -34.599153217879127 ], [ -58.365968705755613, -34.599147309347458 ], [ -58.365972248063507, -34.599139331882434 ], [ -58.365975227339327, -34.599130884327231 ], [ -58.365976789552498, -34.599124252007464 ] ], [ [ -58.41744369695769, -34.596426344290578 ], [ -58.416489242909194, -34.596320572884274 ], [ -58.416155130712625, -34.596310885039443 ], [ -58.416277985808961, -34.595879713787028 ], [ -58.417202638787636, -34.595831379395982 ], [ -58.418153116022147, -34.595703478507723 ], [ -58.418551018973801, -34.595616124574569 ], [ -58.41859080734541, -34.595704158974463 ], [ -58.419014735572595, -34.596419168218176 ], [ -58.419372047404771, -34.596896767158249 ], [ -58.419292191393879, -34.596866664217728 ], [ -58.418381021285562, -34.596608960823573 ], [ -58.41744369695769, -34.596426344290578 ] ], [ [ -58.381301654065304, -34.609363744459856 ], [ -58.380364256557812, -34.609180844836288 ], [ -58.379692727717057, -34.609106233908911 ], [ -58.379756801802245, -34.609056882007579 ], [ -58.380393782447385, -34.608459578069699 ], [ -58.380956877306971, -34.607813525970421 ], [ -58.381414569672536, -34.607162089695059 ], [ -58.38206533339703, -34.607739651619383 ], [ -58.382787763401595, -34.608266297685908 ], [ -58.383569156265843, -34.608731855560357 ], [ -58.384401985822329, -34.60913184064264 ], [ -58.385278230063555, -34.609462399934088 ], [ -58.386189448452207, -34.609720349179312 ], [ -58.386205750350229, -34.609723529135529 ], [ -58.386006921795598, -34.60990999313448 ], [ -58.385443853293843, -34.610556067736624 ], [ -58.385071446595695, -34.611086145631162 ], [ -58.38470336009528, -34.610817836698203 ], [ -58.383921941193115, -34.610352286864455 ], [ -58.383089101428595, -34.609952298818285 ], [ -58.382212860100303, -34.609621723739963 ], [ -58.381301654065304, -34.609363744459856 ] ], [ [ -58.453817105005513, -34.633614693954556 ], [ -58.45353535293615, -34.633238558594847 ], [ -58.453299563797891, -34.632841407149037 ], [ -58.453112007879156, -34.632427064684258 ], [ -58.452974490833967, -34.631999521783726 ], [ -58.452888336315958, -34.63156289610621 ], [ -58.452854373258269, -34.631121392723422 ], [ -58.452872927920467, -34.630679263618049 ], [ -58.452943820778124, -34.630240766732385 ], [ -58.453066368283821, -34.62981012496207 ], [ -58.453239389481084, -34.629391485490018 ], [ -58.453461217406861, -34.628988879851853 ], [ -58.453729715171129, -34.62860618511742 ], [ -58.454042296558043, -34.628247086561728 ], [ -58.454395950949326, -34.627915042184696 ], [ -58.454787272329305, -34.627613249420925 ], [ -58.455212492091682, -34.627344614359359 ], [ -58.455667515331974, -34.627111723769254 ], [ -58.456147960276269, -34.626916820200918 ], [ -58.456649200466693, -34.626761780400756 ], [ -58.457166409297905, -34.626648097248051 ], [ -58.45769460647643, -34.626576865386788 ], [ -58.458228705956344, -34.626548770690952 ], [ -58.458763564890639, -34.626564083663951 ], [ -58.459294033128053, -34.626622656836069 ], [ -58.459815002779827, -34.626723926184539 ], [ -58.460321457380324, -34.626866916562768 ], [ -58.46080852016933, -34.627050251086416 ], [ -58.461271501031931, -34.627272164386234 ], [ -58.461705941645157, -34.627530519600192 ], [ -58.462107658397365, -34.627822828941717 ], [ -58.462472782667518, -34.628146277646323 ], [ -58.462797798077169, -34.62849775106654 ], [ -58.463079574356243, -34.628873864654466 ], [ -58.463315397496814, -34.629270996544179 ], [ -58.463502995903738, -34.629685322420038 ], [ -58.463640562290195, -34.630112852336353 ], [ -58.463726771106387, -34.630549469133342 ], [ -58.463760791332547, -34.630990968080546 ], [ -58.463742294512137, -34.631433097365736 ], [ -58.463671457946759, -34.631871599039741 ], [ -58.463548963020585, -34.632302250022867 ], [ -58.463375988669434, -34.632720902778168 ], [ -58.463154200056117, -34.633123525259563 ], [ -58.462885732559904, -34.633506239749913 ], [ -58.462573171233451, -34.633865360215033 ], [ -58.462219525924127, -34.634197427812992 ], [ -58.461828202298562, -34.634499244216862 ], [ -58.461402969049402, -34.634767902429211 ], [ -58.460947921599377, -34.635000814791098 ], [ -58.460467442652771, -34.635195737915538 ], [ -58.459966159974158, -34.635350794304628 ], [ -58.459448901801686, -34.635464490441549 ], [ -58.45892065032497, -34.635535731183325 ], [ -58.458386493676599, -34.635563830314751 ], [ -58.457851576900502, -34.635548517161915 ], [ -58.457321052370794, -34.635489939201484 ], [ -58.456800030139519, -34.635388660640196 ], [ -58.456293528692896, -34.635245656978711 ], [ -58.455806426591423, -34.635062305611832 ], [ -58.455343415460767, -34.634840372556098 ], [ -58.454908954787079, -34.634581995432704 ], [ -58.454507228952927, -34.634289662870252 ], [ -58.454142106928344, -34.633966190525548 ], [ -58.453817105005513, -34.633614693954556 ] ], [ [ -58.460331613666057, -34.618671611074767 ], [ -58.460049885755424, -34.61829548934378 ], [ -58.459814110937316, -34.617898349269929 ], [ -58.459626559362825, -34.617484015810788 ], [ -58.459489036644712, -34.617056479462811 ], [ -58.459402866491899, -34.616619857821682 ], [ -58.459368877988744, -34.616178355920333 ], [ -58.459387397640512, -34.615736225727282 ], [ -58.459458246260546, -34.615297725195425 ], [ -58.459580740727972, -34.614867077255745 ], [ -58.459753700597602, -34.614448429150741 ], [ -58.459975459497336, -34.614045812499427 ], [ -58.460243881202146, -34.613663104477943 ], [ -58.460556380228809, -34.613303990489463 ], [ -58.460909946752238, -34.612971928682803 ], [ -58.461301175602834, -34.612670116660595 ], [ -58.46172629906512, -34.612401460697434 ], [ -58.462181223161721, -34.61216854776405 ], [ -58.462661567073042, -34.611973620625989 ], [ -58.463162705313671, -34.61181855625675 ], [ -58.463679812259493, -34.611704847772252 ], [ -58.464207908597601, -34.611633590060407 ], [ -58.464741909252581, -34.611605469244068 ], [ -58.465276672328507, -34.611620756078089 ], [ -58.465807048596709, -34.611679303344367 ], [ -58.466327931053591, -34.611780547269404 ], [ -58.466834304072783, -34.611923512951279 ], [ -58.467321291679411, -34.612106823743225 ], [ -58.467712750368342, -34.612294464171725 ], [ -58.467607321061848, -34.611966784222808 ], [ -58.467521114844963, -34.611530168908594 ], [ -58.467487086499396, -34.611088669948984 ], [ -58.467505562914333, -34.610646539284332 ], [ -58.467576365319729, -34.610208034872265 ], [ -58.467698811039902, -34.609777379681269 ], [ -58.467871720099204, -34.609358721023931 ], [ -58.468093426614864, -34.608956090621014 ], [ -58.468361794866269, -34.608573365781261 ], [ -58.468674239884876, -34.608214232069983 ], [ -58.469027752365513, -34.607882147826039 ], [ -58.469418927658801, -34.607580310868236 ], [ -58.469843998564777, -34.607311627711368 ], [ -58.47029887161186, -34.607078685588043 ], [ -58.4707791664718, -34.606883727544961 ], [ -58.471280258131195, -34.606728630853169 ], [ -58.471797321414194, -34.60661488893976 ], [ -58.472325377428099, -34.606543597014515 ], [ -58.472859341485517, -34.606515441529623 ], [ -58.473394072042773, -34.60653069357366 ], [ -58.473924420184119, -34.606589206263351 ], [ -58.474445279176734, -34.606690416158081 ], [ -58.474951633620165, -34.606833348683395 ], [ -58.475438607718409, -34.607016627511726 ], [ -58.475901512210484, -34.607238487809809 ], [ -58.47633588950896, -34.607496793225657 ], [ -58.476737556612107, -34.607789056451942 ], [ -58.477102645377435, -34.608112463168027 ], [ -58.477427639768948, -34.608463899130527 ], [ -58.477709409719715, -34.60883998015214 ], [ -58.4779452412835, -34.60923708468048 ], [ -58.478132862784939, -34.60965138866343 ], [ -58.478270466715784, -34.610078902366148 ], [ -58.478356727165597, -34.61051550878517 ], [ -58.478390812618272, -34.610957003290181 ], [ -58.478372393990028, -34.611399134112013 ], [ -58.478301647830186, -34.611837643287011 ], [ -58.478179254652957, -34.612268307663641 ], [ -58.478006392414791, -34.612686979576324 ], [ -58.477784725199143, -34.613089626794896 ], [ -58.47751638721634, -34.613472371364381 ], [ -58.477203962271751, -34.61383152696132 ], [ -58.476850458899094, -34.614163634405749 ], [ -58.476459281397737, -34.6144654949873 ], [ -58.476034197052492, -34.614734201283319 ], [ -58.475579299851397, -34.61496716517199 ], [ -58.475098971050961, -34.615162142770174 ], [ -58.474597836968869, -34.615317256055327 ], [ -58.474080724411252, -34.615431010962702 ], [ -58.473552614164426, -34.615502311783139 ], [ -58.473018592999892, -34.615530471722636 ], [ -58.472483804655958, -34.61551521952142 ], [ -58.471953400269044, -34.615456702068791 ], [ -58.471432488733484, -34.615355482988427 ], [ -58.470926087468918, -34.615212537207768 ], [ -58.470439074070676, -34.615029241563775 ], [ -58.470047596497267, -34.614841610450362 ], [ -58.470153039374551, -34.615169287804058 ], [ -58.470239263780314, -34.615605900559807 ], [ -58.470273309407617, -34.616047398017777 ], [ -58.470254847555978, -34.616489528380207 ], [ -58.470184055190806, -34.616928033687678 ], [ -58.470061613271135, -34.617358690825718 ], [ -58.469888700222768, -34.617777352198289 ], [ -58.469666980618513, -34.618179985676548 ], [ -58.469398589173252, -34.618562713437697 ], [ -58.469086110207392, -34.618921849319968 ], [ -58.468732552775073, -34.619253934333187 ], [ -58.468341321696549, -34.61955576998291 ], [ -58.467916184772868, -34.619824449086543 ], [ -58.467461236498785, -34.620057383784108 ], [ -58.466980858622968, -34.620252330473612 ], [ -58.466479677936093, -34.620407411430257 ], [ -58.465962521693449, -34.620521132900684 ], [ -58.465434371102404, -34.620592399497902 ], [ -58.464900313323263, -34.620620524757626 ], [ -58.4643654924472, -34.620605237754226 ], [ -58.463835059924143, -34.620546685712327 ], [ -58.463314124919521, -34.620445432588937 ], [ -58.462807705079044, -34.620302453639503 ], [ -58.462320678176958, -34.620119126020626 ], [ -58.461857735114457, -34.619897215519856 ], [ -58.461423334722049, -34.619638859541006 ], [ -58.461021660801777, -34.619346546508766 ], [ -58.46065658182382, -34.619023091891655 ], [ -58.460331613666057, -34.618671611074767 ] ], [ [ -58.412665461925656, -34.647350055816034 ], [ -58.412383843609852, -34.646973822744208 ], [ -58.41214820662433, -34.64657658870815 ], [ -58.411960819790735, -34.646162179569956 ], [ -58.411823487133375, -34.645734586554461 ], [ -58.411737530528931, -34.645297927802361 ], [ -58.41170377700351, -34.644856408703141 ], [ -58.411722550798032, -34.644414281390034 ], [ -58.411793670277241, -34.643975803787136 ], [ -58.411916449710979, -34.64354519860354 ], [ -58.412089705909324, -34.643126612668944 ], [ -58.412311769646394, -34.642724077002583 ], [ -58.41258050176183, -34.642341467999699 ], [ -58.412893313783783, -34.641982470109085 ], [ -58.413247192873996, -34.641650540360786 ], [ -58.413638730854103, -34.641348875085129 ], [ -58.414064157033231, -34.641080379143169 ], [ -58.414519374520502, -34.640847637964406 ], [ -58.414999999672816, -34.640652892660491 ], [ -58.415501404298233, -34.640498018454025 ], [ -58.416018760209155, -34.640384506630056 ], [ -58.416547085696855, -34.640313450183278 ], [ -58.417081293480734, -34.640285533299064 ], [ -58.417616239671496, -34.640301024769258 ], [ -58.418146773278032, -34.64035977540599 ], [ -58.418667785782233, -34.640461219478318 ], [ -58.419174260305709, -34.640604380157804 ], [ -58.419661319895951, -34.640787878920804 ], [ -58.420124274468215, -34.641009948817079 ], [ -58.420558665951802, -34.641268451477082 ], [ -58.420960311207068, -34.641560897694681 ], [ -58.421325342300243, -34.64188447138752 ], [ -58.421650243748779, -34.642236056704519 ], [ -58.421931886378665, -34.642612268020116 ], [ -58.422167557467525, -34.643009482526956 ], [ -58.422354986883143, -34.643423875113442 ], [ -58.422492368964825, -34.643851455190806 ], [ -58.42257837993651, -34.644288105115571 ], [ -58.422612190682806, -34.644729619837456 ], [ -58.422593474763829, -34.645171747391473 ], [ -58.422522411590727, -34.645610229844266 ], [ -58.422399684729797, -34.64604084430033 ], [ -58.422226475350669, -34.646459443573676 ], [ -58.422004450879953, -34.646861996132422 ], [ -58.421735748969034, -34.647244624932192 ], [ -58.421422956929014, -34.647603644763407 ], [ -58.421069086830286, -34.647935597752856 ], [ -58.420677546505651, -34.648237286677073 ], [ -58.420252106736079, -34.648505805766185 ], [ -58.419796864934725, -34.648738568701162 ], [ -58.419316205679067, -34.648933333534295 ], [ -58.418814758471619, -34.649088224292477 ], [ -58.418297353136388, -34.649201749054576 ], [ -58.417768973281433, -34.64927281432869 ], [ -58.417234708276673, -34.649300735590224 ], [ -58.416699704210359, -34.649285243879142 ], [ -58.41616911429773, -34.649226488392507 ], [ -58.415648049220707, -34.649125035047724 ], [ -58.415141527878035, -34.648981861029505 ], [ -58.414654429021418, -34.648798345374097 ], [ -58.414191444244651, -34.648576255680922 ], [ -58.413757032779117, -34.648317731080311 ], [ -58.41335537853238, -34.648025261621569 ], [ -58.412990349783747, -34.647701664280177 ], [ -58.412665461925656, -34.647350055816034 ] ], [ [ -58.443597434467307, -34.629336888666089 ], [ -58.44331574285598, -34.628960727920536 ], [ -58.4430800145728, -34.628563554922358 ], [ -58.442892519319976, -34.628149194946097 ], [ -58.442755062167151, -34.627721638743424 ], [ -58.442668966191157, -34.627285004100976 ], [ -58.4426350597614, -34.626843496176598 ], [ -58.442653668592193, -34.626401366996511 ], [ -58.442724612637662, -34.625962874503472 ], [ -58.442847207857618, -34.625532241550658 ], [ -58.443020272836449, -34.625113615235897 ], [ -58.443242140189781, -34.624711026967951 ], [ -58.443510672648237, -34.624328353649275 ], [ -58.443823283662255, -34.623969280348568 ], [ -58.44417696232864, -34.623637264822541 ], [ -58.444568302398274, -34.623335504227938 ], [ -58.444993535085196, -34.623066904343965 ], [ -58.445448565360778, -34.622834051601195 ], [ -58.445929011383576, -34.62263918818563 ], [ -58.446430246685495, -34.622484190457129 ], [ -58.446947444708364, -34.622370550889997 ], [ -58.447475625262847, -34.622299363708699 ], [ -58.448009702463061, -34.622271314357107 ], [ -58.448281139919104, -34.622279109417747 ], [ -58.448214171025121, -34.622166279761288 ], [ -58.448026666086157, -34.621751927536614 ], [ -58.447889194552431, -34.621324377081329 ], [ -58.447803079639577, -34.620887746126769 ], [ -58.447769149899671, -34.620446239795314 ], [ -58.447787731271802, -34.620004110097952 ], [ -58.447858643974797, -34.619565614982562 ], [ -58.447981204270533, -34.619134977327661 ], [ -58.448154231079876, -34.618716344276514 ], [ -58.448376057386142, -34.618313747302899 ], [ -58.44864454631535, -34.617931063393236 ], [ -58.448957111737094, -34.617571977718349 ], [ -58.449310743187198, -34.617239948154229 ], [ -58.449702034871123, -34.616938171992913 ], [ -58.450127218468694, -34.61666955516359 ], [ -58.450582199423806, -34.616436684260123 ], [ -58.451062596369745, -34.616241801643355 ], [ -58.451563783310732, -34.616086783858108 ], [ -58.452080934154047, -34.615973123571813 ], [ -58.452609069164396, -34.615901915208426 ], [ -58.453143102894202, -34.615873844415738 ], [ -58.45367789312926, -34.615889181467104 ], [ -58.454208290379476, -34.615947778661003 ], [ -58.454729187439249, -34.616049071743397 ], [ -58.45523556854161, -34.616192085339186 ], [ -58.455722557633685, -34.616375442340392 ], [ -58.456185465309886, -34.616597377161291 ], [ -58.45661983395172, -34.616855752732526 ], [ -58.457021480640336, -34.617148081071356 ], [ -58.457386537429223, -34.617471547230267 ], [ -58.457711488589673, -34.617823036393496 ], [ -58.457993204470306, -34.618199163861412 ], [ -58.458228971644878, -34.618596307634235 ], [ -58.458416519057373, -34.61901064328174 ], [ -58.458554039912308, -34.619438180763922 ], [ -58.458640209098625, -34.619874802847988 ], [ -58.458674195978595, -34.620316304752428 ], [ -58.458655672417223, -34.620758434636393 ], [ -58.458584815974092, -34.621196934544848 ], [ -58.458462308225251, -34.621627581415069 ], [ -58.458289328230514, -34.622046227749635 ], [ -58.458067541207491, -34.622448841564328 ], [ -58.457799082520538, -34.622831545225495 ], [ -58.457486537137861, -34.623190652803309 ], [ -58.457132914753565, -34.623522705580037 ], [ -58.456741620813773, -34.623824505371616 ], [ -58.45631642372534, -34.624093145340744 ], [ -58.455861418562854, -34.624326038004313 ], [ -58.455380987623286, -34.62452094016524 ], [ -58.454879758208762, -34.624675974527648 ], [ -58.454362558044245, -34.624789647787054 ], [ -58.453834368760425, -34.624860865020935 ], [ -58.45330027789057, -34.624888940240652 ], [ -58.453028831863939, -34.624881156581395 ], [ -58.453095809497377, -34.624993983326675 ], [ -58.453283347245375, -34.625408326727722 ], [ -58.453420853741235, -34.625835869960973 ], [ -58.45350700401189, -34.626272495738242 ], [ -58.453540967601455, -34.626713999242341 ], [ -58.453522416598972, -34.62715612861696 ], [ -58.453451528828012, -34.627594625911826 ], [ -58.453328986166149, -34.628025268089239 ], [ -58.453155968009241, -34.628443907696891 ], [ -58.452934139942322, -34.628846512815144 ], [ -58.452665637724998, -34.629229205894035 ], [ -58.452353046744683, -34.629588301105478 ], [ -58.451999377134712, -34.629920339850742 ], [ -58.451608034796131, -34.630222124080788 ], [ -58.451182788602118, -34.630490747108098 ], [ -58.450727734100383, -34.630723621612709 ], [ -58.450247254063342, -34.630918504572364 ], [ -58.449745976266243, -34.631073518876086 ], [ -58.449228728900337, -34.631187171412634 ], [ -58.448700494051181, -34.631258367459118 ], [ -58.448166359691172, -34.631286421230968 ], [ -58.447631470649483, -34.631271062491365 ], [ -58.447100979032932, -34.631212439156158 ], [ -58.446579994576332, -34.631111115869345 ], [ -58.446073535401801, -34.630968068562424 ], [ -58.445586479662396, -34.630784675050691 ], [ -58.445123518536903, -34.630562701756638 ], [ -58.444689111029504, -34.630304286689089 ], [ -58.444287441010374, -34.63001191884203 ], [ -58.443922376911651, -34.62968841421209 ], [ -58.443597434467307, -34.629336888666089 ] ], [ [ -58.404790847508735, -34.619613205028458 ], [ -58.404509362327225, -34.619236948965991 ], [ -58.404273845503369, -34.618839695140622 ], [ -58.404086564702084, -34.618425269604657 ], [ -58.403949322927147, -34.617997663740482 ], [ -58.403863441180874, -34.617560995812241 ], [ -58.403829745769436, -34.617119471297514 ], [ -58.403848560375152, -34.616677342381436 ], [ -58.403919702970896, -34.616238867003474 ], [ -58.404042487605061, -34.615808267851179 ], [ -58.404215731038754, -34.615389691696173 ], [ -58.40443776417014, -34.61498716946361 ], [ -58.404706448134533, -34.614604577419513 ], [ -58.405019194924627, -34.614245599849554 ], [ -58.405372992330989, -34.613913693588366 ], [ -58.405764432962343, -34.613612054740429 ], [ -58.406189747065568, -34.613343587912631 ], [ -58.406644838829102, -34.613110878254474 ], [ -58.40712532582036, -34.612916166574422 ], [ -58.40762658117751, -34.612761327771643 ], [ -58.408143778149828, -34.612647852790602 ], [ -58.408671936558413, -34.612576834271479 ], [ -58.40920597073071, -34.612548956034651 ], [ -58.409740738448335, -34.612564486499977 ], [ -58.41027109043781, -34.612623276104188 ], [ -58.410791919928947, -34.612724758741116 ], [ -58.411298211804713, -34.612867957210938 ], [ -58.411785090870552, -34.613051492625971 ], [ -58.412247868779261, -34.613273597682856 ], [ -58.412682089160747, -34.613532133673182 ], [ -58.41308357052251, -34.613824611069568 ], [ -58.41344844650876, -34.614148213489074 ], [ -58.413773203130525, -34.614499824803559 ], [ -58.414054712608547, -34.614876059136741 ], [ -58.414290263503062, -34.615273293459225 ], [ -58.414477586839816, -34.615687702468151 ], [ -58.414614877980419, -34.616115295416286 ], [ -58.41470081402548, -34.616551954535851 ], [ -58.414734566582126, -34.616993474687753 ], [ -58.414715809772005, -34.61743560385451 ], [ -58.414644723401182, -34.617874084087056 ], [ -58.414521991260571, -34.618304692511266 ], [ -58.414348794571765, -34.618723281999195 ], [ -58.414126800640226, -34.619125821113329 ], [ -58.413858146824204, -34.619508432938879 ], [ -58.413545419972429, -34.619867432429984 ], [ -58.4131916315281, -34.620199361909592 ], [ -58.4128001885381, -34.620501024380978 ], [ -58.412374860846185, -34.620769514329403 ], [ -58.41191974478614, -34.621002245716831 ], [ -58.41143922372423, -34.621196976899789 ], [ -58.410937925831604, -34.621351832229593 ], [ -58.410420679493612, -34.621465320126681 ], [ -58.409892466786253, -34.621536347454487 ], [ -58.409358375468742, -34.621564230054155 ], [ -58.408823549955521, -34.621548699338121 ], [ -58.408293141741126, -34.621489904879333 ], [ -58.407772259756435, -34.621388412970482 ], [ -58.407265921135775, -34.621245201167746 ], [ -58.406779002870095, -34.621061648871148 ], [ -58.406316194813016, -34.62083952403281 ], [ -58.405881954493232, -34.620580966121324 ], [ -58.405480464169422, -34.620288465506505 ], [ -58.405115590541811, -34.61996483946357 ], [ -58.404790847508735, -34.619613205028458 ] ], [ [ -58.435012808869978, -34.611535584218636 ], [ -58.434731218372391, -34.611159400121863 ], [ -58.434495583828514, -34.610762207139487 ], [ -58.434308174037973, -34.610347830738171 ], [ -58.434170793247731, -34.609920261827526 ], [ -58.434084763799703, -34.60948361831629 ], [ -58.434050913423157, -34.6090421054475 ], [ -58.434069567293271, -34.608599975294744 ], [ -58.434140544931175, -34.608161485810008 ], [ -58.434263161973959, -34.607730859817366 ], [ -58.434436236796593, -34.607312244347575 ], [ -58.434658101920668, -34.60690967070493 ], [ -58.43492662009902, -34.60652701565111 ], [ -58.43523920492018, -34.606167964078999 ], [ -58.435592845733751, -34.605835973536195 ], [ -58.435984136655549, -34.605534240939051 ], [ -58.436409309373182, -34.60526567179739 ], [ -58.436864269435631, -34.605032852245984 ], [ -58.437344635677626, -34.604838024151441 ], [ -58.437845782399194, -34.604683063533763 ], [ -58.438362883894875, -34.604569462510135 ], [ -58.43889096090448, -34.604498314934112 ], [ -58.439424928538706, -34.604470305868389 ], [ -58.439959645219503, -34.604485704992143 ], [ -58.440489962164641, -34.604544364006372 ], [ -58.44101077294134, -34.604645718061903 ], [ -58.441517062612959, -34.604788791196604 ], [ -58.442003956006495, -34.604972205729275 ], [ -58.442466764637338, -34.605194195520212 ], [ -58.442901031840229, -34.605452622970667 ], [ -58.44330257567259, -34.605744999598272 ], [ -58.443667529178001, -34.606068509990308 ], [ -58.443992377621953, -34.606420038904929 ], [ -58.444273992341984, -34.606796201259378 ], [ -58.444509660885828, -34.607193374717703 ], [ -58.444697113147264, -34.607607734563487 ], [ -58.444834543247197, -34.608035290523375 ], [ -58.444920626948765, -34.608471925186294 ], [ -58.444954534437777, -34.608913433649263 ], [ -58.44493593834423, -34.609355564007998 ], [ -58.444865016926698, -34.60979405830259 ], [ -58.444742452387572, -34.610224693524124 ], [ -58.444569424334176, -34.610643322287224 ], [ -58.444347598447628, -34.611045912776667 ], [ -58.4440791104672, -34.611428587583433 ], [ -58.443766545643882, -34.611787661055509 ], [ -58.443412913859561, -34.612119674803665 ], [ -58.443021620651436, -34.612421431019833 ], [ -58.442596434419741, -34.612690023286497 ], [ -58.442141450134841, -34.612922864580206 ], [ -58.441661049892886, -34.613117712198815 ], [ -58.441159860700431, -34.613272689372018 ], [ -58.440642709895059, -34.613386303346395 ], [ -58.440114578631913, -34.613457459770743 ], [ -58.439580553885222, -34.613485473242292 ], [ -58.439045779427843, -34.613470073912559 ], [ -58.438515406262333, -34.613411410088482 ], [ -58.437994542981976, -34.613310046804045 ], [ -58.437488206541119, -34.613166960376056 ], [ -58.437001273910049, -34.612983528996573 ], [ -58.436538435081275, -34.61276151945269 ], [ -58.436104147880556, -34.612503070102278 ], [ -58.435702595018938, -34.612210670269306 ], [ -58.435337643799862, -34.611887136258233 ], [ -58.435012808869978, -34.611535584218636 ] ], [ [ -58.411174095940268, -34.60696324083348 ], [ -58.410892627218409, -34.606586998408062 ], [ -58.410657118298147, -34.606189755980317 ], [ -58.410469836768748, -34.605775339492773 ], [ -58.410332585641562, -34.605347740240653 ], [ -58.410246686009515, -34.604911076424443 ], [ -58.410212964351587, -34.604469553482225 ], [ -58.410231744603422, -34.604027423584107 ], [ -58.410302845069225, -34.603588944679124 ], [ -58.410425580203572, -34.603158339488999 ], [ -58.410598767244686, -34.602739754843697 ], [ -58.410820737634054, -34.602337221750318 ], [ -58.411089353111478, -34.601954616579718 ], [ -58.411402026329235, -34.601595623744167 ], [ -58.411755745786444, -34.601263700225537 ], [ -58.412147104842376, -34.600962042294654 ], [ -58.412572334529251, -34.60069355474235 ], [ -58.413027339848163, -34.600460822917853 ], [ -58.413507739198621, -34.600266087843153 ], [ -58.414008906562344, -34.600111224642795 ], [ -58.414526016035481, -34.599997724496198 ], [ -58.415054088281231, -34.599926680285861 ], [ -58.415588038456306, -34.599898776079513 ], [ -58.416122725150707, -34.59991428054699 ], [ -58.416652999870742, -34.599973044375275 ], [ -58.417173756589925, -34.600074501706231 ], [ -58.417679980891691, -34.600217675583572 ], [ -58.418166798231944, -34.600401187356248 ], [ -58.418629520857777, -34.600623269948358 ], [ -58.419063692931424, -34.600881784867667 ], [ -58.419465133425632, -34.60117424278949 ], [ -58.419829976378345, -34.601497827518273 ], [ -58.420154708118964, -34.601849423096098 ], [ -58.420436201108174, -34.602225643798114 ], [ -58.420671744065437, -34.602622866726108 ], [ -58.420859068093442, -34.603037266686925 ], [ -58.420996368547648, -34.603464853020455 ], [ -58.421082322439517, -34.603901508022652 ], [ -58.421116101204895, -34.604343026594179 ], [ -58.421097378713533, -34.604785156732852 ], [ -58.421026334441535, -34.605223640480418 ], [ -58.4209036517748, -34.605654254929057 ], [ -58.420730511458828, -34.606072852893 ], [ -58.420508580256495, -34.60647540285332 ], [ -58.420239994922092, -34.606858027790963 ], [ -58.419927341644915, -34.607217042534039 ], [ -58.419573631159587, -34.607548989258774 ], [ -58.419182269762018, -34.607850670802549 ], [ -58.418757026510001, -34.608119181467096 ], [ -58.418301996923724, -34.608351935014994 ], [ -58.417821563536265, -34.608546689589446 ], [ -58.417320353673936, -34.60870156931653 ], [ -58.416803194873779, -34.608815082381717 ], [ -58.416275068368194, -34.60888613540606 ], [ -58.415741061085669, -34.608914043983113 ], [ -58.415206316630787, -34.60889853927506 ], [ -58.414675985716961, -34.608839770604206 ], [ -58.414155176530159, -34.608738304014736 ], [ -58.413648905503273, -34.608595116818748 ], [ -58.413162048975977, -34.608411588179131 ], [ -58.412699296207123, -34.60818948581997 ], [ -58.412265104192905, -34.60793094899315 ], [ -58.411863654726808, -34.607638467865208 ], [ -58.411498814115731, -34.607314859523555 ], [ -58.411174095940268, -34.60696324083348 ] ], [ [ -58.399911113261041, -34.606199191152655 ], [ -58.399586447369821, -34.605847540258274 ], [ -58.399442764843954, -34.605655426609367 ], [ -58.399342886765055, -34.605797645628996 ], [ -58.399030145419843, -34.60615660895013 ], [ -58.398676353934491, -34.606488497035151 ], [ -58.398284919385731, -34.606790113286138 ], [ -58.397859611536511, -34.607058552633674 ], [ -58.397404526529819, -34.607291229527284 ], [ -58.396924047433082, -34.607485902848573 ], [ -58.396422802013355, -34.607640697506447 ], [ -58.395905618150557, -34.607754122505966 ], [ -58.395377477318775, -34.607825085316691 ], [ -58.394843466584646, -34.60785290240139 ], [ -58.394308729586072, -34.607837305803827 ], [ -58.393778416964558, -34.607778445731654 ], [ -58.393257636729707, -34.607676889109783 ], [ -58.392751405035213, -34.607533614117749 ], [ -58.392264597841525, -34.607350000764264 ], [ -58.391801903931821, -34.607127817589571 ], [ -58.3913677797348, -34.606869204624047 ], [ -58.390966406390177, -34.606576652767636 ], [ -58.390601649471016, -34.606252979788941 ], [ -58.390568758681553, -34.606217348625854 ], [ -58.390563256341672, -34.606219047570349 ], [ -58.390046072383598, -34.606332447727688 ], [ -58.389517934634938, -34.606403385083915 ], [ -58.388983930132675, -34.606431176347094 ], [ -58.388449202454623, -34.606415553809775 ], [ -58.387918902152471, -34.606356667929568 ], [ -58.387398137117067, -34.606255085879994 ], [ -58.386891923355613, -34.606111786085599 ], [ -58.386405136655654, -34.605928148794064 ], [ -58.385942465602831, -34.605705942776204 ], [ -58.385508366405517, -34.605447308282457 ], [ -58.38510701996244, -34.605154736420118 ], [ -58.384742291587429, -34.604831045150441 ], [ -58.38441769377927, -34.604479352137297 ], [ -58.38413635239592, -34.604103044709376 ], [ -58.383900976558216, -34.603705747225405 ], [ -58.383713832573157, -34.60329128615777 ], [ -58.383576722126897, -34.6028636532306 ], [ -58.383490964957161, -34.602426966968181 ], [ -58.383457386170761, -34.601985433024211 ], [ -58.38347630832736, -34.601543303674177 ], [ -58.383547548364696, -34.601104836861303 ], [ -58.383670419393525, -34.600674255190299 ], [ -58.383843737343831, -34.600255705264132 ], [ -58.384065832396985, -34.59985321775514 ], [ -58.384334565092949, -34.59947066859479 ], [ -58.384647346955973, -34.599111741655697 ], [ -58.385001165439732, -34.598779893284977 ], [ -58.385392612950739, -34.598478319029667 ], [ -58.385817919670238, -34.598209922874844 ], [ -58.38627298985832, -34.597977289289695 ], [ -58.38675344129053, -34.597782658350397 ], [ -58.387254647447655, -34.597627904178978 ], [ -58.387771782052809, -34.597514516905271 ], [ -58.388299865527522, -34.59744358832527 ], [ -58.388833812920538, -34.597415801393659 ], [ -58.38936848284871, -34.597431423651436 ], [ -58.389898726979645, -34.597490304651728 ], [ -58.390419439581116, -34.597591877408526 ], [ -58.390925606660943, -34.597735163854409 ], [ -58.39141235422553, -34.597918784254674 ], [ -58.39187499519317, -34.598140970487634 ], [ -58.392309074511658, -34.59839958306317 ], [ -58.392710412046171, -34.598692131716298 ], [ -58.393075142825289, -34.599015799377668 ], [ -58.39310803171329, -34.599051429948346 ], [ -58.393113533529508, -34.599049730899743 ], [ -58.39363066804291, -34.598936318791907 ], [ -58.394158754601477, -34.598865364765935 ], [ -58.394692708224269, -34.598837552021472 ], [ -58.395227387468147, -34.59885314834797 ], [ -58.395757643911075, -34.598912003548179 ], [ -58.396278371702365, -34.599013550884436 ], [ -58.396784556703707, -34.599156812534034 ], [ -58.397271324749042, -34.599340409000995 ], [ -58.397733988559622, -34.599562572394028 ], [ -58.398168092863457, -34.59982116344294 ], [ -58.398569457285326, -34.600113692090041 ], [ -58.398934216595052, -34.600437341458665 ], [ -58.399258857926839, -34.600788994968369 ], [ -58.399402531255234, -34.600981109195949 ], [ -58.399502403752621, -34.600838890160389 ], [ -58.399815123889475, -34.600479925856035 ], [ -58.400168886080863, -34.60014803487671 ], [ -58.400560283274899, -34.59984641317984 ], [ -58.400985546136923, -34.599577965207395 ], [ -58.401440579348872, -34.599345275927433 ], [ -58.401921001041991, -34.599150585952387 ], [ -58.402422184983088, -34.598995769972596 ], [ -58.402939305108916, -34.598882318712931 ], [ -58.403467381980228, -34.598811324585277 ], [ -58.404001330709292, -34.59878347117531 ], [ -58.404536009900013, -34.598799026663897 ], [ -58.405066271130927, -34.598857841246883 ], [ -58.405587008505286, -34.598959348577594 ], [ -58.406093207792622, -34.599102571218431 ], [ -58.406579994689501, -34.599286130048895 ], [ -58.407042681735852, -34.599508257540066 ], [ -58.407476813436183, -34.599766814767378 ], [ -58.407878209151711, -34.60005931199882 ], [ -58.408243003351203, -34.600382932660224 ], [ -58.40856768283318, -34.600734560447634 ], [ -58.408849120561278, -34.601110809325917 ], [ -58.409084605786774, -34.601508056125375 ], [ -58.409271870168084, -34.601922475422825 ], [ -58.409409109634865, -34.602350076371714 ], [ -58.409495001785757, -34.602786741127048 ], [ -58.409528718651138, -34.603228264495293 ], [ -58.40950993469685, -34.603670394427866 ], [ -58.409438829990997, -34.60410887296824 ], [ -58.40931608850164, -34.604539477258498 ], [ -58.409142891540988, -34.6049580602105 ], [ -58.408920906417698, -34.605360590449699 ], [ -58.408652270405661, -34.605743191146829 ], [ -58.408339570182619, -34.606102177363304 ], [ -58.407985816935664, -34.606434091550071 ], [ -58.407594417372941, -34.606735736857793 ], [ -58.407169140920168, -34.607004207937209 ], [ -58.406714083417654, -34.607236918932252 ], [ -58.406233627667667, -34.607431628395993 ], [ -58.405732401212148, -34.607586460889138 ], [ -58.40521523174818, -34.607699925052252 ], [ -58.404687100611035, -34.607770927977526 ], [ -58.404153094773854, -34.607798785741259 ], [ -58.403618357827348, -34.607783229995228 ], [ -58.403088040412527, -34.607724410553487 ], [ -58.402567250585221, -34.607622893949433 ], [ -58.40206100459168, -34.607479657977059 ], [ -58.401574178530204, -34.607296082269137 ], [ -58.401111461365943, -34.607073935003228 ], [ -58.400677309751813, -34.606815355863795 ], [ -58.40027590509186, -34.60652283542494 ], [ -58.399911113261041, -34.606199191152655 ] ], [ [ -58.436596239796806, -34.60187784939685 ], [ -58.436314676484692, -34.601501667746014 ], [ -58.436079063470444, -34.601104476722789 ], [ -58.435891669346638, -34.60069010177488 ], [ -58.435754298209709, -34.600262533797874 ], [ -58.435668272308938, -34.599825890691456 ], [ -58.435634419339827, -34.599384377694754 ], [ -58.435653064502965, -34.598942246882622 ], [ -58.435724027403666, -34.598503756213454 ], [ -58.435846623821341, -34.598073128522785 ], [ -58.436019672329934, -34.597654510857772 ], [ -58.43624150570475, -34.597251934544005 ], [ -58.43650998700457, -34.59686927636897 ], [ -58.436822530173266, -34.596510221255727 ], [ -58.43717612496166, -34.596178226786158 ], [ -58.437567365928821, -34.595876489914495 ], [ -58.437992485243363, -34.595607916191881 ], [ -58.43844738896842, -34.595375091797308 ], [ -58.438927696481066, -34.59518025864412 ], [ -58.43942878264663, -34.595025292801118 ], [ -58.43994582234253, -34.594911686435871 ], [ -58.440473836903351, -34.594840533453379 ], [ -58.441007742040838, -34.594812518968432 ], [ -58.441542396778402, -34.594827912712375 ], [ -58.442072652929966, -34.594886566437992 ], [ -58.44259340464788, -34.594987915346955 ], [ -58.443099637563911, -34.595130983526616 ], [ -58.443586477051383, -34.595314393343415 ], [ -58.44404923514459, -34.595536378702917 ], [ -58.444483455664809, -34.595794802048964 ], [ -58.444884957119008, -34.596087174938553 ], [ -58.44524987295884, -34.596410681994854 ], [ -58.445574688812634, -34.596762208008002 ], [ -58.445856276331924, -34.597138367923137 ], [ -58.446091923326655, -34.597535539427632 ], [ -58.446279359898384, -34.597949897823845 ], [ -58.446416780319453, -34.598377452852318 ], [ -58.4465028604466, -34.598814087110924 ], [ -58.446536770500437, -34.599255595700576 ], [ -58.446518183086646, -34.599697726715746 ], [ -58.446447276380624, -34.600136222190308 ], [ -58.446324732443436, -34.600566859103992 ], [ -58.446151730684349, -34.60098549005523 ], [ -58.445929936531499, -34.601388083207837 ], [ -58.445661485418825, -34.601770761127241 ], [ -58.445348962242356, -34.602129838131603 ], [ -58.444995376483043, -34.602461855797792 ], [ -58.444604133234776, -34.602763616280114 ], [ -58.444179000416625, -34.603032213120102 ], [ -58.443724072484379, -34.603265059250376 ], [ -58.443243730991263, -34.603459911922315 ], [ -58.442742602377763, -34.603614894316991 ], [ -58.44222551339773, -34.603728513630799 ], [ -58.44169744461054, -34.603799675461097 ], [ -58.441163482388326, -34.6038276943531 ], [ -58.440628769901423, -34.603812300406084 ], [ -58.440098457555166, -34.603753641875102 ], [ -58.439577653356764, -34.603652283743124 ], [ -58.439071373691228, -34.60350920227723 ], [ -58.438584494981789, -34.603325775621585 ], [ -58.438121706701445, -34.603103770517698 ], [ -58.437687466188983, -34.602845325280555 ], [ -58.437285955705725, -34.602552929194346 ], [ -58.436921042146984, -34.602229398527378 ], [ -58.436596239796806, -34.60187784939685 ] ], [ [ -58.402231893888519, -34.596634520181993 ], [ -58.401950501291125, -34.59625825467603 ], [ -58.401715065265627, -34.595860992586807 ], [ -58.401527852699282, -34.595446560045978 ], [ -58.401390665939417, -34.595018948503153 ], [ -58.401304825459263, -34.594582276276952 ], [ -58.401271157168424, -34.594140748886225 ], [ -58.40128998448899, -34.593698618543733 ], [ -58.401361125272295, -34.593260143202585 ], [ -58.401483893585123, -34.592829545550053 ], [ -58.401657106346683, -34.592410972343387 ], [ -58.401879094751287, -34.592008454479469 ], [ -58.402147720365726, -34.591625868182462 ], [ -58.402460395745159, -34.591266897682893 ], [ -58.402814109368293, -34.590934999747581 ], [ -58.403205454650937, -34.590633370401065 ], [ -58.403630662758253, -34.590364914159082 ], [ -58.404085638899339, -34.590132216069428 ], [ -58.404566001754795, -34.58993751682948 ], [ -58.40506712565778, -34.589782691218844 ], [ -58.405584185122876, -34.589669230055172 ], [ -58.406112201294711, -34.589598225845776 ], [ -58.406646089869689, -34.589570362273342 ], [ -58.407180710030694, -34.589585907616623 ], [ -58.407710913924333, -34.589644712169076 ], [ -58.408231596205745, -34.589746209680563 ], [ -58.408737743174704, -34.589889422807929 ], [ -58.40922448103138, -34.590072972522179 ], [ -58.409687122787837, -34.590295091382075 ], [ -58.410121213384613, -34.590553640546041 ], [ -58.410522572578714, -34.590846130359601 ], [ -58.410887335190694, -34.591169744319863 ], [ -58.41121198832338, -34.591521366187358 ], [ -58.411493405194349, -34.591897609983796 ], [ -58.411728875255996, -34.592294852588388 ], [ -58.411916130313053, -34.592709268618272 ], [ -58.412053366385322, -34.593136867258337 ], [ -58.412139261104521, -34.593573530685795 ], [ -58.412172986476648, -34.59401505371995 ], [ -58.412154216886044, -34.594457184315445 ], [ -58.412083132262829, -34.594895664509451 ], [ -58.411960416382009, -34.595326271428199 ], [ -58.411787250309459, -34.595744857958351 ], [ -58.411565301056619, -34.596147392691009 ], [ -58.411296705552132, -34.596529998753752 ], [ -58.410984050083712, -34.596888991156483 ], [ -58.410630345407519, -34.597220912290631 ], [ -58.410238997763877, -34.597522565240155 ], [ -58.409813776078373, -34.59779104458228 ], [ -58.409358775663712, -34.598023764381423 ], [ -58.408878378772123, -34.59821848310601 ], [ -58.408377212378419, -34.598373325227598 ], [ -58.40786010360091, -34.598486799294029 ], [ -58.407332033190031, -34.598557812302175 ], [ -58.406798087533751, -34.598585680231182 ], [ -58.406263409642811, -34.598570134634905 ], [ -58.405733149589075, -34.598511325229595 ], [ -58.405212414875656, -34.598409818451884 ], [ -58.404706221217694, -34.598266592001039 ], [ -58.404219444209239, -34.598083025418035 ], [ -58.403756772342845, -34.597860886792397 ], [ -58.403322661835048, -34.597602315725268 ], [ -58.402921293694, -34.597309802712886 ], [ -58.402556533443025, -34.596986165149595 ], [ -58.402231893888519, -34.596634520181993 ] ], [ [ -58.423113129829098, -34.595050687231847 ], [ -58.422831650365865, -34.594674471979559 ], [ -58.42259612107938, -34.594277252421087 ], [ -58.422408809755709, -34.593862854278768 ], [ -58.42227151969373, -34.593435268671236 ], [ -58.422185572361975, -34.592998613667731 ], [ -58.422151794699396, -34.59255709462164 ], [ -58.42217051118152, -34.592114963665765 ], [ -58.422241540727157, -34.591676478759609 ], [ -58.42236419847427, -34.591245862682982 ], [ -58.422537302406603, -34.590827262370951 ], [ -58.422759184766207, -34.590424708981828 ], [ -58.423027708140644, -34.590042079082195 ], [ -58.423340286069134, -34.589683057322723 ], [ -58.423693907968214, -34.589351100964073 ], [ -58.424085168136394, -34.589049406593517 ], [ -58.424510298557806, -34.588780879352967 ], [ -58.424965205189004, -34.588548104973938 ], [ -58.425445507379344, -34.588353324888296 ], [ -58.425946580045611, -34.588198414653981 ], [ -58.426463598195326, -34.588084865903333 ], [ -58.426991583370587, -34.588013771986766 ], [ -58.427525451565998, -34.587985817450537 ], [ -58.428060062160533, -34.58800127144896 ], [ -58.428590267392963, -34.588059985154757 ], [ -58.429110961905593, -34.588161393192252 ], [ -58.429617131880676, -34.588304519079578 ], [ -58.430103903297187, -34.588487984627577 ], [ -58.430566588844478, -34.588710023205216 ], [ -58.43100073304192, -34.588968496743874 ], [ -58.431402155130996, -34.589260916317194 ], [ -58.431766989327194, -34.589584466098728 ], [ -58.432091722044689, -34.589936030466994 ], [ -58.432373225735283, -34.590312223997621 ], [ -58.432608789015937, -34.590709424054047 ], [ -58.432796142794238, -34.591123805663415 ], [ -58.432933482139759, -34.591551378342444 ], [ -58.43301948369006, -34.591988024518734 ], [ -58.433053318422594, -34.592429539178099 ], [ -58.433034659668671, -34.592871670356324 ], [ -58.432963686290996, -34.59331016008538 ], [ -58.432841080993136, -34.593740785400108 ], [ -58.432668023775719, -34.594159399010401 ], [ -58.432446180601509, -34.594561969246939 ], [ -58.432177687377028, -34.594944618895695 ], [ -58.431865129404429, -34.595303662547011 ], [ -58.431511516500272, -34.595635642098983 ], [ -58.431120254020385, -34.595937360073016 ], [ -58.430695110069486, -34.596205910420124 ], [ -58.430240179210919, -34.596438706520829 ], [ -58.429759843026417, -34.59663350610851 ], [ -58.429258727905534, -34.596788432875748 ], [ -58.428741660472255, -34.596901994554912 ], [ -58.428213621078449, -34.596973097298694 ], [ -58.42767969581309, -34.597001056221643 ], [ -58.427145027490347, -34.596985602000871 ], [ -58.426614766089955, -34.596926883472186 ], [ -58.42609401912808, -34.596825466196584 ], [ -58.425587802438052, -34.596682327010988 ], [ -58.42510099183616, -34.596498844615603 ], [ -58.424638276138921, -34.596276786288847 ], [ -58.424204111985603, -34.596018290858325 ], [ -58.423802680901595, -34.595725848091682 ], [ -58.423437849017098, -34.595402274706686 ], [ -58.423113129829098, -34.595050687231847 ] ], [ [ -58.446586296307679, -34.593104312854521 ], [ -58.446304719841208, -34.592728154125169 ], [ -58.446069086266206, -34.592330982413976 ], [ -58.445881664373744, -34.591916622982687 ], [ -58.445744258528137, -34.59148906657753 ], [ -58.445658191313441, -34.591052430986906 ], [ -58.445624290823496, -34.59061092137771 ], [ -58.445642882716918, -34.590168789792379 ], [ -58.445713787112396, -34.589730294196912 ], [ -58.445836320353052, -34.589299657474598 ], [ -58.446009301621416, -34.588881026759779 ], [ -58.446231064340431, -34.588478433503973 ], [ -58.446499472249336, -34.588095754657999 ], [ -58.446811939998703, -34.587736675344267 ], [ -58.447165458065456, -34.587404653377831 ], [ -58.447556621747253, -34.587102885977934 ], [ -58.447981663956661, -34.586834278989784 ], [ -58.448436491498967, -34.586601418912807 ], [ -58.448916724484462, -34.58640654800395 ], [ -58.449417738495704, -34.586251542695649 ], [ -58.449490890332719, -34.586235461664316 ], [ -58.449670769222564, -34.586179809391481 ], [ -58.45018773900658, -34.58606616117747 ], [ -58.450715687504712, -34.585994965384032 ], [ -58.451249531064484, -34.585966907538072 ], [ -58.451784129301934, -34.585982257788345 ], [ -58.452314334574766, -34.586040868306235 ], [ -58.45283504152502, -34.586142174709316 ], [ -58.453341236215479, -34.586285201494043 ], [ -58.453828044387478, -34.586468571425279 ], [ -58.454290778376937, -34.586690518792487 ], [ -58.454724982237359, -34.586948906405162 ], [ -58.45512647463638, -34.58724124616429 ], [ -58.455491389113156, -34.587564723011944 ], [ -58.455816211309475, -34.587916222029094 ], [ -58.45609781281626, -34.588292358420794 ], [ -58.456333481309187, -34.588689510100984 ], [ -58.45652094668327, -34.589103852562978 ], [ -58.456658402933982, -34.589531395700824 ], [ -58.456744525573484, -34.589968022227083 ], [ -58.456778484413427, -34.590409527317277 ], [ -58.45675995159008, -34.590851659099805 ], [ -58.456689104753416, -34.591290159601328 ], [ -58.45656662538822, -34.591720805753475 ], [ -58.456393692282042, -34.592139450065872 ], [ -58.456171970201972, -34.592542060573948 ], [ -58.455903593887811, -34.592924759676229 ], [ -58.455591147515115, -34.593283861487031 ], [ -58.455237639824972, -34.593615907344535 ], [ -58.454846475159151, -34.593917699131687 ], [ -58.45442142067953, -34.594186330088618 ], [ -58.453966570087047, -34.59441921281946 ], [ -58.453486304189632, -34.594614104223091 ], [ -58.452985248699264, -34.594769127107554 ], [ -58.452912090190217, -34.594785210383634 ], [ -58.452732195293784, -34.594840867771815 ], [ -58.452215175434262, -34.594954527889399 ], [ -58.451687172033388, -34.595025731462997 ], [ -58.451153270833103, -34.595053792635611 ], [ -58.450618614415689, -34.595038441099163 ], [ -58.450088352646155, -34.594979824700033 ], [ -58.44956759304435, -34.594878508015228 ], [ -58.449061351565632, -34.594735466912418 ], [ -58.448574504265395, -34.594552079146801 ], [ -58.44811174031414, -34.594330111085156 ], [ -58.447677516816462, -34.594071700685483 ], [ -58.447276015870045, -34.593779336896354 ], [ -58.446911104278634, -34.593455835674845 ], [ -58.446586296307679, -34.593104312854521 ] ], [ [ -58.411614317363608, -34.590324690580523 ], [ -58.411332905516275, -34.589948446852553 ], [ -58.411097444334132, -34.589551203127535 ], [ -58.410910200947129, -34.58913678536026 ], [ -58.410772977999819, -34.588709184858203 ], [ -58.410687096314291, -34.588272519833751 ], [ -58.410653382197388, -34.587830995736589 ], [ -58.410672159512771, -34.587388864747922 ], [ -58.410743246593626, -34.586950384827304 ], [ -58.410865958024075, -34.586519778706311 ], [ -58.411039111271229, -34.586101193223975 ], [ -58.411261038102595, -34.585698659395604 ], [ -58.411475114707933, -34.585393676979351 ], [ -58.411159570208071, -34.585274684651459 ], [ -58.410696953043995, -34.585052570614401 ], [ -58.410262889963143, -34.584794022617842 ], [ -58.409861561516919, -34.584501530935611 ], [ -58.409496832846521, -34.584177912756495 ], [ -58.409172216454493, -34.58382628504021 ], [ -58.408890838378774, -34.583450034486468 ], [ -58.408655408094702, -34.583052784906315 ], [ -58.408468192434782, -34.582638362310846 ], [ -58.408330993776659, -34.582210758053918 ], [ -58.408245132708736, -34.581774090384059 ], [ -58.40821143533946, -34.581332564776282 ], [ -58.40823022537149, -34.580890433426319 ], [ -58.408301321015792, -34.580451954297146 ], [ -58.408424036774335, -34.580021350112688 ], [ -58.408597190072804, -34.579602767693331 ], [ -58.408819112678444, -34.579200238024868 ], [ -58.409087666791926, -34.578817637445354 ], [ -58.409400265657041, -34.578458650323135 ], [ -58.409753898489342, -34.578126733585265 ], [ -58.410145159482525, -34.57782508343756 ], [ -58.410570280613236, -34.577556604596232 ], [ -58.411025167927868, -34.577323882326866 ], [ -58.411505440962003, -34.577129157559746 ], [ -58.412006474913341, -34.576974305320391 ], [ -58.412523445162208, -34.576860816682874 ], [ -58.413051373711852, -34.576789784419056 ], [ -58.413585177101957, -34.576761892481734 ], [ -58.414119715335218, -34.576777409422675 ], [ -58.414649841346751, -34.57683618580873 ], [ -58.415170450541297, -34.576937655660828 ], [ -58.415676529922131, -34.577080841901982 ], [ -58.416163206340045, -34.577264365761927 ], [ -58.416625793398609, -34.577486460048164 ], [ -58.41705983656508, -34.577744986155601 ], [ -58.417461156053307, -34.57803745465155 ], [ -58.417825887066371, -34.57836104923831 ], [ -58.417898650014912, -34.578439858666364 ], [ -58.417968089465219, -34.578411700393445 ], [ -58.418469118088808, -34.578256821751751 ], [ -58.418986086449401, -34.57814330577483 ], [ -58.419514016568328, -34.578072245497694 ], [ -58.420047824970148, -34.578044325142827 ], [ -58.420582371609335, -34.578059813535525 ], [ -58.421112509340098, -34.578118561517428 ], [ -58.421633133454421, -34.578220003382874 ], [ -58.422139230812043, -34.578363162324287 ], [ -58.422625928090795, -34.578546659834252 ], [ -58.423088538693548, -34.578768728973934 ], [ -58.423522607861024, -34.579027231380344 ], [ -58.423923955556916, -34.579319677849043 ], [ -58.42428871671283, -34.57964325229446 ], [ -58.424613378446139, -34.579994838857473 ], [ -58.424894813892131, -34.580371051899789 ], [ -58.425130312324917, -34.580768268596714 ], [ -58.425317605276682, -34.581182663815007 ], [ -58.425454888402911, -34.58161024694008 ], [ -58.425540838882803, -34.582046900298756 ], [ -58.425574628185942, -34.582488418807486 ], [ -58.425555930081522, -34.582930550464802 ], [ -58.425484923811645, -34.583369037297899 ], [ -58.425362292397089, -34.583799656369415 ], [ -58.425189216090502, -34.584218260449276 ], [ -58.424967361038924, -34.584620817959895 ], [ -58.424698863263764, -34.585003451809797 ], [ -58.424386308111409, -34.585362476741501 ], [ -58.42403270537163, -34.585694434833449 ], [ -58.423641460302669, -34.585996128813825 ], [ -58.423216340841797, -34.586264652864855 ], [ -58.422761441316688, -34.586497420620461 ], [ -58.422281143007311, -34.586692190087192 ], [ -58.421780071938443, -34.586847085247882 ], [ -58.421452865687137, -34.586918934852534 ], [ -58.421520572011559, -34.587262962792643 ], [ -58.421554343188916, -34.587704482520294 ], [ -58.421535623586799, -34.588146613747845 ], [ -58.421464592654168, -34.58858509850657 ], [ -58.421341933649131, -34.589015713878936 ], [ -58.421168827089907, -34.589434312670413 ], [ -58.420946939414804, -34.589836863354215 ], [ -58.420678406959375, -34.59021948890453 ], [ -58.420365815404004, -34.5905785041437 ], [ -58.420012174889095, -34.590910451243424 ], [ -58.4196208910368, -34.591212133037658 ], [ -58.419195732158045, -34.591480643825932 ], [ -58.418740792960278, -34.591713397369865 ], [ -58.418260455105795, -34.591908151812845 ], [ -58.417759345000427, -34.592063031282393 ], [ -58.417242289219978, -34.592176543966602 ], [ -58.416714268004135, -34.592247596490274 ], [ -58.416180367266726, -34.592275504451841 ], [ -58.415645729585592, -34.592259999019447 ], [ -58.415115504645151, -34.592201229522331 ], [ -58.41459479961015, -34.59209976201258 ], [ -58.41408862990982, -34.591956573811075 ], [ -58.413601870907478, -34.59177304409021 ], [ -58.413139210922324, -34.591550940584334 ], [ -58.412705106056642, -34.591292402556199 ], [ -58.412303737264438, -34.590999920183691 ], [ -58.41193897007556, -34.590676310566003 ], [ -58.411614317363608, -34.590324690580523 ] ], [ [ -58.370295866655113, -34.649704289076794 ], [ -58.370014428075265, -34.649327953888289 ], [ -58.369778983348219, -34.648930633442163 ], [ -58.369591799442873, -34.648516154432173 ], [ -58.369454678428141, -34.648088508755407 ], [ -58.36936894014169, -34.647651815058964 ], [ -58.369335409506569, -34.647210279068027 ], [ -58.3693544086168, -34.646768153077595 ], [ -58.369425753667201, -34.64632969499818 ], [ -58.369548756755535, -34.645899127349942 ], [ -58.369722232538486, -34.645480596600308 ], [ -58.369944509676245, -34.645078133236282 ], [ -58.370213446954303, -34.64469561295622 ], [ -58.370526453926161, -34.644336719353966 ], [ -58.370880515877396, -34.644004908454875 ], [ -58.371272222870019, -34.643703375444574 ], [ -58.371697802586922, -34.643435023910349 ], [ -58.372153156659984, -34.643202437891183 ], [ -58.372633900132037, -34.64300785700479 ], [ -58.373135403672883, -34.642853154890865 ], [ -58.373652838143329, -34.642739821177777 ], [ -58.37409996721852, -34.64267984619417 ], [ -58.373867282915306, -34.642653994618513 ], [ -58.373346304478602, -34.642552358132789 ], [ -58.372839890120197, -34.64240900549995 ], [ -58.372352917560406, -34.642225317477092 ], [ -58.371890077175422, -34.642003063324111 ], [ -58.371455826804727, -34.641744383755587 ], [ -58.371054348803014, -34.641451770313424 ], [ -58.370689509750754, -34.641128041359799 ], [ -58.370364823212114, -34.640776314921986 ], [ -58.370083415898698, -34.640399978650883 ], [ -58.369847997565252, -34.640002657183345 ], [ -58.369660834926719, -34.639588177222876 ], [ -58.369523729847501, -34.639160530675611 ], [ -58.369438002012082, -34.638723836197023 ], [ -58.369404476243211, -34.638282299519759 ], [ -58.36942347458843, -34.637840172945438 ], [ -58.369494813250277, -34.637401714390194 ], [ -58.36961780438839, -34.636971146378798 ], [ -58.369791262774882, -34.636552615382222 ], [ -58.370013517237751, -34.636150151889936 ], [ -58.370282426781131, -34.635767631601617 ], [ -58.370595401225771, -34.635408738111266 ], [ -58.370949426170668, -34.635076927443308 ], [ -58.371341092034243, -34.634775394781208 ], [ -58.37176662689545, -34.634507043709036 ], [ -58.372221932818086, -34.634274458261423 ], [ -58.37270262530852, -34.634079878050706 ], [ -58.373204075527305, -34.633925176710136 ], [ -58.373721454848521, -34.63381184386072 ], [ -58.374249781338463, -34.633740970774326 ], [ -58.374783967707096, -34.633713239871362 ], [ -58.375318870271315, -34.63372891815343 ], [ -58.375849338459787, -34.63378785463447 ], [ -58.37637026438383, -34.63388948179459 ], [ -58.376876631997966, -34.634032821042879 ], [ -58.377363565378239, -34.634216492136659 ], [ -58.377826375654081, -34.634438726466541 ], [ -58.378260606143101, -34.634697384079793 ], [ -58.378662075254667, -34.63498997427822 ], [ -58.379026916749922, -34.635313679592862 ], [ -58.37935161697083, -34.635665382904932 ], [ -58.37963304867997, -34.636041697452193 ], [ -58.379868501185122, -34.636438999432656 ], [ -58.380055706458108, -34.636853462891679 ], [ -58.380192860996118, -34.637281096557274 ], [ -58.380278643213991, -34.637717782269 ], [ -58.380312226199095, -34.638159314631103 ], [ -58.3802932857051, -34.638601441507824 ], [ -58.380222003306258, -34.639039904971391 ], [ -58.380099064680806, -34.639470482308404 ], [ -58.379925653038605, -34.639889026689524 ], [ -58.379703437755254, -34.640291507110916 ], [ -58.37943455832103, -34.640674047222305 ], [ -58.379121603758044, -34.64103296266795 ], [ -58.378767587703308, -34.641364796579659 ], [ -58.378375919396738, -34.641666352880726 ], [ -58.377950370853256, -34.641934727078649 ], [ -58.377495040534882, -34.64216733425009 ], [ -58.377014313872756, -34.642361933947889 ], [ -58.37651282101951, -34.642516651789911 ], [ -58.37599539223951, -34.642629997520991 ], [ -58.375548265037352, -34.642689979418357 ], [ -58.375780949851972, -34.642715827770608 ], [ -58.376301931928715, -34.64281745375429 ], [ -58.37680835425622, -34.642960791795765 ], [ -58.377295340383874, -34.643144461663965 ], [ -58.377758200933407, -34.64336669476149 ], [ -58.37819247873842, -34.643625351147499 ], [ -58.37859399175273, -34.643917940135751 ], [ -58.37895887331473, -34.644241644269073 ], [ -58.379283609380472, -34.644593346440118 ], [ -58.379565072367264, -34.644969659897797 ], [ -58.379800551281463, -34.645366960850694 ], [ -58.379987777840377, -34.645781423354151 ], [ -58.380124948335911, -34.646209056145423 ], [ -58.380210741028911, -34.646645741072632 ], [ -58.380244328905505, -34.647087272747541 ], [ -58.380225387671899, -34.647529399041034 ], [ -58.380154098909109, -34.647967862030953 ], [ -58.380031148356302, -34.648398439008425 ], [ -58.379857719337849, -34.648816983147526 ], [ -58.379635481396441, -34.64921946344667 ], [ -58.379366574240301, -34.649602003556701 ], [ -58.379053587158346, -34.649960919121753 ], [ -58.378699534100654, -34.650292753272403 ], [ -58.378307824663409, -34.650594309929524 ], [ -58.377882231257701, -34.65086268459708 ], [ -58.377426852777681, -34.65109529234708 ], [ -58.376946075118475, -34.65128989272673 ], [ -58.376444528924083, -34.651444611347181 ], [ -58.375927044972826, -34.651557957945741 ], [ -58.375398607630714, -34.651628840747101 ], [ -58.374864306821856, -34.651656576984813 ], [ -58.374329288979617, -34.651640899481556 ], [ -58.373798707451925, -34.651581959224636 ], [ -58.373277672839663, -34.651480323911699 ], [ -58.372771203747654, -34.651336972480784 ], [ -58.372284178423627, -34.651153285677438 ], [ -58.371821287752191, -34.650931032749938 ], [ -58.371386990057275, -34.650672354401145 ], [ -58.370985468149428, -34.650379742161306 ], [ -58.37062058903205, -34.650056014381178 ], [ -58.370295866655113, -34.649704289076794 ] ], [ [ -58.39833998002689, -34.644504323647745 ], [ -58.398058435356553, -34.644128055512383 ], [ -58.397822874273714, -34.643730791758159 ], [ -58.397635564868757, -34.643316358533198 ], [ -58.397498310420026, -34.642888747294037 ], [ -58.397412432050899, -34.642452076356591 ], [ -58.397378756033987, -34.642010551227429 ], [ -58.397397605863787, -34.6415684240975 ], [ -58.397468799172934, -34.641129952888875 ], [ -58.397591649520471, -34.640699360248796 ], [ -58.397764973033865, -34.640280792885875 ], [ -58.397835867555912, -34.640152326888071 ], [ -58.39745981232786, -34.63992843014465 ], [ -58.397058254937747, -34.639635904235973 ], [ -58.396693325731441, -34.639312255242615 ], [ -58.396368539142209, -34.638960600421797 ], [ -58.396087022846068, -34.638584326734815 ], [ -58.395851487648152, -34.638187058216026 ], [ -58.395664201389629, -34.63777262105932 ], [ -58.395526967126045, -34.637345006759034 ], [ -58.395441105786567, -34.636908333660486 ], [ -58.395407443479982, -34.636466807291015 ], [ -58.395426303568954, -34.636024679853463 ], [ -58.395497503587563, -34.635586209272795 ], [ -58.395620357030481, -34.635155618190197 ], [ -58.395793679995592, -34.63473705329929 ], [ -58.396015802614613, -34.634334545416458 ], [ -58.396284585160785, -34.633951970669209 ], [ -58.396597438677198, -34.633593013176345 ], [ -58.396951349926631, -34.633261129578862 ], [ -58.397342910421607, -34.632959515762657 ], [ -58.397768349254953, -34.632691076093394 ], [ -58.398223569414377, -34.632458395458784 ], [ -58.398704187231388, -34.632263714387648 ], [ -58.399205574584919, -34.632108907484273 ], [ -58.399722903453835, -34.631995465385906 ], [ -58.40025119238981, -34.631924480416068 ], [ -58.400785354464126, -34.631896636072149 ], [ -58.401320246227421, -34.631912200447715 ], [ -58.40185071721239, -34.631971023653151 ], [ -58.40237165950353, -34.632072539258907 ], [ -58.402878056898075, -34.632215769747916 ], [ -58.403365033185722, -34.632399335924454 ], [ -58.403827899083318, -34.632621470189179 ], [ -58.404262197373505, -34.632880033552709 ], [ -58.404663745813515, -34.63317253622435 ], [ -58.405028677401354, -34.633496161577995 ], [ -58.405353477612259, -34.633847793264891 ], [ -58.405635018246699, -34.634224045212733 ], [ -58.405870587564259, -34.634621294222619 ], [ -58.406057916412571, -34.635035714850353 ], [ -58.406195200099383, -34.63546331623683 ], [ -58.406281115796233, -34.635899980532962 ], [ -58.406314835305388, -34.636341502549705 ], [ -58.406296033065928, -34.636783630251493 ], [ -58.406224889320654, -34.637222105703188 ], [ -58.406102088412347, -34.63765270607643 ], [ -58.405928812224253, -34.638071284320553 ], [ -58.405857932011145, -34.638199754722002 ], [ -58.406234000928762, -34.638423625263918 ], [ -58.406635583481986, -34.638716120366404 ], [ -58.407000547577809, -34.639039738756559 ], [ -58.407325378378431, -34.63939136415275 ], [ -58.407606947389752, -34.639767610543352 ], [ -58.407842542598033, -34.640164854783059 ], [ -58.408029894601469, -34.64057927147369 ], [ -58.408167198484676, -34.641006869794104 ], [ -58.408253131224555, -34.641443531924864 ], [ -58.408286864459036, -34.641885052697837 ], [ -58.408268072494792, -34.642327180089453 ], [ -58.408196935475452, -34.642765656167597 ], [ -58.408074137678781, -34.643196258097923 ], [ -58.407900860957803, -34.643614838814756 ], [ -58.407678773388099, -34.644017366964775 ], [ -58.407410013229153, -34.644399965738437 ], [ -58.407097168353516, -34.644758950215241 ], [ -58.406743251340906, -34.645090862862382 ], [ -58.406351670476425, -34.645392506844921 ], [ -58.405926196931958, -34.645660976825845 ], [ -58.405470928446363, -34.645893686959155 ], [ -58.404990249854492, -34.646088395805862 ], [ -58.404488790845399, -34.646243227932203 ], [ -58.403971381356961, -34.646356691981978 ], [ -58.40344300503741, -34.646427695048267 ], [ -58.402908751222654, -34.646455553205847 ], [ -58.402373765893138, -34.646439998102686 ], [ -58.401843202083505, -34.646381179546722 ], [ -58.401322170224056, -34.646279664062966 ], [ -58.40081568889331, -34.646136429434847 ], [ -58.400328636457267, -34.645952855282538 ], [ -58.399865704062194, -34.645730709768991 ], [ -58.399431350434575, -34.64547213256224 ], [ -58.399029758924435, -34.645179614218257 ], [ -58.398664797206401, -34.64485597218335 ], [ -58.39833998002689, -34.644504323647745 ] ], [ [ -58.356201475791487, -34.6366559152858 ], [ -58.35592014591942, -34.636279544246932 ], [ -58.355684806538612, -34.635882193310842 ], [ -58.355497723603378, -34.635467689464654 ], [ -58.355360698210333, -34.63504002484428 ], [ -58.355275049276479, -34.634603318278927 ], [ -58.355241600864645, -34.634161775617372 ], [ -58.35526067427751, -34.633719649218577 ], [ -58.355332084994892, -34.633281196996634 ], [ -58.355455144482725, -34.632850641415118 ], [ -58.355628666855281, -34.632432128824981 ], [ -58.355850980324746, -34.632029689538285 ], [ -58.356119943327464, -34.631647199021394 ], [ -58.356432965169851, -34.631288340581499 ], [ -58.356787030994901, -34.630956569905415 ], [ -58.35717873082789, -34.63065508179151 ], [ -58.357604292421073, -34.630386779394868 ], [ -58.358059617581233, -34.630154246281485 ], [ -58.358540321629839, -34.629959721559857 ], [ -58.359041775616383, -34.629805078329085 ], [ -58.359559150878866, -34.629691805650815 ], [ -58.360087465522795, -34.629620994217696 ], [ -58.360621632372187, -34.629593325856668 ], [ -58.361156507931831, -34.629609066967348 ], [ -58.361686941890277, -34.629668065958896 ], [ -58.362207826688177, -34.62976975470967 ], [ -58.362714146675785, -34.629913154035876 ], [ -58.363201026387387, -34.630096883116416 ], [ -58.363663777468794, -34.630319172783672 ], [ -58.364097943807209, -34.630577882552039 ], [ -58.364499344429277, -34.630870521221112 ], [ -58.364864113755253, -34.631194270855133 ], [ -58.365188738821629, -34.631546013908363 ], [ -58.365470093114389, -34.631922363235788 ], [ -58.365705466686464, -34.632319694700236 ], [ -58.365892592269581, -34.63273418206294 ], [ -58.366029667128217, -34.633161833821383 ], [ -58.366115370444433, -34.633598531640665 ], [ -58.366148876065488, -34.634040070008091 ], [ -58.366129860490197, -34.634482196729763 ], [ -58.366058506016117, -34.634920653879135 ], [ -58.365935499015841, -34.635351218803308 ], [ -58.365762023358101, -34.635769744792249 ], [ -58.365539749035428, -34.636172201019058 ], [ -58.365270816107149, -34.636554711366308 ], [ -58.364957814111051, -34.636913591764781 ], [ -58.364603757141481, -34.637245385683777 ], [ -58.364212054832862, -34.637546897431733 ], [ -58.363786479528038, -34.637815222945321 ], [ -58.363331129947198, -34.638047777770169 ], [ -58.362850391707347, -34.638242321963418 ], [ -58.362348895072898, -34.638396981677666 ], [ -58.361831470344825, -34.638510267217889 ], [ -58.361303101318548, -34.638581087397085 ], [ -58.360768877259922, -34.638608760052236 ], [ -58.360233943862696, -34.638593018618671 ], [ -58.359703453660977, -34.638534014699694 ], [ -58.359182516375498, -34.63843231660627 ], [ -58.358676149673073, -34.638288903881254 ], [ -58.358189230814673, -34.638105157860608 ], [ -58.357726449658841, -34.637882848362977 ], [ -58.357292263474136, -34.637624116636047 ], [ -58.356890853996582, -34.637331454724048 ], [ -58.356526087146257, -34.637007681455991 ], [ -58.356201475791487, -34.6366559152858 ] ], [ [ -58.398627930715968, -34.628604483720864 ], [ -58.398346441047927, -34.628228214031836 ], [ -58.398110926253473, -34.627830948775951 ], [ -58.397923653977614, -34.627416514115637 ], [ -58.397786427141604, -34.626988901521102 ], [ -58.397700566603447, -34.626552229321234 ], [ -58.397666898464664, -34.626110703034712 ], [ -58.397685746144539, -34.625668574863603 ], [ -58.397756927297038, -34.625230102740034 ], [ -58.39787975559895, -34.624799509320077 ], [ -58.398053047390597, -34.624380941319998 ], [ -58.398275133104235, -34.623978429586217 ], [ -58.39854387336873, -34.6235958502835 ], [ -58.398856679634548, -34.62323688757462 ], [ -58.399210539119551, -34.622904998150958 ], [ -58.399602043834768, -34.622603377954682 ], [ -58.40002742341013, -34.622334931412986 ], [ -58.400482581403857, -34.622102243479887 ], [ -58.400963134745872, -34.621907554754614 ], [ -58.401464455935752, -34.621752739915259 ], [ -58.401981717589152, -34.621639289675493 ], [ -58.402509938904679, -34.62156829643731 ], [ -58.403044033604409, -34.621540443777704 ], [ -58.403578858887414, -34.621555999870317 ], [ -58.404109264926177, -34.621614814905215 ], [ -58.404630144430314, -34.621716322531476 ], [ -58.405136481801364, -34.621859545308794 ], [ -58.405623401406778, -34.622043104115541 ], [ -58.40608621450906, -34.62226523142327 ], [ -58.406520464399172, -34.622523788309429 ], [ -58.406921969300377, -34.622816285045587 ], [ -58.407286862630002, -34.623139905062644 ], [ -58.407611630231834, -34.62349153206312 ], [ -58.40789314422058, -34.623867780019729 ], [ -58.408128693112666, -34.624265025771905 ], [ -58.408316007952777, -34.624679443906771 ], [ -58.408453284183892, -34.625107043589146 ], [ -58.408539199049791, -34.625543706986356 ], [ -58.408572924361167, -34.625985228918019 ], [ -58.408554134501649, -34.626427357349399 ], [ -58.408483009595251, -34.626865834338389 ], [ -58.408360233803663, -34.62729643704192 ], [ -58.408186988768648, -34.627715018386972 ], [ -58.407964942261103, -34.628117547014291 ], [ -58.407696232145483, -34.628500146109928 ], [ -58.407383445812755, -34.628859130750413 ], [ -58.407029595278999, -34.629191043401605 ], [ -58.406638088189204, -34.629492687228684 ], [ -58.406212695004712, -34.62976115689635 ], [ -58.405757512690286, -34.62999386656184 ], [ -58.405276925250625, -34.630188574790807 ], [ -58.404775561496514, -34.630343406155625 ], [ -58.404258250448002, -34.630456869307537 ], [ -58.403729974804726, -34.630527871348377 ], [ -58.403195822932396, -34.63055572836285 ], [ -58.40266093982904, -34.630540172009972 ], [ -58.402130477544169, -34.630481352109648 ], [ -58.401609545529716, -34.630379835199818 ], [ -58.401103161402048, -34.630236599077534 ], [ -58.400616202590534, -34.630053023377251 ], [ -58.400153359339363, -34.629830876276628 ], [ -58.399719089516168, -34.62957229745885 ], [ -58.399317575663723, -34.629279777495164 ], [ -58.398952684708661, -34.628956133847311 ], [ -58.398627930715968, -34.628604483720864 ] ], [ [ -58.368231377790799, -34.605953067273155 ], [ -58.367950102955589, -34.605576720981581 ], [ -58.367714798750661, -34.605179390623725 ], [ -58.367527730792638, -34.604764902988336 ], [ -58.367390700035116, -34.60433725005516 ], [ -58.367305025448026, -34.603900550540857 ], [ -58.367271531342631, -34.603459010226459 ], [ -58.367290539462914, -34.603016881448475 ], [ -58.367361865918738, -34.602578422144219 ], [ -58.367484822988672, -34.602147854845818 ], [ -58.367658225774242, -34.601729326017484 ], [ -58.367835156689225, -34.601408828198714 ], [ -58.367887671946882, -34.601085987689643 ], [ -58.368010624349957, -34.600655419874933 ], [ -58.368184021627002, -34.600236890335282 ], [ -58.368406193195739, -34.599834429546405 ], [ -58.368674998859639, -34.59945191318225 ], [ -58.3689878494407, -34.59909302479943 ], [ -58.369341731731311, -34.598761220373596 ], [ -58.369733237523995, -34.598459695028538 ], [ -58.370158596439254, -34.598191352278363 ], [ -58.370613712235006, -34.597958776077974 ], [ -58.371094202248074, -34.597764205951087 ], [ -58.371595439588106, -34.597609515434222 ], [ -58.372112597678232, -34.597496194044481 ], [ -58.372640696714093, -34.597425332943629 ], [ -58.373174651594766, -34.597397614436794 ], [ -58.373709320865025, -34.597413305406349 ], [ -58.374239556198816, -34.597472254744012 ], [ -58.374760251948494, -34.597573894805954 ], [ -58.37526639428394, -34.597717246876883 ], [ -58.375753109449519, -34.597900930590356 ], [ -58.376215710675176, -34.59812317721515 ], [ -58.376649743290976, -34.5983818466797 ], [ -58.377051027611365, -34.598674448171273 ], [ -58.377415699176872, -34.598998164111705 ], [ -58.37774024596601, -34.59934987727938 ], [ -58.378021542219315, -34.599726200816733 ], [ -58.378256878549642, -34.600123510834763 ], [ -58.378443988048545, -34.600537981301009 ], [ -58.378581068136612, -34.600965620875691 ], [ -58.378666797946948, -34.601402311341218 ], [ -58.378700351073007, -34.60184384725585 ], [ -58.378681403557501, -34.602285976449529 ], [ -58.378610137043786, -34.602724440972189 ], [ -58.378487237058579, -34.603155018100296 ], [ -58.378313886440949, -34.603573561006698 ], [ -58.378136992023201, -34.603894073066691 ], [ -58.37808451520705, -34.604216916942562 ], [ -58.377961610558266, -34.604647493555632 ], [ -58.377788254434755, -34.605066035752152 ], [ -58.377566115678633, -34.605468512549528 ], [ -58.377297333044169, -34.605851047632733 ], [ -58.376984494622057, -34.606209956694741 ], [ -58.376630612931308, -34.606541782929312 ], [ -58.376239095918145, -34.60684333033408 ], [ -58.375813714140413, -34.607111694502649 ], [ -58.375358564453826, -34.607344290608737 ], [ -58.374878030549361, -34.60753887831217 ], [ -58.374376740722518, -34.607693583346617 ], [ -58.373859523281354, -34.607806915580689 ], [ -58.373331360023741, -34.607877783377702 ], [ -58.372797338232523, -34.607905504115891 ], [ -58.372262601652217, -34.607889810767354 ], [ -58.371732300920215, -34.60783085447197 ], [ -58.37121154393148, -34.607729203081782 ], [ -58.370705346615487, -34.607585835689427 ], [ -58.370218584601147, -34.607402133193844 ], [ -58.369755946236005, -34.607179864994073 ], [ -58.369321887413157, -34.606921171939568 ], [ -58.368920588642048, -34.606628545701717 ], [ -58.368555914776834, -34.606304804765514 ], [ -58.368231377790799, -34.605953067273155 ] ], [ [ -58.375548458316111, -34.597198697552336 ], [ -58.375267181943649, -34.596822367691722 ], [ -58.375031869515496, -34.596425051135974 ], [ -58.374844786727898, -34.596010574540927 ], [ -58.374707734677678, -34.595582929780051 ], [ -58.37462203254028, -34.595146235491384 ], [ -58.374588504892692, -34.59470469740571 ], [ -58.374607473802349, -34.594262567838264 ], [ -58.374678755757046, -34.593824104734097 ], [ -58.374801663464225, -34.593393530662105 ], [ -58.374975012501004, -34.59297499215193 ], [ -58.37519713274984, -34.592572519765866 ], [ -58.375465884508415, -34.592189989289693 ], [ -58.375778679117857, -34.5918310844161 ], [ -58.376132503909446, -34.591499261279658 ], [ -58.376523951229274, -34.591197715184499 ], [ -58.376949251260733, -34.590929349844615 ], [ -58.377404308328515, -34.590696749432546 ], [ -58.377884740334686, -34.590502153705152 ], [ -58.37838592094716, -34.590347436445533 ], [ -58.378903024135049, -34.590234087428286 ], [ -58.379431070622331, -34.590163198081143 ], [ -58.379964975813799, -34.590135450981172 ], [ -58.380499598732428, -34.590151113285955 ], [ -58.3810297914983, -34.590210034163121 ], [ -58.381550448873455, -34.590311646242817 ], [ -58.382056557397199, -34.590454971079026 ], [ -58.382543243639418, -34.590638628567405 ], [ -58.383005821108569, -34.59086085022917 ], [ -58.383439835363561, -34.59111949623297 ], [ -58.383841106895787, -34.591412075991911 ], [ -58.384205771369118, -34.591735772137 ], [ -58.384530316830606, -34.592087467637199 ], [ -58.38481161753387, -34.592463775804994 ], [ -58.385046964049273, -34.59286107289941 ], [ -58.385234089370599, -34.593275533012466 ], [ -58.385371190766477, -34.593703164904127 ], [ -58.385456947165139, -34.594139850430871 ], [ -58.385490531904374, -34.594581384198641 ], [ -58.385471620722726, -34.595023514058155 ], [ -58.385400394913965, -34.595461982053131 ], [ -58.385277539612993, -34.595892565426695 ], [ -58.385104237228745, -34.596311117291783 ], [ -58.384882156085936, -34.596713606572877 ], [ -58.384613434384043, -34.597096156834901 ], [ -58.384300659626902, -34.597455083624844 ], [ -58.38394684372031, -34.597786929965878 ], [ -58.383555393976728, -34.59808849966214 ], [ -58.383130080305904, -34.598356888092653 ], [ -58.382674998907312, -34.598589510197549 ], [ -58.382194532813891, -34.598784125386281 ], [ -58.381693309667696, -34.598938859127855 ], [ -58.381176157134149, -34.599052221014347 ], [ -58.380648056385596, -34.599123119123419 ], [ -58.380114094102495, -34.59915087054128 ], [ -58.379579413455836, -34.599135207944435 ], [ -58.379049164544035, -34.599076282176462 ], [ -58.378528454762666, -34.598974660795186 ], [ -58.378022299586391, -34.598831322604077 ], [ -58.377535574238159, -34.598647648220656 ], [ -58.377072966712326, -34.598425406773046 ], [ -58.37663893260504, -34.598166738852889 ], [ -58.376237652187811, -34.597874135889356 ], [ -58.375872990138241, -34.597550416143172 ], [ -58.375548458316111, -34.597198697552336 ] ], [ [ -58.387871501483069, -34.593692419757687 ], [ -58.38759018288728, -34.593316119150252 ], [ -58.387354823072336, -34.59291882731263 ], [ -58.387167688191248, -34.592504370662738 ], [ -58.387030579842936, -34.592076740882135 ], [ -58.386944817745338, -34.591640056464811 ], [ -58.386911227053176, -34.591198523046707 ], [ -58.386930130441243, -34.590756392898307 ], [ -58.387001345028459, -34.590317923970588 ], [ -58.387124184171086, -34.589887338888765 ], [ -58.38729746410651, -34.589468784288755 ], [ -58.387519515382508, -34.589066290888063 ], [ -58.387788198960834, -34.588683734675037 ], [ -58.388100926838916, -34.588324799590389 ], [ -58.388454686990343, -34.587992942059806 ], [ -58.388846072383352, -34.587691357718697 ], [ -58.389271313797288, -34.58742295064944 ], [ -58.389726316120935, -34.58719030542639 ], [ -58.390206697783107, -34.586995662237896 ], [ -58.390707832936179, -34.586840895324059 ], [ -58.391224895986632, -34.586727494937449 ], [ -58.391752908044687, -34.586656553000338 ], [ -58.392286784846434, -34.58662875259602 ], [ -58.392821385688045, -34.586644361395194 ], [ -58.393351562902083, -34.586703229080513 ], [ -58.393872211400378, -34.586804788794097 ], [ -58.394378317807721, -34.586948062594011 ], [ -58.394865008714525, -34.587131670867201 ], [ -58.395327597584576, -34.587353845608625 ], [ -58.395761629867231, -34.587612447438637 ], [ -58.396162925880645, -34.587904986195625 ], [ -58.396527621053288, -34.588228644905399 ], [ -58.396852203137001, -34.588580306897406 ], [ -58.397133546033167, -34.588956585806883 ], [ -58.397368939906201, -34.589353858174654 ], [ -58.397556117294272, -34.589768298331059 ], [ -58.397693274964951, -34.59019591522835 ], [ -58.397779091304834, -34.590632590867678 ], [ -58.397812739074723, -34.591074119950385 ], [ -58.397793893406352, -34.591516250372599 ], [ -58.39772273496267, -34.59195472417283 ], [ -58.397599948229868, -34.592385318538625 ], [ -58.397426714956445, -34.592803886477277 ], [ -58.397204702801446, -34.593206396758703 ], [ -58.396936049299718, -34.59358897274582 ], [ -58.396623341298017, -34.593947929737993 ], [ -58.396269590058893, -34.59427981046769 ], [ -58.395878202271639, -34.59458141840792 ], [ -58.395452947248899, -34.594849848569453 ], [ -58.394997920624895, -34.595082515490475 ], [ -58.394517504904627, -34.595277178148798 ], [ -58.394016327244572, -34.595431961556116 ], [ -58.39349921487176, -34.595545374826038 ], [ -58.392971148571419, -34.595616325541165 ], [ -58.392437214691945, -34.595644130280881 ], [ -58.391902556130631, -34.5956285212079 ], [ -58.391372322773044, -34.595569648650056 ], [ -58.390851621864954, -34.595468079652498 ], [ -58.390345468795601, -34.595324792513935 ], [ -58.389858738767785, -34.595141167360005 ], [ -58.38939611982115, -34.594918972844525 ], [ -58.388962067662113, -34.594660349106967 ], [ -58.38856076273639, -34.594367787150865 ], [ -58.388196069957992, -34.594044104841956 ], [ -58.387871501483069, -34.593692419757687 ] ] ], [ [ [ -58.36521176742383, -34.581433447860597 ], [ -58.36339155998845, -34.58128937235503 ], [ -58.362675090168523, -34.581232653845575 ], [ -58.362675055297288, -34.581232650211106 ], [ -58.362665383015603, -34.581231540695327 ], [ -58.362654293124528, -34.5812310853456 ], [ -58.362651321962609, -34.581231248757668 ], [ -58.362645151843608, -34.581231587112221 ], [ -58.362645116965865, -34.581231588886297 ], [ -58.362640883203284, -34.581232200166376 ], [ -58.362640848321185, -34.581232205546165 ], [ -58.362638146082155, -34.581232595437299 ], [ -58.361625028086458, -34.581152385208512 ], [ -58.361545294451588, -34.581851197877121 ], [ -58.361417757287526, -34.582968936427925 ], [ -58.361419632825012, -34.582969084696586 ], [ -58.362542845142102, -34.583057873804478 ], [ -58.362568610864329, -34.583059911559381 ], [ -58.364548915887376, -34.583216428910198 ], [ -58.364301083026668, -34.583196842743369 ], [ -58.364343428328368, -34.583048549357315 ], [ -58.364516810642783, -34.582630024284889 ], [ -58.364738956184709, -34.582227569734549 ], [ -58.365007725008802, -34.581845061320287 ], [ -58.365320528292322, -34.581486182522269 ], [ -58.365363792804978, -34.58144561216335 ], [ -58.368876934452111, -34.581726662093985 ], [ -58.36521176742383, -34.581433447860597 ] ] ], [ [ [ -58.352993969338172, -34.629165822556146 ], [ -58.352996885146709, -34.629162881373432 ], [ -58.353293152006508, -34.62883104054422 ], [ -58.353435301816681, -34.628682343709045 ], [ -58.353544508045751, -34.62854973856593 ], [ -58.353023345894485, -34.629038064257237 ], [ -58.352912168838117, -34.629165515889312 ], [ -58.352993932523482, -34.629165859691227 ], [ -58.352993969338172, -34.629165822556146 ] ] ], [ [ [ -58.422591165615025, -34.661226337897055 ], [ -58.42328944534934, -34.661603771751572 ], [ -58.423499686922646, -34.661729991914953 ], [ -58.423597173926993, -34.661788518742391 ], [ -58.42364859484659, -34.66181938904883 ], [ -58.423893559356181, -34.661966453813015 ], [ -58.423893587710673, -34.661966473653301 ], [ -58.424043891438181, -34.662051647097393 ], [ -58.42408620680159, -34.662077826035841 ], [ -58.424131297733496, -34.662101177216584 ], [ -58.424172715740639, -34.662128785477869 ], [ -58.42417425426261, -34.662130088638754 ], [ -58.424197754700486, -34.662149994002945 ], [ -58.424209876274894, -34.662160261225459 ], [ -58.424217309951146, -34.662173909201513 ], [ -58.424237842686097, -34.662205391327447 ], [ -58.424262101811173, -34.662235008717687 ], [ -58.424289842012186, -34.66226246021953 ], [ -58.424304198386245, -34.662279122927714 ], [ -58.424343802511309, -34.662320338283209 ], [ -58.424387049386837, -34.662358972239538 ], [ -58.424387967615196, -34.662359677437664 ], [ -58.424433695840406, -34.662394804770507 ], [ -58.424511634704388, -34.662444086411647 ], [ -58.42454245578304, -34.662462268702413 ], [ -58.424610597157056, -34.662504532367784 ], [ -58.424798773716979, -34.662621243810911 ], [ -58.424829257758908, -34.662641934554998 ], [ -58.424861394305772, -34.662660839211597 ], [ -58.424949382568954, -34.662709353931987 ], [ -58.424997500359375, -34.662732623713623 ], [ -58.425036657808342, -34.662750006239676 ], [ -58.425090759627309, -34.66277752261658 ], [ -58.425096264263601, -34.662780322327826 ], [ -58.425153081851214, -34.662814097137613 ], [ -58.425206816103262, -34.662851156608191 ], [ -58.425407249480635, -34.663004544926054 ], [ -58.42577390515153, -34.663280838671078 ], [ -58.425774009788334, -34.66328104512688 ], [ -58.425820046935407, -34.663371482733048 ], [ -58.426068173234484, -34.663614828493984 ], [ -58.426209555085769, -34.663736506451521 ], [ -58.426209764492413, -34.663736628205982 ], [ -58.42633652534996, -34.663810479805107 ], [ -58.426337361698863, -34.663811390485769 ], [ -58.426610607897125, -34.664108685992375 ], [ -58.426611268893289, -34.66410895300951 ], [ -58.426728932850551, -34.664156421609867 ], [ -58.426729733141819, -34.66415747830586 ], [ -58.426850094409836, -34.66431625225907 ], [ -58.426948197592338, -34.664399756889047 ], [ -58.427398015284574, -34.664882521035153 ], [ -58.427596616971954, -34.665155571873335 ], [ -58.427862291648083, -34.665468005210101 ], [ -58.428014891672568, -34.665687933962921 ], [ -58.428043078864256, -34.665728557489835 ], [ -58.428058433296336, -34.66574714266018 ], [ -58.428182978909696, -34.665897893635275 ], [ -58.428183649885312, -34.665897825321181 ], [ -58.428201011434389, -34.665909793825506 ], [ -58.428229800328396, -34.665926884067694 ], [ -58.428304612725157, -34.665998219191557 ], [ -58.428383042865526, -34.666077203074288 ], [ -58.428416576385104, -34.666110946876046 ], [ -58.428502145015685, -34.666191732439906 ], [ -58.428508260909418, -34.666201263784203 ], [ -58.428548633407544, -34.666260073526281 ], [ -58.428569295646675, -34.6662887526982 ], [ -58.428574418591211, -34.666297225609242 ], [ -58.428581101338061, -34.666308278296611 ], [ -58.428609145090114, -34.666342145157323 ], [ -58.428714306226269, -34.666476695439407 ], [ -58.428776292559711, -34.666564563066494 ], [ -58.428985045080879, -34.666842579767511 ], [ -58.429129293067298, -34.667038188936822 ], [ -58.4291310249642, -34.667039620865246 ], [ -58.429232145656599, -34.667146369311048 ], [ -58.430086301136726, -34.668046791371502 ], [ -58.430098002262973, -34.668060048024415 ], [ -58.430117432903522, -34.668082057691208 ], [ -58.430413324749487, -34.668437642018219 ], [ -58.431011934980774, -34.668503839477772 ], [ -58.43197516576685, -34.668531604101361 ], [ -58.432937051207439, -34.668481222743232 ], [ -58.433888325147123, -34.668353180808815 ], [ -58.434819823758666, -34.668148711825246 ], [ -58.435722573893408, -34.667869785545875 ], [ -58.436587879586298, -34.667519088957249 ], [ -58.437407405879185, -34.667100000372081 ], [ -58.438173259152251, -34.66661655685926 ], [ -58.438878063187339, -34.666073415325478 ], [ -58.439515030229344, -34.665475807625164 ], [ -58.440078026360034, -34.664829490132306 ], [ -58.440561630554747, -34.664140688261774 ], [ -58.440961186853734, -34.663416036475802 ], [ -58.441272849147332, -34.662662514354935 ], [ -58.441493618145422, -34.661887379350638 ], [ -58.441621370178069, -34.661098096868209 ], [ -58.441654877553233, -34.660302268354279 ], [ -58.44159382027901, -34.659507558082112 ], [ -58.44143878904147, -34.658721619340078 ], [ -58.441191279413374, -34.657952020734342 ], [ -58.440853677353552, -34.657206173314918 ], [ -58.440429236140211, -34.65649125922647 ], [ -58.439922044963893, -34.65581416257011 ], [ -58.439336989485255, -34.655181403140823 ], [ -58.438679704740075, -34.654599073677275 ], [ -58.437956520846527, -34.654072781226951 ], [ -58.4371744020387, -34.653607593189605 ], [ -58.436340879613383, -34.65320798855705 ], [ -58.435463979435582, -34.65287781481738 ], [ -58.434552144699282, -34.652620250936891 ], [ -58.433614154685294, -34.652437776775223 ], [ -58.432659040296024, -34.652332149226702 ], [ -58.431695997177137, -34.652304385317208 ], [ -58.430734297259455, -34.652354752418098 ], [ -58.429783199568874, -34.652482765671877 ], [ -58.428851861159444, -34.652687192653545 ], [ -58.427949249023357, -34.652966065223886 ], [ -58.427084053822455, -34.653316698460387 ], [ -58.426264606268738, -34.653735716484888 ], [ -58.425498796956141, -34.654219084940117 ], [ -58.424794000413428, -34.654762149803787 ], [ -58.424157004107776, -34.655359682167898 ], [ -58.423593943082004, -34.656005928553554 ], [ -58.42311024085469, -34.656694666278497 ], [ -58.422710557152861, -34.657419263345595 ], [ -58.422398742982239, -34.658172742277102 ], [ -58.422177803469481, -34.65894784728129 ], [ -58.422049868837313, -34.659737114105766 ], [ -58.422016173794958, -34.660532941905608 ], [ -58.422048693184337, -34.660957508290871 ], [ -58.422495940797042, -34.661173836598195 ], [ -58.422591165615025, -34.661226337897055 ] ], [ [ -58.430300468092859, -34.656096210228981 ], [ -58.430695305366967, -34.656009543341533 ], [ -58.431223714725675, -34.655938421327775 ], [ -58.431758015354745, -34.655910437845456 ], [ -58.432293062471324, -34.655925862327472 ], [ -58.432823704112963, -34.655984546230783 ], [ -58.433344830721886, -34.656085924466886 ], [ -58.433851424321595, -34.656229020841167 ], [ -58.434338606813647, -34.656412457449214 ], [ -58.434801686930442, -34.656634467939256 ], [ -58.435236205393004, -34.656892914513882 ], [ -58.435637977839491, -34.657185308507223 ], [ -58.436003135111797, -34.657508834339993 ], [ -58.436328160512659, -34.657860376622224 ], [ -58.436609923674645, -34.658236550143137 ], [ -58.436845710714799, -34.65863373245962 ], [ -58.437033250384211, -34.659048098770455 ], [ -58.437170735960237, -34.659475658740291 ], [ -58.437256842669839, -34.659912294919643 ], [ -58.437290740475127, -34.660353802390958 ], [ -58.437272102097275, -34.660795929259443 ], [ -58.43720110619995, -34.661234417598585 ], [ -58.437078435700855, -34.661665044456505 ], [ -58.436905271225989, -34.662083662527905 ], [ -58.436683279768722, -34.66248624010003 ], [ -58.436414598661685, -34.662868899887663 ], [ -58.436101815014894, -34.663227956382755 ], [ -58.435747940817187, -34.663559951358934 ], [ -58.435356383940288, -34.663861687188231 ], [ -58.434930915324117, -34.664130257648807 ], [ -58.4344756326593, -34.664363075926659 ], [ -58.433994920916689, -34.664557899540782 ], [ -58.433493410104269, -34.664712851951577 ], [ -58.432975930658721, -34.664826440643857 ], [ -58.43244746690214, -34.664897571509677 ], [ -58.43191310901291, -34.66492555939238 ], [ -58.431378003974366, -34.664910134689961 ], [ -58.430847305974851, -34.664851445953943 ], [ -58.430326126737938, -34.664750058458559 ], [ -58.429819486262602, -34.664606948754219 ], [ -58.429332264448689, -34.66442349525763 ], [ -58.428869154074924, -34.664201464969572 ], [ -58.428434615583008, -34.663942996448277 ], [ -58.428032834104542, -34.663650579203015 ], [ -58.427667679144697, -34.66332702970665 ], [ -58.427342667311876, -34.662975464258473 ], [ -58.4270609284521, -34.662599268959589 ], [ -58.426825175514416, -34.662202067089979 ], [ -58.426637678437189, -34.661787684202281 ], [ -58.426500242306254, -34.661360111268905 ], [ -58.426414189994532, -34.660923466237506 ], [ -58.426380349449389, -34.6604819543658 ], [ -58.426399045749214, -34.660039827717725 ], [ -58.426470098004415, -34.659601344211268 ], [ -58.426592821131486, -34.659170726612651 ], [ -58.426766032481979, -34.658752121871295 ], [ -58.426846279868798, -34.658606627016319 ], [ -58.426880540418409, -34.658581688018998 ], [ -58.426846279868812, -34.658606627016312 ], [ -58.42698806326112, -34.658349561187713 ], [ -58.427256774625143, -34.65796692119811 ], [ -58.427569578301274, -34.657607886649672 ], [ -58.427923461530959, -34.6572759149254 ], [ -58.428315016095397, -34.65697420275972 ], [ -58.428740471143527, -34.656705655465061 ], [ -58.42919572950612, -34.656472858965202 ], [ -58.42967640714626, -34.65627805490422 ], [ -58.43017787536651, -34.656123119070273 ], [ -58.430300468092838, -34.656096210228988 ], [ -58.42984007499782, -34.656441125513474 ], [ -58.429636045625998, -34.656593978022279 ], [ -58.429486347585119, -34.65670900750986 ], [ -58.429156219926398, -34.656947236007646 ], [ -58.428908451342856, -34.657126031090847 ], [ -58.429156219926412, -34.656947236007646 ], [ -58.429486347585133, -34.656709007509875 ], [ -58.429636045626012, -34.656593978022279 ], [ -58.429840074997827, -34.656441125513474 ], [ -58.430300468092859, -34.656096210228981 ] ] ], [ [ [ -58.46146736113004, -34.688337253318423 ], [ -58.462125076248462, -34.68891944605717 ], [ -58.462848718947825, -34.68944558072333 ], [ -58.463631319728286, -34.689910589266546 ], [ -58.464465340777579, -34.690309992375717 ], [ -58.465342748600406, -34.69063994265673 ], [ -58.466255091439777, -34.690897261720423 ], [ -58.467193580742808, -34.691079470822544 ], [ -58.468149175883525, -34.691184814759318 ], [ -58.469112671323749, -34.691212278787468 ], [ -58.470074785368723, -34.6911615984056 ], [ -58.471026249658991, -34.691033261901495 ], [ -58.471957898532679, -34.690828505641861 ], [ -58.472860757393512, -34.690549302149364 ], [ -58.473726129229796, -34.690198341082713 ], [ -58.474545678447853, -34.689779003304018 ], [ -58.475311511209441, -34.689295328283968 ], [ -58.476016251497192, -34.688751975160365 ], [ -58.476653112173821, -34.688154177826391 ], [ -58.477215960349916, -34.687507694482925 ], [ -58.477699376430557, -34.686818752142152 ], [ -58.477710187312638, -34.686799131060262 ], [ -58.477877123279292, -34.686762431271219 ], [ -58.478779916967753, -34.686483185357687 ], [ -58.479645220553905, -34.686132183729882 ], [ -58.480464699102221, -34.685712807640662 ], [ -58.481230459455837, -34.685229096929689 ], [ -58.481935126295468, -34.684685711078401 ], [ -58.48257191319189, -34.684087884295081 ], [ -58.483134687966789, -34.683441375063957 ], [ -58.483618031732568, -34.682752410646223 ], [ -58.484017291042925, -34.682027627068692 ], [ -58.484328622653528, -34.681274005179766 ], [ -58.484549030463732, -34.680498803389881 ], [ -58.484676394286332, -34.679709487745171 ], [ -58.484709490171539, -34.67891366000898 ], [ -58.484648002093046, -34.678118984444204 ], [ -58.484492524887592, -34.677333114001975 ], [ -58.484244558423626, -34.676563616627668 ], [ -58.483906493059258, -34.675817902393412 ], [ -58.483481586533273, -34.675103152158556 ], [ -58.482973932515122, -34.674426248443829 ], [ -58.48238842111968, -34.673793709184096 ], [ -58.481730691769457, -34.673211624996178 ], [ -58.481007078859854, -34.672685600564492 ], [ -58.480224550751565, -34.672220700707264 ], [ -58.47939064267787, -34.671821401641232 ], [ -58.478513384212469, -34.671491547912503 ], [ -58.477601221994618, -34.671234315406892 ], [ -58.47666293845419, -34.671052180794575 ], [ -58.4757075673161, -34.670946897702173 ], [ -58.474744306695065, -34.670919479840869 ], [ -58.473782430613845, -34.670970191252323 ], [ -58.472831199793106, -34.671098543766114 ], [ -58.47189977256825, -34.67130330169303 ], [ -58.470997116787068, -34.671582493709572 ], [ -58.470131923533053, -34.671933431819525 ], [ -58.46931252350177, -34.672352737210957 ], [ -58.46854680683267, -34.672836372761154 ], [ -58.467842147166266, -34.67337968187698 ], [ -58.467205330656171, -34.673977433299129 ], [ -58.466642490618682, -34.674623871439387 ], [ -58.46615904844942, -34.675312771768581 ], [ -58.466148236196453, -34.675332391892489 ], [ -58.465981317218336, -34.675369075228758 ], [ -58.465078596323018, -34.67564822483768 ], [ -58.464580686034047, -34.675850148149017 ], [ -58.464817967381904, -34.675276100302035 ], [ -58.465038544564308, -34.674500928868255 ], [ -58.465166087260904, -34.673711628412704 ], [ -58.465199369797929, -34.67291580055366 ], [ -58.465138074350619, -34.672121109556521 ], [ -58.46498279390007, -34.671335208522393 ], [ -58.464735026419824, -34.670565665692585 ], [ -58.4643971603521, -34.6698198915783 ], [ -58.463972451517186, -34.669105067616719 ], [ -58.463464991681867, -34.668428077039572 ], [ -58.462879669092551, -34.667795438619081 ], [ -58.462222121355332, -34.66721324392762 ], [ -58.461498681118655, -34.666687098714149 ], [ -58.460716315082514, -34.666222068960117 ], [ -58.45988255692167, -34.665822632133057 ], [ -58.459005434768287, -34.66549263410532 ], [ -58.458093393951053, -34.665235252151739 ], [ -58.457155215732556, -34.665052964380791 ], [ -58.456199932825086, -34.664947525893048 ], [ -58.45523674249494, -34.66491995189498 ], [ -58.454274918088871, -34.664970507930619 ], [ -58.453323719830337, -34.665098707324546 ], [ -58.45239230574122, -34.665303315860861 ], [ -58.451489643542402, -34.665582363653485 ], [ -58.450624424378333, -34.665933164093978 ], [ -58.449804979192855, -34.666352339695301 ], [ -58.449039198558715, -34.666835854583802 ], [ -58.448334456730556, -34.667379053327863 ], [ -58.447697540651134, -34.667976705730773 ], [ -58.447134584593435, -34.668623057157873 ], [ -58.446651011068134, -34.669311883915285 ], [ -58.446251478565891, -34.67003655314808 ], [ -58.445939836639312, -34.670790086682835 ], [ -58.445719088759191, -34.671565228201004 ], [ -58.445591363305319, -34.672354513097311 ], [ -58.445557892974726, -34.673150340351405 ], [ -58.445589533061451, -34.673561807533048 ], [ -58.44553906051361, -34.673633697237591 ], [ -58.445139498802426, -34.674358363084046 ], [ -58.444827831930681, -34.675111893910312 ], [ -58.444607063609794, -34.675887033424104 ], [ -58.444479322416875, -34.676676317039565 ], [ -58.444445841201066, -34.677472143748837 ], [ -58.444506945109303, -34.678266849315108 ], [ -58.444662048351177, -34.679052780083083 ], [ -58.444909659737561, -34.679822366695788 ], [ -58.445247396943977, -34.68056819700741 ], [ -58.445672009364905, -34.68128308748971 ], [ -58.44617940934242, -34.681960152442912 ], [ -58.44676471147136, -34.682592870344031 ], [ -58.447422279604751, -34.683175146691696 ], [ -58.448145781108643, -34.683701372741112 ], [ -58.448928247844698, -34.684166479561988 ], [ -58.449762143293391, -34.684565986896615 ], [ -58.450639435170793, -34.68489604634685 ], [ -58.451551672838228, -34.685153478471712 ], [ -58.452490068757257, -34.68533580343739 ], [ -58.453445583202665, -34.68544126492349 ], [ -58.454409011414533, -34.685468847053812 ], [ -58.455371072346416, -34.685418284188536 ], [ -58.456322498150904, -34.685290063482682 ], [ -58.457254123536927, -34.685085420186745 ], [ -58.458156974134234, -34.684806325734463 ], [ -58.459022353010241, -34.684455468733574 ], [ -58.459271222405739, -34.684328164288232 ], [ -58.459363927009292, -34.684797439352856 ], [ -58.459611692446515, -34.685566991547041 ], [ -58.459949585276732, -34.686312776534322 ], [ -58.46037435339516, -34.687027611222028 ], [ -58.460881907643603, -34.687704610446943 ], [ -58.46146736113004, -34.688337253318423 ] ], [ [ -58.464194439916128, -34.685281562803503 ], [ -58.463958443992524, -34.684884440260547 ], [ -58.463770708714357, -34.684470121917272 ], [ -58.463633041461613, -34.684042598125252 ], [ -58.463546767332851, -34.683605986359709 ], [ -58.463512716411252, -34.68316449155882 ], [ -58.463531215800465, -34.682722365622922 ], [ -58.463602086506235, -34.682283866463962 ], [ -58.463724645192308, -34.681853216999507 ], [ -58.463897710792452, -34.681434564486501 ], [ -58.464119615914072, -34.681031940585925 ], [ -58.464388222922011, -34.680649222543146 ], [ -58.464700944546919, -34.680290095857167 ], [ -58.465054768818945, -34.67995801879831 ], [ -58.465446288085687, -34.679656189115242 ], [ -58.465871731834845, -34.679387513251825 ], [ -58.466327003004999, -34.679154578369541 ], [ -58.466807717435131, -34.678959627444577 ], [ -58.467309246073086, -34.678804537678765 ], [ -58.467826759536948, -34.678690802431937 ], [ -58.468355274601116, -34.678619516849302 ], [ -58.468889702160162, -34.678591367321758 ], [ -58.46942489620956, -34.678606624880473 ], [ -58.469457808488315, -34.678610253294714 ], [ -58.469521142097591, -34.678218197585359 ], [ -58.469643664693308, -34.677787542814379 ], [ -58.46981669247586, -34.677368882589988 ], [ -58.470038558416839, -34.676966248647567 ], [ -58.47030712525838, -34.676583518329302 ], [ -58.470619806117902, -34.676224377252545 ], [ -58.470973589417973, -34.675892283826286 ], [ -58.471365067900614, -34.675590435956892 ], [ -58.471790471446084, -34.675321740263399 ], [ -58.472245703379919, -34.675088784098307 ], [ -58.47272637991874, -34.674893810642729 ], [ -58.473227872374984, -34.674738697315455 ], [ -58.473745351714946, -34.674624937703193 ], [ -58.474273835041451, -34.674553627185702 ], [ -58.474808233554455, -34.674525452393894 ], [ -58.475343401528981, -34.674540684602157 ], [ -58.47587418583953, -34.674599177118274 ], [ -58.476395475555428, -34.674700366696051 ], [ -58.476902251130696, -34.674843278957105 ], [ -58.477389632715841, -34.675026537769476 ], [ -58.477852927127508, -34.675248378493301 ], [ -58.478287673024575, -34.675506664965837 ], [ -58.47868968385653, -34.675798910063016 ], [ -58.479055088171023, -34.676122299639609 ], [ -58.479380366893082, -34.676473719618166 ], [ -58.479662387216862, -34.676849785966191 ], [ -58.479898432783777, -34.677246877273369 ], [ -58.480086229855871, -34.677661169615632 ], [ -58.480223969232021, -34.678088673370858 ], [ -58.480310323694994, -34.678525271631827 ], [ -58.48034446082071, -34.6789667598471 ], [ -58.480326051024946, -34.679408886308252 ], [ -58.480255270769199, -34.679847393093603 ], [ -58.480132800893315, -34.68027805707441 ], [ -58.479959820089846, -34.6806967305886 ], [ -58.479737993581814, -34.681099381390084 ], [ -58.479469457111726, -34.681482131488742 ], [ -58.479156796394989, -34.68184129450713 ], [ -58.478803022234942, -34.682173411193013 ], [ -58.478411541538328, -34.682475282746189 ], [ -58.477986124509989, -34.68274400163746 ], [ -58.477530868342498, -34.682976979622858 ], [ -58.477050157750554, -34.6831719726827 ], [ -58.476548622730334, -34.683327102644867 ], [ -58.476031093951249, -34.683440875283317 ], [ -58.475502556210429, -34.683512194717764 ], [ -58.474968100398996, -34.683540373974573 ], [ -58.474432874443877, -34.683525141607788 ], [ -58.474399960044352, -34.683521514595107 ], [ -58.474336646423751, -34.683913572029375 ], [ -58.474214140461967, -34.68434423071308 ], [ -58.474041121841807, -34.684762896525022 ], [ -58.473819256150499, -34.685165537293116 ], [ -58.47355067950793, -34.6855482751238 ], [ -58.473237978016471, -34.685907423757648 ], [ -58.47288416287229, -34.686239524080882 ], [ -58.472492641377016, -34.686541377450801 ], [ -58.472067184128576, -34.686810076513254 ], [ -58.471611888707166, -34.687043033215254 ], [ -58.471131140205742, -34.687238003742095 ], [ -58.470629568985835, -34.687393110138665 ], [ -58.470112006065762, -34.687506858405982 ], [ -58.469583436571668, -34.687578152898482 ], [ -58.469048951700714, -34.687606306882891 ], [ -58.468513699659894, -34.687591049156751 ], [ -58.467982836054226, -34.687532526662707 ], [ -58.467461474203425, -34.687431303073339 ], [ -58.466954635866486, -34.687288353359946 ], [ -58.466467202850311, -34.687105054398046 ], [ -58.466003869969128, -34.686883171699805 ], [ -58.465569099809123, -34.686624842401947 ], [ -58.465167079734456, -34.686332554673008 ], [ -58.464801681549503, -34.68600912373865 ], [ -58.464476424206254, -34.685657664756739 ], [ -58.464194439916128, -34.685281562803503 ] ], [ [ -58.449774060602024, -34.679913635812369 ], [ -58.449492162008291, -34.679537497337833 ], [ -58.449256252576127, -34.679140343791055 ], [ -58.449068603751257, -34.678726000259807 ], [ -58.448931022080885, -34.678298457337931 ], [ -58.448844831839345, -34.677861832684592 ], [ -58.448810862301968, -34.677420331361752 ], [ -58.448829439788796, -34.676978205332261 ], [ -58.448900384553745, -34.676539712508628 ], [ -58.449023012547627, -34.676109075747178 ], [ -58.449196142037231, -34.675690442182209 ], [ -58.449418105015113, -34.675287843292082 ], [ -58.449686763289471, -34.67490515608111 ], [ -58.449999529097788, -34.674546065751287 ], [ -58.4501735479841, -34.674382780445534 ], [ -58.450042848757803, -34.673976619110583 ], [ -58.449956658016198, -34.673539994977382 ], [ -58.44992268519163, -34.673098493764179 ], [ -58.449941256635995, -34.672656367432765 ], [ -58.450012192661539, -34.672217873898596 ], [ -58.450134809303435, -34.671787236024862 ], [ -58.450307924937931, -34.671368600956647 ], [ -58.450529871691145, -34.670966000186787 ], [ -58.450798511527594, -34.670583310737811 ], [ -58.451111256862418, -34.670224217833301 ], [ -58.451465095497966, -34.669892179418262 ], [ -58.451856619644047, -34.66959039286931 ], [ -58.452282058741787, -34.669321764215034 ], [ -58.452737315774904, -34.669088880162455 ], [ -58.453218006718814, -34.668893983198501 ], [ -58.45371950274761, -34.668738950005583 ], [ -58.454236974793432, -34.668625273399016 ], [ -58.454765440029448, -34.668554047959589 ], [ -58.455299809829867, -34.668525959499284 ], [ -58.455834938746065, -34.668541278461483 ], [ -58.456365674028397, -34.66859985731886 ], [ -58.456886905217978, -34.668701131994119 ], [ -58.457393613331945, -34.668844127289653 ], [ -58.457880919169902, -34.669027466274123 ], [ -58.458344130277318, -34.669249383535806 ], [ -58.458778786114678, -34.669507742174972 ], [ -58.459180700998019, -34.669800054372601 ], [ -58.459546004398405, -34.670123505337259 ], [ -58.459871178212026, -34.670474980400193 ], [ -58.460153090642805, -34.670851094998213 ], [ -58.460389026370727, -34.6712482272561 ], [ -58.460576712715287, -34.671662552855103 ], [ -58.460714341541426, -34.672090081852438 ], [ -58.460800586696465, -34.672526697097425 ], [ -58.460834616809016, -34.672968193874631 ], [ -58.460816103325648, -34.673410320392762 ], [ -58.460745223706667, -34.673848818729162 ], [ -58.460622659749248, -34.674279465836122 ], [ -58.460449591052509, -34.674698114213697 ], [ -58.460227683686547, -34.675100731857604 ], [ -58.459959074173199, -34.675483441096844 ], [ -58.459646348932054, -34.67584255594732 ], [ -58.459472346192783, -34.676005854353832 ], [ -58.459603094653659, -34.676412004208423 ], [ -58.459689339321159, -34.676848619973896 ], [ -58.459723366159118, -34.677290116861862 ], [ -58.459704846645437, -34.677732243079959 ], [ -58.459633958298376, -34.67817074070841 ], [ -58.459511382998961, -34.678601386706262 ], [ -58.459338300455428, -34.679020033584216 ], [ -58.45911637687108, -34.679422649352361 ], [ -58.458847748923858, -34.67980535635774 ], [ -58.45853500321082, -34.680164468637678 ], [ -58.458181151354545, -34.680496527428481 ], [ -58.457789601010731, -34.680798334487456 ], [ -58.457364123055633, -34.681066982906572 ], [ -58.45690881526928, -34.68129988512068 ], [ -58.456428062864084, -34.681494797840024 ], [ -58.4559264962394, -34.681649843666463 ], [ -58.455408946369452, -34.681763529184614 ], [ -58.45488039825478, -34.681834759353563 ], [ -58.454345942886562, -34.681862848059787 ], [ -58.453810728187506, -34.68184752472979 ], [ -58.453279909402774, -34.681788936938375 ], [ -58.452758599420036, -34.681687648987221 ], [ -58.452251819498386, -34.681544636467727 ], [ -58.451764450881619, -34.681361276860443 ], [ -58.451301187763264, -34.681139336261758 ], [ -58.450866492057095, -34.680880952366117 ], [ -58.450464550409677, -34.680588613867847 ], [ -58.45009923386958, -34.680265136481559 ], [ -58.449774060602024, -34.679913635812369 ] ] ], [ [ [ -58.494345951389604, -34.667746545897394 ], [ -58.495069601535754, -34.668272490468588 ], [ -58.495852171057038, -34.668737294108467 ], [ -58.496686122439826, -34.669136479480827 ], [ -58.49756342285815, -34.669466201290341 ], [ -58.498475621588604, -34.669723283350272 ], [ -58.499413931466272, -34.669905249201165 ], [ -58.500369313594192, -34.67001034598421 ], [ -58.501332564487441, -34.670037561338788 ], [ -58.502294404809042, -34.669986633160562 ], [ -58.503245568838913, -34.669858052125818 ], [ -58.504176893810723, -34.669653056958055 ], [ -58.505079408251746, -34.669373622482212 ], [ -58.505944418471756, -34.669022440582594 ], [ -58.506763592364138, -34.66860289424865 ], [ -58.507529039709659, -34.668119024959779 ], [ -58.508233388206861, -34.667575493724378 ], [ -58.508869854495309, -34.666977536150263 ], [ -58.509432309486868, -34.66633091198031 ], [ -58.509915337375617, -34.665641849581384 ], [ -58.510314287758632, -34.66491698592236 ], [ -58.510625320367339, -34.664163302621148 ], [ -58.510845441980571, -34.663388058677761 ], [ -58.510972535166559, -34.662598720542363 ], [ -58.511005378580357, -34.661802890192966 ], [ -58.510943658625024, -34.661008231915801 ], [ -58.510787972367694, -34.660222398493794 ], [ -58.510539821686997, -34.659452957514311 ], [ -58.510201598711724, -34.658707318505215 ], [ -58.50977656269491, -34.65799266160046 ], [ -58.509268808549372, -34.657315868421456 ], [ -58.508683227350673, -34.65668345583839 ], [ -58.508025459190243, -34.656101513248338 ], [ -58.507301838834188, -34.655575643972668 ], [ -58.506519334712401, -34.655110911336287 ], [ -58.505685481825189, -34.654711789946781 ], [ -58.504808309213431, -34.654382122640641 ], [ -58.503896262688968, -34.654125083510067 ], [ -58.502958123567559, -34.653943147364821 ], [ -58.502002924184069, -34.653838065922066 ], [ -58.501039861000656, -34.653810850952937 ], [ -58.500078206140735, -34.653861764546946 ], [ -58.499127218197167, -34.653990316588271 ], [ -58.498196053169423, -34.654195269467614 ], [ -58.497293676383634, -34.654474649985183 ], [ -58.496428776240052, -34.654825768330241 ], [ -58.495609680615068, -34.655245243955676 ], [ -58.494844276720158, -34.65572903809943 ], [ -58.494139935187036, -34.656272492640845 ], [ -58.493503439108459, -34.656870374919436 ], [ -58.492940918717402, -34.657516928085904 ], [ -58.49245779233307, -34.658205926501978 ], [ -58.492058714143504, -34.65893073565762 ], [ -58.491747529328784, -34.659684376029446 ], [ -58.491527236959321, -34.660459590267216 ], [ -58.491399961028918, -34.66124891306233 ], [ -58.491366929905283, -34.662044743026279 ], [ -58.491428464398957, -34.662839415887674 ], [ -58.49158397456997, -34.66362527830308 ], [ -58.491831965306616, -34.664394761570968 ], [ -58.492170050626648, -34.665140454538353 ], [ -58.492594976567055, -34.665855174997674 ], [ -58.493102652445188, -34.666532038885173 ], [ -58.49368819019324, -34.667164526613377 ], [ -58.494345951389604, -34.667746545897394 ] ], [ [ -58.496695444768179, -34.664484179511241 ], [ -58.496413392943872, -34.664108152747012 ], [ -58.496177309380236, -34.663711093669768 ], [ -58.495989467201589, -34.663296826457888 ], [ -58.495851674818802, -34.662869340970857 ], [ -58.495765258536842, -34.662432754315432 ], [ -58.495731049809038, -34.661991271188562 ], [ -58.495749377259862, -34.661549143378778 ], [ -58.495820063551733, -34.661110628816751 ], [ -58.495942427124916, -34.660679950569147 ], [ -58.496115288792602, -34.660261256170834 ], [ -58.496336983126199, -34.659858577686869 ], [ -58.496605374520286, -34.659475792888934 ], [ -58.496917877781542, -34.65911658791952 ], [ -58.497271483042297, -34.658784421803333 ], [ -58.497662784758425, -34.658482493147062 ], [ -58.49808801451158, -34.658213709347976 ], [ -58.498543077299999, -34.657980658607102 ], [ -58.499023590968122, -34.65778558501637 ], [ -58.499524928395822, -34.657630366958749 ], [ -58.500042262041269, -34.657516499029271 ], [ -58.500570610409333, -34.657445077650486 ], [ -58.501104885998764, -34.657416790520514 ], [ -58.501639944267545, -34.65743190999509 ], [ -58.502170633146079, -34.657490290467116 ], [ -58.502691842622284, -34.657591369768852 ], [ -58.503198553922665, -34.657734174583325 ], [ -58.503685887816744, -34.657917329812776 ], [ -58.504149151580613, -34.658139071814375 ], [ -58.504583884168746, -34.658397265375662 ], [ -58.504985899159379, -34.658689424266946 ], [ -58.505351325060921, -34.659012735172915 ], [ -58.505676642591418, -34.659364084773628 ], [ -58.505958718572337, -34.659740089714234 ], [ -58.506194836110183, -34.66013712917588 ], [ -58.506382720775015, -34.660551379733967 ], [ -58.506520562523249, -34.660978852169023 ], [ -58.506607033152832, -34.661415429875852 ], [ -58.506641299121895, -34.66185690850142 ], [ -58.506623029606196, -34.66229903643017 ], [ -58.506552399716938, -34.662737555726864 ], [ -58.506430088846294, -34.66316824314287 ], [ -58.506257274155772, -34.663586950790993 ], [ -58.506035619268651, -34.663989646096987 ], [ -58.505767258274432, -34.664372450642723 ], [ -58.505454775198196, -34.664731677526788 ], [ -58.50510117913192, -34.665063866882349 ], [ -58.504709875266393, -34.665365819209583 ], [ -58.504284632102554, -34.66563462620163 ], [ -58.503829545157529, -34.665867698766093 ], [ -58.503348997515211, -34.666062791972443 ], [ -58.502847617601311, -34.666218026683843 ], [ -58.50233023459041, -34.666331907665302 ], [ -58.501801831874722, -34.666403337992669 ], [ -58.501267499044054, -34.666431629623936 ], [ -58.50073238284012, -34.666416510030402 ], [ -58.500201637558987, -34.666358124823724 ], [ -58.499680375380237, -34.666257036353599 ], [ -58.499173617102691, -34.66611421828933 ], [ -58.498686243762158, -34.66593104623783 ], [ -58.498222949598407, -34.665709284488436 ], [ -58.497788196825248, -34.665451069012484 ], [ -58.497386172640134, -34.665158886881855 ], [ -58.497020748887998, -34.664835552304886 ], [ -58.496695444768179, -34.664484179511241 ] ] ], [ [ [ -58.469495824984946, -34.647282031438301 ], [ -58.470219140807458, -34.64780813379258 ], [ -58.471001380777508, -34.648273106942206 ], [ -58.471835010558721, -34.648672471918736 ], [ -58.472712000426057, -34.649002381697009 ], [ -58.473623902650758, -34.649259658279583 ], [ -58.47456193292723, -34.649441823332772 ], [ -58.475517055054837, -34.649547122078204 ], [ -58.47648006805597, -34.649574540208825 ], [ -58.47744169488751, -34.649523813665802 ], [ -58.478392671887725, -34.649395431181809 ], [ -58.479323838093123, -34.649190629566277 ], [ -58.480226223560976, -34.648911381778255 ], [ -58.481091135843272, -34.648560377902328 ], [ -58.481910243776106, -34.64814099921179 ], [ -58.482675657774131, -34.647657285570034 ], [ -58.483380005855075, -34.647113896485266 ], [ -58.484016504659948, -34.646516066195346 ], [ -58.48457902478436, -34.645869553216762 ], [ -58.485062149791609, -34.645180584845278 ], [ -58.485461228339773, -34.644455797144367 ], [ -58.485772418922117, -34.643702171000932 ], [ -58.485820914874076, -34.643531527545505 ], [ -58.486017662333886, -34.643793960259288 ], [ -58.48660298106504, -34.644426489791883 ], [ -58.487260508477902, -34.645008555296386 ], [ -58.487983912326044, -34.645534550059978 ], [ -58.488766225407964, -34.645999407381701 ], [ -58.48959991268147, -34.646398649409051 ], [ -58.490476943866277, -34.64672843030165 ], [ -58.491388870834506, -34.646985573304171 ], [ -58.492326909041303, -34.647167601370398 ], [ -58.493282022209129, -34.647272761042373 ], [ -58.494245009446431, -34.647300039353553 ], [ -58.495206593958422, -34.647249173592918 ], [ -58.496157512491521, -34.647120653835039 ], [ -58.49708860464623, -34.646915718212519 ], [ -58.497990901194221, -34.646636340975924 ], [ -58.498855710545371, -34.646285213457375 ], [ -58.498899344162147, -34.646262864154103 ], [ -58.498970111517345, -34.646314307536947 ], [ -58.499752490771542, -34.64677909251936 ], [ -58.500586235840572, -34.647178257794479 ], [ -58.501463315886475, -34.647507958261443 ], [ -58.502375282309799, -34.647765017939939 ], [ -58.503313350184968, -34.647946960586786 ], [ -58.504268482948078, -34.648052033567303 ], [ -58.505231479518457, -34.64807922475061 ], [ -58.506193063011274, -34.648028272265456 ], [ -58.507143970182838, -34.647899667022408 ], [ -58.508075040743371, -34.647694647978028 ], [ -58.508977305673021, -34.647415190186983 ], [ -58.509842073686926, -34.64706398575774 ], [ -58.510661015013177, -34.646644417896169 ], [ -58.511426241673917, -34.646160528288256 ], [ -58.512130383494117, -34.645616978137348 ], [ -58.512766659104372, -34.64501900323247 ], [ -58.513328941252858, -34.644372363482518 ], [ -58.513811815797659, -34.643683287403434 ], [ -58.514210633811537, -34.642958412094927 ], [ -58.514521556299066, -34.642204719286234 ], [ -58.51474159109749, -34.641429468068161 ], [ -58.514868621608684, -34.640640124960306 ], [ -58.514901427088589, -34.639844291988062 ], [ -58.514839694302644, -34.639049633462584 ], [ -58.514684020438622, -34.63826380216905 ], [ -58.51443590725291, -34.637494365674357 ], [ -58.514097746510458, -34.636748733463399 ], [ -58.513672796862508, -34.636034085605075 ], [ -58.513165152388005, -34.635357303634187 ], [ -58.512579703104684, -34.634724904313678 ], [ -58.51192208783241, -34.634142976913765 ], [ -58.511198639864325, -34.633617124610353 ], [ -58.510416325970105, -34.633152410565835 ], [ -58.509582679318648, -34.632753309209704 ], [ -58.508705726965779, -34.632423663186451 ], [ -58.50779391260378, -34.632166646384157 ], [ -58.506856015314611, -34.631984733398291 ], [ -58.505901065106642, -34.631879675723631 ], [ -58.504938256045044, -34.631852484902957 ], [ -58.503976857808802, -34.631903422793499 ], [ -58.503026126522279, -34.632031999045601 ], [ -58.502095215716125, -34.632236975816788 ], [ -58.501193088270895, -34.632516379676908 ], [ -58.500328430187999, -34.632867520590082 ], [ -58.500284803856488, -34.632889870260875 ], [ -58.500214047439748, -34.63283842725756 ], [ -58.499431799636319, -34.632373640888737 ], [ -58.498598210704614, -34.631974462804848 ], [ -58.497721307145639, -34.631644736388957 ], [ -58.496809532182766, -34.631387636302883 ], [ -58.495871664519292, -34.631205637943587 ], [ -58.49491673387891, -34.631100493627429 ], [ -58.493953934138723, -34.63107321573078 ], [ -58.493185864289103, -34.631113841804158 ], [ -58.493213730176727, -34.631046331335746 ], [ -58.493433939233739, -34.63027111283872 ], [ -58.493561159518947, -34.629481785754599 ], [ -58.49359416845865, -34.628685951955767 ], [ -58.493532650857254, -34.627891275762728 ], [ -58.493377201829077, -34.627105410132337 ], [ -58.493129320964549, -34.62633592296369 ], [ -58.492791397791194, -34.625590224231168 ], [ -58.492366688672774, -34.624875494645721 ], [ -58.491859285372811, -34.624198616530471 ], [ -58.491274075587867, -34.623566107575336 ], [ -58.490616695833182, -34.622984058107129 ], [ -58.489893477136022, -34.622458072477926 ], [ -58.489111384060571, -34.621993215134403 ], [ -58.488277947651845, -34.62159396188602 ], [ -58.487401192943672, -34.621264156839736 ], [ -58.486489561727645, -34.621006975414488 ], [ -58.485551831324493, -34.620824893790285 ], [ -58.484597030137763, -34.620719665084899 ], [ -58.483634350799477, -34.62069230248688 ], [ -58.482673061740897, -34.620743069506403 ], [ -58.481722418036121, -34.620871477437852 ], [ -58.480791572372922, -34.621076290058276 ], [ -58.479889487004591, -34.621355535516905 ], [ -58.479024847526858, -34.621706525301946 ], [ -58.478205979306885, -34.622125880102573 ], [ -58.477440767366275, -34.622609562318594 ], [ -58.476736580487355, -34.623152914905667 ], [ -58.47610020027183, -34.623750706183785 ], [ -58.475537755834303, -34.624397180178754 ], [ -58.475054664759249, -34.625086112013982 ], [ -58.47465558089074, -34.625810867819986 ], [ -58.474344349459237, -34.626564468586949 ], [ -58.474123969979367, -34.62733965734617 ], [ -58.473996567279087, -34.628128969034847 ], [ -58.473963370942215, -34.628924802372261 ], [ -58.474024703365885, -34.629719493055624 ], [ -58.474179976552087, -34.630505387571219 ], [ -58.474427697667878, -34.631274916909909 ], [ -58.474765483324802, -34.632020669476759 ], [ -58.475190082443746, -34.632735462491986 ], [ -58.47566950133141, -34.633375174992736 ], [ -58.475230986646132, -34.63339830389102 ], [ -58.474280185616998, -34.63352665751173 ], [ -58.473349179289841, -34.633731416969745 ], [ -58.472446931463352, -34.634010610926126 ], [ -58.471582129296031, -34.634361551365011 ], [ -58.470763099720187, -34.634780859450949 ], [ -58.469997729309881, -34.635264498033841 ], [ -58.469293388372385, -34.63580781048995 ], [ -58.468656859992159, -34.636405565526196 ], [ -58.468094274710154, -34.637052007518093 ], [ -58.467611051467017, -34.637740911897829 ], [ -58.467211845379872, -34.638465645061061 ], [ -58.466900502856681, -34.639219228216795 ], [ -58.46668002448282, -34.639994404566643 ], [ -58.466552536039814, -34.640783709168005 ], [ -58.466519267938644, -34.641579540809033 ], [ -58.466580543269224, -34.642374235203825 ], [ -58.466735774585167, -34.643160138803388 ], [ -58.466983469458604, -34.643929682511391 ], [ -58.467321244755688, -34.644675454594704 ], [ -58.467745849498868, -34.645390272085621 ], [ -58.468253196099376, -34.646067249987638 ], [ -58.46883839966182, -34.646699867616739 ], [ -58.469495824984946, -34.647282031438301 ] ], [ [ -58.484663559457765, -34.636946169496923 ], [ -58.484615064445933, -34.637116812632833 ], [ -58.484446249104067, -34.636891610908997 ], [ -58.484691434100171, -34.636878660811661 ], [ -58.484663559457765, -34.636946169496923 ] ], [ [ -58.471845762590917, -34.644020123411472 ], [ -58.471563893687559, -34.643644033293015 ], [ -58.471327988562074, -34.643246920294807 ], [ -58.471140318620122, -34.642832609113995 ], [ -58.471002690613922, -34.642405090032959 ], [ -58.470916429265685, -34.641968480481403 ], [ -58.470882364537168, -34.641526985376167 ], [ -58.470900823666746, -34.641084856620623 ], [ -58.47097162804959, -34.640646352154036 ], [ -58.471094094989724, -34.640215694945404 ], [ -58.471267044305968, -34.639797032326591 ], [ -58.471488809726786, -34.639394396056403 ], [ -58.471757254963379, -34.639011663499794 ], [ -58.472069794305021, -34.638652520296105 ], [ -58.472423417537662, -34.638320424875275 ], [ -58.472814718945003, -34.638018575163358 ], [ -58.473239930112527, -34.637749877797603 ], [ -58.473694956218033, -34.637516920147085 ], [ -58.474175415459648, -34.637321945407614 ], [ -58.474676681241576, -34.637166831010717 ], [ -58.47519392671191, -34.637053070553691 ], [ -58.47572217122439, -34.636981759424643 ], [ -58.476256328277458, -34.63695358426051 ], [ -58.476791254469958, -34.636968816339277 ], [ -58.477321799003356, -34.637027308969898 ], [ -58.477842853254671, -34.637128498904943 ], [ -58.478349399944214, -34.637271411762335 ], [ -58.478836561425588, -34.637454671404079 ], [ -58.479299646634161, -34.63767651318193 ], [ -58.479734196242802, -34.637934800922551 ], [ -58.480136025590873, -34.63822704748921 ], [ -58.48050126497369, -34.638550438722028 ], [ -58.480826396904746, -34.638901860527184 ], [ -58.481108289992349, -34.639277928854085 ], [ -58.481344229103954, -34.639675022272961 ], [ -58.481531941527798, -34.640089316839067 ], [ -58.481669618879131, -34.640516822908531 ], [ -58.481755934539436, -34.640953423551665 ], [ -58.481790056459772, -34.641394914193974 ], [ -58.4817716552039, -34.641837043103607 ], [ -58.481700907152607, -34.642275552335377 ], [ -58.48157849283708, -34.642706218737132 ], [ -58.481405590416159, -34.643124894623753 ], [ -58.481183864359217, -34.643527547726556 ], [ -58.480915449442342, -34.643910300033703 ], [ -58.480602930211077, -34.64426946514687 ], [ -58.480249316106637, -34.644601583794156 ], [ -58.479858012494518, -34.644903457156879 ], [ -58.479432787873996, -34.645172177688956 ], [ -58.478977737584245, -34.64540515713103 ], [ -58.478497244356518, -34.645600151449813 ], [ -58.477995936092682, -34.645755282461408 ], [ -58.477478641277216, -34.645869055930007 ], [ -58.476950342452668, -34.645940375967484 ], [ -58.476416128207795, -34.645968555594543 ], [ -58.475881144141582, -34.645953323361702 ], [ -58.47535054327664, -34.645894825965897 ], [ -58.474829436400704, -34.645793626837715 ], [ -58.474322842815823, -34.645650700712523 ], [ -58.473835641970574, -34.64546742423817 ], [ -58.473372526442297, -34.645245562709775 ], [ -58.472937956723293, -34.644987253059668 ], [ -58.472536118247007, -34.644694983266575 ], [ -58.472170881068969, -34.644371568382944 ], [ -58.471845762590917, -34.644020123411472 ] ], [ [ -58.500595384121731, -34.642525947012835 ], [ -58.50031339317637, -34.642149926496153 ], [ -58.500077357532611, -34.641752872461318 ], [ -58.49988954985394, -34.641338609038016 ], [ -58.499751778219753, -34.640911126049104 ], [ -58.499665368736004, -34.640474540577245 ], [ -58.499631152791459, -34.640033057307917 ], [ -58.499649459081006, -34.63959092803114 ], [ -58.499720110471742, -34.639152410691764 ], [ -58.499842425740916, -34.638721728383388 ], [ -58.500015226167648, -34.638303028680149 ], [ -58.500236846913765, -34.637900343698462 ], [ -58.500505153083076, -34.637517551272857 ], [ -58.500817560303318, -34.637158337619532 ], [ -58.501171059631965, -34.636826161847139 ], [ -58.501562246545042, -34.636524222655652 ], [ -58.50198735372966, -34.636255427544057 ], [ -58.502442287364083, -34.636022364822587 ], [ -58.502922666536101, -34.635827278698763 ], [ -58.503423865420174, -34.635672047676422 ], [ -58.503941057808007, -34.635558166475583 ], [ -58.504469263563976, -34.635486731646665 ], [ -58.505003396559381, -34.635458431017348 ], [ -58.505538313624562, -34.635473537073302 ], [ -58.506068864048885, -34.635531904336574 ], [ -58.506589939152825, -34.635632970766459 ], [ -58.507096521456219, -34.635775763169775 ], [ -58.507583732970225, -34.63595890656805 ], [ -58.508046882149053, -34.636180637432112 ], [ -58.50848150905032, -34.63643882065648 ], [ -58.508883428269918, -34.636730970110733 ], [ -58.509248769238589, -34.637054272570154 ], [ -58.509574013492518, -34.63740561479586 ], [ -58.509856028559184, -34.637781613503783 ], [ -58.510092098132269, -34.638178647934879 ], [ -58.510279948244396, -34.638592894712851 ], [ -58.510417769185494, -34.639020364654478 ], [ -58.510504232954759, -34.639456941178516 ], [ -58.510538506077239, -34.639898419943322 ], [ -58.510520257660772, -34.640340549332031 ], [ -58.510449662614214, -34.640779071395443 ], [ -58.510327399995035, -34.641209762858431 ], [ -58.510154646500816, -34.641628475795066 ], [ -58.50993306516613, -34.642031177580378 ], [ -58.509664789372621, -34.642413989734059 ], [ -58.509352402325213, -34.6427732252818 ], [ -58.508998912191203, -34.643105424273543 ], [ -58.508607723141232, -34.643407387117016 ], [ -58.508182602570308, -34.643676205404297 ], [ -58.507727644814565, -34.643909289934513 ], [ -58.507247231713237, -34.644104395662076 ], [ -58.506745990395686, -34.644259643329747 ], [ -58.506228748700948, -34.644373537577863 ], [ -58.505700488659471, -34.64444498135461 ], [ -58.505166298486117, -34.644473286488434 ], [ -58.504631323547841, -34.644458180320569 ], [ -58.504100716779348, -34.644399808333254 ], [ -58.503579589025414, -34.644298732748751 ], [ -58.503072959789506, -34.64415592711206 ], [ -58.502585708864082, -34.643972766910153 ], [ -58.502122529309453, -34.643751016318006 ], [ -58.501687882235352, -34.643492811199224 ], [ -58.501285953821117, -34.643200638525627 ], [ -58.50092061498934, -34.642877312414221 ], [ -58.500595384121731, -34.642525947012835 ] ], [ [ -58.489609676441624, -34.641746323079673 ], [ -58.489327736923066, -34.641370275758298 ], [ -58.489091755213558, -34.640973198997798 ], [ -58.488904003456859, -34.640558917146592 ], [ -58.488766289193585, -34.640131420204817 ], [ -58.488679937977018, -34.63969482538932 ], [ -58.48864578063472, -34.639253337475338 ], [ -58.488664145297122, -34.638811208297355 ], [ -58.488734854269246, -34.638372695799092 ], [ -58.48885722577392, -34.637942023027264 ], [ -58.489030080548893, -34.637523337463996 ], [ -58.489251753232807, -34.637120671089328 ], [ -58.489520108429573, -34.636737901558433 ], [ -58.489832561295152, -34.636378714866936 ], [ -58.490186102447751, -34.636046569863758 ], [ -58.490577326961002, -34.635744664952526 ], [ -58.491002467160243, -34.635475907302101 ], [ -58.491457428906195, -34.635242884862045 ], [ -58.491937831016195, -34.635047841452035 ], [ -58.492439047444108, -34.634892655164684 ], [ -58.492956251812871, -34.634778820289391 ], [ -58.493484463871674, -34.634707432930625 ], [ -58.494018597431193, -34.634679180459138 ], [ -58.494553509316383, -34.634694334897034 ], [ -58.495084048866403, -34.634752750300628 ], [ -58.49560510750635, -34.634853864165883 ], [ -58.496111667914441, -34.634996702842926 ], [ -58.496598852312431, -34.63517989090785 ], [ -58.497061969415377, -34.635401664401464 ], [ -58.497496559589486, -34.635659887807861 ], [ -58.497898437783959, -34.635952074609676 ], [ -58.498263733824295, -34.636275411222584 ], [ -58.498588929678945, -34.636626784078722 ], [ -58.498870893341206, -34.637002809599004 ], [ -58.499106908999437, -34.637399866766025 ], [ -58.499294703205237, -34.637814131984378 ], [ -58.499432466786736, -34.638241615893101 ], [ -58.499518872295326, -34.638678201776209 ], [ -58.49955308681708, -34.639119685201727 ], [ -58.499534780024156, -34.639561814507644 ], [ -58.499464127387661, -34.640000331745355 ], [ -58.499341808519802, -34.640431013685991 ], [ -58.499169000660061, -34.640849712495083 ], [ -58.498947367366846, -34.641252395683551 ], [ -58.498679042522483, -34.641635184950076 ], [ -58.498366609804584, -34.641994393540614 ], [ -58.498013077820687, -34.642326561764662 ], [ -58.497621851144821, -34.64262849032626 ], [ -58.497196697534719, -34.642897271147639 ], [ -58.496741711645079, -34.643130315388802 ], [ -58.496261275586363, -34.643325378392291 ], [ -58.49576001670934, -34.643480581312502 ], [ -58.495242763022361, -34.64359442922084 ], [ -58.494714496671527, -34.643665825511988 ], [ -58.494180305932559, -34.643694082471967 ], [ -58.493645336177899, -34.643678927906116 ], [ -58.493114740292242, -34.643620507763067 ], [ -58.49259362901546, -34.643519384729018 ], [ -58.492087021692157, -34.643376532806151 ], [ -58.491599797903461, -34.643193327927428 ], [ -58.491136650448112, -34.642971534698169 ], [ -58.490702040126322, -34.642713289392731 ], [ -58.49030015276314, -34.642421079370038 ], [ -58.489934858885441, -34.642097719106779 ], [ -58.489609676441624, -34.641746323079673 ] ], [ [ -58.479289248508749, -34.631365079686503 ], [ -58.47900739159342, -34.630989005787697 ], [ -58.478771489606764, -34.630591906386186 ], [ -58.478583813924779, -34.630177606048193 ], [ -58.478446171355479, -34.62975009495166 ], [ -58.478359886761915, -34.629313490449455 ], [ -58.478325790330288, -34.628871997409888 ], [ -58.478344209604842, -34.628429867716576 ], [ -58.478414966365079, -34.627991359317981 ], [ -58.478537378374092, -34.627560695221177 ], [ -58.478710265980069, -34.627142022824579 ], [ -58.478931963506064, -34.62673937398133 ], [ -58.479200335317273, -34.62635662617776 ], [ -58.479512796410162, -34.625997465200228 ], [ -58.479866337324161, -34.62566534965007 ], [ -58.480257553135644, -34.625363477647362 ], [ -58.480682676254069, -34.625094756044192 ], [ -58.481137612704856, -34.624861772443133 ], [ -58.481617981549121, -34.624666770290041 ], [ -58.482119157061092, -34.624511627280462 ], [ -58.482636313257693, -34.624397837287205 ], [ -58.483164470351831, -34.624326495982821 ], [ -58.483698542683229, -34.624298290294725 ], [ -58.484233387666151, -34.624313491794723 ], [ -58.48476385528361, -34.624371954086115 ], [ -58.485284837652955, -34.624473114213473 ], [ -58.485791318186379, -34.624615998081516 ], [ -58.486278419874353, -34.624799229831254 ], [ -58.486741452227911, -34.625021045082811 ], [ -58.487175956428914, -34.625279307918106 ], [ -58.487577748254104, -34.625571531440045 ], [ -58.487942958360286, -34.625894901710524 ], [ -58.48826806954326, -34.626246304837402 ], [ -58.48854995061145, -34.626622356949895 ], [ -58.488785886548555, -34.627019436774319 ], [ -58.488973604673902, -34.627433720496768 ], [ -58.489111296548366, -34.627861218577863 ], [ -58.489197635414136, -34.628297814164874 ], [ -58.489231788999376, -34.628739302732114 ], [ -58.489213427563463, -34.629181432567847 ], [ -58.489142727104166, -34.629619945718119 ], [ -58.489020367694813, -34.630050618993273 ], [ -58.488847526965799, -34.630469304642148 ], [ -58.488625868792639, -34.63087197030233 ], [ -58.488357527297829, -34.631254737841225 ], [ -58.488045086319865, -34.631613920714081 ], [ -58.487691554546281, -34.631946059478111 ], [ -58.487300336549488, -34.632247955121152 ], [ -58.486875200003986, -34.632516699882629 ], [ -58.486420239400331, -34.632749705270001 ], [ -58.485939836605624, -34.632944727000179 ], [ -58.485438618650292, -34.633099886625295 ], [ -58.484921413148527, -34.633213689633997 ], [ -58.484393201782183, -34.633285039853583 ], [ -58.483859072297157, -34.633313250013998 ], [ -58.483324169475601, -34.633298048371586 ], [ -58.482793645557202, -34.633239581328503 ], [ -58.482272610588211, -34.633138412022817 ], [ -58.481766083177803, -34.63299551490249 ], [ -58.481278942137003, -34.632812266335812 ], [ -58.480815879467038, -34.632590431348923 ], [ -58.480381355151124, -34.632332146618303 ], [ -58.479979554185505, -34.6320398998825 ], [ -58.479614346264626, -34.631716505971696 ], [ -58.479289248508749, -34.631365079686503 ] ] ], [ [ [ -58.449261943835396, -34.565965041779641 ], [ -58.449984412404298, -34.566491291877703 ], [ -58.450765765039925, -34.566956422847078 ], [ -58.451598475957134, -34.567355954202156 ], [ -58.452474524287403, -34.567686037317678 ], [ -58.453385471378411, -34.567943492528471 ], [ -58.454322542132957, -34.568125839781494 ], [ -58.455276709601875, -34.568231322543966 ], [ -58.456238782012406, -34.56825892473617 ], [ -58.457199491390746, -34.568208380525526 ], [ -58.458149582921131, -34.56808017688693 ], [ -58.459079904177088, -34.567875548905114 ], [ -58.459981493361333, -34.567596467864028 ], [ -58.460845665701108, -34.567245622239177 ], [ -58.461664097163201, -34.566826391776367 ], [ -58.462428904679754, -34.566342814907827 ], [ -58.463132722109748, -34.56579954982103 ], [ -58.463768771203, -34.565201829556216 ], [ -58.464330926882383, -34.564555411567156 ], [ -58.464813776215308, -34.56386652223209 ], [ -58.465212670507313, -34.563141796851156 ], [ -58.465523770017285, -34.562388215709426 ], [ -58.465744080865953, -34.561613036822955 ], [ -58.465871483784781, -34.560823726016288 ], [ -58.465904754431634, -34.560027885006178 ], [ -58.465843575081273, -34.559233178184215 ], [ -58.465831871576974, -34.559173851108248 ], [ -58.466526545471339, -34.559020994161109 ], [ -58.467428013238582, -34.558741860768265 ], [ -58.468292062097291, -34.558390965038804 ], [ -58.469110369204799, -34.557971687201061 ], [ -58.469875052692103, -34.557488066143478 ], [ -58.4705787476137, -34.5569447604788 ], [ -58.471214676900146, -34.556347003637768 ], [ -58.471776716628725, -34.555700553425957 ], [ -58.472259454983934, -34.555011636531411 ], [ -58.47265824434016, -34.554286888519101 ], [ -58.472969245966731, -34.553533289891469 ], [ -58.473189466926584, -34.552758098832328 ], [ -58.473316788816156, -34.551968781282824 ], [ -58.473349988072734, -34.551172939024049 ], [ -58.473288747657492, -34.550378236459125 ], [ -58.473133660005388, -34.549592326800656 ], [ -58.472886221217671, -34.548822778374102 ], [ -58.472548816556703, -34.548077001746513 ], [ -58.472124697386541, -34.547362178382166 ], [ -58.471617949784779, -34.546685191510676 ], [ -58.471033455130815, -34.546052559872805 ], [ -58.470376843052392, -34.545470374980283 ], [ -58.469654437185298, -34.544944242492676 ], [ -58.468873194269385, -34.544479228273921 ], [ -58.468040637167654, -34.544079809646874 ], [ -58.467164782452912, -34.54374983231321 ], [ -58.466254063257807, -34.543492473352622 ], [ -58.465317248129416, -34.54331021065569 ], [ -58.464363356666873, -34.543204799084215 ], [ -58.463401572751557, -34.543177253587338 ], [ -58.462441156201756, -34.543227839435502 ], [ -58.461491353698669, -34.543356069666082 ], [ -58.460561309837772, -34.543560709765174 ], [ -58.459659979158317, -34.543839789540712 ], [ -58.458796039994098, -34.544190622073387 ], [ -58.457977810972288, -34.544609829563463 ], [ -58.457213170961126, -34.545093375825957 ], [ -58.456509483235301, -34.545636605122432 ], [ -58.455873524587773, -34.546234286956945 ], [ -58.455311420069556, -34.546880666406373 ], [ -58.454828583986007, -34.547569519502048 ], [ -58.454429667718372, -34.548294213130724 ], [ -58.454118514874452, -34.549047768879909 ], [ -58.453898124202524, -34.549822930213573 ], [ -58.453770620628084, -34.550612232332917 ], [ -58.453737234695886, -34.551408074049824 ], [ -58.453798290618614, -34.552202790981987 ], [ -58.453809984459852, -34.552262119518176 ], [ -58.453439369756786, -34.552343635140431 ], [ -58.453137418396452, -34.551675862294118 ], [ -58.452713443396767, -34.550960968146029 ], [ -58.452206827188071, -34.550283897642245 ], [ -58.451622449886472, -34.549651170329412 ], [ -58.450965939991754, -34.54906887864086 ], [ -58.450243620157742, -34.548542629264588 ], [ -58.449462446297787, -34.548077489189915 ], [ -58.448629940611696, -34.54767793695116 ], [ -58.447754119178704, -34.547347819535986 ], [ -58.446843414812193, -34.547090315372131 ], [ -58.445906595917322, -34.546907903747432 ], [ -58.444952682130001, -34.546802340956674 ], [ -58.443990857546702, -34.546774643404 ], [ -58.443030382376968, -34.546825077822902 ], [ -58.442080503865775, -34.546953158707822 ], [ -58.441150367339453, -34.547157652981902 ], [ -58.440248928228158, -34.547436591856417 ], [ -58.439384865908224, -34.547787289768074 ], [ -58.438566500190845, -34.548206370212959 ], [ -58.437801711258587, -34.548689798229141 ], [ -58.437097863818181, -34.549232919216777 ], [ -58.436461736198567, -34.549830503723022 ], [ -58.435899455076012, -34.550476797762478 ], [ -58.435416436454815, -34.551165578189504 ], [ -58.43501733347258, -34.55189021259158 ], [ -58.43470599153401, -34.552643723127538 ], [ -58.434485411207547, -34.553418853697956 ], [ -58.434357719244687, -34.554208139801517 ], [ -58.434324148004414, -34.555003980405694 ], [ -58.434385023484367, -34.55579871114022 ], [ -58.434539762078039, -34.556584678108756 ], [ -58.434786876093099, -34.557354311607874 ], [ -58.435123987981569, -34.558100199043409 ], [ -58.435547853148719, -34.558815156340735 ], [ -58.436054391124209, -34.55949229716105 ], [ -58.436638724798343, -34.560125099255536 ], [ -58.437295227347953, -34.560707467317002 ], [ -58.438017576401457, -34.561233791722508 ], [ -58.438798814922635, -34.561699002599404 ], [ -58.439631418226767, -34.562098618692474 ], [ -58.440507366483239, -34.562428790560148 ], [ -58.441418222004877, -34.562686337682138 ], [ -58.442355210577745, -34.562868779119746 ], [ -58.443309306045293, -34.562974357432481 ], [ -58.444271317329175, -34.563002055619719 ], [ -58.445231977045061, -34.562951606923562 ], [ -58.446182030855965, -34.562823497398234 ], [ -58.446788251759898, -34.56269021371417 ], [ -58.447090195988274, -34.563358001376585 ], [ -58.44751419040071, -34.564072913281301 ], [ -58.448020857028411, -34.564750000637282 ], [ -58.448605317521846, -34.565382741710025 ], [ -58.449261943835396, -34.565965041779641 ] ], [ [ -58.451610513755426, -34.562703519244728 ], [ -58.451329022637601, -34.562327368287676 ], [ -58.45109345662506, -34.561930202807524 ], [ -58.45090608385911, -34.561515848005804 ], [ -58.450768708231998, -34.561088294583968 ], [ -58.450682652037898, -34.560651660301581 ], [ -58.450648743265766, -34.560210150312905 ], [ -58.450667307655216, -34.559768016664087 ], [ -58.450738165591055, -34.55932951734119 ], [ -58.450860633864998, -34.55889887526353 ], [ -58.451033532286303, -34.558480237617331 ], [ -58.451255195076655, -34.558077635921151 ], [ -58.451523486938363, -34.55769494720753 ], [ -58.451835823640089, -34.557335856694216 ], [ -58.452189196921061, -34.557003822304559 ], [ -58.452580203473318, -34.556702041377825 ], [ -58.45300507772243, -34.556433419889885 ], [ -58.453459728090763, -34.556200544480149 ], [ -58.453939776394179, -34.556005657553541 ], [ -58.454440599992978, -34.555850635696949 ], [ -58.454957376291716, -34.555736971617478 ], [ -58.455485129159982, -34.55566575977592 ], [ -58.456018776828081, -34.555637685853753 ], [ -58.456553180797357, -34.555653020154523 ], [ -58.457083195295183, -34.555711615003077 ], [ -58.457603716799731, -34.555812906167702 ], [ -58.458109733158636, -34.555955918291353 ], [ -58.458596371829792, -34.556139274279751 ], [ -58.459058946780807, -34.556361208556282 ], [ -58.4594930035963, -34.556619584056143 ], [ -58.459894362359769, -34.556911912796551 ], [ -58.460259157897333, -34.557235379825322 ], [ -58.460583876996495, -34.5575868703176 ], [ -58.460865392241487, -34.557962999560189 ], [ -58.461100992139428, -34.558360145535588 ], [ -58.461288407246826, -34.558774483791801 ], [ -58.461425832044263, -34.559202024263215 ], [ -58.461511942347954, -34.559638649687948 ], [ -58.461545908089597, -34.560080155252116 ], [ -58.461527401340234, -34.5605222890796 ], [ -58.461456599499975, -34.5609607931775 ], [ -58.46133418362141, -34.561391444442997 ], [ -58.461161331881733, -34.561810095336739 ], [ -58.460939708265329, -34.562212713831109 ], [ -58.46067144656444, -34.562595422248044 ], [ -58.460359129851355, -34.562954534612544 ], [ -58.460005765618689, -34.563286592161575 ], [ -58.459614756826682, -34.563588396665871 ], [ -58.459189869135813, -34.56385704124348 ], [ -58.458735194640319, -34.564089938367665 ], [ -58.458255112451496, -34.564284844799019 ], [ -58.457754246511243, -34.564439883201118 ], [ -58.457237421042201, -34.564553560231019 ], [ -58.45670961406433, -34.564624780930238 ], [ -58.456175909426719, -34.564652859276904 ], [ -58.455641447817356, -34.564637524797462 ], [ -58.455111377223943, -34.564578925173912 ], [ -58.454590803324031, -34.564477624821471 ], [ -58.454084740283484, -34.564334599450248 ], [ -58.453598062438381, -34.564151226663654 ], [ -58.45313545732656, -34.563929272683836 ], [ -58.45270138052242, -34.563670875332768 ], [ -58.452300012710658, -34.563378523432988 ], [ -58.451935219412839, -34.563055032826661 ], [ -58.451610513755426, -34.562703519244728 ] ], [ [ -58.459057522870033, -34.55384940466385 ], [ -58.458776030158248, -34.55347327044862 ], [ -58.458540455788871, -34.553076119048406 ], [ -58.458353067984135, -34.55266177552916 ], [ -58.458215670781534, -34.552234230483712 ], [ -58.458129586683512, -34.551797601591034 ], [ -58.45809564394812, -34.551356093953615 ], [ -58.458114168642489, -34.550913959595114 ], [ -58.458184981534068, -34.550475456508543 ], [ -58.458307399848636, -34.550044807649662 ], [ -58.458480243876799, -34.549626160270222 ], [ -58.458701848364242, -34.549223545982699 ], [ -58.458970078574801, -34.54884084194105 ], [ -58.459282350870843, -34.548481733510876 ], [ -58.459635657611734, -34.548149678788185 ], [ -58.460026596130149, -34.547847875308221 ], [ -58.460451401506575, -34.54757922926413 ], [ -58.460905982826326, -34.547346327531912 ], [ -58.461385962569871, -34.547151412770006 ], [ -58.461886718757349, -34.546996361833358 ], [ -58.46240342944207, -34.546882667709085 ], [ -58.462931119125109, -34.546811425147268 ], [ -58.463464706644849, -34.546783320125122 ], [ -58.463999054081491, -34.546798623245536 ], [ -58.464529016206498, -34.54685718713349 ], [ -58.465049490002151, -34.546958447855268 ], [ -58.465555463775324, -34.547101430346807 ], [ -58.466042065393893, -34.547284757798998 ], [ -58.466504609182245, -34.547506664909868 ], [ -58.466938641025152, -34.547765014876042 ], [ -58.467339981246717, -34.548057319960499 ], [ -58.467704764851845, -34.548380765438765 ], [ -58.468029478743205, -34.548732236693361 ], [ -58.468310995555534, -34.549108349196374 ], [ -58.468546603781235, -34.549505481091394 ], [ -58.468734033897022, -34.549919808062093 ], [ -58.468871480239386, -34.550347340151568 ], [ -58.468957618417512, -34.550783960178741 ], [ -58.468991618095032, -34.551225463381826 ], [ -58.468973151016591, -34.551667597907588 ], [ -58.46890239420059, -34.55210610575655 ], [ -58.468780028266302, -34.552536763789952 ], [ -58.468607230910152, -34.552955424403486 ], [ -58.468385665592898, -34.553358055476075 ], [ -58.468117465545411, -34.553740779208738 ], [ -58.467805213246166, -34.554099909479163 ], [ -58.467451915567331, -34.554431987352011 ], [ -58.467060974828009, -34.554733814402411 ], [ -58.466636156033019, -34.555002483531396 ], [ -58.466181550612731, -34.555235406975861 ], [ -58.465701537012869, -34.555430341242953 ], [ -58.465200738514355, -34.555585408728142 ], [ -58.464683978689848, -34.555699115808387 ], [ -58.464156234926719, -34.555770367235709 ], [ -58.463622590464837, -34.555798476692189 ], [ -58.463088185412268, -34.555783173404535 ], [ -58.462558167211675, -34.555724604754168 ], [ -58.462037641035749, -34.55562333485787 ], [ -58.46153162059057, -34.555480339132245 ], [ -58.461044979801798, -34.555296994894974 ], [ -58.460582405850396, -34.555075068093082 ], [ -58.460148354010684, -34.554816696286672 ], [ -58.459747004727049, -34.554524368052043 ], [ -58.459382223342836, -34.554200899003362 ], [ -58.459057522870033, -34.55384940466385 ] ], [ [ -58.439644132651175, -34.557446164379726 ], [ -58.439362712999255, -34.557069983715543 ], [ -58.43912721878425, -34.556672793011579 ], [ -58.438939917455791, -34.556258417712066 ], [ -58.438802612218048, -34.555830848715637 ], [ -58.438716624687316, -34.555394203931584 ], [ -58.4386827821913, -34.554952688615082 ], [ -58.438701409831538, -34.554510554863306 ], [ -58.43877232738393, -34.554072060663046 ], [ -58.43889485106633, -34.553641428884092 ], [ -58.439067800154767, -34.553222806613263 ], [ -58.439289508383403, -34.55282022522092 ], [ -58.439557840017386, -34.552437561543897 ], [ -58.439870210442798, -34.552078500558778 ], [ -58.440223611074543, -34.551746499904553 ], [ -58.440614638341714, -34.551444756595579 ], [ -58.441039526470753, -34.551176176245569 ], [ -58.441494183750699, -34.550943345097842 ], [ -58.44197423193112, -34.550748505131253 ], [ -58.442475048373709, -34.550593532480647 ], [ -58.44299181055203, -34.550479919379455 ], [ -58.443519542471691, -34.550408759797797 ], [ -58.444053162564678, -34.550380738914114 ], [ -58.444587532597737, -34.550396126521399 ], [ -58.44511750712482, -34.550454774431408 ], [ -58.445637983008758, -34.550556117901635 ], [ -58.44614394853614, -34.550699181071487 ], [ -58.446630531654002, -34.550882586355243 ], [ -58.447093046864488, -34.551104567701678 ], [ -58.447527040327124, -34.551362987592732 ], [ -58.447928332735067, -34.551655357618159 ], [ -58.448293059553045, -34.551978862428115 ], [ -58.448617708229968, -34.552330386833823 ], [ -58.448899152027934, -34.552706545795367 ], [ -58.449134680141874, -34.553103717008831 ], [ -58.449322023819413, -34.553518075778989 ], [ -58.44945937822893, -34.553945631842424 ], [ -58.449545419864528, -34.554382267786842 ], [ -58.449579319319206, -34.554823778696793 ], [ -58.44956074930262, -34.555265912644408 ], [ -58.449489887824363, -34.555704411635396 ], [ -58.44936741651172, -34.556135052615872 ], [ -58.449194514076105, -34.556553688145378 ], [ -58.448972844990514, -34.556956286344061 ], [ -58.448704543485555, -34.557338969729201 ], [ -58.448392193017312, -34.557698052566849 ], [ -58.448038801403925, -34.558030076378259 ], [ -58.447647771869754, -34.558331843259118 ], [ -58.447222870275453, -34.55860044668988 ], [ -58.446768188849454, -34.55883329954024 ], [ -58.446288106770098, -34.559028158997343 ], [ -58.44578724797843, -34.559183148177297 ], [ -58.445270436628327, -34.559296774211489 ], [ -58.444742650603821, -34.559367942632782 ], [ -58.444208973552144, -34.559395967923017 ], [ -58.443674545895448, -34.559380580119885 ], [ -58.443144515294215, -34.559321927419134 ], [ -58.442623987040534, -34.559220574747393 ], [ -58.442117974860331, -34.559077498318857 ], [ -58.441631352599423, -34.558894076228775 ], [ -58.441168807259906, -34.558672075174215 ], [ -58.440734793840107, -34.558413633430632 ], [ -58.440333492413792, -34.558121240248042 ], [ -58.439968767862823, -34.557797711866179 ], [ -58.439644132651175, -34.557446164379726 ] ] ], [ [ [ -58.41808493988043, -34.634457992613306 ], [ -58.418807827590335, -34.63498441186357 ], [ -58.41958966935259, -34.635449725937278 ], [ -58.420422934671684, -34.635849452582093 ], [ -58.421299597338269, -34.63617974128848 ], [ -58.422211212780056, -34.636437410407744 ], [ -58.423148999458114, -34.636619977823386 ], [ -58.42410392352177, -34.636725684879167 ], [ -58.425066785903901, -34.636753513332465 ], [ -58.426028311013958, -34.63670319516941 ], [ -58.426979236170773, -34.636575215186127 ], [ -58.42791040090983, -34.636370806312321 ], [ -58.428812835301102, -34.636091937721389 ], [ -58.429677846422948, -34.635741295843061 ], [ -58.430497102156068, -34.635322258461869 ], [ -58.431262711487364, -34.634838862152186 ], [ -58.431967300548358, -34.634295763364754 ], [ -58.432604083653686, -34.633698193540958 ], [ -58.433166928655204, -34.633051908688806 ], [ -58.43365041598156, -34.632363133907752 ], [ -58.434049890795755, -34.631638503398207 ], [ -58.434361507769459, -34.630884996535151 ], [ -58.434582268045141, -34.630109870622697 ], [ -58.434710048032777, -34.629320590978416 ], [ -58.434743619766785, -34.628524759021715 ], [ -58.434682662631197, -34.627730039059379 ], [ -58.434527766343614, -34.626944084473763 ], [ -58.434280425173412, -34.626174464024466 ], [ -58.433943023453843, -34.625428588972902 ], [ -58.433518812531084, -34.624713641731091 ], [ -58.433011879375918, -34.624036506720735 ], [ -58.432427107162972, -34.623403704107545 ], [ -58.431770128199695, -34.622821327047482 ], [ -58.431047269659956, -34.622294983047738 ], [ -58.430265492645844, -34.621829740005751 ], [ -58.429432325164619, -34.621430077444145 ], [ -58.428555789665765, -34.621099843409787 ], [ -58.427644325834599, -34.620842217450331 ], [ -58.426706709383758, -34.620659680023678 ], [ -58.425751967622155, -34.620553988633624 ], [ -58.424789292611145, -34.620526160920726 ], [ -58.423827952740709, -34.620576464870474 ], [ -58.422877203573378, -34.620704416232869 ], [ -58.421946198810481, -34.620908783178137 ], [ -58.421043902234253, -34.621187598144168 ], [ -58.420179001470167, -34.621538176762002 ], [ -58.419359824396558, -34.621957143678166 ], [ -58.418594259003655, -34.622440465026216 ], [ -58.417889677471443, -34.622983487236169 ], [ -58.417252865195927, -34.62358098180944 ], [ -58.416689955446266, -34.624227195629871 ], [ -58.416206370282033, -34.624915906327722 ], [ -58.415806768300108, -34.625640482165252 ], [ -58.415494999715776, -34.6263939458685 ], [ -58.415274069212884, -34.627169041791944 ], [ -58.415146106923224, -34.62795830577052 ], [ -58.415112347818109, -34.628754136986792 ], [ -58.415173119714069, -34.62954887116247 ], [ -58.415327840012175, -34.630334854368954 ], [ -58.415575021206223, -34.631104516746788 ], [ -58.415912285110757, -34.631850445423254 ], [ -58.416336385675748, -34.632565455925565 ], [ -58.416843240171396, -34.633242661400956 ], [ -58.417427968445935, -34.633875538975758 ], [ -58.41808493988043, -34.634457992613306 ] ], [ [ -58.420436583433762, -34.631197028132867 ], [ -58.420154987884651, -34.630820811567531 ], [ -58.419919362828189, -34.630423591318966 ], [ -58.419731976971782, -34.63000919311645 ], [ -58.419594634330949, -34.629581608079455 ], [ -58.419508656879238, -34.629144954271879 ], [ -58.419474871844272, -34.628703437035732 ], [ -58.419493603771095, -34.628261308486387 ], [ -58.419564671428283, -34.627822826560042 ], [ -58.41968738958537, -34.627392214007649 ], [ -58.419860575643021, -34.626973617730101 ], [ -58.420082561051217, -34.626571068846495 ], [ -58.420351207404217, -34.626188443879656 ], [ -58.420663927056211, -34.625829427432322 ], [ -58.421017708058457, -34.625497476713548 ], [ -58.421409143177101, -34.625195788255823 ], [ -58.421834462711551, -34.624927267143647 ], [ -58.422289570797595, -34.62469449904912 ], [ -58.422770084845155, -34.624499725343142 ], [ -58.423271377731709, -34.624344821521973 ], [ -58.423788622345086, -34.624231279155858 ], [ -58.424316838047723, -34.624160191533562 ], [ -58.424850938615585, -34.624132243140643 ], [ -58.425385781191238, -34.624147703072239 ], [ -58.425916215780788, -34.624206422444047 ], [ -58.42643713481916, -34.624307835825967 ], [ -58.426943522327576, -34.624450966684925 ], [ -58.427430502191186, -34.624634436784234 ], [ -58.427893385092787, -34.624856479449384 ], [ -58.428327713651811, -34.625114956572837 ], [ -58.428729305334642, -34.625407379194172 ], [ -58.42909429272359, -34.625730931458001 ], [ -58.429419160757355, -34.626082497719452 ], [ -58.429700780584085, -34.626458692536325 ], [ -58.429936439701592, -34.626855893260043 ], [ -58.430123868093503, -34.62727027491168 ], [ -58.430261260109695, -34.627697847007759 ], [ -58.430347291879137, -34.628134491981726 ], [ -58.430381134086836, -34.628576004831025 ], [ -58.430362459990604, -34.629018133608916 ], [ -58.430291448599476, -34.629456620370362 ], [ -58.430168782981653, -34.629887242178611 ], [ -58.429995643717419, -34.630305851777095 ], [ -58.42977369755851, -34.63070841753477 ], [ -58.429505081402382, -34.63109106228039 ], [ -58.429192381734389, -34.63145010065108 ], [ -58.428838609735273, -34.631782074595321 ], [ -58.428447172292948, -34.632083786688092 ], [ -58.428021839197257, -34.632352330936556 ], [ -58.427566706833595, -34.632585120779559 ], [ -58.42708615872499, -34.632779914010371 ], [ -58.426584823302939, -34.632934834382439 ], [ -58.426067529314196, -34.633048389689478 ], [ -58.425539259293814, -34.633119486145361 ], [ -58.425005101553225, -34.633147438925121 ], [ -58.424470201146988, -34.633131978765 ], [ -58.423939710291364, -34.633073254558099 ], [ -58.423418738713742, -34.632971831920301 ], [ -58.422912304411923, -34.632828687740421 ], [ -58.422425285298999, -34.632645200767037 ], [ -58.421962372200532, -34.632423138323105 ], [ -58.421528023657515, -34.632164639276283 ], [ -58.421126422971554, -34.631872193429487 ], [ -58.420761437906286, -34.631548617530626 ], [ -58.420436583433762, -34.631197028132867 ] ] ], [ [ [ -58.432211916564228, -34.579075895344381 ], [ -58.432934397807259, -34.579602245153922 ], [ -58.433715784803319, -34.580067483649799 ], [ -58.434548551437508, -34.580467129309966 ], [ -58.435424676305502, -34.580797332407329 ], [ -58.436335720018072, -34.581054912119988 ], [ -58.437272906547236, -34.581237387194662 ], [ -58.438227207828092, -34.581342999866258 ], [ -58.439189430798002, -34.581370732802725 ], [ -58.440150306031548, -34.581320318911125 ], [ -58.441100577113723, -34.58119224391023 ], [ -58.442031089886562, -34.580987741644968 ], [ -58.442932880705968, -34.580708782187884 ], [ -58.443797262854744, -34.580358052842982 ], [ -58.444615910276603, -34.579938932235983 ], [ -58.445380937821426, -34.579455457741119 ], [ -58.446084977226938, -34.578912286560154 ], [ -58.44672124810328, -34.578314650829455 ], [ -58.447283623235805, -34.577668307189356 ], [ -58.447766687577285, -34.576979481302985 ], [ -58.448165790361898, -34.576254807860458 ], [ -58.448477089840388, -34.575501266647883 ], [ -58.448697590207964, -34.574726115298013 ], [ -58.448825170371656, -34.573936819371475 ], [ -58.448858604283586, -34.573140980442972 ], [ -58.448797572647841, -34.572346262885318 ], [ -58.448642665891988, -34.571560320057017 ], [ -58.448395378378777, -34.570790720604265 ], [ -58.448058093917574, -34.570044875586554 ], [ -58.447634062718805, -34.569329967127452 ], [ -58.447127370016752, -34.568652879276335 ], [ -58.446542896665775, -34.568020131746415 ], [ -58.445886272091791, -34.567437817165072 ], [ -58.445163820053757, -34.566911542440053 ], [ -58.444382497738417, -34.566446374803988 ], [ -58.443549828775012, -34.566046793055797 ], [ -58.442673830814428, -34.565716644466534 ], [ -58.441762938368967, -34.565459107763331 ], [ -58.44082592165342, -34.56527666254668 ], [ -58.439871802206895, -34.5651710654342 ], [ -58.438909766104238, -34.565143333160066 ], [ -58.437949075589657, -34.565193732791734 ], [ -58.436998979979521, -34.565321779158424 ], [ -58.436068626688467, -34.565526239515606 ], [ -58.43516697323183, -34.565805145401285 ], [ -58.434302701048018, -34.566155811570113 ], [ -58.43348413196744, -34.566574861824229 ], [ -58.432719148129593, -34.56705826149301 ], [ -58.432015116117107, -34.567601356250215 ], [ -58.431378816035775, -34.568198916896414 ], [ -58.430816376222531, -34.568845189676701 ], [ -58.430333214210251, -34.569533951651081 ], [ -58.429933984518215, -34.570258570585509 ], [ -58.429622533772644, -34.571012068788633 ], [ -58.429401863591451, -34.571787190280496 ], [ -58.429274101593428, -34.572576470647903 ], [ -58.429240480814236, -34.573372308914074 ], [ -58.429301327731032, -34.57416704073168 ], [ -58.429456059014875, -34.574953012194172 ], [ -58.429703187046293, -34.575722653554983 ], [ -58.430040334144735, -34.576468552144121 ], [ -58.430464255378538, -34.577183523779304 ], [ -58.430970869739305, -34.577860681983289 ], [ -58.431555299383291, -34.578493504339292 ], [ -58.432211916564228, -34.579075895344381 ] ], [ [ -58.43456151468154, -34.575814681993528 ], [ -58.434280052580007, -34.575438491676238 ], [ -58.434044527200506, -34.575041293010102 ], [ -58.433857206292217, -34.574626911516155 ], [ -58.433719893247222, -34.574199338152766 ], [ -58.433633909756225, -34.573762690871298 ], [ -58.433600083107301, -34.573321174950948 ], [ -58.433618738248569, -34.572879042494634 ], [ -58.433689694690351, -34.572440551476546 ], [ -58.433812268275325, -34.572009924735646 ], [ -58.433985277798286, -34.571591309310072 ], [ -58.434207056410877, -34.571188736503991 ], [ -58.434475467700068, -34.570806083071311 ], [ -58.434787926284571, -34.570447033889735 ], [ -58.435141422730197, -34.570115046484275 ], [ -58.435532552543322, -34.569813317741485 ], [ -58.43595754896306, -34.569544753134544 ], [ -58.436412319235913, -34.569311938754971 ], [ -58.436892484023723, -34.569117116419996 ], [ -58.437393419565787, -34.568962162094493 ], [ -58.437910302189344, -34.568848567835381 ], [ -58.438438154740801, -34.568777427431286 ], [ -58.438971894491139, -34.568749425875978 ], [ -58.439506382055527, -34.568764832776409 ], [ -58.440036470856754, -34.568823499758615 ], [ -58.440557056657795, -34.568924861896612 ], [ -58.441063126687304, -34.569067943150209 ], [ -58.441549807886403, -34.569251365759783 ], [ -58.442012413813032, -34.569473363507456 ], [ -58.442446489753294, -34.569731798717505 ], [ -58.442847855606132, -34.570024182832384 ], [ -58.443212646128899, -34.570347700366838 ], [ -58.443537348156781, -34.570699236009744 ], [ -58.443818834437714, -34.57107540461319 ], [ -58.444054393757021, -34.571472583780533 ], [ -58.444241757061228, -34.571886948740072 ], [ -58.444379119329007, -34.572314509168891 ], [ -58.444465156978033, -34.572751147612649 ], [ -58.444499040638988, -34.573192659131784 ], [ -58.444480443172786, -34.573634791792507 ], [ -58.444409542852704, -34.574073287612798 ], [ -58.444287021679358, -34.574503923569125 ], [ -58.444114058843759, -34.574922552269236 ], [ -58.443892319400113, -34.575325141898809 ], [ -58.443623938256231, -34.575707815057406 ], [ -58.443311499634916, -34.576066886109288 ], [ -58.442958012203185, -34.576398896688985 ], [ -58.442566880108252, -34.576700649019358 ], [ -58.442141870198704, -34.576969236720778 ], [ -58.441687075746444, -34.577202072814174 ], [ -58.441206877018836, -34.577396914647956 ], [ -58.440705899080854, -34.577551885507845 ], [ -58.440188967234512, -34.577665492701541 ], [ -58.43966106052504, -34.577736641943353 ], [ -58.439127263762664, -34.577764647899869 ], [ -58.438592718523211, -34.577749240795022 ], [ -58.438062573600277, -34.577690569010606 ], [ -58.437541935387621, -34.57758919765719 ], [ -58.437035818670729, -34.577446103129056 ], [ -58.43654909830267, -34.577262663696004 ], [ -58.436086462230747, -34.577040646222407 ], [ -58.43565236632729, -34.576782189142051 ], [ -58.43525099146057, -34.576489781852928 ], [ -58.434886203219605, -34.576166240730899 ], [ -58.43456151468154, -34.575814681993528 ] ] ], [ [ [ -58.4286680501367, -34.657298077222393 ], [ -58.428797287476556, -34.657205578311981 ], [ -58.4286680501367, -34.657298077222379 ], [ -58.427972075552141, -34.657798725651709 ], [ -58.4286680501367, -34.657298077222393 ] ] ], [ [ [ -58.42776690856445, -34.657945600095971 ], [ -58.427831498623739, -34.657899811755044 ], [ -58.427766908564436, -34.657945600095971 ], [ -58.427283170495322, -34.658288527243606 ], [ -58.42776690856445, -34.657945600095971 ] ] ] ] } },
{ "type": "Feature", "properties": { "orden": 3, "franja_distancia_comisaria": "INTERMEDIA (901-1350 m)", "desde_m": 901, "hasta_m": 1350.0, "superficie_km2": 53.114199617245951 }, "geometry": { "type": "MultiPolygon", "coordinates": [ [ [ [ -58.508922596079714, -34.669665789823952 ], [ -58.51120730139656, -34.667934666441717 ], [ -58.511986834169079, -34.667343987349398 ], [ -58.511986863613167, -34.667343965703743 ], [ -58.512218188874229, -34.66716867999866 ], [ -58.513245807726456, -34.666389991927538 ], [ -58.515519907892923, -34.664666686502528 ], [ -58.51567518810328, -34.664119691552145 ], [ -58.515865759340009, -34.662935678617025 ], [ -58.515914954066474, -34.661741932970159 ], [ -58.515822304592568, -34.660549951044992 ], [ -58.5155887091911, -34.659371211804327 ], [ -58.515216423216117, -34.658217066210078 ], [ -58.514709037163627, -34.657098627943554 ], [ -58.514071441894238, -34.656026666427437 ], [ -58.51330978136054, -34.655011503177604 ], [ -58.51243139330078, -34.654062912480434 ], [ -58.511444738475483, -34.653190027349162 ], [ -58.510359319131886, -34.652401251661409 ], [ -58.509185587483827, -34.651704179320632 ], [ -58.509099092323716, -34.651662779788218 ], [ -58.509570359285931, -34.651559005238099 ], [ -58.510923808253253, -34.651139798315064 ], [ -58.512221001504713, -34.650612967839145 ], [ -58.513449442797651, -34.649983589535871 ], [ -58.514597299039345, -34.649257726953927 ], [ -58.515653514343448, -34.648442372981634 ], [ -58.516607916557952, -34.647545382407976 ], [ -58.517451315237032, -34.646575396181156 ], [ -58.518175590112591, -34.64554175809775 ], [ -58.518691105340821, -34.644604687866909 ], [ -58.519520350908479, -34.645097121665295 ], [ -58.519533699243212, -34.645103509663372 ], [ -58.519557274148738, -34.645117509055929 ], [ -58.520808003944268, -34.645716048633325 ], [ -58.522123714880777, -34.646210376209474 ], [ -58.52349173180108, -34.646595729376209 ], [ -58.52489887502292, -34.64686839558393 ], [ -58.526331587456305, -34.647025747948895 ], [ -58.527776065378347, -34.647066270588567 ], [ -58.529218391598398, -34.646989573239274 ], [ -58.529641929464937, -34.646932210172601 ], [ -58.52985024965632, -34.643400864145789 ], [ -58.529887495378958, -34.64276943626497 ], [ -58.529613954939315, -34.642829725501336 ], [ -58.528663146823341, -34.64295850370786 ], [ -58.527701642329269, -34.643009631597593 ], [ -58.526738703938946, -34.642982616569235 ], [ -58.525783607976415, -34.642877718796015 ], [ -58.524845555167829, -34.642695948719933 ], [ -58.523933581932482, -34.642439057312252 ], [ -58.523056473262486, -34.642109519194236 ], [ -58.522222678034339, -34.641710508781529 ], [ -58.522199103687143, -34.641696509883353 ], [ -58.522185755715377, -34.641690122164739 ], [ -58.521403305644768, -34.641225482816907 ], [ -58.520679736721306, -34.640699690550115 ], [ -58.520022017739819, -34.640117810114738 ], [ -58.519436482795335, -34.639485446441228 ], [ -58.518928770286166, -34.638808690619122 ], [ -58.518503768637061, -34.63809406119497 ], [ -58.518165569264262, -34.637348441356004 ], [ -58.51791742723379, -34.636579012606141 ], [ -58.517784598643814, -34.635908608096841 ], [ -58.517065963740109, -34.635386327506453 ], [ -58.516408312648721, -34.634804425323871 ], [ -58.515822843382765, -34.63417204206484 ], [ -58.515315193707835, -34.633495269007241 ], [ -58.514890251443504, -34.632780624863301 ], [ -58.514552107434184, -34.632034992961692 ], [ -58.514304016212989, -34.631265554922173 ], [ -58.514148364734829, -34.630479721462812 ], [ -58.514086649477214, -34.629685061007365 ], [ -58.514119462125578, -34.628889226781126 ], [ -58.514246483977558, -34.628099883098201 ], [ -58.514466489115939, -34.627324631550067 ], [ -58.514777356315882, -34.626570937806683 ], [ -58.515176089567774, -34.625846059734322 ], [ -58.515658847014478, -34.62515697752211 ], [ -58.516220978021046, -34.624510326489066 ], [ -58.516857068017359, -34.62391233321766 ], [ -58.517560990679407, -34.623368755627723 ], [ -58.518325966945611, -34.622884827565976 ], [ -58.519144630299117, -34.622465208443664 ], [ -58.520009097687335, -34.622113938405327 ], [ -58.520911045396971, -34.621834399459082 ], [ -58.521841789155133, -34.621629282941129 ], [ -58.522792367687778, -34.621500563626512 ], [ -58.523753628933406, -34.62144948073442 ], [ -58.524716318085247, -34.621476526009722 ], [ -58.525671166617855, -34.621581438995548 ], [ -58.526608981444411, -34.621763209541228 ], [ -58.527520733350364, -34.62202008752238 ], [ -58.528397643855357, -34.622349599679183 ], [ -58.529231269670731, -34.62274857341157 ], [ -58.53001358394242, -34.623213167303128 ], [ -58.530737053499344, -34.623738908080682 ], [ -58.531012411559871, -34.623982516998566 ], [ -58.531305446759099, -34.619058942021994 ], [ -58.530645187516868, -34.618742942204534 ], [ -58.529329869649672, -34.618248694341595 ], [ -58.527962298797327, -34.617863393402999 ], [ -58.526555640490599, -34.617590748663019 ], [ -58.525123436095697, -34.617433384883057 ], [ -58.523679472615697, -34.617392817070346 ], [ -58.522237650140845, -34.617469435906507 ], [ -58.520811848216148, -34.617662503985429 ], [ -58.519415792403812, -34.61797016289659 ], [ -58.518062922317064, -34.618389451086536 ], [ -58.516766262387719, -34.618916332327608 ], [ -58.515538296604561, -34.619545734522077 ], [ -58.514390848422316, -34.620271598470197 ], [ -58.513334966992424, -34.621086936135875 ], [ -58.512380820807678, -34.621983897851955 ], [ -58.511537599782685, -34.622953847821577 ], [ -58.510813426713199, -34.623987447192057 ], [ -58.510215278967934, -34.625074743905067 ], [ -58.509748921170534, -34.626205268460787 ], [ -58.509418849524437, -34.627368134677219 ], [ -58.509268684136032, -34.628300960754977 ], [ -58.509148268987701, -34.628267018082461 ], [ -58.507741486996352, -34.627994159717332 ], [ -58.506309130110054, -34.627836578939487 ], [ -58.504864986798523, -34.627795792842932 ], [ -58.50342295888106, -34.627872194208535 ], [ -58.501996927877457, -34.62806504772179 ], [ -58.500763209516748, -34.62833669811792 ], [ -58.499532001575524, -34.627873750599733 ], [ -58.498419266200514, -34.627559985646336 ], [ -58.49840948578565, -34.627433737096624 ], [ -58.498176246319474, -34.626254949502787 ], [ -58.497804365141931, -34.625100734580407 ], [ -58.497297428844298, -34.623982206682285 ], [ -58.496660323951311, -34.622910136098319 ], [ -58.495899189690476, -34.621894845398828 ], [ -58.495021358731371, -34.620946110101485 ], [ -58.494035286471046, -34.620073064615745 ], [ -58.492950469550109, -34.619284114366771 ], [ -58.491777354386386, -34.618586854941775 ], [ -58.490527236607363, -34.617987999033957 ], [ -58.489212152348294, -34.617493311883656 ], [ -58.487844762460007, -34.617107555835425 ], [ -58.48643823073656, -34.616834444541603 ], [ -58.485901915114688, -34.616775338546283 ], [ -58.48602306808101, -34.616602505515388 ], [ -58.486621479317847, -34.615515319448569 ], [ -58.487088099861467, -34.614384874885538 ], [ -58.487418440819845, -34.613222060015588 ], [ -58.487609326347545, -34.612038074344071 ], [ -58.487658924018568, -34.610844320798151 ], [ -58.487566762246651, -34.60965229589128 ], [ -58.487333734593697, -34.608473479005156 ], [ -58.486962090934014, -34.607319221855064 ], [ -58.486455415568209, -34.60620063920274 ], [ -58.485818592505957, -34.605128501867704 ], [ -58.485057758259522, -34.604113133065447 ], [ -58.484180242609341, -34.603164309068028 ], [ -58.483194497917118, -34.602291165141132 ], [ -58.482110017671182, -34.601502107659691 ], [ -58.480937245050441, -34.600804733245035 ], [ -58.479687472387774, -34.600205755698795 ], [ -58.478372732499786, -34.599710941433358 ], [ -58.477005682926361, -34.599325054017548 ], [ -58.475599484190013, -34.59905180836855 ], [ -58.474167673241496, -34.598893835028562 ], [ -58.472724033303201, -34.598852654868061 ], [ -58.471282461355763, -34.598928664458221 ], [ -58.469856834535101, -34.599121132252314 ], [ -58.468460876718162, -34.599428205612966 ], [ -58.46710802657271, -34.599846928618241 ], [ -58.465811308334274, -34.600373270476567 ], [ -58.464583206546401, -34.601002164278654 ], [ -58.463435545964664, -34.601727555715918 ], [ -58.462379377775214, -34.602542461299144 ], [ -58.461424873220174, -34.603439035520211 ], [ -58.46058122565227, -34.604408646313402 ], [ -58.460533888023129, -34.604476146832752 ], [ -58.460343839073957, -34.60451793563707 ], [ -58.458990863213216, -34.604936571385096 ], [ -58.457694012591034, -34.605462829808182 ], [ -58.456465773023417, -34.606091644800188 ], [ -58.455317970590343, -34.606816962811401 ], [ -58.454261657841755, -34.607631801059874 ], [ -58.454141161230154, -34.607744961055033 ], [ -58.454130876482523, -34.607611234103366 ], [ -58.453898326002452, -34.606432340851107 ], [ -58.45364527871093, -34.605645354667317 ], [ -58.454165842099833, -34.604903183406599 ], [ -58.454764596246228, -34.603816143264588 ], [ -58.45523159366072, -34.602685809226593 ], [ -58.455375451143908, -34.602180083976002 ], [ -58.455550043252323, -34.602141700559578 ], [ -58.455729951684361, -34.602086038731045 ], [ -58.455803115940377, -34.602069953635997 ], [ -58.457156063127691, -34.601651353828586 ], [ -58.458452858967163, -34.601125102215661 ], [ -58.459681011041688, -34.600496268939317 ], [ -58.460828689038273, -34.599770912291611 ], [ -58.461884838777927, -34.598956020281982 ], [ -58.462839288727579, -34.598059443245361 ], [ -58.463682847966453, -34.597089818143978 ], [ -58.464407394662686, -34.59605648529493 ], [ -58.465005954209971, -34.594969398329511 ], [ -58.465472766274587, -34.593839028254749 ], [ -58.465803340111925, -34.592676262544074 ], [ -58.465994497625964, -34.59149230023155 ], [ -58.466044403764073, -34.590298544022076 ], [ -58.465952583962839, -34.589106490457979 ], [ -58.465719928485505, -34.587927619200428 ], [ -58.465348683618096, -34.586773282492111 ], [ -58.464842429818098, -34.585654595864767 ], [ -58.464206047034253, -34.58458233114299 ], [ -58.463445667539318, -34.583566812772546 ], [ -58.462568616736363, -34.582617818469103 ], [ -58.461583342514025, -34.581744485141158 ], [ -58.460499333834761, -34.580955220989772 ], [ -58.459327029342155, -34.580257624628047 ], [ -58.458077716867834, -34.579658411995794 ], [ -58.456763424804272, -34.579163351769374 ], [ -58.455396806386617, -34.578777209885587 ], [ -58.453991017993204, -34.578503703710815 ], [ -58.452559592630813, -34.578345466294095 ], [ -58.452400630620602, -34.578340902387396 ], [ -58.452724137946035, -34.577753430348153 ], [ -58.453191030409727, -34.576623102415034 ], [ -58.453521717259029, -34.575460364211438 ], [ -58.453713019303592, -34.57427641450748 ], [ -58.453763100093148, -34.573082655888079 ], [ -58.453690990827262, -34.572144409686267 ], [ -58.454866348342343, -34.572274342200039 ], [ -58.456309527025631, -34.572315745706959 ], [ -58.457750660345297, -34.572239924012486 ], [ -58.459175863414728, -34.572047607785841 ], [ -58.460571405065068, -34.571740650068328 ], [ -58.461229698707371, -34.571536879911193 ], [ -58.461125760563739, -34.572180528264425 ], [ -58.461075785235586, -34.573374287402437 ], [ -58.461167509888107, -34.57456634981601 ], [ -58.461400057147088, -34.575745234827053 ], [ -58.46177119313969, -34.576899588197406 ], [ -58.462277348789193, -34.578018291512016 ], [ -58.462913653988601, -34.57909056930761 ], [ -58.463673984331216, -34.580106092913049 ], [ -58.464551019954932, -34.581055079998826 ], [ -58.465536315938984, -34.581928388873997 ], [ -58.466620383578565, -34.582717606618893 ], [ -58.467792781757176, -34.583415130201452 ], [ -58.469042217536661, -34.584014239792225 ], [ -58.470356654995236, -34.584509163568271 ], [ -58.471723431261786, -34.584895133378687 ], [ -58.473129378624726, -34.585168430732388 ], [ -58.474560951532951, -34.585326422662789 ], [ -58.476004357258887, -34.585367587121695 ], [ -58.47744568895682, -34.585291527656871 ], [ -58.477660001829577, -34.585262577686002 ], [ -58.477977910596998, -34.585687018805544 ], [ -58.478855166074545, -34.586635896568289 ], [ -58.479840675525253, -34.587509083633655 ], [ -58.48092494818512, -34.588298168254418 ], [ -58.482097540959408, -34.588995548680394 ], [ -58.483347159032078, -34.589594506461005 ], [ -58.484661764721814, -34.590089271236003 ], [ -58.48466526136307, -34.590090258160473 ], [ -58.484742098557831, -34.591084876772484 ], [ -58.484975031945837, -34.592263704051 ], [ -58.485346573413075, -34.593417972442836 ], [ -58.485853149979214, -34.59453656434745 ], [ -58.486489887483351, -34.595608705370807 ], [ -58.487250657353741, -34.596624068155542 ], [ -58.488128135492303, -34.597572871918004 ], [ -58.489113872712174, -34.598445976730353 ], [ -58.490198376053669, -34.599234971636413 ], [ -58.491371200197761, -34.599932255749195 ], [ -58.492621048096915, -34.600531111545152 ], [ -58.493935879852856, -34.601025769646085 ], [ -58.495303028789557, -34.601411464460924 ], [ -58.496709323598964, -34.601684480148919 ], [ -58.498141215376926, -34.601842186458605 ], [ -58.499584908318745, -34.601883064095638 ], [ -58.501026492807419, -34.601806719373528 ], [ -58.501494225343066, -34.601743453664746 ], [ -58.501583809958007, -34.602021550276795 ], [ -58.502090658379444, -34.603140066222807 ], [ -58.50272767130005, -34.604212113904367 ], [ -58.50348871749398, -34.605227366860888 ], [ -58.504366470199486, -34.606176045364663 ], [ -58.50535247758225, -34.607049010692748 ], [ -58.506437244076878, -34.607837853231331 ], [ -58.507610321825709, -34.608534973560339 ], [ -58.508860411334226, -34.609133655733672 ], [ -58.510175470372545, -34.609628132045721 ], [ -58.511542830071086, -34.61001363865725 ], [ -58.512949317087596, -34.610286461541477 ], [ -58.514381380662783, -34.61044397230566 ], [ -58.515825223334012, -34.610484653540894 ], [ -58.517266934039498, -34.610408113454518 ], [ -58.518692622322916, -34.610215089643859 ], [ -58.520088552336681, -34.609907441974329 ], [ -58.521441275344486, -34.609488134631867 ], [ -58.522737759438719, -34.608961207523336 ], [ -58.523965515215878, -34.608331737302819 ], [ -58.525112716192837, -34.607605788401422 ], [ -58.526168312799356, -34.606790354535505 ], [ -58.527115344681064, -34.605899681191794 ], [ -58.526776901557497, -34.605180053721178 ], [ -58.526235659046208, -34.604029188704153 ], [ -58.52623290969872, -34.604023342571665 ], [ -58.526226407924469, -34.604009517384611 ], [ -58.525769136167696, -34.603037175861658 ], [ -58.524870069430762, -34.601125330922265 ], [ -58.524832859693902, -34.601046203322973 ], [ -58.524725571545517, -34.6013064811196 ], [ -58.524327031711408, -34.602031387966356 ], [ -58.523844473816993, -34.602720501615558 ], [ -58.52328254374185, -34.603367184607521 ], [ -58.522646652238002, -34.603965208011729 ], [ -58.521942922857754, -34.604508811454018 ], [ -58.521178132997044, -34.604992758633784 ], [ -58.520359648621792, -34.605412387794722 ], [ -58.519495353305736, -34.605763656661743 ], [ -58.518593572264223, -34.606043181409269 ], [ -58.517662992117089, -34.606248269284642 ], [ -58.516712577155921, -34.606376944570528 ], [ -58.5157514829246, -34.606427967635682 ], [ -58.514788967949336, -34.606400846889322 ], [ -58.51383430447148, -34.606295843523505 ], [ -58.512896689047132, -34.606113968997548 ], [ -58.511985153878335, -34.605856975288688 ], [ -58.51110847973375, -34.605527338003128 ], [ -58.510275111300906, -34.605128232510964 ], [ -58.509493075788718, -34.604663503335466 ], [ -58.508769905566666, -34.604137627092889 ], [ -58.508112565587865, -34.603555669340949 ], [ -58.507527386296296, -34.602923235753167 ], [ -58.507020002665072, -34.602246418090715 ], [ -58.5065952999526, -34.601531735494021 ], [ -58.50625736669803, -34.6007860716607 ], [ -58.506009455407259, -34.600016608516768 ], [ -58.505853951305511, -34.599230757020941 ], [ -58.505792349454545, -34.598436085769706 ], [ -58.505825240451628, -34.597640248091622 ], [ -58.505952304844037, -34.596850908333558 ], [ -58.506172316309133, -34.596075668048996 ], [ -58.506483153565284, -34.595321992799455 ], [ -58.506516328142411, -34.595261675663913 ], [ -58.506406963596838, -34.595364503264399 ], [ -58.505703195213101, -34.595908014613897 ], [ -58.504938384190886, -34.5963918610205 ], [ -58.504119896701376, -34.596811381699013 ], [ -58.503255616349392, -34.597162535419876 ], [ -58.502353868206932, -34.59744193946743 ], [ -58.501423338577325, -34.597646902252421 ], [ -58.500472991265575, -34.597775449263395 ], [ -58.4995119811636, -34.597826342105598 ], [ -58.498549565986501, -34.597799090443509 ], [ -58.497595017013275, -34.597693956731064 ], [ -58.496657529695746, -34.597511953683899 ], [ -58.495746135000438, -34.597254834517749 ], [ -58.494869612341155, -34.596925076047796 ], [ -58.494036404944474, -34.596525854811624 ], [ -58.493254538466324, -34.596061016447443 ], [ -58.492531543646244, -34.595535038623105 ], [ -58.491874383746179, -34.594952987874393 ], [ -58.491289387474161, -34.594320470770022 ], [ -58.490782188039276, -34.593643579874879 ], [ -58.490357668924872, -34.592928835033824 ], [ -58.490019916901247, -34.592183120542991 ], [ -58.489772182728593, -34.591413618815182 ], [ -58.489616849926442, -34.590627741179574 ], [ -58.489555411907347, -34.589833056483243 ], [ -58.489588457691653, -34.589037218183087 ], [ -58.489715666337204, -34.588247890630846 ], [ -58.489935810133645, -34.587472675261495 ], [ -58.490176825618065, -34.586888548273926 ], [ -58.489275233902234, -34.586862943571923 ], [ -58.48832081953239, -34.586757733571325 ], [ -58.487383473557607, -34.586575655240708 ], [ -58.486472225581458, -34.586318462521255 ], [ -58.485595853602987, -34.585988632936662 ], [ -58.484762799395924, -34.585589343709522 ], [ -58.483981087139263, -34.585124441132763 ], [ -58.48325824608586, -34.584598403492372 ], [ -58.482601238015619, -34.584016297899886 ], [ -58.482016390173399, -34.583383731451683 ], [ -58.481509334338206, -34.582706797187271 ], [ -58.481084952610161, -34.581992015368506 ], [ -58.480747330436508, -34.581246270646893 ], [ -58.480499717327305, -34.580476745725619 ], [ -58.480469794745581, -34.580325247795351 ], [ -58.479675734695114, -34.580647740079499 ], [ -58.478774077440718, -34.580926967989249 ], [ -58.477843665788754, -34.581131748193144 ], [ -58.476893462407432, -34.581260107939819 ], [ -58.475932620801345, -34.5813108106397 ], [ -58.474970397061092, -34.581283367790157 ], [ -58.474016060619711, -34.581178043687899 ], [ -58.473078804879449, -34.580995852883483 ], [ -58.472167658573511, -34.58073855040206 ], [ -58.471291398720297, -34.580408614825039 ], [ -58.470458466012012, -34.58000922439625 ], [ -58.469676883455847, -34.579544226383526 ], [ -58.468954179053846, -34.579018099992091 ], [ -58.468297313268195, -34.578435913188102 ], [ -58.46771261197199, -34.577803273849725 ], [ -58.467205705531562, -34.577126275718015 ], [ -58.466781474607174, -34.576411439669258 ], [ -58.466444003192962, -34.575665650876431 ], [ -58.466196539346569, -34.574896092466297 ], [ -58.466041463984723, -34.574110176312153 ], [ -58.465980268041903, -34.573315471630295 ], [ -58.466013538208905, -34.572519632068406 ], [ -58.466140951384979, -34.571730321988852 ], [ -58.466361277892815, -34.570955142656928 ], [ -58.466672393421611, -34.570201559045167 ], [ -58.467071299579395, -34.569476827958027 ], [ -58.467554152852735, -34.568787928168625 ], [ -58.468116301692248, -34.568141493239523 ], [ -58.468752331363468, -34.567543747673113 ], [ -58.469456116129685, -34.567000447005526 ], [ -58.470220878262197, -34.566516822419082 ], [ -58.471039253309605, -34.566097530405443 ], [ -58.471903360997445, -34.565746607962446 ], [ -58.472734628382646, -34.565489189247565 ], [ -58.472717300614306, -34.565264368963447 ], [ -58.472750506147591, -34.564468528265742 ], [ -58.472877845925289, -34.563679212078974 ], [ -58.473098090977807, -34.562904021727817 ], [ -58.473409117779475, -34.562150422291467 ], [ -58.473807928793192, -34.561425670727346 ], [ -58.474290681422005, -34.560736746006384 ], [ -58.474852725085654, -34.560090281931679 ], [ -58.475488646062303, -34.559492503286855 ], [ -58.476192319661372, -34.558949165926933 ], [ -58.476956969224027, -34.558465501387936 ], [ -58.477775231381976, -34.558046166546518 ], [ -58.478639226946811, -34.557695198813008 ], [ -58.479540636747636, -34.557415977288002 ], [ -58.480470781688616, -34.557211190254577 ], [ -58.481420706257595, -34.55708280931843 ], [ -58.482381264684555, -34.557032070443483 ], [ -58.483343208923465, -34.557059462064707 ], [ -58.484297277613997, -34.557164720392315 ], [ -58.484802653373059, -34.557262943404467 ], [ -58.484182872784153, -34.556811752711724 ], [ -58.483526084358566, -34.556229644080048 ], [ -58.48294143219055, -34.555597074457729 ], [ -58.482434546175696, -34.554920136913772 ], [ -58.482010306780339, -34.554205351740606 ], [ -58.481672798083252, -34.553459603621199 ], [ -58.481425268504502, -34.552690075290748 ], [ -58.481270099597182, -34.551904178333338 ], [ -58.481208783200017, -34.551109481781054 ], [ -58.481241907167004, -34.550313639204241 ], [ -58.481369149808216, -34.549524314995367 ], [ -58.481589283091111, -34.548749110557054 ], [ -58.481900184567714, -34.547995491104992 ], [ -58.482298857908788, -34.547270713790148 ], [ -58.48278146184385, -34.546581757832243 ], [ -58.483343347224782, -34.545935257336083 ], [ -58.483979101853812, -34.545337437436729 ], [ -58.484682602641769, -34.544794054387197 ], [ -58.485447074593012, -34.544310340164046 ], [ -58.486265156048411, -34.543890952122823 ], [ -58.487091893462988, -34.543554994813491 ], [ -58.486600960758771, -34.543338260811474 ], [ -58.486583363110647, -34.543330492030094 ], [ -58.486583056959894, -34.54333035687462 ], [ -58.486560872312957, -34.54332056285282 ], [ -58.486057980233731, -34.543098545629306 ], [ -58.48589181706371, -34.543025187117891 ], [ -58.485869327728047, -34.543015258391016 ], [ -58.485157821584153, -34.542701135024259 ], [ -58.485135331574888, -34.542691205787314 ], [ -58.484384888978781, -34.542359885051667 ], [ -58.484362400000869, -34.542349956046053 ], [ -58.483650557765422, -34.542035670473659 ], [ -58.483580277206059, -34.542004640536895 ], [ -58.483557787571719, -34.541994711007575 ], [ -58.482581539944768, -34.541563675954542 ], [ -58.482559051395377, -34.541553746614795 ], [ -58.482077467796842, -34.541341112080623 ], [ -58.481516741993246, -34.541695895799144 ], [ -58.480461493453802, -34.542510941741554 ], [ -58.479507850451604, -34.543407643474985 ], [ -58.47866499804401, -34.544377367699838 ], [ -58.477941055461308, -34.545410777732251 ], [ -58.477342997833539, -34.546497923333554 ], [ -58.477209861262146, -34.546820603262148 ], [ -58.477051137594252, -34.546469809411867 ], [ -58.476414917737877, -34.545397598072192 ], [ -58.475654767087782, -34.544382144148344 ], [ -58.474778008835415, -34.54343322473774 ], [ -58.473793088046136, -34.542559976030631 ], [ -58.472709490275037, -34.541770805416647 ], [ -58.471537650207104, -34.541073310611928 ], [ -58.470288851202305, -34.540474206582275 ], [ -58.468975116711533, -34.539979260962248 ], [ -58.467609094605713, -34.539593238588907 ], [ -58.466203935527957, -34.539319855681377 ], [ -58.464773166433602, -34.539161744104874 ], [ -58.463330560529229, -34.539120426061245 ], [ -58.461890004855057, -34.539196299448498 ], [ -58.460465366777093, -34.539388634029493 ], [ -58.459070360666139, -34.539695578446626 ], [ -58.457718416038674, -34.540114178015791 ], [ -58.456422548421301, -34.540640403129473 ], [ -58.455195234174468, -34.541269187997472 ], [ -58.454048290474908, -34.541994479354706 ], [ -58.452992761606971, -34.542809294670114 ], [ -58.452038812654479, -34.543705789299288 ], [ -58.451472197485444, -34.54435732214742 ], [ -58.450879096340977, -34.544072669881849 ], [ -58.449565411739854, -34.543577514165371 ], [ -58.448199411853629, -34.543191274017019 ], [ -58.446794247113409, -34.542917667750608 ], [ -58.445363444530152, -34.542759329379614 ], [ -58.443920777633132, -34.542717783287038 ], [ -58.442480134049163, -34.542793429564149 ], [ -58.441055381989088, -34.542985540158057 ], [ -58.439660236918854, -34.543292265865603 ], [ -58.438308129689858, -34.54371065410654 ], [ -58.437012077390612, -34.544236677306543 ], [ -58.435784558155703, -34.54486527161842 ], [ -58.434637391131247, -34.54559038561122 ], [ -58.433581622747433, -34.546405038461586 ], [ -58.432627420389878, -34.547301387089888 ], [ -58.43178397449158, -34.548270801598441 ], [ -58.431059409987945, -34.549303948288831 ], [ -58.430460707989099, -34.550390879462483 ], [ -58.429993638426943, -34.551521129142841 ], [ -58.429662704329935, -34.552683813800662 ], [ -58.429471098268671, -34.553867737114743 ], [ -58.429420671398667, -34.555061497761344 ], [ -58.429511915406692, -34.556253599195635 ], [ -58.429743957543117, -34.557432560368788 ], [ -58.430114568797087, -34.558587026314292 ], [ -58.430620185144733, -34.559705877537951 ], [ -58.431255941673953, -34.560778337156826 ], [ -58.432015719264996, -34.561794074753003 ], [ -58.432537030426609, -34.562358657535619 ], [ -58.43192957479156, -34.562605118265871 ], [ -58.430701750552373, -34.563233667277977 ], [ -58.429554291199359, -34.563958738733014 ], [ -58.428498245975405, -34.564773352218708 ], [ -58.427543784930727, -34.565669665036175 ], [ -58.426700100989123, -34.566639047634411 ], [ -58.425975321379099, -34.567672166624178 ], [ -58.425376429284135, -34.568759074575539 ], [ -58.424909196469514, -34.569889305737355 ], [ -58.42460149518223, -34.570969913666282 ], [ -58.424197457394882, -34.570855622226816 ], [ -58.422791892539045, -34.570581750390829 ], [ -58.421360649448246, -34.570423141918511 ], [ -58.420244098623186, -34.570390789002765 ], [ -58.419101621375276, -34.569959968112784 ], [ -58.417735314123533, -34.569573395786179 ], [ -58.416329789528447, -34.569299448404621 ], [ -58.414898578062768, -34.569140763261402 ], [ -58.413455457187794, -34.569098868073972 ], [ -58.412014318894911, -34.569174166290722 ], [ -58.410589036150512, -34.569365933206434 ], [ -58.409193329521365, -34.569672322924099 ], [ -58.407840635256413, -34.570090386096396 ], [ -58.406543976086787, -34.570616098277711 ], [ -58.405315835980851, -34.571244398615178 ], [ -58.404168040053833, -34.571969238509141 ], [ -58.403111640783379, -34.572783639777107 ], [ -58.402156811622959, -34.573679761764474 ], [ -58.401312749035668, -34.574648976759292 ], [ -58.400587583891472, -34.575681952988404 ], [ -58.39998830308253, -34.576768744399352 ], [ -58.399520682114634, -34.577898886366519 ], [ -58.399189229328329, -34.57906149640322 ], [ -58.398997142293318, -34.580245378912217 ], [ -58.39899580571484, -34.580276747116983 ], [ -58.397805622492058, -34.579827743931169 ], [ -58.396439242251063, -34.579440935265126 ], [ -58.395033611544008, -34.579166745330845 ], [ -58.393602261865205, -34.57900781375416 ], [ -58.392158972005454, -34.578965670622424 ], [ -58.390717635580948, -34.579040721768521 ], [ -58.389292127462518, -34.579232244863526 ], [ -58.387896170382909, -34.579538396355751 ], [ -58.386543202997835, -34.579956229189747 ], [ -58.385246250663023, -34.580481721136316 ], [ -58.384017800164216, -34.581109813462312 ], [ -58.383807894148866, -34.581242299163328 ], [ -58.38360419041549, -34.580606779695039 ], [ -58.383099060728377, -34.579487725196664 ], [ -58.382463762927159, -34.578415006349957 ], [ -58.381704418850617, -34.577398951982232 ], [ -58.380828343947563, -34.5764493449771 ], [ -58.379843976727273, -34.575575328147472 ], [ -58.378760797437288, -34.574785316278209 ], [ -58.377589236753977, -34.574086915182235 ], [ -58.377561670461418, -34.574073667940475 ], [ -58.376118713609067, -34.573958541780407 ], [ -58.376118680918886, -34.573958539052775 ], [ -58.375519610281749, -34.57391112648191 ], [ -58.375443919500846, -34.573930735733043 ], [ -58.374112816862741, -34.574694944905687 ], [ -58.373300541440088, -34.575161273758475 ], [ -58.372334808904839, -34.575710870182959 ], [ -58.372316100860537, -34.575721516499833 ], [ -58.371769242850597, -34.57603272689866 ], [ -58.371281944702318, -34.576310039086948 ], [ -58.371363721205711, -34.576319135298782 ], [ -58.372300729696995, -34.576502114292083 ], [ -58.373211547830905, -34.576760171359219 ], [ -58.37408740610487, -34.577090821892391 ], [ -58.374688657711857, -34.577379768239119 ], [ -58.375556645122941, -34.577448415862918 ], [ -58.376010446696014, -34.577484303767086 ], [ -58.376014784741571, -34.577484784624929 ], [ -58.376015062611799, -34.577484815472076 ], [ -58.376016089098705, -34.577484927982908 ], [ -58.376021785985479, -34.577485558547345 ], [ -58.376046345176654, -34.577489500912748 ], [ -58.376047823380723, -34.577490893093355 ], [ -58.376048074099508, -34.577491129221649 ], [ -58.376048675085713, -34.577491694845044 ], [ -58.376050586915284, -34.577493494365179 ], [ -58.376050953002597, -34.577493838946872 ], [ -58.376066649147695, -34.577508613025756 ], [ -58.376072750466477, -34.577514355860785 ], [ -58.376071267099107, -34.577527481214808 ], [ -58.376071116420725, -34.577528814469702 ], [ -58.376066344604524, -34.577571037140494 ], [ -58.376065526887068, -34.577578272581512 ], [ -58.376058820279447, -34.577637623950693 ], [ -58.376057614692854, -34.577648295064996 ], [ -58.376052700991551, -34.57768766581664 ], [ -58.376051551412466, -34.577696883873031 ], [ -58.376051493394158, -34.577697130822145 ], [ -58.376049786578761, -34.577704587996251 ], [ -58.376048787016515, -34.577708951983738 ], [ -58.376045395333996, -34.577716418770443 ], [ -58.376043062333999, -34.577719262902775 ], [ -58.376040989041627, -34.577721789918975 ], [ -58.376032645256473, -34.577728188581482 ], [ -58.376021229287637, -34.577735618981613 ], [ -58.376021196570527, -34.577735640592437 ], [ -58.375666984526703, -34.577936266065201 ], [ -58.375700927863065, -34.57795650080552 ], [ -58.376423054576357, -34.578483194168435 ], [ -58.377079297426057, -34.579065891159367 ], [ -58.377663336321703, -34.579698981187981 ], [ -58.378169546013716, -34.580376368327627 ], [ -58.378593050291848, -34.581091529981165 ], [ -58.378929768989416, -34.581837579658249 ], [ -58.379176457338417, -34.582607333261087 ], [ -58.379330737294651, -34.583393378241759 ], [ -58.379391120527863, -34.584188144965964 ], [ -58.379357022852432, -34.584983979597027 ], [ -58.379228769955667, -34.585773217798739 ], [ -58.379007594364715, -34.586548258547637 ], [ -58.378995881789244, -34.586576543525808 ], [ -58.379905347042666, -34.586529279263146 ], [ -58.380867626744887, -34.586557471202028 ], [ -58.38182193331032, -34.586663525261663 ], [ -58.382759078863153, -34.586846420311375 ], [ -58.383670040623308, -34.587104395405383 ], [ -58.383820495948314, -34.5871611720899 ], [ -58.384129356097816, -34.586721439070409 ], [ -58.384692280576978, -34.586075371691386 ], [ -58.385329055255646, -34.58547804483787 ], [ -58.386033547230966, -34.584935210012013 ], [ -58.386798971972709, -34.584452093909441 ], [ -58.38761795865765, -34.584033348125601 ], [ -58.38848262113018, -34.583683004399653 ], [ -58.389384633806678, -34.5834044358255 ], [ -58.390315311794474, -34.583200324401886 ], [ -58.391265694455853, -34.583072635232767 ], [ -58.39222663161565, -34.583022597625529 ], [ -58.393188871585231, -34.583050693267424 ], [ -58.394143150159103, -34.583156651594869 ], [ -58.395080279730962, -34.583339452398278 ], [ -58.395991237674778, -34.583597335638679 ], [ -58.396867253143739, -34.58392781838127 ], [ -58.397699891454735, -34.584327718683483 ], [ -58.398481135248879, -34.584793186208685 ], [ -58.399203461649051, -34.585319739271604 ], [ -58.399859914673755, -34.585902307960183 ], [ -58.400444172210911, -34.586535282920067 ], [ -58.400950606907436, -34.58721256933346 ], [ -58.40108539414333, -34.587440032609031 ], [ -58.401157729097491, -34.587394364296607 ], [ -58.401976668673122, -34.586975523361232 ], [ -58.402841297309337, -34.586625078753251 ], [ -58.403743289747382, -34.586346404537451 ], [ -58.404673961288708, -34.586142183729137 ], [ -58.405624351357226, -34.586014382484827 ], [ -58.405708382084747, -34.586009997323103 ], [ -58.405580584674226, -34.585871558850947 ], [ -58.40507412160575, -34.585194292228529 ], [ -58.404650371587955, -34.584479228960298 ], [ -58.404313413977462, -34.583733256405147 ], [ -58.404066491878382, -34.582963559456608 ], [ -58.403911980985733, -34.582177551318701 ], [ -58.403851366794562, -34.581382802089642 ], [ -58.403885230391083, -34.580586965841974 ], [ -58.404013242958804, -34.579797706901871 ], [ -58.404234169048586, -34.579022626037947 ], [ -58.404545878577345, -34.578269187270443 ], [ -58.404945367435758, -34.577544646005329 ], [ -58.405428786503073, -34.576855979184565 ], [ -58.405991478786291, -34.576209818124653 ], [ -58.40662802432341, -34.575612384688775 ], [ -58.407332292416179, -34.575069431406178 ], [ -58.408097500688086, -34.574586186113599 ], [ -58.408916280398053, -34.574167301650668 ], [ -58.409780747381049, -34.573816811091802 ], [ -58.410682577933521, -34.57353808894446 ], [ -58.411613088914173, -34.573333818685526 ], [ -58.41256332129138, -34.573205966947626 ], [ -58.413524126335254, -34.573155764602419 ], [ -58.414486253627921, -34.573183694922413 ], [ -58.415440440047846, -34.57328948893457 ], [ -58.416377498875526, -34.57347212801028 ], [ -58.417288408166073, -34.573729853666627 ], [ -58.418164397541588, -34.574060184484985 ], [ -58.418997032571156, -34.574459939984663 ], [ -58.419043365135337, -34.574487536589061 ], [ -58.419986492213702, -34.574438208113349 ], [ -58.420948634633788, -34.574466087053217 ], [ -58.421902842143048, -34.574571829944261 ], [ -58.422839927819219, -34.574754418649775 ], [ -58.423750869459298, -34.575012095171552 ], [ -58.424626896374427, -34.575342378563846 ], [ -58.425459573772777, -34.575742088802436 ], [ -58.426240883921025, -34.576207377379845 ], [ -58.426963303305591, -34.576733764333206 ], [ -58.427619875052287, -34.577316181349588 ], [ -58.428204275908797, -34.577949020535065 ], [ -58.428710877145029, -34.578626188379609 ], [ -58.4291347987851, -34.579341164399402 ], [ -58.42947195664744, -34.580087063893934 ], [ -58.429719101738542, -34.580856704214263 ], [ -58.429873851618517, -34.581642673906416 ], [ -58.429934713433553, -34.582437404064393 ], [ -58.429901098390033, -34.583233241207068 ], [ -58.42977332752718, -34.584022520977534 ], [ -58.42962030723222, -34.58455994831418 ], [ -58.430317571926032, -34.584695744094468 ], [ -58.431228644253693, -34.584953361121279 ], [ -58.432104804593791, -34.585283586982484 ], [ -58.432937616871037, -34.585683242207899 ], [ -58.433719062054543, -34.586148478819958 ], [ -58.434441615331437, -34.586674817356439 ], [ -58.43509831853914, -34.587257189971041 ], [ -58.435682847159981, -34.587889989197926 ], [ -58.436189571233918, -34.588567121912348 ], [ -58.436613609602226, -34.589282067969457 ], [ -58.436950876959067, -34.590027942957882 ], [ -58.437198123255989, -34.59079756446539 ], [ -58.437352965077707, -34.591583521219803 ], [ -58.437370792663181, -34.591816000326936 ], [ -58.43810345395508, -34.59158941894583 ], [ -58.439034089932179, -34.591384936807628 ], [ -58.439984477109988, -34.59125686780709 ], [ -58.440945465269095, -34.591206444906256 ], [ -58.441306342804587, -34.591216836555432 ], [ -58.441263808640571, -34.59066250720003 ], [ -58.441297315610072, -34.589866670489712 ], [ -58.441424983964076, -34.589077381873686 ], [ -58.441645581566227, -34.588302242408737 ], [ -58.441956981494052, -34.587548716681617 ], [ -58.4423561826164, -34.586824060937531 ], [ -58.442839338579695, -34.586135253222366 ], [ -58.443401794920618, -34.585488926210445 ], [ -58.444038133945121, -34.58489130336369 ], [ -58.444742226939574, -34.58434813903537 ], [ -58.445507293209722, -34.583864663094218 ], [ -58.446325965378371, -34.583445530600102 ], [ -58.447190360313016, -34.583094777014672 ], [ -58.448092155001412, -34.58281577937661 ], [ -58.448165304135415, -34.58279969920045 ], [ -58.448345176658883, -34.582744049015332 ], [ -58.449275686818986, -34.582539491555906 ], [ -58.450225955106809, -34.582411345504106 ], [ -58.45118683244641, -34.582360844563446 ], [ -58.452149067724278, -34.582388474879451 ], [ -58.453103396780385, -34.582493970365796 ], [ -58.454040631523775, -34.582676315266411 ], [ -58.454951748318273, -34.582933753929282 ], [ -58.455827974791085, -34.583263807697904 ], [ -58.456660874231765, -34.583663298758282 ], [ -58.457442426772118, -34.584128380712961 ], [ -58.458165106567726, -34.584654575588544 ], [ -58.458821954240086, -34.585236816921977 ], [ -58.459406643882907, -34.585869498511691 ], [ -58.45991354398798, -34.58654652836627 ], [ -58.46033777170377, -34.58726138733202 ], [ -58.460675239903146, -34.588007191837264 ], [ -58.460922696605373, -34.588776760149713 ], [ -58.461077756370443, -34.589562681510813 ], [ -58.461138923360323, -34.590357387482165 ], [ -58.461105605841823, -34.591153224817731 ], [ -58.460978121987608, -34.591942529160839 ], [ -58.460757696915465, -34.592717698856404 ], [ -58.460446450990602, -34.593471268167484 ], [ -58.460047379499429, -34.594195979190985 ], [ -58.459564323887278, -34.594884851778922 ], [ -58.459001934833601, -34.595531250791197 ], [ -58.458365627517665, -34.596128950031023 ], [ -58.457661529503362, -34.596672192245862 ], [ -58.456896421743807, -34.597155744614483 ], [ -58.456077673273043, -34.597574949184278 ], [ -58.45521317021408, -34.597925767771372 ], [ -58.454311239787984, -34.598204820889592 ], [ -58.45423807857469, -34.598220905021542 ], [ -58.454058177309022, -34.598276564499038 ], [ -58.453127506092343, -34.59848116204369 ], [ -58.452177060939007, -34.598609334857251 ], [ -58.451215997685054, -34.598659848151783 ], [ -58.450855087752657, -34.598649486670595 ], [ -58.450897691550992, -34.599203810278823 ], [ -58.450864275786863, -34.599999646244349 ], [ -58.45073668418101, -34.600788941550817 ], [ -58.450516142888134, -34.60156409462941 ], [ -58.450204773392095, -34.602317639902431 ], [ -58.449805572169097, -34.603042319697487 ], [ -58.449322381913937, -34.603731154166596 ], [ -58.448759854603104, -34.604377508536125 ], [ -58.448123406748032, -34.604975157038616 ], [ -58.448066884510112, -34.605018753524142 ], [ -58.448090816968595, -34.605050718779658 ], [ -58.448515044814826, -34.605765616944311 ], [ -58.448852489453024, -34.606511452742048 ], [ -58.449099899126651, -34.607281044139071 ], [ -58.449254888845857, -34.608066980154227 ], [ -58.44931596344442, -34.608861692207483 ], [ -58.449282532076332, -34.609657526993495 ], [ -58.449154914008282, -34.610446820179284 ], [ -58.448934335648588, -34.611221970216242 ], [ -58.448622918837032, -34.611975511555677 ], [ -58.448223660504567, -34.612700186562776 ], [ -58.447740403895239, -34.613389015435295 ], [ -58.447247152227305, -34.61395569038509 ], [ -58.447651848649471, -34.613700020951732 ], [ -58.448470796937983, -34.61328086898785 ], [ -58.449335486967648, -34.612930094344499 ], [ -58.450237592886481, -34.612651074262054 ], [ -58.451168428902243, -34.61244649508366 ], [ -58.452119032855308, -34.612318326413849 ], [ -58.453080252440756, -34.612267802173442 ], [ -58.454042833252977, -34.612295408732095 ], [ -58.45499750780823, -34.612400880232194 ], [ -58.455935084692115, -34.61258320114888 ], [ -58.455985851466643, -34.612597539067181 ], [ -58.456099114401027, -34.612391920018176 ], [ -58.456582295243663, -34.611703059793811 ], [ -58.457144807923044, -34.611056670378012 ], [ -58.457781234200013, -34.610458975832948 ], [ -58.458485444518679, -34.609915731201546 ], [ -58.45925065705358, -34.609432167124716 ], [ -58.460069503018268, -34.609012939509924 ], [ -58.460934097606611, -34.60866208473351 ], [ -58.461836115884424, -34.608382980807257 ], [ -58.462766872902222, -34.608178314881293 ], [ -58.463717407260035, -34.608050057394969 ], [ -58.463810646898303, -34.608045147769971 ], [ -58.463818070390097, -34.608027175541785 ], [ -58.46421717040198, -34.607302452927442 ], [ -58.464700255035027, -34.606613562423092 ], [ -58.465262670509404, -34.6059671375004 ], [ -58.465898999521485, -34.605369402563845 ], [ -58.466603113451306, -34.604826113045647 ], [ -58.467368231400734, -34.604342500019193 ], [ -58.468186985493233, -34.603923219863361 ], [ -58.469051491806347, -34.603572309460525 ], [ -58.469953426254889, -34.603293147357959 ], [ -58.470884104695614, -34.603088421265781 ], [ -58.471834566484247, -34.602960102202402 ], [ -58.472795660683126, -34.602909425535891 ], [ -58.47375813409262, -34.602936879102543 ], [ -58.474712720262211, -34.603042198516775 ], [ -58.475650228628055, -34.603224369716997 ], [ -58.476561632922305, -34.603481638723096 ], [ -58.477438158006976, -34.603811528511784 ], [ -58.478271364299459, -34.604210862847935 ], [ -58.479053228979794, -34.604675796843416 ], [ -58.479776223200645, -34.605201853950085 ], [ -58.480433384558154, -34.605783969032309 ], [ -58.481018384127275, -34.606416537105318 ], [ -58.481525587416684, -34.607093467272108 ], [ -58.48195010865598, -34.607808241340443 ], [ -58.482287857891485, -34.608553976557808 ], [ -58.482535580435503, -34.609323491860856 ], [ -58.482690888286676, -34.610109377003255 ], [ -58.482752283215973, -34.610904063897038 ], [ -58.482719171292679, -34.611699899481501 ], [ -58.482591868706599, -34.612489219418244 ], [ -58.482371598826589, -34.613264421903175 ], [ -58.48206048051977, -34.614018040884581 ], [ -58.481661507839931, -34.614742817981643 ], [ -58.481178521277215, -34.615431772410403 ], [ -58.480616170842637, -34.616078268242596 ], [ -58.479979871340404, -34.616676078348718 ], [ -58.479275750256434, -34.617219444407851 ], [ -58.478510588763776, -34.61770313240519 ], [ -58.47769175641232, -34.618122483080725 ], [ -58.476827140131967, -34.618473456842089 ], [ -58.47592506823387, -34.61875267270716 ], [ -58.474994230143388, -34.618957440899777 ], [ -58.474043592640065, -34.619085788783586 ], [ -58.473950341568909, -34.619090706522606 ], [ -58.473942919388037, -34.619108679305533 ], [ -58.473543852405413, -34.61983343167816 ], [ -58.473060769603769, -34.620522355859023 ], [ -58.472498321921378, -34.621168816210712 ], [ -58.471861925099617, -34.621766585945039 ], [ -58.471157707562426, -34.622309907129591 ], [ -58.470392451412678, -34.622793546181569 ], [ -58.469573527112914, -34.623212844312249 ], [ -58.468708822479606, -34.62356376243541 ], [ -58.467806666675941, -34.62384292010487 ], [ -58.466875749936435, -34.624047628105203 ], [ -58.465925039799089, -34.624175914380139 ], [ -58.4649636946546, -34.624226543047882 ], [ -58.464000975448734, -34.624199026319239 ], [ -58.463411073441769, -34.624133911266135 ], [ -58.463642437810542, -34.624244805473609 ], [ -58.464424416467203, -34.624709829088552 ], [ -58.465147500075076, -34.625235969187912 ], [ -58.465804725368258, -34.625818159837735 ], [ -58.466389762804205, -34.626450795326257 ], [ -58.466896977524719, -34.627127784107742 ], [ -58.4673214836467, -34.627842607425805 ], [ -58.467659191359189, -34.62858838205365 ], [ -58.467906846371314, -34.629357926548181 ], [ -58.468062061328965, -34.630143830381471 ], [ -58.468123338894713, -34.630938525284897 ], [ -58.468090086265221, -34.631734358119715 ], [ -58.467962620982831, -34.632523664572922 ], [ -58.467742167981051, -34.633298842969147 ], [ -58.467430847888878, -34.634052427487362 ], [ -58.467031656702211, -34.634777160077341 ], [ -58.46654843701495, -34.635466060382491 ], [ -58.465985841083274, -34.636112492994563 ], [ -58.465349286076282, -34.636710231391767 ], [ -58.464644901941753, -34.637253517942824 ], [ -58.463879472387809, -34.637737119397904 ], [ -58.463060369548145, -34.638156377329864 ], [ -58.462195482960198, -34.638507253039258 ], [ -58.461293143541219, -34.638786366488176 ], [ -58.460362043295994, -34.638991028886984 ], [ -58.459411151531867, -34.639119268618657 ], [ -58.458449628390831, -34.639169850249822 ], [ -58.457486736534896, -34.639142286444709 ], [ -58.456531751838995, -34.639036842666243 ], [ -58.455593873955401, -34.63885453461932 ], [ -58.454682137614995, -34.638597118460304 ], [ -58.453805325523511, -34.638267073867851 ], [ -58.45297188369522, -34.637867580138199 ], [ -58.452189840042692, -34.637402485536725 ], [ -58.451466727009304, -34.636876270201526 ], [ -58.450809508991782, -34.63629400295779 ], [ -58.450224515253048, -34.63566129246076 ], [ -58.449717378972075, -34.634984233138702 ], [ -58.449600142433432, -34.634786751913239 ], [ -58.449190525083857, -34.63484196009582 ], [ -58.448229042068128, -34.634892460068741 ], [ -58.447266200143837, -34.634864814196845 ], [ -58.446311274704428, -34.634759288734095 ], [ -58.445373464830652, -34.634576900172704 ], [ -58.444461804597431, -34.634319405444977 ], [ -58.443585075976422, -34.633989284986662 ], [ -58.442751724176809, -34.633589718824979 ], [ -58.441969776242885, -34.633124555923054 ], [ -58.441246763694927, -34.632598277076816 ], [ -58.440589649960778, -34.632015951723041 ], [ -58.440004763297956, -34.631383189076331 ], [ -58.439497735853259, -34.630706084066887 ], [ -58.439073449446489, -34.629991158601442 ], [ -58.438735988599369, -34.629245298714721 ], [ -58.438488601260481, -34.628475688218138 ], [ -58.438333667602059, -34.627689739486108 ], [ -58.438272677186163, -34.62689502204757 ], [ -58.43830621471681, -34.626099189671478 ], [ -58.43843395451146, -34.625309906648909 ], [ -58.438654663741112, -34.624534773982184 ], [ -58.438966214404104, -34.623781256191755 ], [ -58.439365603913977, -34.623056609445314 ], [ -58.439848984099903, -34.622367811700819 ], [ -58.440411698337016, -34.621721495535198 ], [ -58.441048326446293, -34.621123884304389 ], [ -58.441752736929722, -34.620580732248364 ], [ -58.442518146036043, -34.620097269116123 ], [ -58.44333718308787, -34.619678149842812 ], [ -58.443452009663929, -34.619631578562725 ], [ -58.443568283424469, -34.618912819914591 ], [ -58.443788929782457, -34.618137678777437 ], [ -58.444100411735114, -34.617384148854711 ], [ -58.444499727358028, -34.616659486431395 ], [ -58.444983029192109, -34.615970669616857 ], [ -58.44547630801106, -34.61540400332418 ], [ -58.445071596569505, -34.615659665841768 ], [ -58.444252607417916, -34.616078795829786 ], [ -58.443387862499996, -34.616429535605583 ], [ -58.442485691368539, -34.616708506441874 ], [ -58.441554784406819, -34.616913020924024 ], [ -58.440604109059286, -34.617041108861095 ], [ -58.439642823381639, -34.617091536283098 ], [ -58.438680187746364, -34.6170638173407 ], [ -58.437725475557812, -34.616958218992181 ], [ -58.436787883840495, -34.616775758431992 ], [ -58.435876444565814, -34.616518193286062 ], [ -58.434999937575029, -34.616188004668295 ], [ -58.434166805940613, -34.615788373262205 ], [ -58.433385074584535, -34.615323148658895 ], [ -58.432662272939652, -34.614796812247974 ], [ -58.432005362401391, -34.614214434019985 ], [ -58.431420669269599, -34.613581623697996 ], [ -58.430913823826941, -34.612904476670444 ], [ -58.430489706140612, -34.61218951524782 ], [ -58.43015239910811, -34.611443625810217 ], [ -58.429905149197857, -34.610673992452703 ], [ -58.429750335260138, -34.609888027769024 ], [ -58.429689445705932, -34.609093301440907 ], [ -58.429723064270135, -34.608297467322252 ], [ -58.429850864492188, -34.607508189720406 ], [ -58.430071612963715, -34.606733069585104 ], [ -58.43038318130764, -34.605979571315906 ], [ -58.430782566769686, -34.605254950892494 ], [ -58.431265921220302, -34.604566186019476 ], [ -58.431828588284461, -34.60391990895755 ], [ -58.432465148239146, -34.603322342686575 ], [ -58.432521677779164, -34.603278753245696 ], [ -58.432497751711331, -34.603246784765247 ], [ -58.432073672764304, -34.602531826872919 ], [ -58.431736393915408, -34.601785940054221 ], [ -58.431489161362705, -34.601016308378838 ], [ -58.431334353790476, -34.600230344424169 ], [ -58.431316540348966, -34.599997864373435 ], [ -58.430583786109679, -34.600224406972679 ], [ -58.429653029236583, -34.600428827307375 ], [ -58.428702519279064, -34.600556818604254 ], [ -58.427741412698396, -34.600607147825023 ], [ -58.426778968140312, -34.600579330066964 ], [ -58.425824457166705, -34.600473633240746 ], [ -58.424887074861829, -34.600291075489856 ], [ -58.423975851177801, -34.600033415376664 ], [ -58.423895990569697, -34.600003315580025 ], [ -58.424253345932883, -34.600480898882942 ], [ -58.424677347749913, -34.601195886110517 ], [ -58.425014561587894, -34.601941794136017 ], [ -58.425261737911718, -34.602711440228781 ], [ -58.425416493977998, -34.603497412879335 ], [ -58.425477336870429, -34.604292143153252 ], [ -58.425443677974698, -34.605087977568083 ], [ -58.425315838749469, -34.605877251792798 ], [ -58.42509504773416, -34.60665236445984 ], [ -58.424783428818181, -34.607405850379109 ], [ -58.424383980880975, -34.608130452448243 ], [ -58.423900548994915, -34.608819191566539 ], [ -58.423337787465599, -34.609465433877553 ], [ -58.422701115062544, -34.610062954692296 ], [ -58.421996662869219, -34.610605998475613 ], [ -58.421231215253691, -34.611089334316894 ], [ -58.420412144527262, -34.611508306348853 ], [ -58.419547339920769, -34.61185887862765 ], [ -58.418645131563594, -34.612137674040198 ], [ -58.417714210198803, -34.612342006862626 ], [ -58.417312089382762, -34.612396108757295 ], [ -58.417365833317632, -34.612454293835931 ], [ -58.41787256785873, -34.613131499989471 ], [ -58.418296583987036, -34.613846507724844 ], [ -58.418633796607317, -34.614592432036751 ], [ -58.418880956194485, -34.615362090037621 ], [ -58.419035680164541, -34.616148070103264 ], [ -58.419096475908454, -34.616942803227538 ], [ -58.419062755264221, -34.617738635900196 ], [ -58.418934840283541, -34.618527903806509 ], [ -58.41871396023393, -34.619303005639239 ], [ -58.418402239861067, -34.62005647631193 ], [ -58.418002679020532, -34.620781058868495 ], [ -58.417519123871429, -34.621469774395365 ], [ -58.416956229906205, -34.622115989262667 ], [ -58.416319417169873, -34.622713479045053 ], [ -58.4156148180979, -34.623256488505668 ], [ -58.414849218473655, -34.623739787063975 ], [ -58.414029992073431, -34.624158719211316 ], [ -58.413165029628686, -34.624509249387714 ], [ -58.412774189665328, -34.624629985388829 ], [ -58.412874569075512, -34.625140030027971 ], [ -58.412935315797675, -34.625934766361532 ], [ -58.412901535682366, -34.626730597717412 ], [ -58.412773551352885, -34.627519859793111 ], [ -58.412552592743623, -34.628294951337004 ], [ -58.41224078535604, -34.629048407361218 ], [ -58.411841129883172, -34.629772971050144 ], [ -58.411357473395199, -34.630461663671404 ], [ -58.410794472360479, -34.631107851815131 ], [ -58.41015754785542, -34.631705311312892 ], [ -58.409452833392372, -34.632248287219056 ], [ -58.409335943347898, -34.632322059897177 ], [ -58.409453931334546, -34.63247972917712 ], [ -58.409877980659616, -34.633194763345507 ], [ -58.410215203239773, -34.63394070856986 ], [ -58.410462349451549, -34.63471038176133 ], [ -58.410617036836996, -34.635496371149308 ], [ -58.410677773136733, -34.636291107637582 ], [ -58.410645549651768, -34.637049765033758 ], [ -58.410919225306678, -34.637346001254322 ], [ -58.411426067039699, -34.638023229100042 ], [ -58.41150801919602, -34.638161401517969 ], [ -58.411589289642556, -34.638110110552823 ], [ -58.412408663612148, -34.637691192090671 ], [ -58.413273764334335, -34.637340664599662 ], [ -58.414176262007025, -34.63706190294068 ], [ -58.415107467070264, -34.636857590969292 ], [ -58.41605841381508, -34.636729695718294 ], [ -58.41701994663967, -34.636679448477388 ], [ -58.417982808125529, -34.636707332950849 ], [ -58.418937728088885, -34.636813080607155 ], [ -58.419875512754082, -34.636995673264543 ], [ -58.42078713319377, -34.637253352888109 ], [ -58.421663812188292, -34.637583638503969 ], [ -58.422497108671202, -34.637983350068552 ], [ -58.423278998950998, -34.638448639063917 ], [ -58.424001953929505, -34.638975025525674 ], [ -58.424659011575343, -34.639557441148199 ], [ -58.425243843955919, -34.640190278053538 ], [ -58.425508646043852, -34.640543975490544 ], [ -58.425750818182991, -34.640867442756011 ], [ -58.426175050684662, -34.641582414804297 ], [ -58.42651245428037, -34.642328309538023 ], [ -58.426759777603685, -34.643097944355617 ], [ -58.426914636490977, -34.643883907857187 ], [ -58.426975537030728, -34.644678631196982 ], [ -58.426941890048134, -34.645474460959655 ], [ -58.426814016881778, -34.646263732858976 ], [ -58.426593146392683, -34.647038845549467 ], [ -58.426281403230767, -34.64779233384008 ], [ -58.425881787467596, -34.648516940604758 ], [ -58.42539814578813, -34.649205686696348 ], [ -58.424835134515504, -34.649851938189855 ], [ -58.424198174822443, -34.650449470306292 ], [ -58.423493400558321, -34.650992527400085 ], [ -58.422727599193017, -34.651475878430745 ], [ -58.421908146445794, -34.651894867383071 ], [ -58.421042935228783, -34.652245458148748 ], [ -58.420140299590308, -34.65252427343524 ], [ -58.419208934392302, -34.652728627326162 ], [ -58.418257811497604, -34.652856551177756 ], [ -58.417296093277336, -34.652906812601188 ], [ -58.416333044274701, -34.652878927347203 ], [ -58.415377941879612, -34.652773163977287 ], [ -58.41443998687847, -34.652590541277078 ], [ -58.413528214744559, -34.652332818435994 ], [ -58.412651408527047, -34.652002478088782 ], [ -58.411818014181499, -34.65160270238227 ], [ -58.411036059160203, -34.651137342299357 ], [ -58.410313075049331, -34.65061088053627 ], [ -58.409656024999791, -34.650028388292434 ], [ -58.409071236652245, -34.649395476390303 ], [ -58.408564341202812, -34.64871824119767 ], [ -58.408482382846387, -34.648580067166961 ], [ -58.408401100421884, -34.648631356270165 ], [ -58.407581599623661, -34.649050250171257 ], [ -58.406716353585558, -34.649400740150746 ], [ -58.405813696692249, -34.649679449887451 ], [ -58.404882324011155, -34.649883694482241 ], [ -58.403931207477662, -34.650011506344832 ], [ -58.4029695094018, -34.650061654165931 ], [ -58.402006494132593, -34.65003365479128 ], [ -58.401051438734605, -34.649927777882404 ], [ -58.400113543540911, -34.649745043319257 ], [ -58.399201843447763, -34.649487211369433 ], [ -58.398325120809297, -34.649156765719148 ], [ -58.397491820774725, -34.648756889529913 ], [ -58.396709969886544, -34.6482914347527 ], [ -58.39598709872643, -34.647764884995965 ], [ -58.395330169355923, -34.647182312306519 ], [ -58.394745508251916, -34.646549328281402 ], [ -58.39423874538366, -34.645872029982613 ], [ -58.39381476001757, -34.645156941177568 ], [ -58.393477633771006, -34.644410949472643 ], [ -58.393230611365325, -34.643641239946874 ], [ -58.393076069453997, -34.642855225925985 ], [ -58.393015493822816, -34.642060477564932 ], [ -58.393047878409291, -34.641301821515235 ], [ -58.392774251413748, -34.641005544142786 ], [ -58.39226753961713, -34.640328235855193 ], [ -58.391843600839721, -34.639613138477941 ], [ -58.391506516250466, -34.638867139699762 ], [ -58.391259530169968, -34.638097424667514 ], [ -58.391105018902351, -34.637311406759714 ], [ -58.391044467938954, -34.63651665616861 ], [ -58.391078457749586, -34.635720826979266 ], [ -58.391206658295019, -34.634931583448797 ], [ -58.391427832309063, -34.634156526196037 ], [ -58.391739847314994, -34.633403119012002 ], [ -58.392139696256578, -34.632678616996401 ], [ -58.392623526541449, -34.6319899967109 ], [ -58.393186677213826, -34.631343889021437 ], [ -58.393823723896084, -34.630746515274815 ], [ -58.394528531064054, -34.630203627423022 ], [ -58.394645431817246, -34.630129868671418 ], [ -58.394555133254876, -34.63000915797361 ], [ -58.393700739419579, -34.630272925575206 ], [ -58.392769549113439, -34.630477073748331 ], [ -58.391818631237633, -34.630604786617212 ], [ -58.390857146186995, -34.630654833826974 ], [ -58.389894356256633, -34.630626733193175 ], [ -58.38909499558585, -34.630538010692362 ], [ -58.38870690929415, -34.630657800734973 ], [ -58.387775701142417, -34.630861911152309 ], [ -58.386824769872398, -34.63098958535398 ], [ -58.385863276008152, -34.631039593357798 ], [ -58.384900481929797, -34.631011453357281 ], [ -58.383945662569111, -34.630905436369382 ], [ -58.38300801598303, -34.630722563623998 ], [ -58.382096574670506, -34.630464596720195 ], [ -58.381220118490312, -34.630134020644334 ], [ -58.380387090022452, -34.629734019814194 ], [ -58.379605513191173, -34.62926844738098 ], [ -58.378882915936217, -34.628741788085897 ], [ -58.378226257679039, -34.628159115030044 ], [ -58.377834047267143, -34.627734235757934 ], [ -58.376981141547425, -34.627997417331798 ], [ -58.376049931056066, -34.628201438257143 ], [ -58.375099008857063, -34.628329020766493 ], [ -58.374137535387213, -34.628378935761525 ], [ -58.373414073016349, -34.62835772062639 ], [ -58.37308166210817, -34.628738955361811 ], [ -58.372444477766322, -34.629336224097628 ], [ -58.371739529380505, -34.629878987612607 ], [ -58.370973606103, -34.630362017694729 ], [ -58.370154084832002, -34.63078066142139 ], [ -58.369738121135271, -34.630949035625655 ], [ -58.36987008541189, -34.631241309525286 ], [ -58.37011297460095, -34.631117234601014 ], [ -58.370978196482575, -34.63076700424741 ], [ -58.37188077618562, -34.630488553710876 ], [ -58.372812023362542, -34.630284563853053 ], [ -58.373762971900447, -34.630156998607227 ], [ -58.374724466180957, -34.63010708608779 ], [ -58.375687249156549, -34.630135306778364 ], [ -58.376642051398413, -34.630241388912339 ], [ -58.377579680262599, -34.630424311089492 ], [ -58.378491108319423, -34.63068231210395 ], [ -58.379367560198446, -34.631012907888746 ], [ -58.380200597016461, -34.631412915414963 ], [ -58.38098219757822, -34.631878483315617 ], [ -58.381704835571, -34.63240512894096 ], [ -58.382361552011474, -34.632987781489653 ], [ -58.38294602224844, -34.633620830801512 ], [ -58.38345261687698, -34.634298181344292 ], [ -58.383876455977159, -34.635013310875429 ], [ -58.384213456153908, -34.635759333215901 ], [ -58.384460369923467, -34.63652906453293 ], [ -58.384614817064836, -34.637315092494589 ], [ -58.384675307631106, -34.638109847631554 ], [ -58.384641256395987, -34.638905676219359 ], [ -58.384512988592348, -34.639694913980208 ], [ -58.384291736883796, -34.640469959894645 ], [ -58.3839796295944, -34.641223349412257 ], [ -58.383579670305991, -34.641947826356088 ], [ -58.383095709015883, -34.6426364128275 ], [ -58.383014017087724, -34.642730107573804 ], [ -58.383385045044882, -34.643226138603197 ], [ -58.383808931692492, -34.643941266280272 ], [ -58.384145970197658, -34.64468728689706 ], [ -58.384392912706609, -34.645457016637607 ], [ -58.384547378720541, -34.646243043185379 ], [ -58.384607878109662, -34.647037797084757 ], [ -58.384573825561539, -34.647833624623217 ], [ -58.384445546320492, -34.648622861533063 ], [ -58.384224273159141, -34.649397906802932 ], [ -58.383912134607108, -34.650151295888449 ], [ -58.383512134546308, -34.650875772616587 ], [ -58.38302812336596, -34.6515643590905 ], [ -58.382464760951578, -34.652210422920888 ], [ -58.38182747186184, -34.652807741135021 ], [ -58.381122393122972, -34.653350560146791 ], [ -58.380356315141768, -34.653833651208693 ], [ -58.379536616306069, -34.654252360809792 ], [ -58.378671191902299, -34.654602655533267 ], [ -58.377768378035803, -34.65488116093934 ], [ -58.376836871288262, -34.655085194098 ], [ -58.375885644888371, -34.655212789456783 ], [ -58.374923862205904, -34.655262717793171 ], [ -58.373960788405824, -34.655234498068538 ], [ -58.373005701116902, -34.655128402068435 ], [ -58.372423166376315, -34.655014771629219 ], [ -58.372554292493177, -34.655182882471323 ], [ -58.372839438759236, -34.655366244179589 ], [ -58.373268597274155, -34.65593433545677 ], [ -58.373269176760083, -34.655935112903329 ], [ -58.37326928132952, -34.655935252699699 ], [ -58.373276708314599, -34.65594483300071 ], [ -58.37354269315891, -34.656287887227386 ], [ -58.37363080455895, -34.656399712037086 ], [ -58.373714625284343, -34.656462426412091 ], [ -58.374064391953858, -34.656724119909939 ], [ -58.374123909021634, -34.656768650021675 ], [ -58.374533268893771, -34.656843604710289 ], [ -58.375107340265011, -34.656948716882717 ], [ -58.376222698653841, -34.656831222403419 ], [ -58.37637740576352, -34.656825608813548 ], [ -58.376587158340264, -34.656930521809869 ], [ -58.376618425071939, -34.656946160593925 ], [ -58.376877058678247, -34.656929170588491 ], [ -58.376904432941636, -34.656912955021781 ], [ -58.376934708114213, -34.65690076008346 ], [ -58.376967027490068, -34.656892929516907 ], [ -58.377000478853631, -34.656889686234976 ], [ -58.37703411521867, -34.656891119714999 ], [ -58.377281508308918, -34.656919040271461 ], [ -58.377385947374165, -34.656930423741137 ], [ -58.377413728307872, -34.656936704538573 ], [ -58.377440085497675, -34.656946303415118 ], [ -58.377476014545394, -34.656967253993507 ], [ -58.377505062258052, -34.656992576185303 ], [ -58.377530574969832, -34.657022666806967 ], [ -58.377531647308679, -34.657023696975699 ], [ -58.377637074420072, -34.657125033197161 ], [ -58.377637377615414, -34.657125093804886 ], [ -58.377756827899532, -34.657148967776365 ], [ -58.377969286223234, -34.657202135094288 ], [ -58.378217743557052, -34.657255521572601 ], [ -58.378212793454374, -34.65727801846166 ], [ -58.378353909570841, -34.657313835514444 ], [ -58.378457588466276, -34.657301551123489 ], [ -58.378472685105784, -34.657306645600173 ], [ -58.378522943274049, -34.657323607300178 ], [ -58.378595066339258, -34.657355855019397 ], [ -58.378745114526119, -34.657391733569114 ], [ -58.378903840325457, -34.657408538619997 ], [ -58.378984310623707, -34.657418406180163 ], [ -58.378991859521236, -34.657419331743405 ], [ -58.379059676158356, -34.657428919178294 ], [ -58.379157795425904, -34.657442104300031 ], [ -58.379254470314812, -34.657456480917453 ], [ -58.379640597748789, -34.65748334627758 ], [ -58.37985187033771, -34.65750697558444 ], [ -58.380039483488048, -34.657499949322407 ], [ -58.380155358720458, -34.657506787193299 ], [ -58.380162141288913, -34.657507187538769 ], [ -58.38023766530624, -34.6575012211744 ], [ -58.3803101935762, -34.657495490697414 ], [ -58.380406033930917, -34.657501391644345 ], [ -58.380499546159172, -34.657480116919736 ], [ -58.380564192413686, -34.657485884779547 ], [ -58.380794237310717, -34.657496884667005 ], [ -58.380862058854035, -34.657502893392099 ], [ -58.381224257372658, -34.657526987343402 ], [ -58.381510986227653, -34.657540849953612 ], [ -58.381524412993059, -34.657541498963155 ], [ -58.381526704590314, -34.657540694636282 ], [ -58.381616315821518, -34.657509249394423 ], [ -58.381794305639858, -34.65751186722342 ], [ -58.381996343874157, -34.657509616971652 ], [ -58.382048312348445, -34.657492957433128 ], [ -58.382126216735834, -34.657518051494833 ], [ -58.382371537419999, -34.657527754229861 ], [ -58.382378896335403, -34.657532273393493 ], [ -58.38240767331272, -34.657549945449986 ], [ -58.383139872962417, -34.657175921908852 ], [ -58.3842890065525, -34.656451257197325 ], [ -58.385346627608605, -34.655636999939929 ], [ -58.386302550408274, -34.654740994363159 ], [ -58.387147569829992, -34.653771871932555 ], [ -58.387873549967296, -34.652738968133022 ], [ -58.388473502401425, -34.651652232474397 ], [ -58.388941653381558, -34.650522132592222 ], [ -58.389273499270821, -34.649359553370367 ], [ -58.389465849729689, -34.648175692059873 ], [ -58.389511444592841, -34.647108645603289 ], [ -58.389941399392598, -34.647833862208707 ], [ -58.390701514085805, -34.648849836073737 ], [ -58.391578489159855, -34.649799340227666 ], [ -58.392563880299654, -34.65067322799662 ], [ -58.393648197903175, -34.651463080880163 ], [ -58.394820998461576, -34.652161289721718 ], [ -58.396070985171825, -34.652761128082666 ], [ -58.397386116811404, -34.653256817110439 ], [ -58.39875372382361, -34.6536435812721 ], [ -58.400160630490717, -34.653917694413664 ], [ -58.4015932820123, -34.65407651569911 ], [ -58.403037875257702, -34.654118515080597 ], [ -58.404480491925206, -34.654043288053423 ], [ -58.405907232816723, -34.653851559552713 ], [ -58.407013077810809, -34.653609053693202 ], [ -58.407974744972428, -34.65430933615675 ], [ -58.409147701772476, -34.655007402951469 ], [ -58.410397829989556, -34.655607090578123 ], [ -58.411713087034869, -34.65610262163667 ], [ -58.413080802140797, -34.656489222116775 ], [ -58.414487798545743, -34.656763167442371 ], [ -58.415920520582787, -34.656921818395475 ], [ -58.417365164440469, -34.656963646570695 ], [ -58.417723952661717, -34.656944896727055 ], [ -58.417680519636647, -34.657049834253058 ], [ -58.417349046446574, -34.658212480491308 ], [ -58.417157076036666, -34.659396374835708 ], [ -58.417156073581964, -34.659420018624289 ], [ -58.417318748386066, -34.65945241267832 ], [ -58.417708317372288, -34.659602813795189 ], [ -58.417768955146364, -34.659557521493738 ], [ -58.417829589158146, -34.659516999440896 ], [ -58.417901752140551, -34.659507486671885 ], [ -58.41790348368805, -34.659508917859945 ], [ -58.417959452597877, -34.659555207342528 ], [ -58.417997492555351, -34.659652114424915 ], [ -58.417998829750459, -34.659652544896012 ], [ -58.418101381537966, -34.659685542240403 ], [ -58.418684324815764, -34.659857477125989 ], [ -58.419464223585329, -34.660013023084922 ], [ -58.420026974944314, -34.660170633442263 ], [ -58.420894934395214, -34.660473594282372 ], [ -58.421087701012866, -34.660567568621751 ], [ -58.421849549928275, -34.660861184181101 ], [ -58.422048693184337, -34.660957508290871 ], [ -58.422016173794958, -34.660532941905608 ], [ -58.422049868837313, -34.659737114105766 ], [ -58.422177803469481, -34.65894784728129 ], [ -58.422398742982239, -34.658172742277102 ], [ -58.422710557152861, -34.657419263345595 ], [ -58.42311024085469, -34.656694666278497 ], [ -58.423593943082004, -34.656005928553554 ], [ -58.424157004107776, -34.655359682167898 ], [ -58.424794000413428, -34.654762149803787 ], [ -58.425498796956141, -34.654219084940117 ], [ -58.426264606268738, -34.653735716484888 ], [ -58.427084053822455, -34.653316698460387 ], [ -58.427949249023357, -34.652966065223886 ], [ -58.428851861159444, -34.652687192653545 ], [ -58.429783199568874, -34.652482765671877 ], [ -58.430734297259455, -34.652354752418098 ], [ -58.431695997177137, -34.652304385317208 ], [ -58.432659040296024, -34.652332149226702 ], [ -58.433614154685294, -34.652437776775223 ], [ -58.434552144699282, -34.652620250936891 ], [ -58.435463979435582, -34.65287781481738 ], [ -58.436340879613383, -34.65320798855705 ], [ -58.4371744020387, -34.653607593189605 ], [ -58.437956520846527, -34.654072781226951 ], [ -58.438679704740075, -34.654599073677275 ], [ -58.439336989485255, -34.655181403140823 ], [ -58.439922044963893, -34.65581416257011 ], [ -58.440429236140211, -34.65649125922647 ], [ -58.440853677353552, -34.657206173314918 ], [ -58.441191279413374, -34.657952020734342 ], [ -58.44143878904147, -34.658721619340078 ], [ -58.44159382027901, -34.659507558082112 ], [ -58.441654877553233, -34.660302268354279 ], [ -58.441621370178069, -34.661098096868209 ], [ -58.441493618145422, -34.661887379350638 ], [ -58.441272849147332, -34.662662514354935 ], [ -58.440961186853734, -34.663416036475802 ], [ -58.440561630554747, -34.664140688261774 ], [ -58.440078026360034, -34.664829490132306 ], [ -58.439515030229344, -34.665475807625164 ], [ -58.438878063187339, -34.666073415325478 ], [ -58.438173259152251, -34.66661655685926 ], [ -58.437407405879185, -34.667100000372081 ], [ -58.436587879586298, -34.667519088957249 ], [ -58.435722573893408, -34.667869785545875 ], [ -58.434819823758666, -34.668148711825246 ], [ -58.433888325147123, -34.668353180808815 ], [ -58.432937051207439, -34.668481222743232 ], [ -58.43197516576685, -34.668531604101361 ], [ -58.431011934980774, -34.668503839477772 ], [ -58.430413324749487, -34.668437642018219 ], [ -58.430671134434043, -34.668747458424349 ], [ -58.430739653773699, -34.668845857776169 ], [ -58.4314790263291, -34.669701668023137 ], [ -58.432327594570644, -34.670675086144605 ], [ -58.432465440671976, -34.670844191715275 ], [ -58.432629866082806, -34.671045900672688 ], [ -58.43263416392027, -34.671051173210692 ], [ -58.43266819984661, -34.671092926152653 ], [ -58.43268043577541, -34.671107937734583 ], [ -58.432904210106514, -34.671382452016118 ], [ -58.433088345139353, -34.671608339312733 ], [ -58.433125725180417, -34.671654194375726 ], [ -58.433220297653016, -34.671770209615723 ], [ -58.433356740300532, -34.671914021991185 ], [ -58.433443430661342, -34.672005395026531 ], [ -58.433448876217817, -34.672011133845956 ], [ -58.433513483496434, -34.672079230574873 ], [ -58.433515905808164, -34.672081783063412 ], [ -58.433623365355295, -34.672211107770686 ], [ -58.43366922479165, -34.672265450616507 ], [ -58.433686151901192, -34.672285508436225 ], [ -58.433721224339763, -34.672327067524257 ], [ -58.433721265781891, -34.672327118013371 ], [ -58.43383819289992, -34.672465674642389 ], [ -58.434914867594891, -34.672320750678246 ], [ -58.43631217561262, -34.672014031442153 ], [ -58.437666352580528, -34.671595621869855 ], [ -58.43896435256093, -34.671069553216341 ], [ -58.440193671523744, -34.670440893865056 ], [ -58.441177366534411, -34.669819924361057 ], [ -58.440889421042563, -34.670830818917423 ], [ -58.440697764340925, -34.672014740406588 ], [ -58.440669314393141, -34.672690252332863 ], [ -58.4405759255486, -34.672859608473168 ], [ -58.440108368230561, -34.673989888522939 ], [ -58.439777151747485, -34.675152586553388 ], [ -58.439585471423548, -34.676336506118169 ], [ -58.439535179165567, -34.677530245931131 ], [ -58.43962676540059, -34.678722309647348 ], [ -58.439799829145109, -34.679599509858214 ], [ -58.440491036483671, -34.680355743347981 ], [ -58.4409503284202, -34.680990196961147 ], [ -58.440955451975995, -34.680996384280377 ], [ -58.44194431694406, -34.682190274037637 ], [ -58.44194963263687, -34.682196692108569 ], [ -58.44205343553169, -34.682322014385015 ], [ -58.442059509381913, -34.682329347514553 ], [ -58.443836725686154, -34.684392694452299 ], [ -58.444106610655929, -34.684706019444171 ], [ -58.44417104837197, -34.684780829468373 ], [ -58.444241690579616, -34.684871217691956 ], [ -58.444297055272806, -34.684935494155695 ], [ -58.444297601511714, -34.684936142769175 ], [ -58.444297684645463, -34.684936241483605 ], [ -58.444319805890252, -34.684962508618945 ], [ -58.444319844300573, -34.684962554227987 ], [ -58.444349954225537, -34.684998307222116 ], [ -58.444443775992674, -34.68510971456552 ], [ -58.444445661913079, -34.6851119539715 ], [ -58.444486081303317, -34.685159949292256 ], [ -58.446692618907562, -34.687779955155968 ], [ -58.447509366684372, -34.688171248998266 ], [ -58.448825352374101, -34.688666358693865 ], [ -58.450193765934486, -34.689052523068341 ], [ -58.45160142386419, -34.689326021748286 ], [ -58.453034764112594, -34.689484219820926 ], [ -58.454479976902782, -34.689525593247097 ], [ -58.455923137955196, -34.689449743558086 ], [ -58.456374298947615, -34.689388943287575 ], [ -58.45683786245197, -34.690007302092596 ], [ -58.457716026247645, -34.690956294588588 ], [ -58.458702596190662, -34.691829612482678 ], [ -58.45978807131079, -34.692618842758186 ], [ -58.460961996933719, -34.693316382252178 ], [ -58.462213065401897, -34.693915510971962 ], [ -58.463529225054494, -34.694410456900968 ], [ -58.464897796414064, -34.69479645166664 ], [ -58.46630559445596, -34.695069776530417 ], [ -58.467739055777116, -34.69522779825531 ], [ -58.469184369432043, -34.69526899450252 ], [ -58.470627610167867, -34.695192968511861 ], [ -58.472054872766464, -34.695000452923487 ], [ -58.47345240619093, -34.69469330270411 ], [ -58.474806746235501, -34.694274477246594 ], [ -58.476104845393053, -34.693748011816851 ], [ -58.477334198681646, -34.693118978624561 ], [ -58.478482964211913, -34.692393437895973 ], [ -58.47954007732865, -34.691578379422246 ], [ -58.480495357223845, -34.690681655150208 ], [ -58.481006529068502, -34.690094497017071 ], [ -58.48202406235653, -34.689681737711709 ], [ -58.483181229359715, -34.689089536093974 ], [ -58.483283709165306, -34.689012135594957 ], [ -58.483284175849633, -34.68901178311912 ], [ -58.483349106153604, -34.688962742717798 ], [ -58.483355049982251, -34.688958253472791 ], [ -58.483355353341253, -34.688958024352246 ], [ -58.483359557250687, -34.688954852502654 ], [ -58.483372244264601, -34.688945294574289 ], [ -58.484003350791916, -34.688469847936581 ], [ -58.484261608897427, -34.688275286867423 ], [ -58.484764725611498, -34.687896254004137 ], [ -58.485555487770952, -34.687300506776168 ], [ -58.485673596135058, -34.687211525047829 ], [ -58.486206973157429, -34.686809678050956 ], [ -58.486414138654389, -34.686615176787676 ], [ -58.487258276309554, -34.685645386281742 ], [ -58.487983255021788, -34.684611915626789 ], [ -58.488582096042755, -34.683524719786568 ], [ -58.489049036350053, -34.682394270820431 ], [ -58.489379583988757, -34.681231456963651 ], [ -58.489570561141512, -34.680047477714382 ], [ -58.489620134519818, -34.678853735939306 ], [ -58.489527832791694, -34.677661728038643 ], [ -58.48929455088696, -34.676482933229202 ], [ -58.488922541147588, -34.675328703011395 ], [ -58.48841539141695, -34.674210151884203 ], [ -58.487777990287938, -34.673138050359171 ], [ -58.487016479851746, -34.67212272130174 ], [ -58.486138196409186, -34.671173940595466 ], [ -58.485151599720822, -34.670300843082956 ], [ -58.484066191480778, -34.669511834685821 ], [ -58.482892423801673, -34.668814511546536 ], [ -58.481641598592084, -34.668215586966994 ], [ -58.480325758794486, -34.667720826844175 ], [ -58.478957572527527, -34.667334994220973 ], [ -58.477550211244107, -34.66706180348325 ], [ -58.476117223072393, -34.666903884641812 ], [ -58.474672402552287, -34.666862758040956 ], [ -58.473229658013672, -34.666938819735897 ], [ -58.471802877865152, -34.667131337679194 ], [ -58.470405797071784, -34.667438458752791 ], [ -58.46905186509899, -34.667857226578626 ], [ -58.468764164718522, -34.667973923273316 ], [ -58.468269037174785, -34.667140647982279 ], [ -58.467507817971409, -34.666125188610302 ], [ -58.466629817689039, -34.665176259147898 ], [ -58.465643493365469, -34.664302995871587 ], [ -58.464558344076515, -34.663513806300131 ], [ -58.463384819446006, -34.662816288320919 ], [ -58.462134219046995, -34.662217157111805 ], [ -58.46081858366194, -34.661722180558741 ], [ -58.459450579445694, -34.661336123787315 ], [ -58.45804337610226, -34.661062703340036 ], [ -58.456610520242457, -34.660904551437525 ], [ -58.455165805134882, -34.660863190665765 ], [ -58.453723138096294, -34.66093901933224 ], [ -58.452296406790012, -34.661131307630647 ], [ -58.450899345710845, -34.661438204651525 ], [ -58.44954540413341, -34.661856756171701 ], [ -58.448247616787583, -34.662382933052847 ], [ -58.447018478498428, -34.663011669977408 ], [ -58.446034907457118, -34.663632684216395 ], [ -58.446322768254333, -34.662621778519849 ], [ -58.446514327815315, -34.661437848945049 ], [ -58.446564518499713, -34.660244105928143 ], [ -58.446472863024425, -34.659052045887847 ], [ -58.446240250091499, -34.657873148549868 ], [ -58.445868925598589, -34.656718766408837 ], [ -58.445362470790435, -34.655600015433393 ], [ -58.444725767570411, -34.654527668065853 ], [ -58.443964951313632, -34.653512049544609 ], [ -58.443087351642809, -34.652562938545323 ], [ -58.442101421742343, -34.651689473094883 ], [ -58.441016656895151, -34.650900062660455 ], [ -58.439843503028968, -34.650202307257125 ], [ -58.438593256152942, -34.649602924349217 ], [ -58.437277953651851, -34.649107684245834 ], [ -58.435910258481542, -34.648721354609194 ], [ -58.43450333737627, -34.648447654607509 ], [ -58.433070734234654, -34.648289219150847 ], [ -58.432474122474083, -34.64827202057478 ], [ -58.431626239896573, -34.648247573552851 ], [ -58.431267493699124, -34.648266363345506 ], [ -58.43131090523611, -34.648161421365494 ], [ -58.43164214707172, -34.64699874108171 ], [ -58.431833888396199, -34.645814827360667 ], [ -58.431884288548126, -34.64462108244571 ], [ -58.431792868222239, -34.643429002775996 ], [ -58.431560513851863, -34.64225006826868 ], [ -58.431189468841325, -34.641095631778953 ], [ -58.430683311741653, -34.639976809801539 ], [ -58.430614828799932, -34.639861405006648 ], [ -58.43075551523394, -34.639817929028482 ], [ -58.432053073307465, -34.639291942474806 ], [ -58.433281986400729, -34.638663359965349 ], [ -58.434430416860927, -34.637938237378549 ], [ -58.43548730325324, -34.637123560472041 ], [ -58.436442466943127, -34.636227177512517 ], [ -58.437286710131232, -34.635257723597185 ], [ -58.437385202624498, -34.635117402795515 ], [ -58.437825776197265, -34.635507843779337 ], [ -58.438910306003486, -34.636297290270086 ], [ -58.440083252235453, -34.636995061257018 ], [ -58.44133331667814, -34.637594434521873 ], [ -58.442648457353108, -34.638089635695941 ], [ -58.444016004611285, -34.638475893950272 ], [ -58.445422783307315, -34.638749488009466 ], [ -58.446855239872455, -34.638907782043418 ], [ -58.447061252962349, -34.638913698048704 ], [ -58.44804593676146, -34.639786117182112 ], [ -58.449130617326894, -34.640575468408407 ], [ -58.450303707169276, -34.641273136943049 ], [ -58.451553906687693, -34.64187240155465 ], [ -58.452869172600053, -34.642367488921309 ], [ -58.45423683404843, -34.642753629310882 ], [ -58.455643714785211, -34.643027102584036 ], [ -58.457076260256706, -34.643185274075186 ], [ -58.458520668353302, -34.643226620002871 ], [ -58.459963022558867, -34.643150742164124 ], [ -58.461389426208129, -34.642958371770071 ], [ -58.461713780811451, -34.64288707735426 ], [ -58.461935395251416, -34.644009392368872 ], [ -58.462306877582193, -34.64516372372313 ], [ -58.462813488881224, -34.64628240202213 ], [ -58.463450354668417, -34.647354652039347 ], [ -58.464211345150446, -34.648370145366087 ], [ -58.465089134116447, -34.649319099958795 ], [ -58.466075269395439, -34.650192374433274 ], [ -58.467160254200763, -34.650981556194886 ], [ -58.468333638580077, -34.651679042551848 ], [ -58.469584120090694, -34.652278114027226 ], [ -58.470899652729315, -34.65277299915973 ], [ -58.472267563063944, -34.653158930165873 ], [ -58.473674672444879, -34.653432188924519 ], [ -58.475107424111677, -34.653590142837956 ], [ -58.47655201396487, -34.653631270222597 ], [ -58.477994523734544, -34.65355517498287 ], [ -58.479421055254811, -34.653362590426433 ], [ -58.480817864541805, -34.653055372184042 ], [ -58.482171494375301, -34.652636480302768 ], [ -58.483468904098395, -34.652109950686473 ], [ -58.484697595377696, -34.651480856160681 ], [ -58.485845732706416, -34.650755257539302 ], [ -58.486902257484125, -34.649940145167626 ], [ -58.487007955463469, -34.649840865556634 ], [ -58.487349861794115, -34.650004599630385 ], [ -58.488665456441559, -34.650499291411499 ], [ -58.490033403915668, -34.650885022020852 ], [ -58.491440525206947, -34.651158075269478 ], [ -58.492873263439023, -34.651315820541463 ], [ -58.493915866472101, -34.651345354510539 ], [ -58.492821768807325, -34.651905653037936 ], [ -58.491673679272715, -34.652631316085795 ], [ -58.490617169607098, -34.653446469146445 ], [ -58.489662414347336, -34.654343264333363 ], [ -58.488818609269636, -34.655313067456923 ], [ -58.488093882792384, -34.65634654108262 ], [ -58.48749521761404, -34.657433734367494 ], [ -58.487028383343699, -34.65856417881237 ], [ -58.486697880777882, -34.659726989011411 ], [ -58.486506898366223, -34.66091096743088 ], [ -58.48645728129263, -34.662104712210478 ], [ -58.486549513477812, -34.663296726950136 ], [ -58.486782712685105, -34.664475531425971 ], [ -58.487154638785952, -34.66562977216914 ], [ -58.487661715114157, -34.666748331841774 ], [ -58.488299062711626, -34.667820436355662 ], [ -58.489060547143644, -34.668835758699601 ], [ -58.489938837439446, -34.669784518473307 ], [ -58.490925476595564, -34.670657576166029 ], [ -58.492010962966908, -34.671446521268692 ], [ -58.493184841763792, -34.672143753367344 ], [ -58.494435805774209, -34.672742555433153 ], [ -58.49575180433969, -34.673237158599648 ], [ -58.497120159532436, -34.673622797799986 ], [ -58.498527688409908, -34.673895757725099 ], [ -58.499960830163516, -34.674053408657883 ], [ -58.501405776929573, -34.674094231835781 ], [ -58.502848606994434, -34.674017834096595 ], [ -58.503249755794521, -34.673963606893636 ], [ -58.508274307017601, -34.670156978456497 ], [ -58.508743487644772, -34.669801495796179 ], [ -58.508922596079714, -34.669665789823952 ] ], [ [ -58.423695820292082, -34.614593905719175 ], [ -58.424014890724095, -34.614430689414085 ], [ -58.425163078615398, -34.613705657559123 ], [ -58.425741029901481, -34.613260118573457 ], [ -58.42598292514446, -34.613795083242934 ], [ -58.426619060329607, -34.614867549090533 ], [ -58.427379299028509, -34.615883296045716 ], [ -58.428217586361249, -34.616790614530295 ], [ -58.4275959405457, -34.616669588264813 ], [ -58.426163896234101, -34.616511057048754 ], [ -58.424719953946855, -34.616469315755559 ], [ -58.423974725673453, -34.616508312518512 ], [ -58.423912347821826, -34.615693517129799 ], [ -58.423695820292082, -34.614593905719175 ] ], [ [ -58.46037435339516, -34.687027611222028 ], [ -58.459949585276732, -34.686312776534322 ], [ -58.459611692446515, -34.685566991547041 ], [ -58.459363927009292, -34.684797439352856 ], [ -58.459271222405739, -34.684328164288232 ], [ -58.459022353010241, -34.684455468733574 ], [ -58.458156974134234, -34.684806325734463 ], [ -58.457254123536927, -34.685085420186745 ], [ -58.456322498150904, -34.685290063482682 ], [ -58.455371072346416, -34.685418284188536 ], [ -58.454409011414533, -34.685468847053812 ], [ -58.453445583202665, -34.68544126492349 ], [ -58.452490068757257, -34.68533580343739 ], [ -58.451551672838228, -34.685153478471712 ], [ -58.450639435170793, -34.68489604634685 ], [ -58.449762143293391, -34.684565986896615 ], [ -58.448928247844698, -34.684166479561988 ], [ -58.448145781108643, -34.683701372741112 ], [ -58.447422279604751, -34.683175146691696 ], [ -58.44676471147136, -34.682592870344031 ], [ -58.44617940934242, -34.681960152442912 ], [ -58.445672009364905, -34.68128308748971 ], [ -58.445247396943977, -34.68056819700741 ], [ -58.444909659737561, -34.679822366695788 ], [ -58.444662048351177, -34.679052780083083 ], [ -58.444506945109303, -34.678266849315108 ], [ -58.444445841201066, -34.677472143748837 ], [ -58.444479322416875, -34.676676317039565 ], [ -58.444607063609794, -34.675887033424104 ], [ -58.444827831930681, -34.675111893910312 ], [ -58.445139498802426, -34.674358363084046 ], [ -58.44553906051361, -34.673633697237591 ], [ -58.445589533061451, -34.673561807533048 ], [ -58.445557892974726, -34.673150340351405 ], [ -58.445591363305319, -34.672354513097311 ], [ -58.445719088759191, -34.671565228201004 ], [ -58.445939836639312, -34.670790086682835 ], [ -58.446251478565891, -34.67003655314808 ], [ -58.446651011068134, -34.669311883915285 ], [ -58.447134584593435, -34.668623057157873 ], [ -58.447697540651134, -34.667976705730773 ], [ -58.448334456730556, -34.667379053327863 ], [ -58.449039198558715, -34.666835854583802 ], [ -58.449804979192855, -34.666352339695301 ], [ -58.450624424378333, -34.665933164093978 ], [ -58.451489643542402, -34.665582363653485 ], [ -58.45239230574122, -34.665303315860861 ], [ -58.453323719830337, -34.665098707324546 ], [ -58.454274918088871, -34.664970507930619 ], [ -58.45523674249494, -34.66491995189498 ], [ -58.456199932825086, -34.664947525893048 ], [ -58.457155215732556, -34.665052964380791 ], [ -58.458093393951053, -34.665235252151739 ], [ -58.459005434768287, -34.66549263410532 ], [ -58.45988255692167, -34.665822632133057 ], [ -58.460716315082514, -34.666222068960117 ], [ -58.461498681118655, -34.666687098714149 ], [ -58.462222121355332, -34.66721324392762 ], [ -58.462879669092551, -34.667795438619081 ], [ -58.463464991681867, -34.668428077039572 ], [ -58.463972451517186, -34.669105067616719 ], [ -58.4643971603521, -34.6698198915783 ], [ -58.464735026419824, -34.670565665692585 ], [ -58.46498279390007, -34.671335208522393 ], [ -58.465138074350619, -34.672121109556521 ], [ -58.465199369797929, -34.67291580055366 ], [ -58.465166087260904, -34.673711628412704 ], [ -58.465038544564308, -34.674500928868255 ], [ -58.464817967381904, -34.675276100302035 ], [ -58.464580686034047, -34.675850148149017 ], [ -58.465078596323018, -34.67564822483768 ], [ -58.465981317218336, -34.675369075228758 ], [ -58.466148236196453, -34.675332391892489 ], [ -58.46615904844942, -34.675312771768581 ], [ -58.466642490618682, -34.674623871439387 ], [ -58.467205330656171, -34.673977433299129 ], [ -58.467842147166266, -34.67337968187698 ], [ -58.46854680683267, -34.672836372761154 ], [ -58.46931252350177, -34.672352737210957 ], [ -58.470131923533053, -34.671933431819525 ], [ -58.470997116787068, -34.671582493709572 ], [ -58.47189977256825, -34.67130330169303 ], [ -58.472831199793106, -34.671098543766114 ], [ -58.473782430613845, -34.670970191252323 ], [ -58.474744306695065, -34.670919479840869 ], [ -58.4757075673161, -34.670946897702173 ], [ -58.47666293845419, -34.671052180794575 ], [ -58.477601221994618, -34.671234315406892 ], [ -58.478513384212469, -34.671491547912503 ], [ -58.47939064267787, -34.671821401641232 ], [ -58.480224550751565, -34.672220700707264 ], [ -58.481007078859854, -34.672685600564492 ], [ -58.481730691769457, -34.673211624996178 ], [ -58.48238842111968, -34.673793709184096 ], [ -58.482973932515122, -34.674426248443829 ], [ -58.483481586533273, -34.675103152158556 ], [ -58.483906493059258, -34.675817902393412 ], [ -58.484244558423626, -34.676563616627668 ], [ -58.484492524887592, -34.677333114001975 ], [ -58.484648002093046, -34.678118984444204 ], [ -58.484709490171539, -34.67891366000898 ], [ -58.484676394286332, -34.679709487745171 ], [ -58.484549030463732, -34.680498803389881 ], [ -58.484328622653528, -34.681274005179766 ], [ -58.484017291042925, -34.682027627068692 ], [ -58.483618031732568, -34.682752410646223 ], [ -58.483134687966789, -34.683441375063957 ], [ -58.48257191319189, -34.684087884295081 ], [ -58.481935126295468, -34.684685711078401 ], [ -58.481230459455837, -34.685229096929689 ], [ -58.480464699102221, -34.685712807640662 ], [ -58.479645220553905, -34.686132183729882 ], [ -58.478779916967753, -34.686483185357687 ], [ -58.477877123279292, -34.686762431271219 ], [ -58.477710187312638, -34.686799131060262 ], [ -58.477699376430557, -34.686818752142152 ], [ -58.477215960349916, -34.687507694482925 ], [ -58.476653112173821, -34.688154177826391 ], [ -58.476016251497192, -34.688751975160365 ], [ -58.475311511209441, -34.689295328283968 ], [ -58.474545678447853, -34.689779003304018 ], [ -58.473726129229796, -34.690198341082713 ], [ -58.472860757393512, -34.690549302149364 ], [ -58.471957898532679, -34.690828505641861 ], [ -58.471026249658991, -34.691033261901495 ], [ -58.470074785368723, -34.6911615984056 ], [ -58.469112671323749, -34.691212278787468 ], [ -58.468149175883525, -34.691184814759318 ], [ -58.467193580742808, -34.691079470822544 ], [ -58.466255091439777, -34.690897261720423 ], [ -58.465342748600406, -34.69063994265673 ], [ -58.464465340777579, -34.690309992375717 ], [ -58.463631319728286, -34.689910589266546 ], [ -58.462848718947825, -34.68944558072333 ], [ -58.462125076248462, -34.68891944605717 ], [ -58.46146736113004, -34.688337253318423 ], [ -58.460881907643603, -34.687704610446943 ], [ -58.46037435339516, -34.687027611222028 ] ], [ [ -58.493102652445188, -34.666532038885173 ], [ -58.492594976567055, -34.665855174997674 ], [ -58.492170050626648, -34.665140454538353 ], [ -58.491831965306616, -34.664394761570968 ], [ -58.49158397456997, -34.66362527830308 ], [ -58.491428464398957, -34.662839415887674 ], [ -58.491366929905283, -34.662044743026279 ], [ -58.491399961028918, -34.66124891306233 ], [ -58.491527236959321, -34.660459590267216 ], [ -58.491747529328784, -34.659684376029446 ], [ -58.492058714143504, -34.65893073565762 ], [ -58.49245779233307, -34.658205926501978 ], [ -58.492940918717402, -34.657516928085904 ], [ -58.493503439108459, -34.656870374919436 ], [ -58.494139935187036, -34.656272492640845 ], [ -58.494844276720158, -34.65572903809943 ], [ -58.495609680615068, -34.655245243955676 ], [ -58.496428776240052, -34.654825768330241 ], [ -58.497293676383634, -34.654474649985183 ], [ -58.498196053169423, -34.654195269467614 ], [ -58.499127218197167, -34.653990316588271 ], [ -58.500078206140735, -34.653861764546946 ], [ -58.501039861000656, -34.653810850952937 ], [ -58.502002924184069, -34.653838065922066 ], [ -58.502958123567559, -34.653943147364821 ], [ -58.503896262688968, -34.654125083510067 ], [ -58.504808309213431, -34.654382122640641 ], [ -58.505685481825189, -34.654711789946781 ], [ -58.506519334712401, -34.655110911336287 ], [ -58.507301838834188, -34.655575643972668 ], [ -58.508025459190243, -34.656101513248338 ], [ -58.508683227350673, -34.65668345583839 ], [ -58.509268808549372, -34.657315868421456 ], [ -58.50977656269491, -34.65799266160046 ], [ -58.510201598711724, -34.658707318505215 ], [ -58.510539821686997, -34.659452957514311 ], [ -58.510787972367694, -34.660222398493794 ], [ -58.510943658625024, -34.661008231915801 ], [ -58.511005378580357, -34.661802890192966 ], [ -58.510972535166559, -34.662598720542363 ], [ -58.510845441980571, -34.663388058677761 ], [ -58.510625320367339, -34.664163302621148 ], [ -58.510314287758632, -34.66491698592236 ], [ -58.509915337375617, -34.665641849581384 ], [ -58.509432309486868, -34.66633091198031 ], [ -58.508869854495309, -34.666977536150263 ], [ -58.508233388206861, -34.667575493724378 ], [ -58.507529039709659, -34.668119024959779 ], [ -58.506763592364138, -34.66860289424865 ], [ -58.505944418471756, -34.669022440582594 ], [ -58.505079408251746, -34.669373622482212 ], [ -58.504176893810723, -34.669653056958055 ], [ -58.503245568838913, -34.669858052125818 ], [ -58.502294404809042, -34.669986633160562 ], [ -58.501332564487441, -34.670037561338788 ], [ -58.500369313594192, -34.67001034598421 ], [ -58.499413931466272, -34.669905249201165 ], [ -58.498475621588604, -34.669723283350272 ], [ -58.49756342285815, -34.669466201290341 ], [ -58.496686122439826, -34.669136479480827 ], [ -58.495852171057038, -34.668737294108467 ], [ -58.495069601535754, -34.668272490468588 ], [ -58.494345951389604, -34.667746545897394 ], [ -58.49368819019324, -34.667164526613377 ], [ -58.493102652445188, -34.666532038885173 ] ], [ [ -58.468253196099376, -34.646067249987638 ], [ -58.467745849498868, -34.645390272085621 ], [ -58.467321244755688, -34.644675454594704 ], [ -58.466983469458604, -34.643929682511391 ], [ -58.466735774585167, -34.643160138803388 ], [ -58.466580543269224, -34.642374235203825 ], [ -58.466519267938644, -34.641579540809033 ], [ -58.466552536039814, -34.640783709168005 ], [ -58.46668002448282, -34.639994404566643 ], [ -58.466900502856681, -34.639219228216795 ], [ -58.467211845379872, -34.638465645061061 ], [ -58.467611051467017, -34.637740911897829 ], [ -58.468094274710154, -34.637052007518093 ], [ -58.468656859992159, -34.636405565526196 ], [ -58.469293388372385, -34.63580781048995 ], [ -58.469997729309881, -34.635264498033841 ], [ -58.470763099720187, -34.634780859450949 ], [ -58.471582129296031, -34.634361551365011 ], [ -58.472446931463352, -34.634010610926126 ], [ -58.473349179289841, -34.633731416969745 ], [ -58.474280185616998, -34.63352665751173 ], [ -58.475230986646132, -34.63339830389102 ], [ -58.47566950133141, -34.633375174992736 ], [ -58.475190082443746, -34.632735462491986 ], [ -58.474765483324802, -34.632020669476759 ], [ -58.474427697667878, -34.631274916909909 ], [ -58.474179976552087, -34.630505387571219 ], [ -58.474024703365885, -34.629719493055624 ], [ -58.473963370942215, -34.628924802372261 ], [ -58.473996567279087, -34.628128969034847 ], [ -58.474123969979367, -34.62733965734617 ], [ -58.474344349459237, -34.626564468586949 ], [ -58.47465558089074, -34.625810867819986 ], [ -58.475054664759249, -34.625086112013982 ], [ -58.475537755834303, -34.624397180178754 ], [ -58.47610020027183, -34.623750706183785 ], [ -58.476736580487355, -34.623152914905667 ], [ -58.477440767366275, -34.622609562318594 ], [ -58.478205979306885, -34.622125880102573 ], [ -58.479024847526858, -34.621706525301946 ], [ -58.479889487004591, -34.621355535516905 ], [ -58.480791572372922, -34.621076290058276 ], [ -58.481722418036121, -34.620871477437852 ], [ -58.482673061740897, -34.620743069506403 ], [ -58.483634350799477, -34.62069230248688 ], [ -58.484597030137763, -34.620719665084899 ], [ -58.485551831324493, -34.620824893790285 ], [ -58.486489561727645, -34.621006975414488 ], [ -58.487401192943672, -34.621264156839736 ], [ -58.488277947651845, -34.62159396188602 ], [ -58.489111384060571, -34.621993215134403 ], [ -58.489893477136022, -34.622458072477926 ], [ -58.490616695833182, -34.622984058107129 ], [ -58.491274075587867, -34.623566107575336 ], [ -58.491859285372811, -34.624198616530471 ], [ -58.492366688672774, -34.624875494645721 ], [ -58.492791397791194, -34.625590224231168 ], [ -58.493129320964549, -34.62633592296369 ], [ -58.493377201829077, -34.627105410132337 ], [ -58.493532650857254, -34.627891275762728 ], [ -58.49359416845865, -34.628685951955767 ], [ -58.493561159518947, -34.629481785754599 ], [ -58.493433939233739, -34.63027111283872 ], [ -58.493213730176727, -34.631046331335746 ], [ -58.493185864289103, -34.631113841804158 ], [ -58.493953934138723, -34.63107321573078 ], [ -58.49491673387891, -34.631100493627429 ], [ -58.495871664519292, -34.631205637943587 ], [ -58.496809532182766, -34.631387636302883 ], [ -58.497721307145639, -34.631644736388957 ], [ -58.498598210704614, -34.631974462804848 ], [ -58.499431799636319, -34.632373640888737 ], [ -58.500214047439748, -34.63283842725756 ], [ -58.500284803856488, -34.632889870260875 ], [ -58.500328430187999, -34.632867520590082 ], [ -58.501193088270895, -34.632516379676908 ], [ -58.502095215716125, -34.632236975816788 ], [ -58.503026126522279, -34.632031999045601 ], [ -58.503976857808802, -34.631903422793499 ], [ -58.504938256045044, -34.631852484902957 ], [ -58.505901065106642, -34.631879675723631 ], [ -58.506856015314611, -34.631984733398291 ], [ -58.50779391260378, -34.632166646384157 ], [ -58.508705726965779, -34.632423663186451 ], [ -58.509582679318648, -34.632753309209704 ], [ -58.510416325970105, -34.633152410565835 ], [ -58.511198639864325, -34.633617124610353 ], [ -58.51192208783241, -34.634142976913765 ], [ -58.512579703104684, -34.634724904313678 ], [ -58.513165152388005, -34.635357303634187 ], [ -58.513672796862508, -34.636034085605075 ], [ -58.514097746510458, -34.636748733463399 ], [ -58.51443590725291, -34.637494365674357 ], [ -58.514684020438622, -34.63826380216905 ], [ -58.514839694302644, -34.639049633462584 ], [ -58.514901427088589, -34.639844291988062 ], [ -58.514868621608684, -34.640640124960306 ], [ -58.51474159109749, -34.641429468068161 ], [ -58.514521556299066, -34.642204719286234 ], [ -58.514210633811537, -34.642958412094927 ], [ -58.513811815797659, -34.643683287403434 ], [ -58.513328941252858, -34.644372363482518 ], [ -58.512766659104372, -34.64501900323247 ], [ -58.512130383494117, -34.645616978137348 ], [ -58.511426241673917, -34.646160528288256 ], [ -58.510661015013177, -34.646644417896169 ], [ -58.509842073686926, -34.64706398575774 ], [ -58.508977305673021, -34.647415190186983 ], [ -58.508075040743371, -34.647694647978028 ], [ -58.507143970182838, -34.647899667022408 ], [ -58.506193063011274, -34.648028272265456 ], [ -58.505231479518457, -34.64807922475061 ], [ -58.504268482948078, -34.648052033567303 ], [ -58.503313350184968, -34.647946960586786 ], [ -58.502375282309799, -34.647765017939939 ], [ -58.501463315886475, -34.647507958261443 ], [ -58.500586235840572, -34.647178257794479 ], [ -58.499752490771542, -34.64677909251936 ], [ -58.498970111517345, -34.646314307536947 ], [ -58.498899344162147, -34.646262864154103 ], [ -58.498855710545371, -34.646285213457375 ], [ -58.497990901194221, -34.646636340975924 ], [ -58.49708860464623, -34.646915718212519 ], [ -58.496157512491521, -34.647120653835039 ], [ -58.495206593958422, -34.647249173592918 ], [ -58.494245009446431, -34.647300039353553 ], [ -58.493282022209129, -34.647272761042373 ], [ -58.492326909041303, -34.647167601370398 ], [ -58.491388870834506, -34.646985573304171 ], [ -58.490476943866277, -34.64672843030165 ], [ -58.48959991268147, -34.646398649409051 ], [ -58.488766225407964, -34.645999407381701 ], [ -58.487983912326044, -34.645534550059978 ], [ -58.487260508477902, -34.645008555296386 ], [ -58.48660298106504, -34.644426489791883 ], [ -58.486017662333886, -34.643793960259288 ], [ -58.485820914874076, -34.643531527545505 ], [ -58.485772418922117, -34.643702171000932 ], [ -58.485461228339773, -34.644455797144367 ], [ -58.485062149791609, -34.645180584845278 ], [ -58.48457902478436, -34.645869553216762 ], [ -58.484016504659948, -34.646516066195346 ], [ -58.483380005855075, -34.647113896485266 ], [ -58.482675657774131, -34.647657285570034 ], [ -58.481910243776106, -34.64814099921179 ], [ -58.481091135843272, -34.648560377902328 ], [ -58.480226223560976, -34.648911381778255 ], [ -58.479323838093123, -34.649190629566277 ], [ -58.478392671887725, -34.649395431181809 ], [ -58.47744169488751, -34.649523813665802 ], [ -58.47648006805597, -34.649574540208825 ], [ -58.475517055054837, -34.649547122078204 ], [ -58.47456193292723, -34.649441823332772 ], [ -58.473623902650758, -34.649259658279583 ], [ -58.472712000426057, -34.649002381697009 ], [ -58.471835010558721, -34.648672471918736 ], [ -58.471001380777508, -34.648273106942206 ], [ -58.470219140807458, -34.64780813379258 ], [ -58.469495824984946, -34.647282031438301 ], [ -58.46883839966182, -34.646699867616739 ], [ -58.468253196099376, -34.646067249987638 ] ], [ [ -58.448020857028411, -34.564750000637282 ], [ -58.44751419040071, -34.564072913281301 ], [ -58.447090195988274, -34.563358001376585 ], [ -58.446788251759898, -34.56269021371417 ], [ -58.446182030855965, -34.562823497398234 ], [ -58.445231977045061, -34.562951606923562 ], [ -58.444271317329175, -34.563002055619719 ], [ -58.443309306045293, -34.562974357432481 ], [ -58.442355210577745, -34.562868779119746 ], [ -58.441418222004877, -34.562686337682138 ], [ -58.440507366483239, -34.562428790560148 ], [ -58.439631418226767, -34.562098618692474 ], [ -58.438798814922635, -34.561699002599404 ], [ -58.438017576401457, -34.561233791722508 ], [ -58.437295227347953, -34.560707467317002 ], [ -58.436638724798343, -34.560125099255536 ], [ -58.436054391124209, -34.55949229716105 ], [ -58.435547853148719, -34.558815156340735 ], [ -58.435123987981569, -34.558100199043409 ], [ -58.434786876093099, -34.557354311607874 ], [ -58.434539762078039, -34.556584678108756 ], [ -58.434385023484367, -34.55579871114022 ], [ -58.434324148004414, -34.555003980405694 ], [ -58.434357719244687, -34.554208139801517 ], [ -58.434485411207547, -34.553418853697956 ], [ -58.43470599153401, -34.552643723127538 ], [ -58.43501733347258, -34.55189021259158 ], [ -58.435416436454815, -34.551165578189504 ], [ -58.435899455076012, -34.550476797762478 ], [ -58.436461736198567, -34.549830503723022 ], [ -58.437097863818181, -34.549232919216777 ], [ -58.437801711258587, -34.548689798229141 ], [ -58.438566500190845, -34.548206370212959 ], [ -58.439384865908224, -34.547787289768074 ], [ -58.440248928228158, -34.547436591856417 ], [ -58.441150367339453, -34.547157652981902 ], [ -58.442080503865775, -34.546953158707822 ], [ -58.443030382376968, -34.546825077822902 ], [ -58.443990857546702, -34.546774643404 ], [ -58.444952682130001, -34.546802340956674 ], [ -58.445906595917322, -34.546907903747432 ], [ -58.446843414812193, -34.547090315372131 ], [ -58.447754119178704, -34.547347819535986 ], [ -58.448629940611696, -34.54767793695116 ], [ -58.449462446297787, -34.548077489189915 ], [ -58.450243620157742, -34.548542629264588 ], [ -58.450965939991754, -34.54906887864086 ], [ -58.451622449886472, -34.549651170329412 ], [ -58.452206827188071, -34.550283897642245 ], [ -58.452713443396767, -34.550960968146029 ], [ -58.453137418396452, -34.551675862294118 ], [ -58.453439369756786, -34.552343635140431 ], [ -58.453809984459852, -34.552262119518176 ], [ -58.453798290618614, -34.552202790981987 ], [ -58.453737234695886, -34.551408074049824 ], [ -58.453770620628084, -34.550612232332917 ], [ -58.453898124202524, -34.549822930213573 ], [ -58.454118514874452, -34.549047768879909 ], [ -58.454429667718372, -34.548294213130724 ], [ -58.454828583986007, -34.547569519502048 ], [ -58.455311420069556, -34.546880666406373 ], [ -58.455873524587773, -34.546234286956945 ], [ -58.456509483235301, -34.545636605122432 ], [ -58.457213170961126, -34.545093375825957 ], [ -58.457977810972288, -34.544609829563463 ], [ -58.458796039994098, -34.544190622073387 ], [ -58.459659979158317, -34.543839789540712 ], [ -58.460561309837772, -34.543560709765174 ], [ -58.461491353698669, -34.543356069666082 ], [ -58.462441156201756, -34.543227839435502 ], [ -58.463401572751557, -34.543177253587338 ], [ -58.464363356666873, -34.543204799084215 ], [ -58.465317248129416, -34.54331021065569 ], [ -58.466254063257807, -34.543492473352622 ], [ -58.467164782452912, -34.54374983231321 ], [ -58.468040637167654, -34.544079809646874 ], [ -58.468873194269385, -34.544479228273921 ], [ -58.469654437185298, -34.544944242492676 ], [ -58.470376843052392, -34.545470374980283 ], [ -58.471033455130815, -34.546052559872805 ], [ -58.471617949784779, -34.546685191510676 ], [ -58.472124697386541, -34.547362178382166 ], [ -58.472548816556703, -34.548077001746513 ], [ -58.472886221217671, -34.548822778374102 ], [ -58.473133660005388, -34.549592326800656 ], [ -58.473288747657492, -34.550378236459125 ], [ -58.473349988072734, -34.551172939024049 ], [ -58.473316788816156, -34.551968781282824 ], [ -58.473189466926584, -34.552758098832328 ], [ -58.472969245966731, -34.553533289891469 ], [ -58.47265824434016, -34.554286888519101 ], [ -58.472259454983934, -34.555011636531411 ], [ -58.471776716628725, -34.555700553425957 ], [ -58.471214676900146, -34.556347003637768 ], [ -58.4705787476137, -34.5569447604788 ], [ -58.469875052692103, -34.557488066143478 ], [ -58.469110369204799, -34.557971687201061 ], [ -58.468292062097291, -34.558390965038804 ], [ -58.467428013238582, -34.558741860768265 ], [ -58.466526545471339, -34.559020994161109 ], [ -58.465831871576974, -34.559173851108248 ], [ -58.465843575081273, -34.559233178184215 ], [ -58.465904754431634, -34.560027885006178 ], [ -58.465871483784781, -34.560823726016288 ], [ -58.465744080865953, -34.561613036822955 ], [ -58.465523770017285, -34.562388215709426 ], [ -58.465212670507313, -34.563141796851156 ], [ -58.464813776215308, -34.56386652223209 ], [ -58.464330926882383, -34.564555411567156 ], [ -58.463768771203, -34.565201829556216 ], [ -58.463132722109748, -34.56579954982103 ], [ -58.462428904679754, -34.566342814907827 ], [ -58.461664097163201, -34.566826391776367 ], [ -58.460845665701108, -34.567245622239177 ], [ -58.459981493361333, -34.567596467864028 ], [ -58.459079904177088, -34.567875548905114 ], [ -58.458149582921131, -34.56808017688693 ], [ -58.457199491390746, -34.568208380525526 ], [ -58.456238782012406, -34.56825892473617 ], [ -58.455276709601875, -34.568231322543966 ], [ -58.454322542132957, -34.568125839781494 ], [ -58.453385471378411, -34.567943492528471 ], [ -58.452474524287403, -34.567686037317678 ], [ -58.451598475957134, -34.567355954202156 ], [ -58.450765765039925, -34.566956422847078 ], [ -58.449984412404298, -34.566491291877703 ], [ -58.449261943835396, -34.565965041779641 ], [ -58.448605317521846, -34.565382741710025 ], [ -58.448020857028411, -34.564750000637282 ] ], [ [ -58.416843240171396, -34.633242661400956 ], [ -58.416336385675748, -34.632565455925565 ], [ -58.415912285110757, -34.631850445423254 ], [ -58.415575021206223, -34.631104516746788 ], [ -58.415327840012175, -34.630334854368954 ], [ -58.415173119714069, -34.62954887116247 ], [ -58.415112347818109, -34.628754136986792 ], [ -58.415146106923224, -34.62795830577052 ], [ -58.415274069212884, -34.627169041791944 ], [ -58.415494999715776, -34.6263939458685 ], [ -58.415806768300108, -34.625640482165252 ], [ -58.416206370282033, -34.624915906327722 ], [ -58.416689955446266, -34.624227195629871 ], [ -58.417252865195927, -34.62358098180944 ], [ -58.417889677471443, -34.622983487236169 ], [ -58.418594259003655, -34.622440465026216 ], [ -58.419359824396558, -34.621957143678166 ], [ -58.420179001470167, -34.621538176762002 ], [ -58.421043902234253, -34.621187598144168 ], [ -58.421946198810481, -34.620908783178137 ], [ -58.422877203573378, -34.620704416232869 ], [ -58.423827952740709, -34.620576464870474 ], [ -58.424789292611145, -34.620526160920726 ], [ -58.425751967622155, -34.620553988633624 ], [ -58.426706709383758, -34.620659680023678 ], [ -58.427644325834599, -34.620842217450331 ], [ -58.428555789665765, -34.621099843409787 ], [ -58.429432325164619, -34.621430077444145 ], [ -58.430265492645844, -34.621829740005751 ], [ -58.431047269659956, -34.622294983047738 ], [ -58.431770128199695, -34.622821327047482 ], [ -58.432427107162972, -34.623403704107545 ], [ -58.433011879375918, -34.624036506720735 ], [ -58.433518812531084, -34.624713641731091 ], [ -58.433943023453843, -34.625428588972902 ], [ -58.434280425173412, -34.626174464024466 ], [ -58.434527766343614, -34.626944084473763 ], [ -58.434682662631197, -34.627730039059379 ], [ -58.434743619766785, -34.628524759021715 ], [ -58.434710048032777, -34.629320590978416 ], [ -58.434582268045141, -34.630109870622697 ], [ -58.434361507769459, -34.630884996535151 ], [ -58.434049890795755, -34.631638503398207 ], [ -58.43365041598156, -34.632363133907752 ], [ -58.433166928655204, -34.633051908688806 ], [ -58.432604083653686, -34.633698193540958 ], [ -58.431967300548358, -34.634295763364754 ], [ -58.431262711487364, -34.634838862152186 ], [ -58.430497102156068, -34.635322258461869 ], [ -58.429677846422948, -34.635741295843061 ], [ -58.428812835301102, -34.636091937721389 ], [ -58.42791040090983, -34.636370806312321 ], [ -58.426979236170773, -34.636575215186127 ], [ -58.426028311013958, -34.63670319516941 ], [ -58.425066785903901, -34.636753513332465 ], [ -58.42410392352177, -34.636725684879167 ], [ -58.423148999458114, -34.636619977823386 ], [ -58.422211212780056, -34.636437410407744 ], [ -58.421299597338269, -34.63617974128848 ], [ -58.420422934671684, -34.635849452582093 ], [ -58.41958966935259, -34.635449725937278 ], [ -58.418807827590335, -34.63498441186357 ], [ -58.41808493988043, -34.634457992613306 ], [ -58.417427968445935, -34.633875538975758 ], [ -58.416843240171396, -34.633242661400956 ] ], [ [ -58.430970869739305, -34.577860681983289 ], [ -58.430464255378538, -34.577183523779304 ], [ -58.430040334144735, -34.576468552144121 ], [ -58.429703187046293, -34.575722653554983 ], [ -58.429456059014875, -34.574953012194172 ], [ -58.429301327731032, -34.57416704073168 ], [ -58.429240480814236, -34.573372308914074 ], [ -58.429274101593428, -34.572576470647903 ], [ -58.429401863591451, -34.571787190280496 ], [ -58.429622533772644, -34.571012068788633 ], [ -58.429933984518215, -34.570258570585509 ], [ -58.430333214210251, -34.569533951651081 ], [ -58.430816376222531, -34.568845189676701 ], [ -58.431378816035775, -34.568198916896414 ], [ -58.432015116117107, -34.567601356250215 ], [ -58.432719148129593, -34.56705826149301 ], [ -58.43348413196744, -34.566574861824229 ], [ -58.434302701048018, -34.566155811570113 ], [ -58.43516697323183, -34.565805145401285 ], [ -58.436068626688467, -34.565526239515606 ], [ -58.436998979979521, -34.565321779158424 ], [ -58.437949075589657, -34.565193732791734 ], [ -58.438909766104238, -34.565143333160066 ], [ -58.439871802206895, -34.5651710654342 ], [ -58.44082592165342, -34.56527666254668 ], [ -58.441762938368967, -34.565459107763331 ], [ -58.442673830814428, -34.565716644466534 ], [ -58.443549828775012, -34.566046793055797 ], [ -58.444382497738417, -34.566446374803988 ], [ -58.445163820053757, -34.566911542440053 ], [ -58.445886272091791, -34.567437817165072 ], [ -58.446542896665775, -34.568020131746415 ], [ -58.447127370016752, -34.568652879276335 ], [ -58.447634062718805, -34.569329967127452 ], [ -58.448058093917574, -34.570044875586554 ], [ -58.448395378378777, -34.570790720604265 ], [ -58.448642665891988, -34.571560320057017 ], [ -58.448797572647841, -34.572346262885318 ], [ -58.448858604283586, -34.573140980442972 ], [ -58.448825170371656, -34.573936819371475 ], [ -58.448697590207964, -34.574726115298013 ], [ -58.448477089840388, -34.575501266647883 ], [ -58.448165790361898, -34.576254807860458 ], [ -58.447766687577285, -34.576979481302985 ], [ -58.447283623235805, -34.577668307189356 ], [ -58.44672124810328, -34.578314650829455 ], [ -58.446084977226938, -34.578912286560154 ], [ -58.445380937821426, -34.579455457741119 ], [ -58.444615910276603, -34.579938932235983 ], [ -58.443797262854744, -34.580358052842982 ], [ -58.442932880705968, -34.580708782187884 ], [ -58.442031089886562, -34.580987741644968 ], [ -58.441100577113723, -34.58119224391023 ], [ -58.440150306031548, -34.581320318911125 ], [ -58.439189430798002, -34.581370732802725 ], [ -58.438227207828092, -34.581342999866258 ], [ -58.437272906547236, -34.581237387194662 ], [ -58.436335720018072, -34.581054912119988 ], [ -58.435424676305502, -34.580797332407329 ], [ -58.434548551437508, -34.580467129309966 ], [ -58.433715784803319, -34.580067483649799 ], [ -58.432934397807259, -34.579602245153922 ], [ -58.432211916564228, -34.579075895344381 ], [ -58.431555299383291, -34.578493504339292 ], [ -58.430970869739305, -34.577860681983289 ] ] ], [ [ [ -58.520052280323121, -34.590878789890731 ], [ -58.519513160278116, -34.589732011906442 ], [ -58.51889104482823, -34.588416797548 ], [ -58.518653359693602, -34.587903034292303 ], [ -58.518124031341451, -34.586776997764346 ], [ -58.517901417218553, -34.586303422955964 ], [ -58.516826423512057, -34.586185176063623 ], [ -58.515383001881638, -34.586144495513565 ], [ -58.513941707121781, -34.586221002684702 ], [ -58.5134740724328, -34.58628431376053 ], [ -58.513384467413879, -34.58600622578161 ], [ -58.512877582218003, -34.584887754963816 ], [ -58.512240597915337, -34.583815756559275 ], [ -58.511479652561967, -34.582800552444574 ], [ -58.510602076999675, -34.581851917305748 ], [ -58.509616324159303, -34.580978984590551 ], [ -58.508531887600782, -34.580190158641564 ], [ -58.507359210076736, -34.579493033852842 ], [ -58.506109583000161, -34.578894321625164 ], [ -58.504795037783261, -34.578399785819542 ], [ -58.5047915414209, -34.578398799463663 ], [ -58.50471448314515, -34.577404197377234 ], [ -58.504481321768395, -34.576225411171052 ], [ -58.504109603390653, -34.575071202790284 ], [ -58.503602913021687, -34.573952686526226 ], [ -58.502966134805668, -34.572880632559013 ], [ -58.502205404813829, -34.571865363302003 ], [ -58.501328051814568, -34.570916654070146 ], [ -58.500342526596718, -34.570043639026039 ], [ -58.49925832053021, -34.569254723306244 ], [ -58.498085874150618, -34.568557502170187 ], [ -58.496836476648163, -34.567958687947005 ], [ -58.496823771832602, -34.56795390660276 ], [ -58.496996934973808, -34.567343807805273 ], [ -58.497187603669488, -34.566159804758016 ], [ -58.497237061696239, -34.56496604288062 ], [ -58.49714483879908, -34.563774018765002 ], [ -58.496911829114701, -34.562595211784291 ], [ -58.496779909504191, -34.56218539755956 ], [ -58.496845463405194, -34.562165081699042 ], [ -58.498141389036647, -34.561638427140792 ], [ -58.499368657270907, -34.561009213058554 ], [ -58.500515446320762, -34.560283501411178 ], [ -58.501570710580687, -34.559468283624874 ], [ -58.502524287055699, -34.558571413168771 ], [ -58.503366993245045, -34.557601529826407 ], [ -58.503968023491964, -34.556743195909313 ], [ -58.503955852881234, -34.556717380216838 ], [ -58.503576505135747, -34.555912718481828 ], [ -58.502921746349301, -34.554523823094407 ], [ -58.502130446616022, -34.552845225868609 ], [ -58.502001481503981, -34.552571643113467 ], [ -58.501879819010121, -34.552313550054315 ], [ -58.501727043225387, -34.551989451261406 ], [ -58.501497961312097, -34.551503471419849 ], [ -58.501393771796998, -34.551282439267482 ], [ -58.501311118617188, -34.551107094635292 ], [ -58.500996823148654, -34.550440325064365 ], [ -58.50084360666343, -34.550115276139167 ], [ -58.50073623666362, -34.549887488945053 ], [ -58.500712760624744, -34.549837683936204 ], [ -58.500759721879007, -34.550075253898328 ], [ -58.500821222736292, -34.550869935954324 ], [ -58.50078828545346, -34.551665778942841 ], [ -58.500661224546228, -34.552455118455519 ], [ -58.500441261063223, -34.553230352501636 ], [ -58.500130510927107, -34.553984014727725 ], [ -58.499731964651161, -34.554708846338983 ], [ -58.499249458622877, -34.555397866029139 ], [ -58.498687638227821, -34.556044437244203 ], [ -58.498051913166421, -34.556642332131418 ], [ -58.497348405391577, -34.557185791556016 ], [ -58.496583890167436, -34.55766958060638 ], [ -58.495765730816061, -34.55808903905141 ], [ -58.494901807780778, -34.55844012626256 ], [ -58.494000442690059, -34.558719460166266 ], [ -58.493070318155063, -34.558924349850301 ], [ -58.492120394075521, -34.55905282150848 ], [ -58.491159821262883, -34.559103637472788 ], [ -58.49019785321596, -34.559076308148846 ], [ -58.489243756902461, -34.558971096738979 ], [ -58.488738366203023, -34.558872892546397 ], [ -58.489358186241368, -34.559324058926279 ], [ -58.490015039273842, -34.559906134207559 ], [ -58.490599775127144, -34.560538667348119 ], [ -58.491106761852244, -34.561215567785624 ], [ -58.491531115767891, -34.561930317612841 ], [ -58.491868748536348, -34.562676034309554 ], [ -58.492116406596786, -34.563445536990031 ], [ -58.492271702574627, -34.56423141552915 ], [ -58.492333138361282, -34.565026101902561 ], [ -58.492300119638728, -34.565821943054964 ], [ -58.492172961705201, -34.566611274595139 ], [ -58.491952886542144, -34.567386494608371 ], [ -58.49164201114646, -34.568140136875556 ], [ -58.49124332723683, -34.568864942793326 ], [ -58.490760672525646, -34.569553931302003 ], [ -58.490198693830223, -34.570200466147092 ], [ -58.489692070076806, -34.570676785608491 ], [ -58.489947880665028, -34.570663257599016 ], [ -58.490909982336952, -34.570690585397209 ], [ -58.491864214726768, -34.570795780068927 ], [ -58.492801390674018, -34.570977828752433 ], [ -58.493712487109171, -34.571234978645855 ], [ -58.494588731856837, -34.5715647538713 ], [ -58.495421688032714, -34.571963979295141 ], [ -58.49620333522504, -34.572428811076392 ], [ -58.496926146681389, -34.57295477364967 ], [ -58.497583161759252, -34.573536802788261 ], [ -58.49816805294445, -34.574169294333849 ], [ -58.49867518679234, -34.574846158125403 ], [ -58.499099678204814, -34.575560876609266 ], [ -58.499437437519518, -34.576306567567912 ], [ -58.499685209956141, -34.577076050364191 ], [ -58.499840607037449, -34.57786191506522 ], [ -58.499902129679761, -34.578656593780579 ], [ -58.499869182726904, -34.579452433529291 ], [ -58.499742080784102, -34.580241769934126 ], [ -58.499522045291613, -34.581017001033899 ], [ -58.499281111326468, -34.581601144894201 ], [ -58.500182646399729, -34.581626677062104 ], [ -58.501137013277827, -34.58173179548006 ], [ -58.502074330446447, -34.581913768905821 ], [ -58.502985573477773, -34.582170845261928 ], [ -58.503861968786367, -34.582500549378416 ], [ -58.504695078039681, -34.582899706806465 ], [ -58.50547687935336, -34.583364474359946 ], [ -58.506199844492123, -34.583890377092253 ], [ -58.506857011334617, -34.584472351353341 ], [ -58.507442050906064, -34.585104793513871 ], [ -58.507949328333389, -34.585781613888997 ], [ -58.508373957136016, -34.586496295343913 ], [ -58.508711846328417, -34.587241956018381 ], [ -58.508959739879081, -34.588011415567713 ], [ -58.509115248143644, -34.588797264283649 ], [ -58.509176870966655, -34.589591934430459 ], [ -58.509144012225846, -34.590387773110415 ], [ -58.509016985675409, -34.59117711595713 ], [ -58.508797012027863, -34.591952360947893 ], [ -58.508486207298752, -34.592706041623622 ], [ -58.508453035112424, -34.592766359255705 ], [ -58.508562393781489, -34.592663529932977 ], [ -58.509266116338686, -34.592120003007317 ], [ -58.510030863000338, -34.591636130814535 ], [ -58.510849269460635, -34.5912165722292 ], [ -58.511713455140089, -34.590865366814263 ], [ -58.51261509903663, -34.590585895956828 ], [ -58.513545519800786, -34.590380850338626 ], [ -58.514495759266019, -34.590252204053058 ], [ -58.515456668632609, -34.590201195616892 ], [ -58.516418996478627, -34.59022831605872 ], [ -58.517373477753999, -34.590333304198225 ], [ -58.518310922904547, -34.590515149161185 ], [ -58.519222306271772, -34.590772100106498 ], [ -58.52009885292064, -34.591101683071308 ], [ -58.520173982710489, -34.591137662099392 ], [ -58.520052280323121, -34.590878789890731 ] ] ], [ [ [ -58.359715120506728, -34.58587279375903 ], [ -58.359715117195577, -34.585872827108879 ], [ -58.359714774550618, -34.585881062228495 ], [ -58.359713855361896, -34.585890155014461 ], [ -58.359713850950733, -34.585890196476214 ], [ -58.359714558495021, -34.585898831818021 ], [ -58.359714584253837, -34.585899153648285 ], [ -58.35971778610854, -34.585909090059197 ], [ -58.359723302447556, -34.58591680552253 ], [ -58.359723339446731, -34.585916852427978 ], [ -58.359729103818744, -34.585924068712607 ], [ -58.359730561737884, -34.585925162595899 ], [ -58.359737983880478, -34.58593073146217 ], [ -58.359747738076443, -34.58593650434581 ], [ -58.359747778385675, -34.585936518802832 ], [ -58.359756759725492, -34.585939737295583 ], [ -58.359768092314624, -34.585940970142197 ], [ -58.359784951427201, -34.585942590780654 ], [ -58.359784991749883, -34.585942594420565 ], [ -58.359799102542816, -34.585943837733517 ], [ -58.359799322683777, -34.585943856850136 ], [ -58.359807897269569, -34.585944611402191 ], [ -58.359815353846216, -34.585945162185212 ], [ -58.359823422902565, -34.58594575945974 ], [ -58.359835546112045, -34.5859466504293 ], [ -58.359843039746451, -34.585947201242064 ], [ -58.359977936477719, -34.585957680962636 ], [ -58.359830016025398, -34.58520315020607 ], [ -58.359812763143275, -34.584975367480915 ], [ -58.359715120506728, -34.58587279375903 ] ] ], [ [ [ -58.359657552646809, -34.587189855131854 ], [ -58.35965719627702, -34.587189822377972 ], [ -58.3596470937512, -34.587188840260275 ], [ -58.359637651650232, -34.587187921802389 ], [ -58.359626872332726, -34.587187768418104 ], [ -58.35962200910555, -34.587187699384216 ], [ -58.359621726815824, -34.587187695538731 ], [ -58.359621015097993, -34.587187685018399 ], [ -58.359620968223894, -34.587187690387132 ], [ -58.359620508196869, -34.587187748588903 ], [ -58.359620380653858, -34.587187764706144 ], [ -58.359607623093517, -34.587189367416137 ], [ -58.359598707960437, -34.587192412062379 ], [ -58.359598325228326, -34.587192543345047 ], [ -58.359598083144277, -34.587192637788839 ], [ -58.359597967553647, -34.587192683663233 ], [ -58.359590149964987, -34.587195748171354 ], [ -58.359581884664394, -34.587201239832986 ], [ -58.359581837749957, -34.587201277652937 ], [ -58.359574692342406, -34.587207223682015 ], [ -58.359572575073443, -34.587209464625126 ], [ -58.359570056176864, -34.587212131600339 ], [ -58.359568033136462, -34.587215729266362 ], [ -58.359566760544332, -34.587217991660069 ], [ -58.359562203176857, -34.587227901646159 ], [ -58.359562184594132, -34.587227944898679 ], [ -58.359560304688472, -34.587240028690658 ], [ -58.359558098547708, -34.587249756784715 ], [ -58.359557937406812, -34.587250496716706 ], [ -58.359557935189954, -34.58725052646183 ], [ -58.359461955718707, -34.58808495505933 ], [ -58.359461950233104, -34.588084983900174 ], [ -58.359463023583352, -34.58808518673235 ], [ -58.359463806001429, -34.588085333373456 ], [ -58.359463936750089, -34.588085357878406 ], [ -58.359465138680903, -34.588085587862714 ], [ -58.359468334760699, -34.588086190028747 ], [ -58.35947019815147, -34.58808653325373 ], [ -58.359471548292049, -34.588086782293892 ], [ -58.359472815617721, -34.588087014136605 ], [ -58.359474761829105, -34.588087370051888 ], [ -58.359477984092472, -34.588087952408628 ], [ -58.359481221617493, -34.588088532975455 ], [ -58.359484453698393, -34.588089109030413 ], [ -58.359487698868818, -34.588089676983628 ], [ -58.359490947304664, -34.588090248545242 ], [ -58.359492905525833, -34.588090588244818 ], [ -58.35949294475509, -34.588090595489568 ], [ -58.359494204466912, -34.588090814705616 ], [ -58.359497461633659, -34.588091377260234 ], [ -58.359500725353641, -34.588091929003269 ], [ -58.359502033016597, -34.588092153668534 ], [ -58.359503994512174, -34.588092489765025 ], [ -58.359507262583037, -34.588093048722968 ], [ -58.359510538290358, -34.588093602278754 ], [ -58.359512316717982, -34.588093903063886 ], [ -58.359513805279214, -34.588094154925606 ], [ -58.359517082077694, -34.588094707580751 ], [ -58.359520361062835, -34.588095254829071 ], [ -58.359523637858004, -34.588095810188314 ], [ -58.359526916844345, -34.58809635653509 ], [ -58.359526960433413, -34.588096363783535 ], [ -58.359530194732926, -34.58809690919076 ], [ -58.359533433391192, -34.588097455503046 ], [ -58.359533471531599, -34.588097461845457 ], [ -58.359536749425899, -34.588098009993878 ], [ -58.359540016408388, -34.588098568048551 ], [ -58.359543283397649, -34.588099120694629 ], [ -58.359546550381332, -34.588099677847751 ], [ -58.359548187141371, -34.588099957779193 ], [ -58.359548500980011, -34.588100012131406 ], [ -58.359548611041525, -34.588100031154866 ], [ -58.359548706937019, -34.588100047462021 ], [ -58.35954981736284, -34.588100236803605 ], [ -58.35955307343815, -34.588100801158639 ], [ -58.359554716731218, -34.588101086504111 ], [ -58.359556334965482, -34.588101363715396 ], [ -58.359559586674358, -34.58810193347513 ], [ -58.359561621169135, -34.588102292168315 ], [ -58.35956283074804, -34.588102507735357 ], [ -58.359566066104364, -34.58810308018527 ], [ -58.359569290553409, -34.588103658935772 ], [ -58.359572517175664, -34.588104243096588 ], [ -58.359575740525884, -34.588104829057357 ], [ -58.359575773216577, -34.58810483539515 ], [ -58.359578281702369, -34.588105305366042 ], [ -58.359578938789348, -34.588105429419556 ], [ -58.359582146871368, -34.588106022578614 ], [ -58.359584547470014, -34.588106478034909 ], [ -58.359585297181546, -34.588106619294138 ], [ -58.359585338589625, -34.588106627442144 ], [ -58.359588521580477, -34.588107238608174 ], [ -58.35959169039193, -34.588107857874874 ], [ -58.359594852659235, -34.588108480741639 ], [ -58.359597999663926, -34.588109106299633 ], [ -58.359601137921075, -34.588109754385663 ], [ -58.359604269647484, -34.588110395254709 ], [ -58.359607377387206, -34.588111042413246 ], [ -58.359607414435466, -34.588111050557551 ], [ -58.359610484016869, -34.588111705796429 ], [ -58.359611779619314, -34.588111988141399 ], [ -58.359613569926296, -34.588112378176135 ], [ -58.359615305743617, -34.588112761854539 ], [ -58.359616635122272, -34.588113054143832 ], [ -58.359619698121541, -34.58811374363097 ], [ -58.359619732989913, -34.588113751773413 ], [ -58.359622741491698, -34.588114441214174 ], [ -58.359624341077506, -34.588114814861086 ], [ -58.359625764141661, -34.588115147793928 ], [ -58.359628775876445, -34.588115866984275 ], [ -58.359631765805545, -34.588116591564578 ], [ -58.359634745909482, -34.588117328756361 ], [ -58.359636590616851, -34.5881177972608 ], [ -58.359637703105477, -34.588118081252809 ], [ -58.359639207847778, -34.588118469241735 ], [ -58.359640650479648, -34.588118843656531 ], [ -58.359641825063022, -34.588119153842563 ], [ -58.35964356623856, -34.58811961144189 ], [ -58.359644864254783, -34.588120583377751 ], [ -58.359645447924592, -34.588121021965428 ], [ -58.359645455089648, -34.588121164406608 ], [ -58.359645573440439, -34.588123517212949 ], [ -58.359644675793994, -34.588126646193793 ], [ -58.359643521769343, -34.588129967861569 ], [ -58.359643165519152, -34.588131591023149 ], [ -58.359643160038068, -34.58813161625833 ], [ -58.359642847638895, -34.58813303573541 ], [ -58.359642844278476, -34.588135741806653 ], [ -58.359642913951504, -34.58813844253136 ], [ -58.359642916079913, -34.588138483998655 ], [ -58.35964295110243, -34.588139245731483 ], [ -58.359642963856125, -34.588139508056614 ], [ -58.359642967055457, -34.588139564849037 ], [ -58.359643039207597, -34.58814114690901 ], [ -58.359643125449658, -34.588142792982019 ], [ -58.359643186264968, -34.588143849502273 ], [ -58.359643330105122, -34.588146509725938 ], [ -58.359643332232416, -34.588146552094628 ], [ -58.359643351369066, -34.588146940624547 ], [ -58.359643467294724, -34.588149259184881 ], [ -58.359643528533965, -34.588150852052657 ], [ -58.359643570748474, -34.588151966248262 ], [ -58.359643674202196, -34.588154673311614 ], [ -58.359643676330613, -34.588154714778895 ], [ -58.359643809270153, -34.588157375894745 ], [ -58.359643832840504, -34.588157704934432 ], [ -58.359643912160408, -34.588158781301743 ], [ -58.359644007560902, -34.588160074024415 ], [ -58.359644291969026, -34.588162763212999 ], [ -58.359644443304106, -34.588163776541819 ], [ -58.359644689747839, -34.58816543987794 ], [ -58.359645199802905, -34.588168107624014 ], [ -58.359645208472159, -34.588168148195443 ], [ -58.359645782890368, -34.588170770924982 ], [ -58.359646408491599, -34.588173429754953 ], [ -58.359647051536577, -34.588176084994018 ], [ -58.359647062381221, -34.588176129173014 ], [ -58.35964733550329, -34.588177374271169 ], [ -58.359647646614754, -34.588178747403781 ], [ -58.359647918558451, -34.588180063713395 ], [ -58.359648196998215, -34.588181415184081 ], [ -58.359648350700191, -34.588182277977126 ], [ -58.359648674336995, -34.588184097325097 ], [ -58.359649126610307, -34.588186776740599 ], [ -58.359649134189581, -34.588186817311112 ], [ -58.359649624664982, -34.588189453490685 ], [ -58.359650206666132, -34.588192114086404 ], [ -58.359650917370111, -34.588194703579006 ], [ -58.359650928222621, -34.588194741448049 ], [ -58.359651765336466, -34.588197350879305 ], [ -58.35965265587258, -34.588199948637396 ], [ -58.359653331527198, -34.588201798031321 ], [ -58.35965360091754, -34.588202537427556 ], [ -58.35965459719592, -34.588205121754122 ], [ -58.359655616379051, -34.588207693480165 ], [ -58.35965665627802, -34.588210259815256 ], [ -58.359657708169905, -34.588212823456274 ], [ -58.35965876878371, -34.588215385301822 ], [ -58.359659851206708, -34.588217939053067 ], [ -58.359660944534873, -34.588220488306469 ], [ -58.359662080388041, -34.588223024074587 ], [ -58.359663248949943, -34.588225551757652 ], [ -58.359664445902155, -34.588228037999329 ], [ -58.359664458948011, -34.588228065053151 ], [ -58.359665710383382, -34.588230563059582 ], [ -58.359665726692363, -34.588230595524678 ], [ -58.359665959405042, -34.588231028405673 ], [ -58.359667018526565, -34.588233036775719 ], [ -58.359668367013768, -34.588235497906197 ], [ -58.359669178349158, -34.588236923746052 ], [ -58.359669756939383, -34.58823794284617 ], [ -58.359671181755893, -34.588240377900121 ], [ -58.359672625106121, -34.588242809364104 ], [ -58.359674081549336, -34.588245230022117 ], [ -58.359674599295928, -34.588246093124226 ], [ -58.359675536895949, -34.588247656087667 ], [ -58.359676427710852, -34.588249152306034 ], [ -58.359676444025446, -34.588249180264036 ], [ -58.359676981342005, -34.588250083045402 ], [ -58.359677713305814, -34.588251351970079 ], [ -58.359678394153782, -34.588252530708985 ], [ -58.359679787333029, -34.588254989173002 ], [ -58.359681208875799, -34.588257427829767 ], [ -58.359681613524806, -34.588258083508386 ], [ -58.359682696938187, -34.588259840401648 ], [ -58.359684270075206, -34.588262206171777 ], [ -58.359685958831243, -34.588264504433226 ], [ -58.359687776279067, -34.588266740605697 ], [ -58.359689665755617, -34.588268902922515 ], [ -58.359689689701042, -34.58826892998551 ], [ -58.359691664206359, -34.588271082458874 ], [ -58.3596936975961, -34.588273213347996 ], [ -58.359695760443763, -34.588275320825041 ], [ -58.359697832016735, -34.588277423802396 ], [ -58.359699883969583, -34.588279527664469 ], [ -58.359699905740669, -34.588279550218537 ], [ -58.359701925008409, -34.588281643235689 ], [ -58.359703966048478, -34.588283757905529 ], [ -58.359706027805608, -34.588285866282909 ], [ -58.359708089613171, -34.588287934096243 ], [ -58.35970811138538, -34.588287955748882 ], [ -58.359710227704163, -34.588290012791397 ], [ -58.359712397474354, -34.588292034723665 ], [ -58.35971430608874, -34.588293707583276 ], [ -58.359714632711224, -34.588294000823225 ], [ -58.359714772070895, -34.588294125337981 ], [ -58.359716357777906, -34.588295436154304 ], [ -58.359716502775335, -34.588295556015638 ], [ -58.359716937768994, -34.58829591560086 ], [ -58.35971931810748, -34.58829777094833 ], [ -58.359721743184473, -34.588299585769718 ], [ -58.359724200991515, -34.588301375378933 ], [ -58.359726678435742, -34.588303150581979 ], [ -58.359729107953413, -34.588304900504447 ], [ -58.359729144979397, -34.588304926677154 ], [ -58.359731603887894, -34.588306707272899 ], [ -58.359734069337335, -34.588308486972757 ], [ -58.359736556609469, -34.588310247761179 ], [ -58.359739056977915, -34.588311995039284 ], [ -58.359741598822843, -34.588313695478519 ], [ -58.359743005925829, -34.588314597194838 ], [ -58.359744183229758, -34.588315352685505 ], [ -58.359745167803105, -34.58831595386912 ], [ -58.359746811300887, -34.588316956745459 ], [ -58.359749481917248, -34.588318531094451 ], [ -58.359752182008265, -34.588320068510036 ], [ -58.35975491595174, -34.588321554573142 ], [ -58.359757673974883, -34.588322959528469 ], [ -58.359757702295788, -34.588322973975288 ], [ -58.359760543225995, -34.588324322211186 ], [ -58.359763415867789, -34.588325587542982 ], [ -58.359766331071555, -34.588326809642417 ], [ -58.35976926594153, -34.588327993898737 ], [ -58.359770730132979, -34.588328564840616 ], [ -58.359772224828589, -34.588329147526906 ], [ -58.359775202275145, -34.588330276832295 ], [ -58.35977817974635, -34.588331386306379 ], [ -58.359781182297752, -34.588332486787372 ], [ -58.35978417178324, -34.588333576440149 ], [ -58.359785597889065, -34.588334096869836 ], [ -58.359787172162719, -34.5883346706092 ], [ -58.359790151823105, -34.588335772873428 ], [ -58.35979173696505, -34.588336371861786 ], [ -58.359793130365688, -34.588336897672171 ], [ -58.359795115330783, -34.588337650241648 ], [ -58.359796108902714, -34.588338026978036 ], [ -58.359799099441638, -34.588339146378303 ], [ -58.359802068231858, -34.588340225195985 ], [ -58.359802098737156, -34.58834023603896 ], [ -58.359805120986636, -34.588341273436392 ], [ -58.359806811934817, -34.588341807611812 ], [ -58.359808164039165, -34.588342235131847 ], [ -58.359809999974757, -34.58834275050026 ], [ -58.359811258432522, -34.58834310582693 ], [ -58.359814378006604, -34.588343886400949 ], [ -58.359816083306441, -34.588344273656311 ], [ -58.359817527089966, -34.588344602097386 ], [ -58.359819258581176, -34.588344963233652 ], [ -58.359820688233292, -34.588345261014275 ], [ -58.359823881035638, -34.588345879393849 ], [ -58.359827070606137, -34.588346467122214 ], [ -58.359830276541622, -34.588347042244422 ], [ -58.359831914379562, -34.588347336595739 ], [ -58.359833479207325, -34.588347617363766 ], [ -58.359836680775295, -34.58834819879209 ], [ -58.359840705019586, -34.588348973822413 ], [ -58.360203495715702, -34.588424736314337 ], [ -58.360398766706702, -34.588465512961314 ], [ -58.36075736897503, -34.588540393626332 ], [ -58.360760203239479, -34.588540985451694 ], [ -58.360824195266488, -34.588554347665337 ], [ -58.360838380762608, -34.588557309742207 ], [ -58.36083836763224, -34.588557351196656 ], [ -58.360838329319989, -34.588557484575212 ], [ -58.360838080220141, -34.588558318271282 ], [ -58.360837091492051, -34.588561627380663 ], [ -58.360837653722861, -34.588561780193324 ], [ -58.360838927459874, -34.588562125606572 ], [ -58.36083908661675, -34.588562168816345 ], [ -58.360850264696154, -34.588565203570745 ], [ -58.360850016696716, -34.588566099475827 ], [ -58.360838273209559, -34.588608523137552 ], [ -58.360819628503485, -34.588675890705581 ], [ -58.360819452488968, -34.588676323241138 ], [ -58.360806285410497, -34.588708577742608 ], [ -58.360806248356326, -34.588708574105816 ], [ -58.360789970704204, -34.58870695319564 ], [ -58.360789867263904, -34.588707754474392 ], [ -58.360788638127111, -34.588717241827517 ], [ -58.360790435387173, -34.588718147549237 ], [ -58.360803177917482, -34.588724569092982 ], [ -58.360803047441713, -34.588725064737403 ], [ -58.360746172894181, -34.588941116180024 ], [ -58.360748184597554, -34.588941475454732 ], [ -58.360761812612665, -34.588943909312164 ], [ -58.360778490842335, -34.588946885402336 ], [ -58.360778501789568, -34.588946846650281 ], [ -58.360853202213036, -34.588676147855544 ], [ -58.360853213166841, -34.588676103694965 ], [ -58.360882196948261, -34.588571626875655 ], [ -58.360882200253535, -34.588571598032885 ], [ -58.360884986786118, -34.588571997899159 ], [ -58.360885088134417, -34.588572012406999 ], [ -58.360888618972794, -34.588572522871537 ], [ -58.360892126934267, -34.588573023401139 ], [ -58.360894517829152, -34.588568967197965 ], [ -58.361130543590697, -34.588617347804991 ], [ -58.361315556313315, -34.588655271391396 ], [ -58.360990623485272, -34.588220346437687 ], [ -58.360567229656056, -34.587505121782826 ], [ -58.360453738828021, -34.587253546942236 ], [ -58.359657552646809, -34.587189855131854 ] ] ], [ [ [ -58.365902020524487, -34.591911760498483 ], [ -58.365855367491626, -34.591982594051458 ], [ -58.36571673790894, -34.592193071966051 ], [ -58.365197239548195, -34.592981803631098 ], [ -58.365151271260345, -34.593046801638856 ], [ -58.365053608874362, -34.59318490038941 ], [ -58.364400950718952, -34.594177173413918 ], [ -58.364393435579892, -34.594188600069657 ], [ -58.364380932641836, -34.594214581562973 ], [ -58.364373697328787, -34.594241898726906 ], [ -58.364371922353541, -34.59426982427037 ], [ -58.364375654381156, -34.594297617261788 ], [ -58.364384794007044, -34.594324541157619 ], [ -58.364389491998843, -34.594332862394481 ], [ -58.36439909900713, -34.594349880030578 ], [ -58.364418189760556, -34.594372961109819 ], [ -58.36444155903822, -34.594393172817512 ], [ -58.36464216963892, -34.594494937245138 ], [ -58.36467043572015, -34.594501082558267 ], [ -58.364699508408002, -34.594503557922685 ], [ -58.364728696684807, -34.594502305088682 ], [ -58.364757303978358, -34.594497354141971 ], [ -58.364784648874029, -34.594488822619248 ], [ -58.364810081467702, -34.594476913718417 ], [ -58.364832996453167, -34.594461910900385 ], [ -58.364921726514389, -34.594333292632179 ], [ -58.365044916518656, -34.594154721753206 ], [ -58.365196990717322, -34.593923255934605 ], [ -58.365503012889491, -34.593458138349554 ], [ -58.365899472193149, -34.592841005872344 ], [ -58.365903381257432, -34.592834232994775 ], [ -58.365908642261225, -34.592828117432084 ], [ -58.365915098027955, -34.592822842948941 ], [ -58.365922556532325, -34.592818566239544 ], [ -58.365930794170431, -34.5928154169303 ], [ -58.365939564491299, -34.592813487670924 ], [ -58.365948605823966, -34.592812836845113 ], [ -58.365957647823549, -34.592813483167006 ], [ -58.365966419098356, -34.592815408391743 ], [ -58.365974659204099, -34.592818553719056 ], [ -58.365982119726354, -34.592822826104467 ], [ -58.36610304546371, -34.592872769374971 ], [ -58.366109693068061, -34.592874979550409 ], [ -58.366116688384551, -34.592876256128072 ], [ -58.366123842878331, -34.59287656650654 ], [ -58.366130961447304, -34.592875901516109 ], [ -58.366137852226814, -34.592874279934044 ], [ -58.366144326594927, -34.592871743977021 ], [ -58.366150211156494, -34.592868364719514 ], [ -58.366155344484511, -34.592864232175373 ], [ -58.366159588016103, -34.592859458912365 ], [ -58.366235279752892, -34.592746945816387 ], [ -58.366203891003167, -34.592732591823705 ], [ -58.366201842868882, -34.592731655418291 ], [ -58.366322700571267, -34.592543720963896 ], [ -58.366649491442999, -34.592035551940924 ], [ -58.365950858450041, -34.59183761098911 ], [ -58.365902020524487, -34.591911760498483 ] ] ], [ [ [ -58.366834667221333, -34.592292121269963 ], [ -58.36650577738552, -34.592795772616626 ], [ -58.366504733477882, -34.59279737181464 ], [ -58.366490870238991, -34.592791179759303 ], [ -58.366386146832831, -34.592945440104472 ], [ -58.366391252981714, -34.592947811296533 ], [ -58.366383393125773, -34.592958863713115 ], [ -58.366381440989016, -34.592961609700353 ], [ -58.366380012503299, -34.592964912281474 ], [ -58.366379423360989, -34.592967249203646 ], [ -58.366379161638378, -34.592968290139467 ], [ -58.366379147403293, -34.592968346016399 ], [ -58.366378872374092, -34.592972397694766 ], [ -58.366379383264402, -34.592976433771724 ], [ -58.366380664934454, -34.592980350571587 ], [ -58.366382685890223, -34.59298404801131 ], [ -58.366385395009829, -34.592987432302252 ], [ -58.366388721545, -34.59299041504881 ], [ -58.366389198612552, -34.592990724615817 ], [ -58.366392580560415, -34.592992922266724 ], [ -58.366887973546163, -34.593206832941462 ], [ -58.366893824784391, -34.593208705312747 ], [ -58.366899949389463, -34.593209831521378 ], [ -58.366906208957126, -34.593210187119553 ], [ -58.3669124617942, -34.593209763882612 ], [ -58.366918568366785, -34.593208571615932 ], [ -58.366924389121216, -34.593206637252059 ], [ -58.366929795385282, -34.593204003957673 ], [ -58.366940357734336, -34.593196393470677 ], [ -58.366949425984288, -34.593187563079134 ], [ -58.366973114382276, -34.593152521831151 ], [ -58.367011252837798, -34.593093165276251 ], [ -58.367012513983411, -34.593091279592841 ], [ -58.367013361098515, -34.593089241242204 ], [ -58.367013769041037, -34.59308711240277 ], [ -58.367013724655905, -34.593084957966575 ], [ -58.36701322895933, -34.593082841935477 ], [ -58.367012298226747, -34.593080829224782 ], [ -58.367010960728869, -34.593078980252095 ], [ -58.367010206179692, -34.593078258518275 ], [ -58.367009255642913, -34.593077350035195 ], [ -58.367007234140317, -34.593075989995491 ], [ -58.366981078101553, -34.593065590368155 ], [ -58.366978984050021, -34.59306475760323 ], [ -58.367299443941761, -34.592539479538829 ], [ -58.367504580972636, -34.592221046435697 ], [ -58.366943409008286, -34.592111462027802 ], [ -58.366834667221333, -34.592292121269963 ] ] ], [ [ [ -58.367279658827478, -34.59312337973121 ], [ -58.367276025269661, -34.593121944510827 ], [ -58.367264791201123, -34.593117508781738 ], [ -58.36723475859187, -34.593168082020739 ], [ -58.367227623504384, -34.59316793217598 ], [ -58.367220548382775, -34.593168716252336 ], [ -58.367213712010454, -34.593170416362121 ], [ -58.367185934991994, -34.593215917254142 ], [ -58.367161401419708, -34.593256106805839 ], [ -58.36715362144075, -34.593268849502707 ], [ -58.367155705668196, -34.59326970028534 ], [ -58.367157379151799, -34.593270383079634 ], [ -58.367157056910912, -34.593270977764981 ], [ -58.367153522099102, -34.593277494972988 ], [ -58.367151196014433, -34.593285048868374 ], [ -58.367150469826882, -34.593292821267177 ], [ -58.367151364514164, -34.593300580520342 ], [ -58.367153854179001, -34.593308098547325 ], [ -58.367157147847209, -34.593314099211256 ], [ -58.367161459033504, -34.593319640950988 ], [ -58.367166696310335, -34.593324607410786 ], [ -58.367167557813758, -34.593325217451429 ], [ -58.367172749707251, -34.593328893037409 ], [ -58.36838777691186, -34.593844578273874 ], [ -58.368591788552948, -34.593932007142222 ], [ -58.368600245214473, -34.593935631212901 ], [ -58.368913636344757, -34.594069933393548 ], [ -58.368969497621926, -34.594093872332792 ], [ -58.369065197486826, -34.59413488371414 ], [ -58.36906993522534, -34.594137368990012 ], [ -58.369074125090172, -34.594140455091782 ], [ -58.369074684640459, -34.594141026178882 ], [ -58.36907765708095, -34.594144059905027 ], [ -58.369080438650911, -34.594148089610442 ], [ -58.369082395797989, -34.594152437782974 ], [ -58.369083478508948, -34.59415699080477 ], [ -58.369083656398139, -34.594161628763153 ], [ -58.369082926333689, -34.594166229062225 ], [ -58.36908130807241, -34.594170670926445 ], [ -58.369076395468852, -34.594183086041291 ], [ -58.36905095453735, -34.594247380212941 ], [ -58.368967681151808, -34.594483955609022 ], [ -58.368914113596453, -34.594636135221094 ], [ -58.369370637645879, -34.59445127092085 ], [ -58.370252357599192, -34.594179159329698 ], [ -58.370261861185519, -34.593957917081397 ], [ -58.370390209124174, -34.593168687022867 ], [ -58.370611480721443, -34.59239366039705 ], [ -58.370623196915417, -34.59236537616318 ], [ -58.369713660497489, -34.592412572817828 ], [ -58.36875131390947, -34.592384294435639 ], [ -58.367802908210713, -34.592278801624637 ], [ -58.367279658827478, -34.59312337973121 ] ] ], [ [ [ -58.364839731820538, -34.597284269746837 ], [ -58.364329861563057, -34.597243789048299 ], [ -58.36383556620315, -34.597202842063354 ], [ -58.363832120191198, -34.597200533190367 ], [ -58.363831463182706, -34.597200092986093 ], [ -58.363827945046026, -34.59719683598324 ], [ -58.363825102167922, -34.597193155862172 ], [ -58.363823007470153, -34.597189147331861 ], [ -58.363821716423658, -34.597184913199527 ], [ -58.363821259420277, -34.597180562562244 ], [ -58.36382142565472, -34.59717871751792 ], [ -58.363821651584374, -34.597176209912952 ], [ -58.363824427079741, -34.597168747496326 ], [ -58.363825391467103, -34.597165362539776 ], [ -58.363825718365177, -34.597164208906747 ], [ -58.363825922384834, -34.597163488915299 ], [ -58.363895299524032, -34.596967999876419 ], [ -58.364405671016975, -34.595529852287093 ], [ -58.36440594892219, -34.595528980836576 ], [ -58.364406237727891, -34.595528109394863 ], [ -58.364406504732628, -34.595527237935521 ], [ -58.364406771741592, -34.595526362870459 ], [ -58.364407027851165, -34.595525486895141 ], [ -58.364407285050795, -34.595524610920727 ], [ -58.364407519363652, -34.595523731322054 ], [ -58.364407765664936, -34.595522853535968 ], [ -58.364407990170541, -34.595521971225082 ], [ -58.364408214676175, -34.595521088914204 ], [ -58.364408439181815, -34.595520206603311 ], [ -58.364408641889696, -34.595519321570514 ], [ -58.364408845688658, -34.59551843563716 ], [ -58.364409038588235, -34.595517548793538 ], [ -58.364409230397754, -34.595516661949048 ], [ -58.364409412398949, -34.595515773293776 ], [ -58.36440958459081, -34.595514883729095 ], [ -58.364409755694744, -34.595513992360729 ], [ -58.36440991589712, -34.59551310188489 ], [ -58.364410077192737, -34.595512208705749 ], [ -58.364410216688484, -34.595511314607471 ], [ -58.364410356183136, -34.595510421410609 ], [ -58.364410494590977, -34.595509525508611 ], [ -58.364410613376855, -34.595508630492112 ], [ -58.364410731073754, -34.595507734573339 ], [ -58.364410849859659, -34.595506839556897 ], [ -58.364410956658205, -34.59550594182641 ], [ -58.364411053647402, -34.595505043186577 ], [ -58.364411139735047, -34.595504145439314 ], [ -58.364411225824846, -34.595503245889248 ], [ -58.364411302102027, -34.595502348134069 ], [ -58.364411366391927, -34.595501447664866 ], [ -58.36441143177079, -34.595500548097995 ], [ -58.364411485160225, -34.595499647619967 ], [ -58.364411528738124, -34.595498748035475 ], [ -58.364411572319256, -34.595497845746642 ], [ -58.364411606087806, -34.595496945252741 ], [ -58.364411638768452, -34.59549604295507 ], [ -58.364411650734979, -34.595495143344934 ], [ -58.364411661614653, -34.59549424102962 ], [ -58.364411673582254, -34.59549334051804 ], [ -58.364411674651492, -34.595492438194789 ], [ -58.364411664817077, -34.595491538566954 ], [ -58.364411645175437, -34.595490636226899 ], [ -58.364411624443726, -34.595489733885991 ], [ -58.36441159389949, -34.595488833339971 ], [ -58.364411552453682, -34.595487933686513 ], [ -58.364411511011077, -34.595487031328808 ], [ -58.364411458665877, -34.595486130765131 ], [ -58.364411395419125, -34.59548523109401 ], [ -58.364411332170228, -34.595484333225741 ], [ -58.364411259114114, -34.595483432645239 ], [ -58.364411186056962, -34.595482532966216 ], [ -58.364411091196686, -34.595481635072304 ], [ -58.364410996336453, -34.595480737178434 ], [ -58.364410901476191, -34.595479839284557 ], [ -58.364410795713326, -34.595478943184688 ], [ -58.364410680142157, -34.595478045273978 ], [ -58.364410552575158, -34.595477151860734 ], [ -58.364410426101408, -34.595476255744039 ], [ -58.364410288723974, -34.595475362322851 ], [ -58.364410140446083, -34.59547446889276 ], [ -58.364409993258207, -34.595473575463593 ], [ -58.364409834077705, -34.595472683827545 ], [ -58.364409675987282, -34.595471792192377 ], [ -58.364409505906302, -34.59547090054749 ], [ -58.364409326011703, -34.595470011598913 ], [ -58.364409136304538, -34.595469124445259 ], [ -58.364408945507328, -34.59546823729066 ], [ -58.364408743809676, -34.595467350127258 ], [ -58.364408543198842, -34.595466465669041 ], [ -58.364408330597513, -34.595465581201076 ], [ -58.364408108183611, -34.595464698527984 ], [ -58.364407874867105, -34.595463817648913 ], [ -58.364407641549548, -34.5954629376713 ], [ -58.364407398419424, -34.595462059488526 ], [ -58.364407154200315, -34.59546118040349 ], [ -58.364406900166564, -34.595460304916166 ], [ -58.364406634143322, -34.5954594285177 ], [ -58.364406369206954, -34.595458554824404 ], [ -58.364406093367947, -34.595457682925108 ], [ -58.364405807715343, -34.595456813722116 ], [ -58.364405520972703, -34.595455944518235 ], [ -58.364405223327424, -34.595455077108376 ], [ -58.364404915871752, -34.595454209690544 ], [ -58.364404608410766, -34.595453346779877 ], [ -58.364404290049293, -34.595452483860299 ], [ -58.364403971685718, -34.595451622743603 ], [ -58.364403642418424, -34.595450764322365 ], [ -58.364403303340751, -34.595449905893133 ], [ -58.364402963167691, -34.595449051970135 ], [ -58.364402613185256, -34.595448197137777 ], [ -58.364402252298092, -34.595447345902222 ], [ -58.364401891409891, -34.595446495568126 ], [ -58.364401519618028, -34.595445647929481 ], [ -58.364401136922481, -34.595444802986258 ], [ -58.364400755314861, -34.59544395984674 ], [ -58.364400361714573, -34.59544311850037 ], [ -58.364399969203291, -34.595442278056268 ], [ -58.364399565787281, -34.595441441209047 ], [ -58.36439915146758, -34.595440607057249 ], [ -58.364398737147894, -34.595439772905436 ], [ -58.364398311923495, -34.595438942350469 ], [ -58.364397887785913, -34.595438114500688 ], [ -58.364397451654632, -34.595437289345419 ], [ -58.364397005710828, -34.595436465985067 ], [ -58.364396559764863, -34.595435644427532 ], [ -58.364396102915258, -34.595434825565434 ], [ -58.364395635163049, -34.595434008497342 ], [ -58.364395168497666, -34.595433194134401 ], [ -58.364394689836466, -34.595432384268854 ], [ -58.364394212263164, -34.595431576207041 ], [ -58.364393722697237, -34.595430769938325 ], [ -58.36439322331767, -34.595429966365941 ], [ -58.364392723936007, -34.595429164596389 ], [ -58.364392224547935, -34.595428368235368 ], [ -58.364391704450043, -34.59542757095614 ], [ -58.364391183253552, -34.595426780887387 ], [ -58.364390663148207, -34.595425989918112 ], [ -58.364390131045937, -34.595425204347613 ], [ -58.364389589132195, -34.595424419670614 ], [ -58.364389047214196, -34.595423638599314 ], [ -58.364388494391456, -34.595422861124796 ], [ -58.364387942655569, -34.595422086355498 ], [ -58.364387378927049, -34.595421313379283 ], [ -58.364386805382765, -34.595420544902247 ], [ -58.364386230746327, -34.595419778227182 ], [ -58.364385657196721, -34.59541901425721 ], [ -58.364385061840856, -34.595418254776718 ], [ -58.364384477381201, -34.595417498910692 ], [ -58.36438387111636, -34.595416746632729 ], [ -58.364383275750896, -34.595415995265007 ], [ -58.364382659668152, -34.595415249289026 ], [ -58.364382042491108, -34.595414506917827 ], [ -58.364381426404158, -34.595413764547544 ], [ -58.36438079940816, -34.595413029379756 ], [ -58.364380161509573, -34.59541229600601 ], [ -58.364379523608861, -34.595411564435075 ], [ -58.364378874799151, -34.595410840066691 ], [ -58.364378225989455, -34.5954101156983 ], [ -58.364377567361885, -34.595409397631926 ], [ -58.364376908731096, -34.595408682269756 ], [ -58.364376238107695, -34.595407968700755 ], [ -58.364375568568988, -34.595407259639735 ], [ -58.36437488812556, -34.595406554175568 ], [ -58.364374196775259, -34.59540585411105 ], [ -58.364373505422847, -34.595405155849406 ], [ -58.364372815155143, -34.59540446209575 ], [ -58.36437211289374, -34.595403771036651 ], [ -58.364371410625921, -34.595403085386053 ], [ -58.364370698543439, -34.59540240333321 ], [ -58.364369975556215, -34.595401724877213 ], [ -58.364369252566874, -34.595401048223991 ], [ -58.364368529568985, -34.595400378782216 ], [ -58.364367795668535, -34.595399711134405 ], [ -58.364367051952321, -34.59539904798573 ], [ -58.364366307139633, -34.595398390244753 ], [ -58.364365562325915, -34.595397733405143 ], [ -58.364364807693249, -34.595397083768972 ], [ -58.364364233828589, -34.595396591121904 ], [ -58.364364053058431, -34.595396435935641 ], [ -58.364363474703339, -34.595395950595496 ], [ -58.364363286427796, -34.595395792599703 ], [ -58.364362511071455, -34.595395153763768 ], [ -58.364361744430155, -34.595394519442003 ], [ -58.364360958162663, -34.595393889611472 ], [ -58.364360181700263, -34.595393264295993 ], [ -58.364359383432706, -34.595392642568513 ], [ -58.364358597152425, -34.595392023554986 ], [ -58.364357798873137, -34.595391411743151 ], [ -58.364356990779136, -34.595390803529028 ], [ -58.364356182681945, -34.595390198019125 ], [ -58.3643553745773, -34.59538959881921 ], [ -58.364354555570081, -34.595389001413288 ], [ -58.3643537256538, -34.595388411209925 ], [ -58.364352906635894, -34.595387822818239 ], [ -58.364352066899635, -34.595387240719653 ], [ -58.36435123697062, -34.595386661333293 ], [ -58.364350396132544, -34.595386089149514 ], [ -58.364349545479854, -34.595385520563404 ], [ -58.3643486948218, -34.59538495648443 ], [ -58.364347844158402, -34.59538439691255 ], [ -58.364346981499203, -34.595383841838071 ], [ -58.364346119925749, -34.59538329037013 ], [ -58.364345258345914, -34.595382744310704 ], [ -58.364344386951394, -34.595382201849034 ], [ -58.364343503557812, -34.595381666588985 ], [ -58.36434263105938, -34.595381135844896 ], [ -58.364341737847909, -34.595380606886827 ], [ -58.364340854439433, -34.595380084246678 ], [ -58.364339961211947, -34.595379568809946 ], [ -58.364339067982385, -34.595379055176032 ], [ -58.364338163846995, -34.595378546040415 ], [ -58.364337259703085, -34.595378044116138 ], [ -58.364336355554897, -34.595377545797533 ], [ -58.364335440497705, -34.595377054681492 ], [ -58.364334525438366, -34.595376565368234 ], [ -58.364333599471145, -34.595376082356147 ], [ -58.36433267458861, -34.595375603852005 ], [ -58.364331748609608, -34.595375130755514 ], [ -58.364330822626364, -34.595374661264707 ], [ -58.364329886825224, -34.595374198075866 ], [ -58.364328951018734, -34.595373739394148 ], [ -58.364328004303275, -34.595373287914967 ], [ -58.364327056495611, -34.595372838237708 ], [ -58.364326109768385, -34.595372396674122 ], [ -58.364325152136438, -34.595371958707418 ], [ -58.364324194498117, -34.595371526149208 ], [ -58.364323237943381, -34.59537109900041 ], [ -58.364322280294367, -34.595370675456401 ], [ -58.364321311736347, -34.595370259114908 ], [ -58.364320343174064, -34.59536984637915 ], [ -58.364319364792806, -34.595369440846746 ], [ -58.364318396219836, -34.595369037125138 ], [ -58.364317417825774, -34.595368642409795 ], [ -58.364316428528056, -34.595368250389868 ], [ -58.364315449031139, -34.595367866490697 ], [ -58.36431445972061, -34.595367485287809 ], [ -58.364313470402585, -34.595367110394868 ], [ -58.364312470178817, -34.595366740000216 ], [ -58.364311479757937, -34.595366375923419 ], [ -58.364310480611358, -34.595366016346702 ], [ -58.364309469466818, -34.595365663070154 ], [ -58.364308469216297, -34.595365315210991 ], [ -58.364307458058946, -34.595364972751518 ], [ -58.364306446895156, -34.595364635700541 ], [ -58.364305436813964, -34.59536430496042 ], [ -58.364304414737958, -34.595363977816248 ], [ -58.364303286962809, -34.595363620839365 ], [ -58.364142617387415, -34.595324108131656 ], [ -58.364141596365116, -34.595323812536741 ], [ -58.364140563348045, -34.595323520537811 ], [ -58.364139531412469, -34.595323235751067 ], [ -58.364138488573232, -34.595322953659775 ], [ -58.364137456630139, -34.59532267518302 ], [ -58.364136413780201, -34.595322402105921 ], [ -58.364135381826451, -34.595322132643332 ], [ -58.364134338969009, -34.595321865876173 ], [ -58.364133296104086, -34.595321605418938 ], [ -58.364132242334435, -34.595321348558528 ], [ -58.364131199458853, -34.595321097115495 ], [ -58.364130156577872, -34.595320850179576 ], [ -58.364129102794308, -34.595320605037635 ], [ -58.364128049003249, -34.595320366205634 ], [ -58.36412699520686, -34.595320131880712 ], [ -58.364125942497317, -34.595319900260961 ], [ -58.364124888690199, -34.595319674950289 ], [ -58.364123834879891, -34.595319452343809 ], [ -58.364122770162702, -34.595319235137019 ], [ -58.364121717429583, -34.595319023348523 ], [ -58.364120652703853, -34.595318813353089 ], [ -58.364119598869983, -34.595318610577863 ], [ -58.364118535224662, -34.595318408696137 ], [ -58.364117470479677, -34.59531821492623 ], [ -58.364116406823641, -34.595318022058677 ], [ -58.364115331168534, -34.595317836392731 ], [ -58.364114267500717, -34.595317653440802 ], [ -58.364113202736441, -34.595317475896472 ], [ -58.36411212815532, -34.595317303752736 ], [ -58.364111063382495, -34.595317133419762 ], [ -58.364109988790659, -34.595316970290241 ], [ -58.364108914197807, -34.595316808062044 ], [ -58.364107838505241, -34.595316653945844 ], [ -58.3641067638995, -34.5953165025347 ], [ -58.364105689289488, -34.595316354729292 ], [ -58.364104613581937, -34.595316213232941 ], [ -58.364103538960144, -34.595316075343121 ], [ -58.36410246433406, -34.595315941058978 ], [ -58.364101378801102, -34.595315812174519 ], [ -58.364100304163237, -34.595315687806014 ], [ -58.364099217528484, -34.595315568836305 ], [ -58.364098142883115, -34.595315450777719 ], [ -58.364097057328749, -34.595315339921655 ], [ -58.364095971769025, -34.595315233572684 ], [ -58.36409489710438, -34.595315131739689 ], [ -58.364093811535035, -34.595315033503489 ], [ -58.364092724869167, -34.595314940674939 ], [ -58.364091639289114, -34.595314851452933 ], [ -58.364090553702596, -34.595314767639451 ], [ -58.364089468111828, -34.595314687431689 ], [ -58.364088382515682, -34.595314611730984 ], [ -58.364087296912018, -34.595314542340226 ], [ -58.364086211305171, -34.595314475653737 ], [ -58.364085125692966, -34.595314413474334 ], [ -58.364084040076442, -34.59531435490063 ], [ -58.364082943550912, -34.595314303529413 ], [ -58.364081857923722, -34.595314253969889 ], [ -58.36408077228792, -34.595314211621762 ], [ -58.364079675749544, -34.595314171067578 ], [ -58.36407859010302, -34.595314137733581 ], [ -58.364077504455459, -34.595314105301071 ], [ -58.36407640789777, -34.595314080972464 ], [ -58.364075322236268, -34.595314060258389 ], [ -58.36407423657262, -34.595314041347137 ], [ -58.364073139999974, -34.595314029638402 ], [ -58.364072054322364, -34.595314022445613 ], [ -58.364070957740047, -34.595314018849649 ], [ -58.364069872051751, -34.595314020671097 ], [ -58.364068786359169, -34.59531402609818 ], [ -58.364067689760773, -34.595314036023531 ], [ -58.364066604056354, -34.595314051366223 ], [ -58.364065518347708, -34.59531407031465 ], [ -58.364064421733211, -34.595314093761267 ], [ -58.364063336014922, -34.595314120822465 ], [ -58.364062239389717, -34.595314153283269 ], [ -58.364061153657467, -34.595314192062943 ], [ -58.36406006792307, -34.595314232645372 ], [ -58.364058982182229, -34.59531427863638 ], [ -58.364057885534521, -34.59531433002703 ], [ -58.364056799784038, -34.595314384130816 ], [ -58.364055714024985, -34.595314445445943 ], [ -58.364054628263766, -34.595314508563909 ], [ -58.364053542495064, -34.595314577991836 ], [ -58.364052456720998, -34.595314651926877 ], [ -58.364051370944757, -34.595314727664721 ], [ -58.364050285159962, -34.595314810613885 ], [ -58.364049199369816, -34.595314898070221 ], [ -58.36404811357535, -34.595314989132234 ], [ -58.364047027777687, -34.595315082898473 ], [ -58.364045941971455, -34.595315183876068 ], [ -58.364044865971309, -34.595315288467361 ], [ -58.364043780155399, -34.595315397557727 ], [ -58.364042694334145, -34.595315511155249 ], [ -58.364041619407956, -34.59531562926869 ], [ -58.364040544476396, -34.59531575188926 ], [ -58.364039458640121, -34.595315878106604 ], [ -58.364038382607788, -34.595316009740479 ], [ -58.364037307661256, -34.59531614498092 ], [ -58.364036232708251, -34.595316285629899 ], [ -58.364035146850505, -34.595316429875616 ], [ -58.364034081696104, -34.595316580448205 ], [ -58.364033006728086, -34.595316733717013 ], [ -58.364031930664659, -34.595316891492054 ], [ -58.36403085568589, -34.595317053775098 ], [ -58.364029791603301, -34.595317219672687 ], [ -58.364028715521648, -34.595317392771875 ], [ -58.364027651427243, -34.595317568585052 ], [ -58.364026575338045, -34.595317747994187 ], [ -58.364025511233983, -34.595317931920178 ], [ -58.36402444603452, -34.59531812035236 ], [ -58.364023381917583, -34.595318315095383 ], [ -58.364022316707377, -34.595318512541759 ], [ -58.36402125258185, -34.595318714496159 ], [ -58.364020198262445, -34.59531892006418 ], [ -58.364019133033999, -34.595319132834717 ], [ -58.364018079793901, -34.595319347417835 ], [ -58.364017014557895, -34.595319566498304 ], [ -58.364015960215951, -34.595319790996164 ], [ -58.364014906960833, -34.595320018199168 ], [ -58.364013852605972, -34.595320253514068 ], [ -58.364012809150545, -34.595320489739272 ], [ -58.364011754788159, -34.595320731364062 ], [ -58.364010700421524, -34.595320976594614 ], [ -58.364009656948909, -34.595321227242501 ], [ -58.364008613471952, -34.595321481496093 ], [ -58.364007569989631, -34.595321740256779 ], [ -58.364006526501981, -34.595322003524572 ], [ -58.364005483008953, -34.595322271299473 ], [ -58.3640044504142, -34.595322540886038 ], [ -58.364003406910406, -34.595322817675111 ], [ -58.364002374301698, -34.595323098980195 ], [ -58.364001341688706, -34.595323383890936 ], [ -58.364000307982444, -34.595323671505021 ], [ -58.363999275358715, -34.595323965429969 ], [ -58.363998242731753, -34.595324262059137 ], [ -58.363997220997739, -34.595324565007189 ], [ -58.36399618727107, -34.595324869748246 ], [ -58.363995165529488, -34.595325179006188 ], [ -58.363994142692547, -34.595325492770364 ], [ -58.363993131839621, -34.595325811952783 ], [ -58.363992108992996, -34.595326133829722 ], [ -58.363991098130441, -34.595326461124934 ], [ -58.363990075271971, -34.595326792917518 ], [ -58.363989063309695, -34.595327128324612 ], [ -58.363988062244587, -34.595327466444836 ], [ -58.36398705136056, -34.59532781176847 ], [ -58.363986050284744, -34.595328158902937 ], [ -58.363985038300953, -34.595328512338455 ], [ -58.363984037215481, -34.595328867585657 ], [ -58.36398303612355, -34.59532922824139 ], [ -58.363982045927784, -34.595329592511696 ], [ -58.36398104482619, -34.595329961280228 ], [ -58.363980054621813, -34.595330332761847 ], [ -58.363979064409911, -34.595330710553469 ], [ -58.363978074195892, -34.595331090147894 ], [ -58.363977093786872, -34.595331474257407 ], [ -58.36397611446251, -34.595331862874943 ], [ -58.363975124231274, -34.595332256892085 ], [ -58.36397415470767, -34.595332653630372 ], [ -58.363973175367214, -34.595333055769196 ], [ -58.363972194934547, -34.59533345970992 ], [ -58.363971226485951, -34.595333869068973 ], [ -58.363970256942999, -34.595334282032823 ], [ -58.363969298295132, -34.595334699512627 ], [ -58.363968328742502, -34.59533512058924 ], [ -58.363967370087089, -34.595335544378969 ], [ -58.36396641251315, -34.595335975380976 ], [ -58.363965452756958, -34.595336408184053 ], [ -58.363964506075916, -34.595336845504882 ], [ -58.363963546312206, -34.595337284617862 ], [ -58.363962599620422, -34.595337730952899 ], [ -58.363961651836433, -34.595338179089843 ], [ -58.363960713857487, -34.595338631741903 ], [ -58.363959776963227, -34.595339088901937 ], [ -58.363958840066786, -34.595339547864846 ], [ -58.363957902071725, -34.595340014038179 ], [ -58.363956976065012, -34.595340482024142 ], [ -58.363956038065631, -34.595340951803188 ], [ -58.363955112048139, -34.595341428803344 ], [ -58.363954195838907, -34.595341907614333 ], [ -58.363953269813912, -34.595342390924408 ], [ -58.36395235359393, -34.595342878749612 ], [ -58.363951437370744, -34.59534336927905 ], [ -58.363950532040484, -34.595343866127337 ], [ -58.363949626711239, -34.595344362074201 ], [ -58.363948721373433, -34.59534486523237 ], [ -58.3639478160324, -34.595345371094865 ], [ -58.363946921587527, -34.59534588057187 ], [ -58.363946026046136, -34.595346395456538 ], [ -58.363945131592658, -34.595346912144933 ], [ -58.363944237134874, -34.59534743243897 ], [ -58.36394335248103, -34.595347958149567 ], [ -58.363942468915077, -34.595348485663855 ], [ -58.363941584254775, -34.595349016782961 ], [ -58.363940710488492, -34.595349553319444 ], [ -58.363939837810101, -34.595350091659689 ], [ -58.363938964036272, -34.595350634506104 ], [ -58.36393810115969, -34.595351180065691 ], [ -58.363937237188722, -34.59535172923006 ], [ -58.363936375392484, -34.595352282903285 ], [ -58.363935522310165, -34.595352841992167 ], [ -58.363934660506409, -34.595353401975345 ], [ -58.363933818320206, -34.595353964678765 ], [ -58.363932966318231, -34.595354531881298 ], [ -58.36393212521137, -34.595355103599815 ], [ -58.363931283012249, -34.595355677120281 ], [ -58.363930452798293, -34.595356255157625 ], [ -58.363929609498406, -34.595356837691384 ], [ -58.363928789086224, -34.595357422948091 ], [ -58.363927959951518, -34.59535801000051 ], [ -58.3639271395297, -34.595358603369966 ], [ -58.363926319107833, -34.595359196739444 ], [ -58.363925498680587, -34.595359794616016 ], [ -58.363924689148419, -34.595360397008527 ], [ -58.363923879614099, -34.595361001203933 ], [ -58.36392307988374, -34.595361610815843 ], [ -58.363922281242353, -34.595362221330042 ], [ -58.363921482594485, -34.595362837252772 ], [ -58.363920693754899, -34.595363454986327 ], [ -58.363919903819884, -34.595364077226094 ], [ -58.36391911715284, -34.5953647012714 ], [ -58.363918328299249, -34.595365330723389 ], [ -58.363917550345043, -34.59536596108574 ], [ -58.363916783284843, -34.595366596865482 ], [ -58.363916004231982, -34.59536723443825 ], [ -58.363915249154708, -34.595367876537686 ], [ -58.363914482086969, -34.595368518627339 ], [ -58.363913725912141, -34.595369167035848 ], [ -58.36391296864403, -34.595369818147717 ], [ -58.363912212463831, -34.595370471063298 ], [ -58.363911466091857, -34.595371125789683 ], [ -58.363910731703953, -34.595371785934404 ], [ -58.363909985321214, -34.595372449675033 ], [ -58.363909249835743, -34.595373116128798 ], [ -58.363908525248547, -34.595373784394283 ], [ -58.363907800658126, -34.595374455364023 ], [ -58.363907076063398, -34.595375129939463 ], [ -58.363906351465445, -34.595375807219163 ], [ -58.363905637762549, -34.595376489014846 ], [ -58.363904933867936, -34.595377172621305 ], [ -58.363904220159675, -34.595377858924103 ], [ -58.363903516256421, -34.595378549741952 ], [ -58.363902824341523, -34.595379242372452 ], [ -58.363902130244405, -34.595379936804008 ], [ -58.363901438324113, -34.595380633941588 ], [ -58.363900757298907, -34.595381335595114 ], [ -58.363900074091461, -34.595382039049731 ], [ -58.363899393060876, -34.595382745210429 ], [ -58.363898721836392, -34.595383454984756 ], [ -58.363898060419089, -34.59538416747133 ], [ -58.363897389188153, -34.595384882654201 ], [ -58.363896728855508, -34.595385599648758 ], [ -58.363896077237868, -34.595386321157555 ], [ -58.363895426711295, -34.595387041765818 ], [ -58.363894778355174, -34.595387770488621 ], [ -58.363894138720461, -34.595388498317142 ], [ -58.363893499083616, -34.595389227948459 ], [ -58.363892870340777, -34.595389962997238 ], [ -58.363892241596844, -34.595390698947377 ], [ -58.363891611758547, -34.595391438502354 ], [ -58.36389099281859, -34.59539217986903 ], [ -58.363890376056517, -34.595392923040329 ], [ -58.36388976801269, -34.595393668021551 ], [ -58.363889159962405, -34.59539441841131 ], [ -58.36388856390046, -34.595395170613727 ], [ -58.363887966746333, -34.595395924618032 ], [ -58.363887369591126, -34.595396679523773 ], [ -58.363886783329875, -34.595397439846941 ], [ -58.363886197067593, -34.595398201071539 ], [ -58.363885621703574, -34.595398964107837 ], [ -58.36388504524632, -34.5953997298475 ], [ -58.363884469874776, -34.595400499193737 ], [ -58.36388390431258, -34.595401269449404 ], [ -58.363883350736593, -34.595402043320497 ], [ -58.363882796069468, -34.595402818092126 ], [ -58.363882241398024, -34.595403596469474 ], [ -58.363881697623803, -34.595404377559937 ], [ -58.363881153850691, -34.595405157748999 ], [ -58.363880620971557, -34.595405943355438 ], [ -58.363880088090276, -34.595406730764729 ], [ -58.363879555208975, -34.595407518174014 ], [ -58.363879032132701, -34.595408310098449 ], [ -58.363878519956913, -34.595409102031688 ], [ -58.363878008865782, -34.595409898472951 ], [ -58.363877495592412, -34.595410696715312 ], [ -58.363876995399579, -34.595411494968268 ], [ -58.363876494111295, -34.595412297727492 ], [ -58.36387600372349, -34.59541310049557 ], [ -58.363875512242416, -34.595413905967021 ], [ -58.363875031659639, -34.595414713250193 ], [ -58.363874553254789, -34.595415522338008 ], [ -58.36387407266664, -34.595416334128281 ], [ -58.363873602976774, -34.595417147730295 ], [ -58.36387314418414, -34.595417964045481 ], [ -58.363872685389381, -34.595418782163478 ], [ -58.363872227683579, -34.59541960118375 ], [ -58.363871619209768, -34.595420706733634 ], [ -58.363443874273784, -34.595324772882883 ], [ -58.36302834143234, -34.595231574428148 ], [ -58.361483097851107, -34.595132896250064 ], [ -58.361245076454395, -34.595280398921091 ], [ -58.361270335327553, -34.595289376500567 ], [ -58.361512123878249, -34.595172265828246 ], [ -58.363036552650613, -34.59528532762458 ], [ -58.363341670021562, -34.595360524546933 ], [ -58.363847913994867, -34.595486076376474 ], [ -58.363442936524955, -34.596602783383005 ], [ -58.363421748381413, -34.59666429173523 ], [ -58.363421464988797, -34.59666427167199 ], [ -58.363214111428562, -34.596647425460432 ], [ -58.363015133206815, -34.596625797423513 ], [ -58.362787343646986, -34.596577910332719 ], [ -58.362487482163608, -34.596506111655309 ], [ -58.36194557048033, -34.596255236750579 ], [ -58.361109649075495, -34.595868166422875 ], [ -58.361110038707814, -34.595867139062996 ], [ -58.361104092199497, -34.595864428978167 ], [ -58.361102036415495, -34.5958634924812 ], [ -58.361123785201812, -34.595830520428947 ], [ -58.361124117193455, -34.595830017713112 ], [ -58.361106102026994, -34.595821892528086 ], [ -58.360933766694011, -34.595744170038678 ], [ -58.360916532534105, -34.595772603385946 ], [ -58.360912704643276, -34.595770737007584 ], [ -58.360912663977771, -34.595770794590564 ], [ -58.360646032940565, -34.595642115794362 ], [ -58.360174207557854, -34.596313437065405 ], [ -58.359574254621648, -34.597400042379931 ], [ -58.359105974935368, -34.59853004143811 ], [ -58.358900672673307, -34.599248720876183 ], [ -58.358580024994687, -34.600022441964398 ], [ -58.358247920633588, -34.601184952265037 ], [ -58.358055210323023, -34.602368781101745 ], [ -58.358003755862647, -34.603562528072459 ], [ -58.358094058848941, -34.604754696775352 ], [ -58.358325255611589, -34.605933805524067 ], [ -58.358695125300663, -34.607088497939841 ], [ -58.359200111055365, -34.608207652354743 ], [ -58.359835354059101, -34.609280488971194 ], [ -58.36059474016043, -34.610296673743676 ], [ -58.361470958617687, -34.6112464179798 ], [ -58.36211808353162, -34.611820948104658 ], [ -58.360945533777716, -34.612077735065633 ], [ -58.359591898794356, -34.6124952824809 ], [ -58.358294267804226, -34.613020501107869 ], [ -58.357065134117725, -34.61364833484555 ], [ -58.355916332402572, -34.614372739588099 ], [ -58.354858924808006, -34.61518674134566 ], [ -58.353903094485602, -34.616082503314608 ], [ -58.353058047530119, -34.61705140125504 ], [ -58.352331924284456, -34.618084106453345 ], [ -58.351731720864002, -34.619170675474372 ], [ -58.351263221659273, -34.620300645842143 ], [ -58.35093094347171, -34.621463136730867 ], [ -58.350738091826251, -34.622646953699189 ], [ -58.350686529889096, -34.623840696460903 ], [ -58.350776760297741, -34.625032868656014 ], [ -58.350792191447724, -34.625111582357697 ], [ -58.350143740966217, -34.625610655833114 ], [ -58.349187742960638, -34.626506383323672 ], [ -58.348342538491131, -34.62747525071687 ], [ -58.347958844569781, -34.628020827102823 ], [ -58.348698056342506, -34.628637329974794 ], [ -58.34869825367187, -34.628637485059897 ], [ -58.348764217477701, -34.62868932729414 ], [ -58.348764230044921, -34.628689411179444 ], [ -58.348774505598534, -34.62875799973574 ], [ -58.348431990251875, -34.628792009949649 ], [ -58.348441289975028, -34.628953377861194 ], [ -58.348442928117258, -34.628953235458397 ], [ -58.348452486195804, -34.628952404579543 ], [ -58.348779663456078, -34.628923962766549 ], [ -58.348779934076319, -34.628924940075066 ], [ -58.348780091371196, -34.628925508124375 ], [ -58.348784807921263, -34.628942541305499 ], [ -58.34878672119671, -34.629021499167301 ], [ -58.348789835921593, -34.629087955494647 ], [ -58.348768339620911, -34.629151881872168 ], [ -58.348747008059021, -34.629222076857388 ], [ -58.34871145813679, -34.629302954701686 ], [ -58.348695830662656, -34.629341563055441 ], [ -58.348690212233265, -34.629351239000378 ], [ -58.348573020232259, -34.629376729985985 ], [ -58.348485054463559, -34.629395863633086 ], [ -58.348484506736796, -34.629411121411422 ], [ -58.3484845055929, -34.629411160171308 ], [ -58.348470722690919, -34.629795156444963 ], [ -58.348470280792043, -34.629822246327123 ], [ -58.348444834243708, -34.629863244973954 ], [ -58.348439783153637, -34.62986396676002 ], [ -58.348439598823724, -34.629863992727536 ], [ -58.348080062640847, -34.629915370648902 ], [ -58.348000419854415, -34.629921973991195 ], [ -58.347966918763049, -34.62994159141514 ], [ -58.347966704990654, -34.629941616452655 ], [ -58.347926885860787, -34.630043709386158 ], [ -58.34789709716825, -34.63012052703786 ], [ -58.347911258517449, -34.630134631392124 ], [ -58.347911518048882, -34.63013460070075 ], [ -58.347921305914049, -34.630133443218739 ], [ -58.34813205461117, -34.630108520544702 ], [ -58.348271400843934, -34.630092041559628 ], [ -58.348271708936053, -34.630093346170213 ], [ -58.348271776872558, -34.630093633846144 ], [ -58.34831523154125, -34.630277641456871 ], [ -58.348258719543566, -34.63034553881252 ], [ -58.348140485720805, -34.630423080738602 ], [ -58.34808431849487, -34.630782538159259 ], [ -58.347993407408467, -34.630980902867343 ], [ -58.347931785530314, -34.631157571954176 ], [ -58.347870995013899, -34.631171580153776 ], [ -58.347848947627931, -34.631176659646272 ], [ -58.347847779265827, -34.631176928824843 ], [ -58.347834438390606, -34.631136437154282 ], [ -58.347816781973613, -34.63108284921212 ], [ -58.347761322217451, -34.630914529916083 ], [ -58.347760996583304, -34.630913541620586 ], [ -58.347760424713037, -34.630911806001563 ], [ -58.347693470236344, -34.630929347238485 ], [ -58.347766466218829, -34.631192580659615 ], [ -58.34769717482466, -34.631328628102871 ], [ -58.347575298924014, -34.631397538550658 ], [ -58.347401267752296, -34.631440514232224 ], [ -58.347262038463235, -34.631477770836071 ], [ -58.347136779446721, -34.631477651605259 ], [ -58.346980169002286, -34.631503387446273 ], [ -58.346903629230482, -34.631497562485499 ], [ -58.346854896801844, -34.63151189627844 ], [ -58.346765749307288, -34.631489129489054 ], [ -58.346764463973933, -34.631488801235712 ], [ -58.346741028951364, -34.631430461842321 ], [ -58.346740852142041, -34.631430021690981 ], [ -58.346740192829088, -34.631428380389046 ], [ -58.346322812681322, -34.631509616447644 ], [ -58.346266105455619, -34.631707944456501 ], [ -58.347153519095926, -34.631949345781663 ], [ -58.347154675714762, -34.631949683013467 ], [ -58.347513218304378, -34.632054221512156 ], [ -58.347588152937305, -34.632076069960661 ], [ -58.347611764292381, -34.632087593538927 ], [ -58.347633246119678, -34.632102069036968 ], [ -58.347634369022309, -34.632103093217175 ], [ -58.347651857489382, -34.632119044143337 ], [ -58.347667177991241, -34.632138134457051 ], [ -58.347678860343962, -34.632158908772901 ], [ -58.347686320832288, -34.632179997285924 ], [ -58.347686639108552, -34.632180897201913 ], [ -58.347690356531054, -34.63220382917018 ], [ -58.347692415286161, -34.632216523975316 ], [ -58.347692572771074, -34.632216986551533 ], [ -58.347696013548443, -34.632227091092425 ], [ -58.347701242812875, -34.632237182004182 ], [ -58.347702406953644, -34.63223752490385 ], [ -58.347708552912735, -34.632239335206286 ], [ -58.347897009942621, -34.632294848050961 ], [ -58.348499569856337, -34.632472337808252 ], [ -58.3485309600809, -34.632481583437333 ], [ -58.348684805105904, -34.63249081078181 ], [ -58.349010388328402, -34.632510342624535 ], [ -58.349010568514885, -34.632510353161457 ], [ -58.349044773624399, -34.63251293486443 ], [ -58.349068544070306, -34.632552176398349 ], [ -58.349560646041773, -34.632449528185859 ], [ -58.350147505189682, -34.632327110824313 ], [ -58.350149686295303, -34.632325991087399 ], [ -58.350227346603873, -34.632251252204846 ], [ -58.350921576502316, -34.631583135142769 ], [ -58.351144192634713, -34.631359867002359 ], [ -58.351256907455216, -34.631177339854823 ], [ -58.351341757023917, -34.630985055321567 ], [ -58.351685625442407, -34.630169698643257 ], [ -58.351886791001469, -34.629690346502194 ], [ -58.351954273053472, -34.629529542958466 ], [ -58.351954168405946, -34.629529513116196 ], [ -58.351954186604431, -34.629529469751049 ], [ -58.352076362928045, -34.629238335130907 ], [ -58.352101487249534, -34.629228947238914 ], [ -58.352198420127763, -34.629199232902366 ], [ -58.352308987993752, -34.629083849352924 ], [ -58.352387635098459, -34.629014982278321 ], [ -58.352387760449744, -34.629015024755219 ], [ -58.352395879800277, -34.629017776102017 ], [ -58.352572459187776, -34.629077612129514 ], [ -58.352697663423235, -34.629113018927605 ], [ -58.352882863593756, -34.629165392319777 ], [ -58.352883035889555, -34.629165393377136 ], [ -58.352912168838117, -34.629165515889312 ], [ -58.353023345894485, -34.629038064257237 ], [ -58.353544508045751, -34.62854973856593 ], [ -58.353631840512278, -34.628443693568371 ], [ -58.353972757439962, -34.628093404003998 ], [ -58.354164045910736, -34.62796630773812 ], [ -58.354173560932288, -34.627959985594103 ], [ -58.354596505338733, -34.627678970360165 ], [ -58.354761841465411, -34.627573256886009 ], [ -58.354881017501306, -34.627497056050586 ], [ -58.355167838658197, -34.627313664586033 ], [ -58.356193951963711, -34.626657562642094 ], [ -58.356198290089829, -34.626654789182446 ], [ -58.356268612880363, -34.626609823429909 ], [ -58.356055182961377, -34.626136894905251 ], [ -58.355808563781288, -34.625367097888095 ], [ -58.355654413219931, -34.624581025022557 ], [ -58.355594213295099, -34.623786247027674 ], [ -58.355628541097104, -34.622990418249969 ], [ -58.355757063333549, -34.622201202940232 ], [ -58.355978539642798, -34.621426201443263 ], [ -58.356290834640099, -34.620672877011224 ], [ -58.356690938576435, -34.619948483945237 ], [ -58.357174996407721, -34.619259997756551 ], [ -58.35773834499102, -34.618614048018891 ], [ -58.35837555804693, -34.618016854557574 ], [ -58.359080498453132, -34.61747416758859 ], [ -58.359846377363944, -34.616991212382366 ], [ -58.360665819586202, -34.616572638984039 ], [ -58.361530934581772, -34.616222477472164 ], [ -58.362433392413948, -34.615944099185953 ], [ -58.363355928713816, -34.615742062309941 ], [ -58.363358472839288, -34.61571959872559 ], [ -58.363733992990845, -34.612414809028472 ], [ -58.363735408180119, -34.612405660768601 ], [ -58.363736679755526, -34.612392606537789 ], [ -58.363737796486213, -34.612384140409397 ], [ -58.363740475238977, -34.612378693510379 ], [ -58.363742600150232, -34.6123732335395 ], [ -58.363745511932613, -34.612368940648388 ], [ -58.363750947351456, -34.612364016118079 ], [ -58.363758265874075, -34.612360742722878 ], [ -58.363765285122618, -34.612357921596043 ], [ -58.363778649283226, -34.612356393774192 ], [ -58.363791393085556, -34.612356689017936 ], [ -58.363807957075807, -34.61235890830222 ], [ -58.364430349888003, -34.612409795552274 ], [ -58.36444249597978, -34.612411224230236 ], [ -58.364452450143084, -34.612412143631488 ], [ -58.364466080045666, -34.612410852121762 ], [ -58.364475357430678, -34.612406935755018 ], [ -58.364484049359568, -34.612403923037782 ], [ -58.364489450670604, -34.612400145053407 ], [ -58.364495982826746, -34.612395247519295 ], [ -58.36450035576059, -34.612388921288137 ], [ -58.364504461856789, -34.612382359569985 ], [ -58.36450687508394, -34.612376448207748 ], [ -58.364509630639922, -34.612368709042443 ], [ -58.364511279876567, -34.612360712977932 ], [ -58.364539758781653, -34.612098333511739 ], [ -58.36474874780906, -34.612116477730183 ], [ -58.364721282813449, -34.612357306008747 ], [ -58.364719944583165, -34.612364160228026 ], [ -58.364718551030705, -34.612372620733353 ], [ -58.364718640460637, -34.612378131187313 ], [ -58.364718485671339, -34.612382718389568 ], [ -58.364718786346344, -34.612390299576376 ], [ -58.364720027336176, -34.612394688692639 ], [ -58.364722053850613, -34.612400473842051 ], [ -58.364725111199625, -34.612408578277048 ], [ -58.364729618829777, -34.61241465027976 ], [ -58.364734159161841, -34.612419805564407 ], [ -58.364741213312108, -34.612424330082725 ], [ -58.364748852647288, -34.612428178106789 ], [ -58.364754588959798, -34.612430605757851 ], [ -58.364762273802739, -34.612432849289888 ], [ -58.364773013500042, -34.612435162895054 ], [ -58.364784340010907, -34.612436343887964 ], [ -58.365177805032062, -34.612468162907192 ], [ -58.365424403718826, -34.612491204781129 ], [ -58.365429684823781, -34.612491346935087 ], [ -58.365435774612756, -34.612491742135191 ], [ -58.365440414684059, -34.612493703741791 ], [ -58.365444810260385, -34.612494970157186 ], [ -58.365450036328426, -34.612496487833305 ], [ -58.365456038388459, -34.612499174372111 ], [ -58.365461176174627, -34.612502525465601 ], [ -58.365465441515823, -34.612507000831684 ], [ -58.365469705498583, -34.612511705157196 ], [ -58.365472585419298, -34.612515913493112 ], [ -58.365474369653697, -34.612520091203493 ], [ -58.365475014052599, -34.612524697075891 ], [ -58.365475690875101, -34.612528616092085 ], [ -58.36547574874055, -34.612534123815827 ], [ -58.365474677671763, -34.612540060611693 ], [ -58.365473595162968, -34.612546455319858 ], [ -58.365471860450292, -34.612554897531659 ], [ -58.365171800763719, -34.615181265468188 ], [ -58.365124607094117, -34.615570743342282 ], [ -58.365276639267819, -34.615562861691814 ], [ -58.365999990051584, -34.61558412782189 ], [ -58.366332383635012, -34.615202912065527 ], [ -58.366969508332566, -34.614605675439591 ], [ -58.367674362988652, -34.614062940497533 ], [ -58.368440159582484, -34.61357993297193 ], [ -58.369259523712621, -34.613161303411715 ], [ -58.370124565591937, -34.612811082436231 ], [ -58.370186211090122, -34.612792061446008 ], [ -58.370209294367605, -34.612782715807441 ], [ -58.370351841889629, -34.612738731954479 ], [ -58.370909950083096, -34.612098566960746 ], [ -58.37154701820036, -34.611501307462625 ], [ -58.37161109904774, -34.611451959701519 ], [ -58.370939558002704, -34.611377300852681 ], [ -58.370002157669717, -34.611194321640362 ], [ -58.369090968897012, -34.610936250704633 ], [ -58.36821476910837, -34.610605574033904 ], [ -58.367381998411794, -34.610205477014745 ], [ -58.366600678246506, -34.609739813724495 ], [ -58.365878334078218, -34.609213069778825 ], [ -58.365855576514804, -34.609192866201475 ], [ -58.365624253569067, -34.611212196383654 ], [ -58.365567746647223, -34.611719371341486 ], [ -58.365566631733877, -34.611726452907654 ], [ -58.365566422768026, -34.611731724246177 ], [ -58.365565363156399, -34.611737202229904 ], [ -58.365563825727534, -34.611741060880007 ], [ -58.365562466587861, -34.611747218294653 ], [ -58.365558394665236, -34.611751696894196 ], [ -58.365555174478324, -34.611755968849401 ], [ -58.36555052637663, -34.611760891387256 ], [ -58.365544848804753, -34.611764177923703 ], [ -58.365538318404809, -34.611767672004596 ], [ -58.36553184194937, -34.611769790560942 ], [ -58.365523185024976, -34.611770932934192 ], [ -58.36551679711657, -34.611770990012488 ], [ -58.365506854504929, -34.61176957222191 ], [ -58.36549601629239, -34.611769507645775 ], [ -58.36548551984383, -34.611768076789545 ], [ -58.36517852535863, -34.611742873550106 ], [ -58.364866057319105, -34.611718205974327 ], [ -58.364852494297885, -34.61171743333054 ], [ -58.364844755020378, -34.611717024150352 ], [ -58.364837536059035, -34.611717316694588 ], [ -58.364829409495833, -34.611719883690647 ], [ -58.364822965972401, -34.611721800317824 ], [ -58.364816489477157, -34.611724863524678 ], [ -58.364810821389995, -34.611728405136539 ], [ -58.364805728397272, -34.611731500107993 ], [ -58.364801410838915, -34.611736221867424 ], [ -58.36479668419851, -34.611744833826414 ], [ -58.364793984007825, -34.611750968515608 ], [ -58.364764741806383, -34.612019758341333 ], [ -58.364548756990935, -34.612003286932364 ], [ -58.364577337609305, -34.611745959083343 ], [ -58.364578210031063, -34.611736568792729 ], [ -58.364577899015615, -34.611729446419353 ], [ -58.364576425274073, -34.611723674334129 ], [ -58.364574962706399, -34.611717673297157 ], [ -58.36457126462448, -34.611712077893074 ], [ -58.364567255557319, -34.611707624336759 ], [ -58.364561054850732, -34.61170243254616 ], [ -58.364554255070082, -34.611698602316494 ], [ -58.364546327448529, -34.611695204756622 ], [ -58.364540558760645, -34.611693464853012 ], [ -58.364532863907215, -34.611691451160894 ], [ -58.364523484923048, -34.61169008693021 ], [ -58.363887457553652, -34.611640719656478 ], [ -58.363881123323473, -34.611639655326044 ], [ -58.363869210657846, -34.611639150738171 ], [ -58.36386122745904, -34.611637588380255 ], [ -58.363852923452896, -34.611637167859833 ], [ -58.363848538012064, -34.611635688660051 ], [ -58.363843621360502, -34.611633508623484 ], [ -58.363837365369413, -34.61162992037778 ], [ -58.363833854844273, -34.611627085253154 ], [ -58.363829558816001, -34.611622854990841 ], [ -58.363826369371345, -34.611618649968975 ], [ -58.36382296925018, -34.611612832134298 ], [ -58.363821827818619, -34.611605461191218 ], [ -58.363821749898477, -34.611599491922469 ], [ -58.363822800097545, -34.611592859226782 ], [ -58.363866908758176, -34.61121148711436 ], [ -58.364249466576702, -34.607922454106834 ], [ -58.364294238687208, -34.607537509473133 ], [ -58.364131489009729, -34.607319736033759 ], [ -58.363707966017031, -34.606604527380739 ], [ -58.363371274349944, -34.605858437776895 ], [ -58.363124654546191, -34.605088653241474 ], [ -58.362970479384714, -34.604302587820023 ], [ -58.362910231123024, -34.603507812160096 ], [ -58.362944487319723, -34.602711980586115 ], [ -58.363072915374659, -34.60192275737635 ], [ -58.363294275835649, -34.601147742952406 ], [ -58.363606434435646, -34.600394400691762 ], [ -58.363611873218524, -34.600384549660944 ], [ -58.363820147122652, -34.59965532418699 ], [ -58.364132295805391, -34.59890198064496 ], [ -58.364532232774444, -34.598177563401229 ], [ -58.365016104595014, -34.59748904820092 ], [ -58.365172451767528, -34.597309703792888 ], [ -58.364839731820538, -34.597284269746837 ] ] ], [ [ [ -58.357866108391526, -34.642521775049524 ], [ -58.357838865070654, -34.642587822555576 ], [ -58.35777148754925, -34.642753625646925 ], [ -58.357479768196754, -34.64346439503295 ], [ -58.357469563628868, -34.643502328558931 ], [ -58.357466779071018, -34.643512677997975 ], [ -58.357449971980024, -34.643575150434245 ], [ -58.357449531443486, -34.643576790628067 ], [ -58.357438232095383, -34.64361878858427 ], [ -58.357437883614004, -34.643620083615815 ], [ -58.357418660110795, -34.643691541962532 ], [ -58.357418307248885, -34.643692850511485 ], [ -58.357402649637343, -34.643751052129467 ], [ -58.357399950539062, -34.643761084342508 ], [ -58.357397307347362, -34.643770910183591 ], [ -58.357393838932353, -34.643783803718811 ], [ -58.357389825303031, -34.643799793091546 ], [ -58.357363722093687, -34.643903782097276 ], [ -58.357362278345391, -34.643909538183493 ], [ -58.357327682180724, -34.644047361585883 ], [ -58.357334765786781, -34.644072527146726 ], [ -58.357468268267873, -34.644546786663 ], [ -58.357487850918623, -34.644610008194967 ], [ -58.357572102813009, -34.644882021163077 ], [ -58.357594087405303, -34.644952999611263 ], [ -58.357603600741818, -34.644983713667159 ], [ -58.357605042965275, -34.64498421725682 ], [ -58.357739906853539, -34.645031308372168 ], [ -58.357822505858607, -34.645060149412416 ], [ -58.358100184978952, -34.645157107521968 ], [ -58.358102341429131, -34.645157860261129 ], [ -58.358298113010527, -34.64522621744235 ], [ -58.358752142180464, -34.645384749117255 ], [ -58.358921240739747, -34.645478252643706 ], [ -58.359143262196589, -34.645601019620266 ], [ -58.359160995690274, -34.645610825035803 ], [ -58.35981916193726, -34.645974753880481 ], [ -58.359820763620895, -34.645976115448306 ], [ -58.360254466312426, -34.646344797341072 ], [ -58.360256188206414, -34.646346236269331 ], [ -58.360379807444588, -34.646449540468339 ], [ -58.360888701628539, -34.646874801200433 ], [ -58.36099534980827, -34.646979830750546 ], [ -58.361135593751932, -34.647128330249515 ], [ -58.361398850147154, -34.647407083238619 ], [ -58.361438792976472, -34.647446777170003 ], [ -58.361454870557985, -34.647462754552016 ], [ -58.361474362188687, -34.647482124208224 ], [ -58.361512483772678, -34.647520008238843 ], [ -58.361577844898889, -34.647584961961094 ], [ -58.361672676858284, -34.647679201931325 ], [ -58.36180392839784, -34.647777177861215 ], [ -58.361805702216188, -34.647819410091181 ], [ -58.361826891878515, -34.647841743847714 ], [ -58.362390701632798, -34.648144872406625 ], [ -58.362399071992492, -34.648149339533553 ], [ -58.363080415132217, -34.648162136302432 ], [ -58.363082649195761, -34.64816197352453 ], [ -58.363912359174158, -34.648101516479038 ], [ -58.363923175755673, -34.648100815880888 ], [ -58.3639251744723, -34.648101425686754 ], [ -58.364338595853191, -34.648227559122326 ], [ -58.364340151160384, -34.648228938291119 ], [ -58.364554398433327, -34.648418921447679 ], [ -58.364637020341092, -34.648492186813975 ], [ -58.364901611259356, -34.648726809920198 ], [ -58.364950561718288, -34.648770215573734 ], [ -58.364976151086516, -34.648792907692687 ], [ -58.364976462921376, -34.648793082711045 ], [ -58.365002227760222, -34.648807543309985 ], [ -58.365066901052494, -34.648843841357731 ], [ -58.36509114974934, -34.648857451519866 ], [ -58.365134338742259, -34.648881691084767 ], [ -58.365212212659017, -34.64892046372497 ], [ -58.365186426943097, -34.648840031301809 ], [ -58.365032137206377, -34.648053976341672 ], [ -58.364971823279589, -34.647259208458379 ], [ -58.365006063347977, -34.646463381901832 ], [ -58.365134524960922, -34.645674160902018 ], [ -58.365355968337354, -34.644899145858872 ], [ -58.36566825840638, -34.644145800155179 ], [ -58.366068385463365, -34.643421378296836 ], [ -58.366552494238704, -34.642732856072072 ], [ -58.366634205074192, -34.642639171918994 ], [ -58.366263277874502, -34.642143087440289 ], [ -58.365839549490623, -34.64142789477102 ], [ -58.365682944333933, -34.641081050434572 ], [ -58.365440019694582, -34.641205117176739 ], [ -58.364574666242689, -34.641555310749155 ], [ -58.363671941588173, -34.641833710107498 ], [ -58.362740541453306, -34.642037633344152 ], [ -58.361789438039359, -34.642165115966343 ], [ -58.360827793530511, -34.642214929838367 ], [ -58.359864871759576, -34.642186595024924 ], [ -58.358909948889334, -34.642080384420922 ], [ -58.35810972787835, -34.641924165233867 ], [ -58.357866108391526, -34.642521775049524 ] ] ], [ [ [ -58.374149327153319, -34.573075249675263 ], [ -58.374112987000309, -34.573095712544209 ], [ -58.374100761299438, -34.573102596816355 ], [ -58.374051673003613, -34.573130333873507 ], [ -58.374020373726189, -34.573148012289259 ], [ -58.373977670429831, -34.573171519987909 ], [ -58.373977639898335, -34.573171537092662 ], [ -58.373955433471309, -34.573184174158982 ], [ -58.371636905852569, -34.574503642713516 ], [ -58.37163686223392, -34.574503667920673 ], [ -58.371625739181155, -34.574510364372983 ], [ -58.371574918805507, -34.574540957546873 ], [ -58.371574875186802, -34.574540982754016 ], [ -58.371542936394327, -34.574559520009281 ], [ -58.371522661278966, -34.574571277388252 ], [ -58.37150332601459, -34.574581615724824 ], [ -58.371500580346499, -34.574583082984098 ], [ -58.371499160624339, -34.574583841818381 ], [ -58.371479135130173, -34.574594540202369 ], [ -58.371451526917262, -34.574610240298178 ], [ -58.371429451679063, -34.574622794970288 ], [ -58.371382845207791, -34.574648547873871 ], [ -58.371334014500292, -34.574677244943508 ], [ -58.371333986147249, -34.574677262049228 ], [ -58.371293265319103, -34.57470120388102 ], [ -58.371293223879825, -34.574701229089705 ], [ -58.371269796172335, -34.574715768554384 ], [ -58.371253843999966, -34.574725664998923 ], [ -58.371222567730086, -34.574745118517924 ], [ -58.37122254373611, -34.574745135626934 ], [ -58.371199973100225, -34.574761170288646 ], [ -58.371183982240822, -34.574772533314643 ], [ -58.371183949518667, -34.574772559431281 ], [ -58.371167409724009, -34.574785610411389 ], [ -58.371165626383473, -34.574787017993927 ], [ -58.371164950132716, -34.574787551127542 ], [ -58.371152655448768, -34.57479725020292 ], [ -58.371142297438723, -34.574805834774025 ], [ -58.371128020266191, -34.574817667827858 ], [ -58.371127991899158, -34.57481769755347 ], [ -58.371106426527298, -34.574840166432949 ], [ -58.371106356703891, -34.574840236691429 ], [ -58.371174912946842, -34.574903083579144 ], [ -58.371174996013856, -34.574903008042526 ], [ -58.371195595916724, -34.574884275613641 ], [ -58.371195627556055, -34.574884243186176 ], [ -58.371216640507804, -34.574865627469769 ], [ -58.371216666945401, -34.574865606421014 ], [ -58.371216671048423, -34.574865603154329 ], [ -58.371249045058562, -34.574840946533747 ], [ -58.371249075603131, -34.574840918612608 ], [ -58.371260043443236, -34.574832732922509 ], [ -58.371273973562687, -34.574822331055827 ], [ -58.371288331265163, -34.574812561409395 ], [ -58.371301917916526, -34.574803313105647 ], [ -58.371336824561354, -34.574781589807181 ], [ -58.371336865999709, -34.574781565499919 ], [ -58.371377601525744, -34.574757165740643 ], [ -58.371418639755881, -34.574732975326341 ], [ -58.371446384398467, -34.574718119976978 ], [ -58.371472209891799, -34.574704293507324 ], [ -58.371472257874693, -34.574704263796356 ], [ -58.371545093619588, -34.574660185660711 ], [ -58.371604561756769, -34.574628324380441 ], [ -58.371606209378356, -34.574627441319379 ], [ -58.373929752266243, -34.57329736991538 ], [ -58.373931384401857, -34.573296435597399 ], [ -58.374197929012858, -34.573143851238534 ], [ -58.374219820340606, -34.57313131936489 ], [ -58.374589786236612, -34.572894325326899 ], [ -58.374619287884485, -34.572875427126789 ], [ -58.374507590039258, -34.572843780659404 ], [ -58.374149356595012, -34.573075232569671 ], [ -58.374149327153319, -34.573075249675263 ] ] ], [ [ [ -58.361103466490967, -34.595105851481527 ], [ -58.361055504937958, -34.595102380258304 ], [ -58.361037133229388, -34.595123453044643 ], [ -58.361103439856102, -34.595127600813271 ], [ -58.361103466490967, -34.595105851481527 ] ] ], [ [ [ -58.419292191393879, -34.596866664217728 ], [ -58.419372047404771, -34.596896767158249 ], [ -58.419014735572595, -34.596419168218176 ], [ -58.41859080734541, -34.595704158974463 ], [ -58.418551018973801, -34.595616124574569 ], [ -58.418153116022147, -34.595703478507723 ], [ -58.417202638787636, -34.595831379395982 ], [ -58.416277985808961, -34.595879713787028 ], [ -58.416155130712625, -34.596310885039443 ], [ -58.416489242909194, -34.596320572884274 ], [ -58.41744369695769, -34.596426344290578 ], [ -58.418381021285562, -34.596608960823573 ], [ -58.419292191393879, -34.596866664217728 ] ] ], [ [ [ -58.383089101428595, -34.609952298818285 ], [ -58.383921941193115, -34.610352286864455 ], [ -58.38470336009528, -34.610817836698203 ], [ -58.385071446595695, -34.611086145631162 ], [ -58.385443853293843, -34.610556067736624 ], [ -58.386006921795598, -34.60990999313448 ], [ -58.386205750350229, -34.609723529135529 ], [ -58.386189448452207, -34.609720349179312 ], [ -58.385278230063555, -34.609462399934088 ], [ -58.384401985822329, -34.60913184064264 ], [ -58.383569156265843, -34.608731855560357 ], [ -58.382787763401595, -34.608266297685908 ], [ -58.38206533339703, -34.607739651619383 ], [ -58.381414569672536, -34.607162089695059 ], [ -58.380956877306971, -34.607813525970421 ], [ -58.380393782447385, -34.608459578069699 ], [ -58.379756801802245, -34.609056882007579 ], [ -58.379692727717057, -34.609106233908911 ], [ -58.380364256557812, -34.609180844836288 ], [ -58.381301654065304, -34.609363744459856 ], [ -58.382212860100303, -34.609621723739963 ], [ -58.383089101428595, -34.609952298818285 ] ] ], [ [ [ -58.484446249104067, -34.636891610908997 ], [ -58.484615064445933, -34.637116812632833 ], [ -58.484663559457765, -34.636946169496923 ], [ -58.484691434100171, -34.636878660811661 ], [ -58.484446249104067, -34.636891610908997 ] ] ] ] } },
{ "type": "Feature", "properties": { "orden": 4, "franja_distancia_comisaria": "ALEJADA (MAS DE 1350 m)", "desde_m": 1351, "hasta_m": null, "superficie_km2": 43.879970598770839 }, "geometry": { "type": "MultiPolygon", "coordinates": [ [ [ [ -58.515519907892923, -34.664666686502528 ], [ -58.515519907892923, -34.664666686502528 ], [ -58.513245807726456, -34.666389991927538 ], [ -58.515519907892923, -34.664666686502528 ] ] ], [ [ [ -58.518030984969727, -34.662763670608363 ], [ -58.518341394056684, -34.662528417105882 ], [ -58.518365487079237, -34.662510153513495 ], [ -58.518387698102586, -34.662493324013376 ], [ -58.518756787906867, -34.66221359423573 ], [ -58.51991540005389, -34.661335475613114 ], [ -58.523043019183866, -34.658964888494218 ], [ -58.523043256866117, -34.658964708095048 ], [ -58.52477216651242, -34.657654182978064 ], [ -58.524772213393526, -34.657654147799299 ], [ -58.525771707023736, -34.6568964963664 ], [ -58.525772140934563, -34.656896165325222 ], [ -58.525880965892085, -34.656814029476564 ], [ -58.52879092409146, -34.654617580610427 ], [ -58.529150649113717, -34.654346045872487 ], [ -58.52916797951432, -34.654332966005761 ], [ -58.529207023857978, -34.654303493902511 ], [ -58.52920705002191, -34.654303474057251 ], [ -58.529208051049466, -34.654286502590516 ], [ -58.529209115555098, -34.654268419645717 ], [ -58.52921167517701, -34.654225034096449 ], [ -58.529641929464937, -34.646932210172601 ], [ -58.529218391598398, -34.646989573239274 ], [ -58.527776065378347, -34.647066270588567 ], [ -58.526331587456305, -34.647025747948895 ], [ -58.52489887502292, -34.64686839558393 ], [ -58.52349173180108, -34.646595729376209 ], [ -58.522123714880777, -34.646210376209474 ], [ -58.520808003944268, -34.645716048633325 ], [ -58.519557274148738, -34.645117509055929 ], [ -58.519533699243212, -34.645103509663372 ], [ -58.519520350908479, -34.645097121665295 ], [ -58.518691105340821, -34.644604687866909 ], [ -58.518175590112591, -34.64554175809775 ], [ -58.517451315237032, -34.646575396181156 ], [ -58.516607916557952, -34.647545382407976 ], [ -58.515653514343448, -34.648442372981634 ], [ -58.514597299039345, -34.649257726953927 ], [ -58.513449442797651, -34.649983589535871 ], [ -58.512221001504713, -34.650612967839145 ], [ -58.510923808253253, -34.651139798315064 ], [ -58.509570359285931, -34.651559005238099 ], [ -58.509099092323716, -34.651662779788218 ], [ -58.509185587483827, -34.651704179320632 ], [ -58.510359319131886, -34.652401251661409 ], [ -58.511444738475483, -34.653190027349162 ], [ -58.51243139330078, -34.654062912480434 ], [ -58.51330978136054, -34.655011503177604 ], [ -58.514071441894238, -34.656026666427437 ], [ -58.514709037163627, -34.657098627943554 ], [ -58.515216423216117, -34.658217066210078 ], [ -58.5155887091911, -34.659371211804327 ], [ -58.515822304592568, -34.660549951044992 ], [ -58.515914954066474, -34.661741932970159 ], [ -58.515865759340009, -34.662935678617025 ], [ -58.51567518810328, -34.664119691552145 ], [ -58.515519907892923, -34.664666686502528 ], [ -58.518030984969727, -34.662763670608363 ] ] ], [ [ [ -58.531517309369939, -34.61549898106118 ], [ -58.531072729421098, -34.614501702991618 ], [ -58.529467684902812, -34.610901061591264 ], [ -58.527832828654311, -34.607425213494373 ], [ -58.527829639474248, -34.607418432710141 ], [ -58.527818389137082, -34.607394512411673 ], [ -58.527780486183644, -34.607313923648292 ], [ -58.527334874039141, -34.606366456276511 ], [ -58.527115344681064, -34.605899681191794 ], [ -58.526168312799356, -34.606790354535505 ], [ -58.525112716192837, -34.607605788401422 ], [ -58.523965515215878, -34.608331737302819 ], [ -58.522737759438719, -34.608961207523336 ], [ -58.521441275344486, -34.609488134631867 ], [ -58.520088552336681, -34.609907441974329 ], [ -58.518692622322916, -34.610215089643859 ], [ -58.517266934039498, -34.610408113454518 ], [ -58.515825223334012, -34.610484653540894 ], [ -58.514381380662783, -34.61044397230566 ], [ -58.512949317087596, -34.610286461541477 ], [ -58.511542830071086, -34.61001363865725 ], [ -58.510175470372545, -34.609628132045721 ], [ -58.508860411334226, -34.609133655733672 ], [ -58.507610321825709, -34.608534973560339 ], [ -58.506437244076878, -34.607837853231331 ], [ -58.50535247758225, -34.607049010692748 ], [ -58.504366470199486, -34.606176045364663 ], [ -58.50348871749398, -34.605227366860888 ], [ -58.50272767130005, -34.604212113904367 ], [ -58.502090658379444, -34.603140066222807 ], [ -58.501583809958007, -34.602021550276795 ], [ -58.501494225343066, -34.601743453664746 ], [ -58.501026492807419, -34.601806719373528 ], [ -58.499584908318745, -34.601883064095638 ], [ -58.498141215376926, -34.601842186458605 ], [ -58.496709323598964, -34.601684480148919 ], [ -58.495303028789557, -34.601411464460924 ], [ -58.493935879852856, -34.601025769646085 ], [ -58.492621048096915, -34.600531111545152 ], [ -58.491371200197761, -34.599932255749195 ], [ -58.490198376053669, -34.599234971636413 ], [ -58.489113872712174, -34.598445976730353 ], [ -58.488128135492303, -34.597572871918004 ], [ -58.487250657353741, -34.596624068155542 ], [ -58.486489887483351, -34.595608705370807 ], [ -58.485853149979214, -34.59453656434745 ], [ -58.485346573413075, -34.593417972442836 ], [ -58.484975031945837, -34.592263704051 ], [ -58.484742098557831, -34.591084876772484 ], [ -58.48466526136307, -34.590090258160473 ], [ -58.484661764721814, -34.590089271236003 ], [ -58.483347159032078, -34.589594506461005 ], [ -58.482097540959408, -34.588995548680394 ], [ -58.48092494818512, -34.588298168254418 ], [ -58.479840675525253, -34.587509083633655 ], [ -58.478855166074545, -34.586635896568289 ], [ -58.477977910596998, -34.585687018805544 ], [ -58.477660001829577, -34.585262577686002 ], [ -58.47744568895682, -34.585291527656871 ], [ -58.476004357258887, -34.585367587121695 ], [ -58.474560951532951, -34.585326422662789 ], [ -58.473129378624726, -34.585168430732388 ], [ -58.471723431261786, -34.584895133378687 ], [ -58.470356654995236, -34.584509163568271 ], [ -58.469042217536661, -34.584014239792225 ], [ -58.467792781757176, -34.583415130201452 ], [ -58.466620383578565, -34.582717606618893 ], [ -58.465536315938984, -34.581928388873997 ], [ -58.464551019954932, -34.581055079998826 ], [ -58.463673984331216, -34.580106092913049 ], [ -58.462913653988601, -34.57909056930761 ], [ -58.462277348789193, -34.578018291512016 ], [ -58.46177119313969, -34.576899588197406 ], [ -58.461400057147088, -34.575745234827053 ], [ -58.461167509888107, -34.57456634981601 ], [ -58.461075785235586, -34.573374287402437 ], [ -58.461125760563739, -34.572180528264425 ], [ -58.461229698707371, -34.571536879911193 ], [ -58.460571405065068, -34.571740650068328 ], [ -58.459175863414728, -34.572047607785841 ], [ -58.457750660345297, -34.572239924012486 ], [ -58.456309527025631, -34.572315745706959 ], [ -58.454866348342343, -34.572274342200039 ], [ -58.453690990827262, -34.572144409686267 ], [ -58.453763100093148, -34.573082655888079 ], [ -58.453713019303592, -34.57427641450748 ], [ -58.453521717259029, -34.575460364211438 ], [ -58.453191030409727, -34.576623102415034 ], [ -58.452724137946035, -34.577753430348153 ], [ -58.452400630620602, -34.578340902387396 ], [ -58.452559592630813, -34.578345466294095 ], [ -58.453991017993204, -34.578503703710815 ], [ -58.455396806386617, -34.578777209885587 ], [ -58.456763424804272, -34.579163351769374 ], [ -58.458077716867834, -34.579658411995794 ], [ -58.459327029342155, -34.580257624628047 ], [ -58.460499333834761, -34.580955220989772 ], [ -58.461583342514025, -34.581744485141158 ], [ -58.462568616736363, -34.582617818469103 ], [ -58.463445667539318, -34.583566812772546 ], [ -58.464206047034253, -34.58458233114299 ], [ -58.464842429818098, -34.585654595864767 ], [ -58.465348683618096, -34.586773282492111 ], [ -58.465719928485505, -34.587927619200428 ], [ -58.465952583962839, -34.589106490457979 ], [ -58.466044403764073, -34.590298544022076 ], [ -58.465994497625964, -34.59149230023155 ], [ -58.465803340111925, -34.592676262544074 ], [ -58.465472766274587, -34.593839028254749 ], [ -58.465005954209971, -34.594969398329511 ], [ -58.464407394662686, -34.59605648529493 ], [ -58.463682847966453, -34.597089818143978 ], [ -58.462839288727579, -34.598059443245361 ], [ -58.461884838777927, -34.598956020281982 ], [ -58.460828689038273, -34.599770912291611 ], [ -58.459681011041688, -34.600496268939317 ], [ -58.458452858967163, -34.601125102215661 ], [ -58.457156063127691, -34.601651353828586 ], [ -58.455803115940377, -34.602069953635997 ], [ -58.455729951684361, -34.602086038731045 ], [ -58.455550043252323, -34.602141700559578 ], [ -58.455375451143908, -34.602180083976002 ], [ -58.45523159366072, -34.602685809226593 ], [ -58.454764596246228, -34.603816143264588 ], [ -58.454165842099833, -34.604903183406599 ], [ -58.45364527871093, -34.605645354667317 ], [ -58.453898326002452, -34.606432340851107 ], [ -58.454130876482523, -34.607611234103366 ], [ -58.454141161230154, -34.607744961055033 ], [ -58.454261657841755, -34.607631801059874 ], [ -58.455317970590343, -34.606816962811401 ], [ -58.456465773023417, -34.606091644800188 ], [ -58.457694012591034, -34.605462829808182 ], [ -58.458990863213216, -34.604936571385096 ], [ -58.460343839073957, -34.60451793563707 ], [ -58.460533888023129, -34.604476146832752 ], [ -58.46058122565227, -34.604408646313402 ], [ -58.461424873220174, -34.603439035520211 ], [ -58.462379377775214, -34.602542461299144 ], [ -58.463435545964664, -34.601727555715918 ], [ -58.464583206546401, -34.601002164278654 ], [ -58.465811308334274, -34.600373270476567 ], [ -58.46710802657271, -34.599846928618241 ], [ -58.468460876718162, -34.599428205612966 ], [ -58.469856834535101, -34.599121132252314 ], [ -58.471282461355763, -34.598928664458221 ], [ -58.472724033303201, -34.598852654868061 ], [ -58.474167673241496, -34.598893835028562 ], [ -58.475599484190013, -34.59905180836855 ], [ -58.477005682926361, -34.599325054017548 ], [ -58.478372732499786, -34.599710941433358 ], [ -58.479687472387774, -34.600205755698795 ], [ -58.480937245050441, -34.600804733245035 ], [ -58.482110017671182, -34.601502107659691 ], [ -58.483194497917118, -34.602291165141132 ], [ -58.484180242609341, -34.603164309068028 ], [ -58.485057758259522, -34.604113133065447 ], [ -58.485818592505957, -34.605128501867704 ], [ -58.486455415568209, -34.60620063920274 ], [ -58.486962090934014, -34.607319221855064 ], [ -58.487333734593697, -34.608473479005156 ], [ -58.487566762246651, -34.60965229589128 ], [ -58.487658924018568, -34.610844320798151 ], [ -58.487609326347545, -34.612038074344071 ], [ -58.487418440819845, -34.613222060015588 ], [ -58.487088099861467, -34.614384874885538 ], [ -58.486621479317847, -34.615515319448569 ], [ -58.48602306808101, -34.616602505515388 ], [ -58.485901915114688, -34.616775338546283 ], [ -58.48643823073656, -34.616834444541603 ], [ -58.487844762460007, -34.617107555835425 ], [ -58.489212152348294, -34.617493311883656 ], [ -58.490527236607363, -34.617987999033957 ], [ -58.491777354386386, -34.618586854941775 ], [ -58.492950469550109, -34.619284114366771 ], [ -58.494035286471046, -34.620073064615745 ], [ -58.495021358731371, -34.620946110101485 ], [ -58.495899189690476, -34.621894845398828 ], [ -58.496660323951311, -34.622910136098319 ], [ -58.497297428844298, -34.623982206682285 ], [ -58.497804365141931, -34.625100734580407 ], [ -58.498176246319474, -34.626254949502787 ], [ -58.49840948578565, -34.627433737096624 ], [ -58.498419266200514, -34.627559985646336 ], [ -58.499532001575524, -34.627873750599733 ], [ -58.500763209516748, -34.62833669811792 ], [ -58.501996927877457, -34.62806504772179 ], [ -58.50342295888106, -34.627872194208535 ], [ -58.504864986798523, -34.627795792842932 ], [ -58.506309130110054, -34.627836578939487 ], [ -58.507741486996352, -34.627994159717332 ], [ -58.509148268987701, -34.628267018082461 ], [ -58.509268684136032, -34.628300960754977 ], [ -58.509418849524437, -34.627368134677219 ], [ -58.509748921170534, -34.626205268460787 ], [ -58.510215278967934, -34.625074743905067 ], [ -58.510813426713199, -34.623987447192057 ], [ -58.511537599782685, -34.622953847821577 ], [ -58.512380820807678, -34.621983897851955 ], [ -58.513334966992424, -34.621086936135875 ], [ -58.514390848422316, -34.620271598470197 ], [ -58.515538296604561, -34.619545734522077 ], [ -58.516766262387719, -34.618916332327608 ], [ -58.518062922317064, -34.618389451086536 ], [ -58.519415792403812, -34.61797016289659 ], [ -58.520811848216148, -34.617662503985429 ], [ -58.522237650140845, -34.617469435906507 ], [ -58.523679472615697, -34.617392817070346 ], [ -58.525123436095697, -34.617433384883057 ], [ -58.526555640490599, -34.617590748663019 ], [ -58.527962298797327, -34.617863393402999 ], [ -58.529329869649672, -34.618248694341595 ], [ -58.530645187516868, -34.618742942204534 ], [ -58.531305446759099, -34.619058942021994 ], [ -58.531517309369939, -34.61549898106118 ] ] ], [ [ [ -58.51697892341685, -34.584340904932773 ], [ -58.515657890406374, -34.581530359095282 ], [ -58.515578053056331, -34.58136285804828 ], [ -58.515535768574168, -34.581274147071859 ], [ -58.515396237073226, -34.580981406682511 ], [ -58.513823893808777, -34.577682413322073 ], [ -58.512710998394766, -34.575347232089577 ], [ -58.511052290358066, -34.571866519818343 ], [ -58.510334290069004, -34.570359736647923 ], [ -58.510318183185646, -34.570325393082953 ], [ -58.510318067536758, -34.570325147037956 ], [ -58.51029484715918, -34.570275637900401 ], [ -58.509921032577914, -34.569380839217764 ], [ -58.509879170043014, -34.569280631844705 ], [ -58.509875293139181, -34.56927135042902 ], [ -58.509812007794288, -34.569137156588312 ], [ -58.509396903438798, -34.568256932606033 ], [ -58.506365627502895, -34.561828532355975 ], [ -58.505786977469327, -34.560601272966743 ], [ -58.504943692529018, -34.558812678938281 ], [ -58.504905288500566, -34.558731222624516 ], [ -58.50445421600493, -34.557774468481433 ], [ -58.503955852881234, -34.556717380216838 ], [ -58.503968023491964, -34.556743195909313 ], [ -58.503366993245045, -34.557601529826407 ], [ -58.502524287055699, -34.558571413168771 ], [ -58.501570710580687, -34.559468283624874 ], [ -58.500515446320762, -34.560283501411178 ], [ -58.499368657270907, -34.561009213058554 ], [ -58.498141389036647, -34.561638427140792 ], [ -58.496845463405194, -34.562165081699042 ], [ -58.496779909504191, -34.56218539755956 ], [ -58.496911829114701, -34.562595211784291 ], [ -58.49714483879908, -34.563774018765002 ], [ -58.497237061696239, -34.56496604288062 ], [ -58.497187603669488, -34.566159804758016 ], [ -58.496996934973808, -34.567343807805273 ], [ -58.496823771832602, -34.56795390660276 ], [ -58.496836476648163, -34.567958687947005 ], [ -58.498085874150618, -34.568557502170187 ], [ -58.49925832053021, -34.569254723306244 ], [ -58.500342526596718, -34.570043639026039 ], [ -58.501328051814568, -34.570916654070146 ], [ -58.502205404813829, -34.571865363302003 ], [ -58.502966134805668, -34.572880632559013 ], [ -58.503602913021687, -34.573952686526226 ], [ -58.504109603390653, -34.575071202790284 ], [ -58.504481321768395, -34.576225411171052 ], [ -58.50471448314515, -34.577404197377234 ], [ -58.5047915414209, -34.578398799463663 ], [ -58.504795037783261, -34.578399785819542 ], [ -58.506109583000161, -34.578894321625164 ], [ -58.507359210076736, -34.579493033852842 ], [ -58.508531887600782, -34.580190158641564 ], [ -58.509616324159303, -34.580978984590551 ], [ -58.510602076999675, -34.581851917305748 ], [ -58.511479652561967, -34.582800552444574 ], [ -58.512240597915337, -34.583815756559275 ], [ -58.512877582218003, -34.584887754963816 ], [ -58.513384467413879, -34.58600622578161 ], [ -58.5134740724328, -34.58628431376053 ], [ -58.513941707121781, -34.586221002684702 ], [ -58.515383001881638, -34.586144495513565 ], [ -58.516826423512057, -34.586185176063623 ], [ -58.517901417218553, -34.586303422955964 ], [ -58.518124031341451, -34.586776997764346 ], [ -58.51697892341685, -34.584340904932773 ] ] ], [ [ [ -58.481961550500273, -34.541289930440932 ], [ -58.4819390620981, -34.541280000986553 ], [ -58.481447115912388, -34.541062787071098 ], [ -58.481424626784474, -34.541052857147172 ], [ -58.481245647725444, -34.540973829909134 ], [ -58.480863616304049, -34.54080514472912 ], [ -58.480782080702241, -34.540769142449101 ], [ -58.480759592599014, -34.540759212747218 ], [ -58.480745194589488, -34.54075285525154 ], [ -58.479752093277078, -34.540314343047292 ], [ -58.479749779260771, -34.540313321259177 ], [ -58.479677116228771, -34.540281235787518 ], [ -58.479509696708156, -34.54020730888201 ], [ -58.479266705955638, -34.540100011064482 ], [ -58.4791282912988, -34.540038890958499 ], [ -58.479055628312054, -34.540006804882978 ], [ -58.47860496278259, -34.539807801246333 ], [ -58.478135156704411, -34.539600343210537 ], [ -58.478121569523658, -34.539594343310064 ], [ -58.478062494524863, -34.539568256471426 ], [ -58.477849929960676, -34.539474390037654 ], [ -58.477469987539209, -34.539306610704301 ], [ -58.477415946163845, -34.53928274648603 ], [ -58.47734328351568, -34.539250659210481 ], [ -58.476091375397857, -34.538697815375173 ], [ -58.476055500950125, -34.538681972886678 ], [ -58.476027215356098, -34.53866948169464 ], [ -58.476025107370042, -34.5386685507872 ], [ -58.475982839345761, -34.538649884798254 ], [ -58.475954554668476, -34.538637392988811 ], [ -58.475881894112177, -34.538605303220749 ], [ -58.475340759411957, -34.538366327873888 ], [ -58.475268099340433, -34.5383342395209 ], [ -58.47524704722116, -34.538324942409773 ], [ -58.474709879025283, -34.538087713914194 ], [ -58.474637832989643, -34.538055896087485 ], [ -58.474637219468953, -34.538055625136018 ], [ -58.474413819450085, -34.537956963815844 ], [ -58.474323333760523, -34.537917001632884 ], [ -58.474126108331582, -34.537829899468477 ], [ -58.474081672260375, -34.5378102747596 ], [ -58.474053449228968, -34.537797810332478 ], [ -58.473407505332979, -34.53751253269246 ], [ -58.473334845495799, -34.537480442530587 ], [ -58.473318617577618, -34.537473275473566 ], [ -58.471198575511821, -34.536536934164488 ], [ -58.4711259181476, -34.536504843165496 ], [ -58.471096627647462, -34.536491906241366 ], [ -58.468012492958017, -34.535129653319963 ], [ -58.467837840871113, -34.535052506356287 ], [ -58.46759704447495, -34.534946141563132 ], [ -58.467487966879474, -34.534897959295172 ], [ -58.467404885480285, -34.534861260194184 ], [ -58.46738656728926, -34.534853168585911 ], [ -58.467382588610633, -34.534851411102352 ], [ -58.467230559850961, -34.534784255785638 ], [ -58.467226127570569, -34.534782298017497 ], [ -58.467183862426864, -34.534763628003688 ], [ -58.466910732172721, -34.534642978417345 ], [ -58.466909098133513, -34.534642256611747 ], [ -58.466908410726859, -34.534641952963 ], [ -58.46690790731062, -34.534641730588497 ], [ -58.466906776687672, -34.534641231157373 ], [ -58.46690558716508, -34.534640705708433 ], [ -58.466905122016726, -34.534640500238041 ], [ -58.466903421786419, -34.534639749193659 ], [ -58.466902799723265, -34.534639474409133 ], [ -58.466902379286672, -34.534639288689213 ], [ -58.466901563341089, -34.53463892826074 ], [ -58.466901100340735, -34.534638723739192 ], [ -58.466900626600605, -34.534638514473471 ], [ -58.466900056993296, -34.534638262860248 ], [ -58.466899753055664, -34.53463812860155 ], [ -58.466899241047727, -34.534637902431761 ], [ -58.46689857986906, -34.534637610368641 ], [ -58.466898305607529, -34.534637489218802 ], [ -58.466897432062602, -34.534637103346896 ], [ -58.466897354679183, -34.534637069164219 ], [ -58.466896258875998, -34.53463658511393 ], [ -58.466895871111142, -34.534636413826156 ], [ -58.466895033686157, -34.534636043909508 ], [ -58.466893858351639, -34.53463552472769 ], [ -58.466893548817922, -34.534635387997035 ], [ -58.466892699352975, -34.534635012761946 ], [ -58.466892299548164, -34.534634836155703 ], [ -58.466891536058448, -34.534634498898541 ], [ -58.466890382203445, -34.534633989204856 ], [ -58.466889978102763, -34.53463381070101 ], [ -58.466888406411655, -34.534633116436055 ], [ -58.46688806205831, -34.534632964324459 ], [ -58.466886957663455, -34.534632476478826 ], [ -58.466886084966333, -34.534632090981283 ], [ -58.466884976275622, -34.534631601238011 ], [ -58.466884636670699, -34.534631451223909 ], [ -58.466882826385614, -34.534630651564456 ], [ -58.46688265443521, -34.534630575608595 ], [ -58.466881634715371, -34.534630125166473 ], [ -58.466880504092693, -34.534629625735093 ], [ -58.466880053980098, -34.534629426906278 ], [ -58.466879313270184, -34.534629099711559 ], [ -58.46687868476338, -34.534628822080435 ], [ -58.466877732535018, -34.534628401451336 ], [ -58.466876791498883, -34.5346279857662 ], [ -58.466876621696436, -34.534627910759156 ], [ -58.46687636377083, -34.534627796825312 ], [ -58.466875327715222, -34.534627339167095 ], [ -58.466874469206118, -34.534626959936737 ], [ -58.466874299403671, -34.534626884929665 ], [ -58.466873452934593, -34.534626511017713 ], [ -58.466873005422492, -34.534626313337576 ], [ -58.466872151661825, -34.534625936204719 ], [ -58.466871131942142, -34.53462548576254 ], [ -58.466870615638463, -34.534625257694991 ], [ -58.466869830216943, -34.534624910749677 ], [ -58.466869219346258, -34.534624640908881 ], [ -58.46686829419356, -34.534624232239871 ], [ -58.466868095167577, -34.53462414432385 ], [ -58.466867956736614, -34.534624083174563 ], [ -58.466866897901404, -34.534623615453746 ], [ -58.466865980945308, -34.5346232104054 ], [ -58.466865773722745, -34.534623118868659 ], [ -58.466865635291803, -34.534623057719358 ], [ -58.466864743263386, -34.53462266368232 ], [ -58.466863659500561, -34.534622184950166 ], [ -58.466862855595288, -34.534621829839892 ], [ -58.466862422271163, -34.534621638426977 ], [ -58.466862394743032, -34.534621626266969 ], [ -58.466862068873574, -34.534621482320162 ], [ -58.466860803268361, -34.534620923262437 ], [ -58.466860534150548, -34.53462080438463 ], [ -58.466860072450622, -34.534620600437222 ], [ -58.466859746581179, -34.53462045649043 ], [ -58.466858480975993, -34.534619897432712 ], [ -58.466857645699292, -34.534619528464624 ], [ -58.466855324254738, -34.534618503009249 ], [ -58.466852749180553, -34.534617365517583 ], [ -58.466851696789362, -34.534616900643108 ], [ -58.466850427736119, -34.534616340062108 ], [ -58.466849375344928, -34.53461587518759 ], [ -58.466847534536733, -34.534615062044281 ], [ -58.466845212244692, -34.534614036214279 ], [ -58.466843178402009, -34.534613137801429 ], [ -58.466840857410268, -34.534612112545659 ], [ -58.466839737527842, -34.534611617857998 ], [ -58.466837416536244, -34.534610592602185 ], [ -58.466834136872869, -34.534609143870462 ], [ -58.466831815428897, -34.534608118414631 ], [ -58.466829466061647, -34.53460708062417 ], [ -58.466827801500074, -34.53460634533414 ], [ -58.466827715524907, -34.534606307356185 ], [ -58.46682714461776, -34.534606055168261 ], [ -58.466825480056208, -34.534605319878217 ], [ -58.466825394081063, -34.534605281900227 ], [ -58.466793632154065, -34.534591251634886 ], [ -58.466793528542851, -34.534591205866477 ], [ -58.466793436123872, -34.534591165042038 ], [ -58.466793342404678, -34.534591123643239 ], [ -58.466793212565634, -34.534591066289124 ], [ -58.466793117998726, -34.534591024515834 ], [ -58.466793039767687, -34.53459098995863 ], [ -58.466792918972892, -34.534590936599692 ], [ -58.466792755614428, -34.534590864438933 ], [ -58.466792627923311, -34.534590808033656 ], [ -58.466792507976272, -34.534590755049159 ], [ -58.466792442632872, -34.534590726184881 ], [ -58.466792389329463, -34.534590702639022 ], [ -58.466792290014133, -34.534590658768209 ], [ -58.466792235410487, -34.534590634648026 ], [ -58.466792173515287, -34.534590607306896 ], [ -58.466792088387848, -34.534590569703354 ], [ -58.46679200670863, -34.534590533622982 ], [ -58.466791922881463, -34.534590496593822 ], [ -58.466791858838285, -34.534590468303847 ], [ -58.466791748783244, -34.534590419688989 ], [ -58.466791642176389, -34.5345903725973 ], [ -58.466791532121363, -34.5345903239824 ], [ -58.466791465477741, -34.534590294543754 ], [ -58.466791352427045, -34.534590244605617 ], [ -58.466791310711031, -34.534590226178302 ], [ -58.466791238923811, -34.534590194467583 ], [ -58.466791207099845, -34.534590180409893 ], [ -58.466791126720842, -34.534590144903859 ], [ -58.466791057081551, -34.534590114141928 ], [ -58.466791020961701, -34.534590098186627 ], [ -58.466790974102075, -34.534590077487252 ], [ -58.466790883831074, -34.534590037611601 ], [ -58.466790796555742, -34.534589999059286 ], [ -58.466790710580604, -34.534589961081274 ], [ -58.466790597529901, -34.534589911143101 ], [ -58.466790551518024, -34.534589890818154 ], [ -58.466790434171443, -34.534589838982377 ], [ -58.466790356788117, -34.53458980479963 ], [ -58.466790306932857, -34.534589782776948 ], [ -58.466790269965273, -34.534589766447162 ], [ -58.466790186985797, -34.534589729792415 ], [ -58.46679015776229, -34.53458971688346 ], [ -58.466790121642418, -34.534589700928137 ], [ -58.466790058446975, -34.534589673012682 ], [ -58.466789963880103, -34.534589631239434 ], [ -58.466789914024829, -34.534589609216724 ], [ -58.466789860721406, -34.534589585670865 ], [ -58.466789768302462, -34.534589544846433 ], [ -58.466789678879131, -34.534589505345274 ], [ -58.466789601495805, -34.534589471162526 ], [ -58.466789570124341, -34.534589457304747 ], [ -58.466789537452648, -34.534589442872615 ], [ -58.4667894600693, -34.534589408689875 ], [ -58.466789427397622, -34.534589394257708 ], [ -58.466789320790745, -34.534589347166012 ], [ -58.466789221475445, -34.534589303295213 ], [ -58.466789144092083, -34.534589269112459 ], [ -58.466789031041415, -34.534589219174329 ], [ -58.466788917538217, -34.534589169036259 ], [ -58.46678881607496, -34.534589124216652 ], [ -58.46678873439572, -34.534589088136258 ], [ -58.466788652716481, -34.534589052055921 ], [ -58.46678855340118, -34.534589008185094 ], [ -58.466788475170148, -34.534588973627905 ], [ -58.466788380603248, -34.534588931854614 ], [ -58.466788229284738, -34.534588865012331 ], [ -58.466788035402523, -34.534588779368271 ], [ -58.466787947279464, -34.534588740441443 ], [ -58.466787835924201, -34.534588691252218 ], [ -58.466787726716881, -34.534588643011816 ], [ -58.4667876385938, -34.534588604085002 ], [ -58.466787546174857, -34.534588563260542 ], [ -58.466787476535572, -34.534588532498631 ], [ -58.466787440415715, -34.53458851654328 ], [ -58.466787344548564, -34.534588474195679 ], [ -58.466787281353135, -34.534588446280203 ], [ -58.466787248681435, -34.534588431848057 ], [ -58.46678719407776, -34.53458840772786 ], [ -58.466787138626401, -34.534588383233206 ], [ -58.466787102506522, -34.534588367277877 ], [ -58.466787025123182, -34.534588333095151 ], [ -58.466786947739855, -34.534588298912418 ], [ -58.46678690947202, -34.534588282008265 ], [ -58.466786837684815, -34.534588250297553 ], [ -58.466786670030487, -34.53458817623914 ], [ -58.466786310641851, -34.534588017485518 ], [ -58.466785925025398, -34.53458784714622 ], [ -58.466785155092715, -34.534587507041934 ], [ -58.466785104784925, -34.534587484819362 ], [ -58.466785016661881, -34.534587445892548 ], [ -58.466784959910292, -34.534587420823492 ], [ -58.466784872634918, -34.534587382271141 ], [ -58.46678478106368, -34.534587341821158 ], [ -58.466784703680368, -34.53458730763839 ], [ -58.466784626297027, -34.534587273455664 ], [ -58.466784516241972, -34.534587224840777 ], [ -58.466784348587645, -34.534587150782414 ], [ -58.466784071725996, -34.534587028483614 ], [ -58.466783989199051, -34.534586992028778 ], [ -58.466783603582606, -34.534586821689437 ], [ -58.466782779046262, -34.53458645746494 ], [ -58.466781749435505, -34.534586002652382 ], [ -58.466781703876151, -34.534585982527339 ], [ -58.466779382433444, -34.534584957070528 ], [ -58.466778545009468, -34.53458458715307 ], [ -58.466776217123012, -34.534583558849732 ], [ -58.466774939479002, -34.534582994472679 ], [ -58.466773889689122, -34.534582530746249 ], [ -58.466772617188759, -34.534581968641291 ], [ -58.466770044264798, -34.534580832096708 ], [ -58.466767722822354, -34.534579806639641 ], [ -58.466764480976728, -34.534578374610277 ], [ -58.466762159986949, -34.534577349353029 ], [ -58.46675767661759, -34.534575368901621 ], [ -58.466755354327752, -34.534574343069856 ], [ -58.466752436203706, -34.534573054038454 ], [ -58.466752256509452, -34.534572974661586 ], [ -58.466752054035545, -34.534572885222182 ], [ -58.466751788366203, -34.534572767867289 ], [ -58.46675147668504, -34.534572630187455 ], [ -58.466751204571871, -34.534572509986099 ], [ -58.466750708900577, -34.534572291031779 ], [ -58.466750114366498, -34.534572028406487 ], [ -58.466750079546884, -34.534572013025496 ], [ -58.466749934672286, -34.534571949029619 ], [ -58.466749733046086, -34.534571859964693 ], [ -58.466749552051624, -34.534571780013451 ], [ -58.466749466924263, -34.534571742409909 ], [ -58.466749156543301, -34.534571605304393 ], [ -58.466749023708637, -34.534571546626971 ], [ -58.466748883129902, -34.534571484528691 ], [ -58.466748387458608, -34.534571265574336 ], [ -58.466747758104958, -34.534570987568053 ], [ -58.466747373788913, -34.534570817802972 ], [ -58.466747231909956, -34.534570755130346 ], [ -58.46674670271927, -34.534570521369389 ], [ -58.466745437963354, -34.534569962684941 ], [ -58.466745052347051, -34.534569792345479 ], [ -58.466743116521513, -34.534568937227434 ], [ -58.46674295661132, -34.534568866589801 ], [ -58.466740669141451, -34.534567856138722 ], [ -58.466740635169543, -34.534567841132237 ], [ -58.466738347699746, -34.534566830681158 ], [ -58.466737392477128, -34.534566408727677 ], [ -58.46673507103548, -34.534565383270007 ], [ -58.466733058279388, -34.534564494168933 ], [ -58.466730735990176, -34.534563468336728 ], [ -58.466727628280651, -34.534562095558179 ], [ -58.466725306839258, -34.53456107010031 ], [ -58.466723686991116, -34.534560354559503 ], [ -58.466721365549851, -34.534559329101597 ], [ -58.466715336269502, -34.53455666576734 ], [ -58.466715266630274, -34.534556635005366 ], [ -58.46671517076323, -34.534556592657687 ], [ -58.466715066304388, -34.534556546514743 ], [ -58.466714913685792, -34.534556479098001 ], [ -58.466714791590888, -34.534556425164638 ], [ -58.466713994130707, -34.534556072899804 ], [ -58.4667130148284, -34.534555640309271 ], [ -58.46671294518918, -34.534555609547297 ], [ -58.466712849322157, -34.534555567199646 ], [ -58.466712744863301, -34.534555521056689 ], [ -58.46671259224469, -34.534555453639911 ], [ -58.466712470149815, -34.53455539970652 ], [ -58.466711672689641, -34.534555047441721 ], [ -58.466710996476657, -34.534554748735793 ], [ -58.466708675035683, -34.534553723277654 ], [ -58.466707142463093, -34.534553046288998 ], [ -58.466704821474742, -34.53455202103067 ], [ -58.466684356351195, -34.534542980896681 ], [ -58.466682034910889, -34.534541955438002 ], [ -58.466680201850011, -34.534541145712971 ], [ -58.466677879562098, -34.534540119879757 ], [ -58.466670349536471, -34.534536793611977 ], [ -58.466668028096507, -34.534535768153034 ], [ -58.466665340824598, -34.534534581093624 ], [ -58.466663019384754, -34.534533555634596 ], [ -58.466654137330359, -34.534529632128006 ], [ -58.466651816343315, -34.53452860686869 ], [ -58.466581821825159, -34.534497687863599 ], [ -58.46657950038734, -34.534496662402944 ], [ -58.466522430254869, -34.53447145249865 ], [ -58.466504841575365, -34.534463682937677 ], [ -58.466502520592478, -34.534462657674609 ], [ -58.466424952332837, -34.534428392896494 ], [ -58.466424270525984, -34.534428091716777 ], [ -58.466422631351939, -34.534427367631935 ], [ -58.466421949545079, -34.534427066452189 ], [ -58.466315024398149, -34.534379833516525 ], [ -58.466129219219404, -34.534297756046385 ], [ -58.466127366385017, -34.534296937574204 ], [ -58.4661255088023, -34.534296117004409 ], [ -58.466123649524256, -34.534295295685666 ], [ -58.466121797365702, -34.534294477511871 ], [ -58.465895917987723, -34.534194697067782 ], [ -58.46589587659566, -34.53419467813859 ], [ -58.464988207572063, -34.533793712624622 ], [ -58.464658977326692, -34.533648273571387 ], [ -58.464650749944326, -34.533644639067553 ], [ -58.464618648254998, -34.533630457912878 ], [ -58.464618616431679, -34.533630443854719 ], [ -58.464612608360184, -34.53362778974396 ], [ -58.464612576536901, -34.533627775685751 ], [ -58.46459952521051, -34.533622010162595 ], [ -58.464593485316939, -34.533619341992754 ], [ -58.464565979514724, -34.533607191085146 ], [ -58.464559939623271, -34.533604522913578 ], [ -58.464507188390563, -34.533581219604244 ], [ -58.464501148502883, -34.533578551429819 ], [ -58.464450085904481, -34.533555994051035 ], [ -58.464444046020418, -34.533553325873704 ], [ -58.464381194282524, -34.533525560481642 ], [ -58.464375154402887, -34.533522892300915 ], [ -58.464304964591648, -34.533491885174989 ], [ -58.46429892471685, -34.533489216990446 ], [ -58.464244751994528, -34.533465285543208 ], [ -58.464238712123588, -34.53346261735571 ], [ -58.464171464541543, -34.533432909875124 ], [ -58.464165425522985, -34.533430242058458 ], [ -58.464143711677544, -34.533420649685588 ], [ -58.464138582299135, -34.533418383715244 ], [ -58.464137672659277, -34.533417981869832 ], [ -58.46413254340721, -34.533415715703867 ], [ -58.464115414276094, -34.533408148692267 ], [ -58.464109374409965, -34.533405480503667 ], [ -58.463806696357629, -34.533271767976061 ], [ -58.463804425289418, -34.533270764693498 ], [ -58.463803639891715, -34.533270417730833 ], [ -58.46380065781139, -34.533269100346537 ], [ -58.463799403831658, -34.53326854637978 ], [ -58.463798386743342, -34.533268097063825 ], [ -58.463797601345682, -34.53326775010111 ], [ -58.46379757995269, -34.533267725528866 ], [ -58.463786025328432, -34.53325445373433 ], [ -58.463763875318875, -34.533229011924881 ], [ -58.463240061564115, -34.532627346438971 ], [ -58.463193789849925, -34.532574197032893 ], [ -58.463158038167428, -34.532533131336116 ], [ -58.463157797826916, -34.532532855271839 ], [ -58.463124843275097, -34.532495002392572 ], [ -58.463095011347377, -34.532460736239067 ], [ -58.462928618785398, -34.532269610389392 ], [ -58.462826978294579, -34.532152861085926 ], [ -58.46267746439657, -34.531981121264963 ], [ -58.462665215753823, -34.531967051744537 ], [ -58.462516928657095, -34.531796719779322 ], [ -58.462432995272138, -34.531700308766027 ], [ -58.462348035771711, -34.531602718420594 ], [ -58.462344499148401, -34.531598656004753 ], [ -58.462341885917489, -34.531595653976737 ], [ -58.462224183717034, -34.531460452516825 ], [ -58.462220484800618, -34.531456203130475 ], [ -58.461713480843429, -34.530873815257273 ], [ -58.461688114874342, -34.530844677913223 ], [ -58.461688112538681, -34.530844675233041 ], [ -58.461687937456261, -34.53084447411635 ], [ -58.46165144841936, -34.530802559239589 ], [ -58.461468221668063, -34.530592085228307 ], [ -58.461419903172292, -34.530536582002213 ], [ -58.461398979752651, -34.530512547044751 ], [ -58.461380287215185, -34.530491074710874 ], [ -58.461374651921794, -34.530484601381453 ], [ -58.461285316642289, -34.530381980700319 ], [ -58.461277401896851, -34.53037288890647 ], [ -58.4612604230485, -34.530353385094713 ], [ -58.461201220404064, -34.53028537819938 ], [ -58.461134899563334, -34.530209194367416 ], [ -58.461123574701396, -34.530196185421886 ], [ -58.461111156934784, -34.53018192104345 ], [ -58.461109094424053, -34.530179551821846 ], [ -58.461106296129422, -34.530176337399489 ], [ -58.461102420986002, -34.530171885992132 ], [ -58.461100489780243, -34.530169667600859 ], [ -58.461078052135846, -34.530143893291104 ], [ -58.461072893425381, -34.53013796743442 ], [ -58.461072169136187, -34.530136962323532 ], [ -58.461066416341609, -34.530128982964747 ], [ -58.46106080837167, -34.530121204055398 ], [ -58.461058063500815, -34.530117396598271 ], [ -58.46105521859544, -34.530113449939016 ], [ -58.46104853203726, -34.530104175339609 ], [ -58.46104052398676, -34.530093067229856 ], [ -58.461008671412735, -34.530048883921218 ], [ -58.461008290852327, -34.530048356038364 ], [ -58.461004190587438, -34.530042667577739 ], [ -58.461004158852859, -34.53004261924945 ], [ -58.461004136453823, -34.530042584501899 ], [ -58.4610029883696, -34.530040803481604 ], [ -58.461002367351504, -34.530039839748419 ], [ -58.460995010149333, -34.530028426567753 ], [ -58.460994300795029, -34.530027326465316 ], [ -58.46099344850127, -34.530026004303494 ], [ -58.460953399726669, -34.529963876656446 ], [ -58.460947014814508, -34.529953971735139 ], [ -58.460942958123916, -34.52994767858516 ], [ -58.460941417294329, -34.529945288293689 ], [ -58.460941151787388, -34.529944876229848 ], [ -58.460941076636352, -34.529944757239249 ], [ -58.460938469233476, -34.529940202248319 ], [ -58.460930372597453, -34.52992605162283 ], [ -58.460929746329569, -34.529924957037238 ], [ -58.460928984440891, -34.529923625414781 ], [ -58.460925634803836, -34.529917770742664 ], [ -58.460919310480072, -34.529906717345177 ], [ -58.460916194187007, -34.529901270712017 ], [ -58.460914110542284, -34.52989762893327 ], [ -58.460907414587098, -34.529885925466104 ], [ -58.460896885613536, -34.529867523317492 ], [ -58.460890094110269, -34.529855653166585 ], [ -58.460888443127644, -34.529852767587926 ], [ -58.460885958727438, -34.529848425366097 ], [ -58.46088438718683, -34.529845678635269 ], [ -58.46088371828435, -34.529844509530797 ], [ -58.460883713524439, -34.529844501211443 ], [ -58.460883690968643, -34.529844460887077 ], [ -58.460883534133899, -34.529844147185322 ], [ -58.460883443922938, -34.529843970522691 ], [ -58.460883412562936, -34.529843908161332 ], [ -58.460880153383762, -34.529837427078412 ], [ -58.460880022777218, -34.529837167320558 ], [ -58.46087883086836, -34.529834797172967 ], [ -58.460875345011104, -34.529827865324698 ], [ -58.46085951465475, -34.529796385641149 ], [ -58.460834180241008, -34.52974600629301 ], [ -58.460833716705608, -34.529745084701595 ], [ -58.460832544566159, -34.529742753822624 ], [ -58.460832186419047, -34.529742041622725 ], [ -58.460832178041763, -34.52974202496388 ], [ -58.460832169710855, -34.529742007495862 ], [ -58.460831856044813, -34.52974128904745 ], [ -58.460830985839479, -34.529739294158745 ], [ -58.46082780234763, -34.529731997896036 ], [ -58.460822751019577, -34.529720420690289 ], [ -58.460786630789364, -34.529637635575561 ], [ -58.46078662938173, -34.529637632349299 ], [ -58.460725223011899, -34.529495831155934 ], [ -58.460679141481179, -34.529402305824412 ], [ -58.460656497442166, -34.529356348255902 ], [ -58.460580581218807, -34.529219443252543 ], [ -58.460497614866277, -34.529085369438533 ], [ -58.46047483279979, -34.529052160517985 ], [ -58.46040775088683, -34.52895437650033 ], [ -58.460311158117165, -34.528826706011024 ], [ -58.460057162769438, -34.528509709677046 ], [ -58.459799665400141, -34.528194655286541 ], [ -58.45973779589842, -34.528122527124353 ], [ -58.459672822287459, -34.52805229274896 ], [ -58.459665689635997, -34.52804489357321 ], [ -58.45966046282593, -34.528038982187425 ], [ -58.459600169554186, -34.527970791993532 ], [ -58.459569078939474, -34.527929401699524 ], [ -58.459541592118029, -34.527892809020216 ], [ -58.459506669379607, -34.527837382417069 ], [ -58.45948626773928, -34.527775654338001 ], [ -58.459473171222676, -34.527712582446981 ], [ -58.459467502862367, -34.527648758991894 ], [ -58.459469315983235, -34.527584779822789 ], [ -58.459478594203247, -34.527521246194794 ], [ -58.459481183053526, -34.527499353165709 ], [ -58.459479995780519, -34.52747737798795 ], [ -58.459475567786384, -34.527458001372935 ], [ -58.45947505632855, -34.527455763266019 ], [ -58.459472803309481, -34.527450305131183 ], [ -58.459466463794094, -34.527434947099103 ], [ -58.459454392426153, -34.527415349559817 ], [ -58.459298788471209, -34.527206413954438 ], [ -58.459286281773572, -34.527191264544129 ], [ -58.459281170174989, -34.52718507284338 ], [ -58.459273232930407, -34.527175458696291 ], [ -58.459253813205493, -34.52715193615235 ], [ -58.45920406516786, -34.527100378817302 ], [ -58.459150658518148, -34.527052773221087 ], [ -58.459149870003515, -34.527052070076273 ], [ -58.459149860898329, -34.527052062375979 ], [ -58.459149820993638, -34.527052026805819 ], [ -58.459147076430838, -34.527049919154528 ], [ -58.459140773766222, -34.527045079104539 ], [ -58.459133685813384, -34.52703963600154 ], [ -58.459099553358527, -34.52701342440227 ], [ -58.459095790700601, -34.527010534913757 ], [ -58.45909340920845, -34.52700870559481 ], [ -58.459093215346122, -34.527008556851627 ], [ -58.459091423753378, -34.527007181202613 ], [ -58.459091419966924, -34.527007178460273 ], [ -58.459091381277943, -34.52700714874954 ], [ -58.459073426186031, -34.526995289630989 ], [ -58.459031687212338, -34.526967721526226 ], [ -58.459031101782749, -34.526967334853296 ], [ -58.459029069486832, -34.526965992547986 ], [ -58.459029036813206, -34.526965971813873 ], [ -58.459027113426615, -34.526964753008691 ], [ -58.459023932106277, -34.526962737603135 ], [ -58.45901933837979, -34.526959827106559 ], [ -58.459014830963852, -34.526956971294332 ], [ -58.459014730129056, -34.52695690740029 ], [ -58.459014687653386, -34.526956880355804 ], [ -58.459004615470782, -34.526950498755241 ], [ -58.458974028844544, -34.526931119838174 ], [ -58.458945746488872, -34.526913200651563 ], [ -58.458944939558279, -34.526912689394749 ], [ -58.458908481117597, -34.526889589967666 ], [ -58.45890669947012, -34.526888461146548 ], [ -58.458906668327963, -34.526888441415416 ], [ -58.458906406325546, -34.526888272922221 ], [ -58.458905234219223, -34.526887478939045 ], [ -58.458904997314576, -34.526887317946183 ], [ -58.45890119292735, -34.526884732605296 ], [ -58.458900177970321, -34.526884042872652 ], [ -58.458887914071852, -34.526875708714151 ], [ -58.458886227191996, -34.526874562294495 ], [ -58.458844471225433, -34.526846186302784 ], [ -58.458810063254674, -34.526822803686912 ], [ -58.458809627825666, -34.526822507782434 ], [ -58.458788918100254, -34.526808434068492 ], [ -58.458787013215485, -34.526807139564973 ], [ -58.458786725413496, -34.526806952357809 ], [ -58.45878668648087, -34.526806926814608 ], [ -58.45878216300995, -34.52680398464139 ], [ -58.458778510596062, -34.526801608847549 ], [ -58.458755436708074, -34.52678659991858 ], [ -58.458739482287356, -34.526776222001374 ], [ -58.458739374876181, -34.526776152133309 ], [ -58.458739326317371, -34.526776120372226 ], [ -58.458731417289322, -34.526770975937481 ], [ -58.458710147043128, -34.52675714020981 ], [ -58.45870815042106, -34.526755841460016 ], [ -58.458708114509299, -34.526755821590967 ], [ -58.458701630071161, -34.526752233917541 ], [ -58.458652486616231, -34.526725043685552 ], [ -58.458641479326829, -34.526718954021192 ], [ -58.458626666084768, -34.526710758217739 ], [ -58.458624762007389, -34.526709704738195 ], [ -58.458574686279782, -34.526686389039078 ], [ -58.458553588873727, -34.526676566202674 ], [ -58.458545477997561, -34.526672790079026 ], [ -58.458539410788724, -34.526669965181263 ], [ -58.45853851147222, -34.526669546458649 ], [ -58.458537407773299, -34.526669032293853 ], [ -58.458537396524441, -34.526669027337931 ], [ -58.458537341336779, -34.52666900164251 ], [ -58.458523829742418, -34.52666379691685 ], [ -58.458511856854273, -34.526659184905832 ], [ -58.45845869009198, -34.526638704806473 ], [ -58.458446403552749, -34.52663397196617 ], [ -58.458446209839529, -34.526633910333466 ], [ -58.458440562670177, -34.526632113604101 ], [ -58.458322811179286, -34.526594649171081 ], [ -58.458196578441012, -34.526561567665439 ], [ -58.458174658398107, -34.526557006548579 ], [ -58.458068164926566, -34.526534847351435 ], [ -58.457938037847711, -34.526514587400477 ], [ -58.457806670950887, -34.52650085904169 ], [ -58.457712684172208, -34.526496438656032 ], [ -58.45761856629678, -34.526498037964394 ], [ -58.457524879306106, -34.526505647077265 ], [ -58.457432180827993, -34.526519221852183 ], [ -58.457341026315426, -34.526538680288013 ], [ -58.457251959244758, -34.526563906130178 ], [ -58.457165512205165, -34.526594748870508 ], [ -58.457042751564281, -34.526627561129409 ], [ -58.456922500876352, -34.526666215585728 ], [ -58.456805163116037, -34.526710583363176 ], [ -58.456719458022626, -34.526748288438903 ], [ -58.456715423639316, -34.526750338081008 ], [ -58.456636738966154, -34.526790314187409 ], [ -58.456557325073412, -34.52683650017719 ], [ -58.45612550373653, -34.527104554644701 ], [ -58.455993725005683, -34.527184920431687 ], [ -58.455639039254329, -34.527401225566926 ], [ -58.455609599065902, -34.527414798400777 ], [ -58.455582730077616, -34.52743163457847 ], [ -58.455558958383456, -34.52745140511189 ], [ -58.455538748002105, -34.527473724218893 ], [ -58.455444216038124, -34.527592970586099 ], [ -58.455067103647671, -34.528061056419602 ], [ -58.455048092037991, -34.528084654657675 ], [ -58.455047636709288, -34.528085218022639 ], [ -58.454924648779283, -34.528236731554365 ], [ -58.454839142467023, -34.528342068943168 ], [ -58.454766400495096, -34.52843168166163 ], [ -58.45471403833556, -34.528496187251434 ], [ -58.454686916602711, -34.528529599665042 ], [ -58.454673544179606, -34.528546073313102 ], [ -58.454654423435485, -34.528569628211457 ], [ -58.454642920265059, -34.52858379972816 ], [ -58.454639811358327, -34.528587629697022 ], [ -58.454639305915848, -34.528588252551494 ], [ -58.454638667576781, -34.528589039457351 ], [ -58.454637711157602, -34.528590217562616 ], [ -58.45463721878717, -34.528590821487867 ], [ -58.454636974786169, -34.528591066660411 ], [ -58.454624107950053, -34.528603934802803 ], [ -58.454586438031889, -34.528649424083753 ], [ -58.454516636483007, -34.528733714581463 ], [ -58.45445650990267, -34.528806321674836 ], [ -58.454410371640918, -34.528862036779181 ], [ -58.454374271949966, -34.528905629558935 ], [ -58.454330930359774, -34.528959044270884 ], [ -58.454290857806861, -34.529008430106046 ], [ -58.45419404084997, -34.529127748044175 ], [ -58.454049962288337, -34.529305310758971 ], [ -58.453942970184137, -34.529342662339694 ], [ -58.453814347026459, -34.529387565281468 ], [ -58.453710361195178, -34.529423867083651 ], [ -58.453575618582697, -34.529470906002324 ], [ -58.453400247398044, -34.5295288127096 ], [ -58.453245673432392, -34.529579852001142 ], [ -58.453096675487963, -34.529629049883177 ], [ -58.452992393914485, -34.52966348264863 ], [ -58.452923492397503, -34.529686233197602 ], [ -58.452815471835329, -34.529721900336455 ], [ -58.452634899822961, -34.52978152284232 ], [ -58.452548643522839, -34.529808435603535 ], [ -58.452437437623047, -34.52984313275433 ], [ -58.452263658190077, -34.529897353098789 ], [ -58.452125701753062, -34.529940396202619 ], [ -58.452036173343181, -34.529981549319594 ], [ -58.451950930671927, -34.530020732331693 ], [ -58.451886198282857, -34.530067152040061 ], [ -58.451862953577198, -34.530095006686224 ], [ -58.451823619440091, -34.530142141602269 ], [ -58.451788892011734, -34.53019772314159 ], [ -58.45174723145729, -34.530264401095998 ], [ -58.451691980367151, -34.530352830593046 ], [ -58.451666079661024, -34.530426037946185 ], [ -58.451674231548907, -34.530498090639455 ], [ -58.451679009059305, -34.530540317915047 ], [ -58.451696166397198, -34.530578445894122 ], [ -58.45171998987577, -34.530631387675271 ], [ -58.451761003916921, -34.530704684533568 ], [ -58.451785329865984, -34.530748157764158 ], [ -58.451804584773285, -34.530782568432144 ], [ -58.451828986455283, -34.530826176915603 ], [ -58.451855882360917, -34.530874242791683 ], [ -58.451894452874981, -34.53093501260868 ], [ -58.451930354231266, -34.530991576940316 ], [ -58.451957308534347, -34.531034044697243 ], [ -58.451989622417216, -34.531084956656159 ], [ -58.452006571333222, -34.531111886736532 ], [ -58.452042396022506, -34.53116880840966 ], [ -58.452085829974855, -34.531222020965942 ], [ -58.452171741653359, -34.531327274699514 ], [ -58.452183955182051, -34.531342238693291 ], [ -58.452215905314851, -34.531381381805105 ], [ -58.452236900669654, -34.531407103942769 ], [ -58.452262346211519, -34.531438278132804 ], [ -58.452270138277996, -34.531447824107545 ], [ -58.45227020797639, -34.531447909749929 ], [ -58.452284606151508, -34.531465550284253 ], [ -58.452286148148239, -34.531467439426969 ], [ -58.452289885810629, -34.531472018539866 ], [ -58.45229971765324, -34.531484064369337 ], [ -58.452302062354335, -34.531486936545036 ], [ -58.45230274191465, -34.531487769530059 ], [ -58.452302766962447, -34.531487801082463 ], [ -58.452304510481547, -34.531490184627465 ], [ -58.452344656095249, -34.531545090894021 ], [ -58.452385417058899, -34.531600838238532 ], [ -58.452490275864868, -34.531744250175976 ], [ -58.452533333780202, -34.531803139165376 ], [ -58.452572572533612, -34.531856804902965 ], [ -58.452600653141246, -34.531895209297566 ], [ -58.45263839565299, -34.531946827728653 ], [ -58.452668718637277, -34.531988298976536 ], [ -58.452684450793519, -34.532009815738483 ], [ -58.452688117914214, -34.532014830656045 ], [ -58.452690800941518, -34.532018499790567 ], [ -58.452690991522225, -34.532018760321129 ], [ -58.452694248818716, -34.532023214582566 ], [ -58.45269858643595, -34.532029147287147 ], [ -58.452699992377312, -34.53203107016494 ], [ -58.452700380073033, -34.532031600240956 ], [ -58.452700398586465, -34.532031626384075 ], [ -58.452700646880366, -34.532032010415925 ], [ -58.452708280733155, -34.532043805755784 ], [ -58.452712137010131, -34.532049764226272 ], [ -58.452728210785018, -34.532074602791113 ], [ -58.4532190448707, -34.532833045631577 ], [ -58.454135352247782, -34.534178283013134 ], [ -58.454411986222304, -34.534521749150748 ], [ -58.454519828737347, -34.534751625773261 ], [ -58.454667510588777, -34.534948402722314 ], [ -58.454758706596877, -34.535026106301352 ], [ -58.454912459779152, -34.535157111251323 ], [ -58.454898045136616, -34.535204811344968 ], [ -58.45496648619892, -34.535276367209683 ], [ -58.455099775614336, -34.535315133306341 ], [ -58.455195392500421, -34.535369558244611 ], [ -58.455259948504683, -34.535384826461588 ], [ -58.455389056974489, -34.535453524019466 ], [ -58.455437470728974, -34.535497412466135 ], [ -58.455508796886846, -34.53554543271899 ], [ -58.455547148654752, -34.535559838241561 ], [ -58.455575192910885, -34.535574273330546 ], [ -58.455604351008631, -34.535589281729848 ], [ -58.456753926013448, -34.536176750719861 ], [ -58.456880731227685, -34.536241629905469 ], [ -58.457984462581713, -34.536748626282446 ], [ -58.458531875045672, -34.537000072901826 ], [ -58.458540220218467, -34.536986600664548 ], [ -58.458743387426161, -34.537080146256102 ], [ -58.458761440823402, -34.537088458130128 ], [ -58.458783653020689, -34.53709868479659 ], [ -58.458786930605591, -34.537100193914675 ], [ -58.458792144895916, -34.537102594620293 ], [ -58.458792186287809, -34.537102613551916 ], [ -58.458847187428979, -34.537127938593386 ], [ -58.458717967963096, -34.537216853765038 ], [ -58.458559708767517, -34.537325750595478 ], [ -58.458486581435274, -34.537281843884962 ], [ -58.458483495714454, -34.537279991171445 ], [ -58.458482414289151, -34.537279341867276 ], [ -58.458478534434661, -34.537277012343608 ], [ -58.458478030055012, -34.537276709506365 ], [ -58.458477861397981, -34.537276637997785 ], [ -58.458476303561646, -34.537275977493472 ], [ -58.458471907556167, -34.537274113638702 ], [ -58.458414022791111, -34.537249571154199 ], [ -58.458403980780048, -34.53724531345101 ], [ -58.458384567937159, -34.537237082613764 ], [ -58.458368156301987, -34.537230124252716 ], [ -58.458347508213805, -34.537221369675287 ], [ -58.458334165848044, -34.537215712646329 ], [ -58.458323278814497, -34.537211096651909 ], [ -58.458315200904273, -34.537207671696976 ], [ -58.458309494206809, -34.537205252112571 ], [ -58.458301262814615, -34.537201762081366 ], [ -58.458296473123177, -34.537199731297839 ], [ -58.458288120763932, -34.537196189976406 ], [ -58.458284806093303, -34.537194784587108 ], [ -58.458276747695145, -34.537191367901258 ], [ -58.458270896187507, -34.537188886915935 ], [ -58.458265212474068, -34.537186477073405 ], [ -58.458259637585925, -34.537184113371396 ], [ -58.45825605193761, -34.537182593088851 ], [ -58.458157704526457, -34.537140894610246 ], [ -58.458012031329893, -34.537079130172536 ], [ -58.457881784394054, -34.537023905890642 ], [ -58.457861741245488, -34.537015407927655 ], [ -58.457841709681212, -34.537006914623113 ], [ -58.457793875041752, -34.536986632903705 ], [ -58.457751959541049, -34.536968860854806 ], [ -58.457680604588077, -34.536938606514219 ], [ -58.457660642988557, -34.536930142829235 ], [ -58.457607421750019, -34.536907577088243 ], [ -58.457520978660156, -34.536870925246816 ], [ -58.457494722529653, -34.536859792637649 ], [ -58.457456213815647, -34.536843464676934 ], [ -58.457421689923436, -34.536828826739935 ], [ -58.457371051945202, -34.536807356147584 ], [ -58.457309564871252, -34.536781285476316 ], [ -58.457237942044607, -34.5367509171612 ], [ -58.457236500664052, -34.536750306010404 ], [ -58.456897909508818, -34.53660674136659 ], [ -58.45686882639184, -34.536594409886789 ], [ -58.456546192642861, -34.536457609384804 ], [ -58.456468194237559, -34.536424536916584 ], [ -58.456435608507086, -34.536410720644596 ], [ -58.456434273097983, -34.536410154470275 ], [ -58.456434272647108, -34.536410154279089 ], [ -58.456275525287147, -34.53634284334202 ], [ -58.456270191133221, -34.536340581586174 ], [ -58.45626558494196, -34.536338628496416 ], [ -58.456265539885855, -34.536338609391962 ], [ -58.456265321118821, -34.536338514366925 ], [ -58.456265276460016, -34.536338495434293 ], [ -58.456265202480779, -34.536338454613784 ], [ -58.456265201325451, -34.536338453938207 ], [ -58.456263460751508, -34.536337436114039 ], [ -58.456249770395551, -34.536329430491314 ], [ -58.456230370654801, -34.536318086222565 ], [ -58.456230370103583, -34.536318085900227 ], [ -58.456229407229969, -34.536317522449487 ], [ -58.456157066578101, -34.536275220339427 ], [ -58.456127628166236, -34.536258005671399 ], [ -58.456066089906109, -34.536222019964185 ], [ -58.455999583607799, -34.536183128856031 ], [ -58.455916087642599, -34.536134302931615 ], [ -58.45590047556226, -34.536125173412429 ], [ -58.455897717345138, -34.536123560481776 ], [ -58.455888772980757, -34.53611832995405 ], [ -58.455747984021109, -34.536035999853837 ], [ -58.455747432879043, -34.536035678009341 ], [ -58.455745974462374, -34.536034981927614 ], [ -58.455739593257221, -34.536031936268607 ], [ -58.455735901234441, -34.536030174052385 ], [ -58.455726182890388, -34.536025535688267 ], [ -58.455693645901299, -34.536010006228658 ], [ -58.455693550734907, -34.536009960807043 ], [ -58.45569341269195, -34.536009894601598 ], [ -58.455652134299683, -34.535990193029669 ], [ -58.455541522420617, -34.53593739909482 ], [ -58.455448435189389, -34.535892969673689 ], [ -58.455448181400385, -34.53589284886548 ], [ -58.455178401958037, -34.535764085092261 ], [ -58.455178077271114, -34.535763930445739 ], [ -58.455176655938828, -34.535763252052917 ], [ -58.45511902166492, -34.535735743639563 ], [ -58.455074467776406, -34.535714478366408 ], [ -58.455052274676412, -34.535703885738009 ], [ -58.455035487734882, -34.535695873155021 ], [ -58.455008738969461, -34.535683106396753 ], [ -58.454991808019493, -34.535675025345213 ], [ -58.45497824396034, -34.535668551289717 ], [ -58.454976298563132, -34.535667622761451 ], [ -58.454869810029194, -34.535607875750813 ], [ -58.454561018357303, -34.535434623476256 ], [ -58.454561009716741, -34.535434618628315 ], [ -58.454272610466568, -34.535272806889061 ], [ -58.45421683478046, -34.535241512756301 ], [ -58.454137635904566, -34.535197076461408 ], [ -58.454084067040846, -34.53517601028468 ], [ -58.454063011572103, -34.535167730125323 ], [ -58.453992308217082, -34.535132354362773 ], [ -58.453926236008641, -34.535091302596378 ], [ -58.453866515847963, -34.535045794604208 ], [ -58.45386545717745, -34.53504498774064 ], [ -58.453810581659148, -34.534993874088329 ], [ -58.453762158380741, -34.534938473703576 ], [ -58.453720675261053, -34.534879342815877 ], [ -58.453686547230014, -34.534817073705831 ], [ -58.453682028665192, -34.534805998524384 ], [ -58.453660117318826, -34.534752292901963 ], [ -58.453665903635738, -34.534675046027004 ], [ -58.453618748853593, -34.534607446600312 ], [ -58.453562563569562, -34.534489382455469 ], [ -58.453557132794948, -34.534473196058165 ], [ -58.453540957024416, -34.534424984214084 ], [ -58.453513283549874, -34.534340510585722 ], [ -58.453471806462439, -34.534271142943325 ], [ -58.453423210813249, -34.534205017162485 ], [ -58.453367862542123, -34.5341426308552 ], [ -58.453331932145332, -34.534100513010998 ], [ -58.453235290378736, -34.533929765341583 ], [ -58.453247737327935, -34.53392142849804 ], [ -58.453195544920924, -34.533856618473614 ], [ -58.453175052008035, -34.53381852388469 ], [ -58.453137658819045, -34.533770904663989 ], [ -58.453111772021202, -34.533731619212141 ], [ -58.453031233621182, -34.533624476206214 ], [ -58.452980898217234, -34.533549476580014 ], [ -58.452917618783403, -34.533461381400116 ], [ -58.452854339036868, -34.533376857395012 ], [ -58.452752230672587, -34.533225667441897 ], [ -58.452710525016684, -34.533160191668387 ], [ -58.45264149267674, -34.533070905437832 ], [ -58.452575339588975, -34.532963763374369 ], [ -58.45249768019498, -34.532850668240719 ], [ -58.452436560795903, -34.532751859364879 ], [ -58.452413555012122, -34.532685194743678 ], [ -58.452356031056787, -34.532592338160882 ], [ -58.452307135435326, -34.532516147970199 ], [ -58.45223522930813, -34.532411386001144 ], [ -58.45222084942872, -34.53238043421571 ], [ -58.452205037005214, -34.532305437381389 ], [ -58.452192098079969, -34.532255439272205 ], [ -58.452184911956614, -34.532211393700827 ], [ -58.452173409076345, -34.532179251767381 ], [ -58.452150400962282, -34.532132823944579 ], [ -58.452111572469214, -34.532072109830303 ], [ -58.452092877040847, -34.53204472884228 ], [ -58.452061238503852, -34.531999490612634 ], [ -58.452005150424718, -34.53193163245426 ], [ -58.451954814053018, -34.531878059642835 ], [ -58.451886139519729, -34.531815557073294 ], [ -58.451853282141435, -34.531773801417373 ], [ -58.451848197379022, -34.531766786067571 ], [ -58.451826987728452, -34.531745841993796 ], [ -58.451826290723353, -34.531745154135201 ], [ -58.45180056049827, -34.531726629077212 ], [ -58.45177252472407, -34.531712124831905 ], [ -58.45177030523751, -34.531710526908846 ], [ -58.451761288168029, -34.531708030788202 ], [ -58.451749693877424, -34.531703957701708 ], [ -58.451740248664606, -34.531700639587392 ], [ -58.45172046800031, -34.531696561023274 ], [ -58.451718063365178, -34.531696065212643 ], [ -58.451705816662198, -34.531692675052696 ], [ -58.451671839603087, -34.531690224544057 ], [ -58.451595602873553, -34.531689346828628 ], [ -58.451526559177616, -34.531697821815712 ], [ -58.451461832330665, -34.531694244349062 ], [ -58.45136365920483, -34.531717447657627 ], [ -58.451306478371215, -34.531752261351521 ], [ -58.45115543806272, -34.531819206609242 ], [ -58.451104731252002, -34.53184420002485 ], [ -58.451055642467431, -34.531870086383947 ], [ -58.450943436223689, -34.531950873702904 ], [ -58.45090998830144, -34.531987028812289 ], [ -58.450864668247483, -34.532059341201645 ], [ -58.450793991832349, -34.532162452662078 ], [ -58.450766467572151, -34.532262443707602 ], [ -58.450749196245631, -34.532332973321338 ], [ -58.450731926231391, -34.532394574908345 ], [ -58.450712488517354, -34.532523136444681 ], [ -58.450708157458948, -34.532628486673332 ], [ -58.450702758209118, -34.53266330540702 ], [ -58.4506941100354, -34.532781154419567 ], [ -58.450683309883793, -34.532861505510894 ], [ -58.450678983081758, -34.53293828606018 ], [ -58.450650920915415, -34.533025777779599 ], [ -58.450616384221014, -34.533123982446021 ], [ -58.450577528950944, -34.533243613904951 ], [ -58.450542992897347, -34.533336461733839 ], [ -58.450508458678556, -34.533416810320837 ], [ -58.45046313736546, -34.533490015346096 ], [ -58.45041350127017, -34.533559648689675 ], [ -58.450337967189199, -34.533670348166304 ], [ -58.450296960296619, -34.533747124793287 ], [ -58.450271058986573, -34.533809618183582 ], [ -58.450226402734714, -34.533924491514725 ], [ -58.450217226275612, -34.533959313839972 ], [ -58.45020503061631, -34.534005593214793 ], [ -58.45019550546791, -34.534041738654274 ], [ -58.450176982384093, -34.534069935672612 ], [ -58.450154495993424, -34.534104165859617 ], [ -58.450141551574603, -34.534123870646987 ], [ -58.450131459686041, -34.534159344932384 ], [ -58.450124280883344, -34.534184579327672 ], [ -58.450122206690054, -34.534200352387295 ], [ -58.450119078936588, -34.534224137161424 ], [ -58.450114658733021, -34.534257750255058 ], [ -58.450112131258692, -34.534276747563716 ], [ -58.45010861258465, -34.534302924004855 ], [ -58.450105843790404, -34.534323521860024 ], [ -58.450103437575244, -34.534341422376926 ], [ -58.450100518636731, -34.534363137177891 ], [ -58.450096268439466, -34.534376117543381 ], [ -58.450091036268581, -34.53439209691124 ], [ -58.450084455231284, -34.534412195790075 ], [ -58.450077859992227, -34.534432338031799 ], [ -58.450072455669208, -34.534448843139508 ], [ -58.450059142840843, -34.534478577851765 ], [ -58.450050871538693, -34.534497052110588 ], [ -58.450047788022864, -34.534515916947768 ], [ -58.450045779210292, -34.53452820678509 ], [ -58.450043399651079, -34.534542764831144 ], [ -58.450040072811724, -34.534563118289746 ], [ -58.450038185146944, -34.534571391837318 ], [ -58.450033223572291, -34.534593138181698 ], [ -58.450029186051296, -34.534610834434574 ], [ -58.450021877182031, -34.534642868824058 ], [ -58.450018481260962, -34.534657752958843 ], [ -58.45001397616646, -34.534678449952587 ], [ -58.450010177219191, -34.534695902805439 ], [ -58.450006067382937, -34.53471478391387 ], [ -58.450002054108396, -34.534733221397239 ], [ -58.449999048170362, -34.534747031045633 ], [ -58.44999692194866, -34.534754592767577 ], [ -58.449993321910085, -34.534767395987338 ], [ -58.449988311652447, -34.53478521452012 ], [ -58.44998259108597, -34.534805559193131 ], [ -58.449977459369819, -34.534823809664921 ], [ -58.449969988830397, -34.534861755460163 ], [ -58.449965243058529, -34.534885861075651 ], [ -58.449962343512659, -34.534900588986488 ], [ -58.449964881188933, -34.534916004848007 ], [ -58.449966838369235, -34.534927894311956 ], [ -58.449968810234402, -34.53493987297994 ], [ -58.449969630727438, -34.534957588097996 ], [ -58.449970483170773, -34.534975993041499 ], [ -58.449970960497879, -34.534986298917573 ], [ -58.449969535299729, -34.534993134298652 ], [ -58.449966762536569, -34.535006432721687 ], [ -58.449963420400358, -34.535022461903786 ], [ -58.449960163922832, -34.535038080253095 ], [ -58.449961204855065, -34.53504973052744 ], [ -58.449963041293202, -34.535070284218968 ], [ -58.449964471565082, -34.535086292029618 ], [ -58.449973088919513, -34.535101069195839 ], [ -58.449984903822525, -34.535121329555821 ], [ -58.449994670648778, -34.535138077837026 ], [ -58.449999884556107, -34.535145050001788 ], [ -58.450000960731302, -34.535145017410827 ], [ -58.450001385501061, -34.535151510910474 ], [ -58.450027314382901, -34.535205892624667 ], [ -58.450056226151439, -34.535264316678052 ], [ -58.450092664155385, -34.535319783037963 ], [ -58.450136192803868, -34.53537163090116 ], [ -58.450247719425832, -34.535434202259395 ], [ -58.450321003411759, -34.535488067031565 ], [ -58.450399416564274, -34.535536733742362 ], [ -58.4504018111599, -34.535537978143168 ], [ -58.450482423008914, -34.535579869697393 ], [ -58.450532116436797, -34.535601172822879 ], [ -58.450569454183324, -34.535617179158436 ], [ -58.45065991428315, -34.535648407851497 ], [ -58.450753184620098, -34.53567334026318 ], [ -58.450830174448058, -34.535688236769843 ], [ -58.450848625799715, -34.535691806852725 ], [ -58.45094558534764, -34.535703681348593 ], [ -58.451043398799108, -34.535708882551688 ], [ -58.451141397324683, -34.535707374336049 ], [ -58.451238909909421, -34.535699166550721 ], [ -58.451335268799966, -34.53568431592165 ], [ -58.451429814951787, -34.535662924249316 ], [ -58.451521899119449, -34.53563513840858 ], [ -58.451531551485473, -34.535635781969013 ], [ -58.451671049690511, -34.535645082761519 ], [ -58.451676569161442, -34.535639830972734 ], [ -58.452021306279356, -34.535658586799499 ], [ -58.452025236855562, -34.535662852051722 ], [ -58.452026247470954, -34.535662324521894 ], [ -58.452792288129793, -34.535711575869904 ], [ -58.452864134349625, -34.535718849375755 ], [ -58.452934747888087, -34.53573201179028 ], [ -58.452979199341243, -34.535744256994072 ], [ -58.453003425107447, -34.535750930545845 ], [ -58.453069481981586, -34.535775418991882 ], [ -58.453132261720896, -34.535805232789798 ], [ -58.453191140217385, -34.535840074420349 ], [ -58.453213450466691, -34.53585628675912 ], [ -58.453245529311708, -34.53587959769078 ], [ -58.453246615199745, -34.53588056141102 ], [ -58.453294888774622, -34.535923409538405 ], [ -58.453295986656805, -34.535924281313086 ], [ -58.45407181828169, -34.536539766242271 ], [ -58.454174483131901, -34.53664695847084 ], [ -58.454281628169518, -34.536758828069978 ], [ -58.45445309001213, -34.536965146820776 ], [ -58.454780350478572, -34.537309408884191 ], [ -58.45480322347376, -34.537340815460922 ], [ -58.454820370927983, -34.537374627557369 ], [ -58.454831432352115, -34.537410135723917 ], [ -58.454833023963573, -34.537422371875799 ], [ -58.454836174705989, -34.537446594462047 ], [ -58.454836101652006, -34.537448192928323 ], [ -58.454834500022756, -34.537483237548635 ], [ -58.454826442139925, -34.537519296064431 ], [ -58.454682792235666, -34.53795731874726 ], [ -58.454629526115902, -34.538119739450515 ], [ -58.454233174814924, -34.538676617850932 ], [ -58.454086173142883, -34.538791088662819 ], [ -58.452901330372875, -34.539374893106775 ], [ -58.452789131375887, -34.539430175507199 ], [ -58.452414432818934, -34.539567282863686 ], [ -58.452357557637413, -34.539581028216503 ], [ -58.452324016670069, -34.539587180180568 ], [ -58.452289713776182, -34.539588756400597 ], [ -58.452255554191709, -34.539585715491867 ], [ -58.452222440957762, -34.539578138665277 ], [ -58.452170417985933, -34.539564195100063 ], [ -58.452153826771607, -34.539541151385293 ], [ -58.452131028956963, -34.539509487232522 ], [ -58.451973633455189, -34.539290881904662 ], [ -58.451961934281648, -34.539274632527949 ], [ -58.451957777088786, -34.539268858460744 ], [ -58.451929680224694, -34.539229834679787 ], [ -58.45191080051476, -34.539203612079895 ], [ -58.451911674235383, -34.539194952108623 ], [ -58.451912363910523, -34.539153935234836 ], [ -58.451922745599909, -34.539110051810368 ], [ -58.451933127278522, -34.539066167483284 ], [ -58.451944661438858, -34.5390222841636 ], [ -58.451931983811427, -34.538991754201184 ], [ -58.451874319308246, -34.538948828056675 ], [ -58.451833591485858, -34.5389058115301 ], [ -58.451828239386423, -34.538900159051416 ], [ -58.451783828270173, -34.538859920373952 ], [ -58.451678775378163, -34.538740519140795 ], [ -58.451627162343385, -34.538681856532222 ], [ -58.451522774895295, -34.538577069418736 ], [ -58.451415535594187, -34.538469419165175 ], [ -58.451379884032931, -34.538428990988074 ], [ -58.451356830803817, -34.538400368280627 ], [ -58.451333776291015, -34.538388440082912 ], [ -58.451310237584536, -34.538380857678412 ], [ -58.451295236305931, -34.538376025389297 ], [ -58.451280873404116, -34.538348670934148 ], [ -58.451271401688892, -34.538319894499942 ], [ -58.451267017144566, -34.538290291953331 ], [ -58.451280468252421, -34.538242081106148 ], [ -58.451196072597227, -34.538150164598491 ], [ -58.451194918119768, -34.538148907888285 ], [ -58.451103402338639, -34.538121193279395 ], [ -58.451103369661077, -34.538121183360388 ], [ -58.451076724054005, -34.538115222232761 ], [ -58.451063997221553, -34.53811140700072 ], [ -58.451012077987656, -34.538095843076441 ], [ -58.450982104055974, -34.538093454868445 ], [ -58.450937763646593, -34.538081635322619 ], [ -58.450937723344069, -34.538081624501352 ], [ -58.450835702927769, -34.538021888871974 ], [ -58.450678930881388, -34.537928378976702 ], [ -58.450643194834747, -34.53791024928902 ], [ -58.45046336665105, -34.537812920963056 ], [ -58.450242042384602, -34.537679335059678 ], [ -58.450205156754109, -34.537644031943579 ], [ -58.449952121098185, -34.537433264220837 ], [ -58.449880367685033, -34.537362732839938 ], [ -58.449880080157484, -34.537362450660176 ], [ -58.449884604806861, -34.537228291961057 ], [ -58.449880133378215, -34.537030780541237 ], [ -58.449880156699429, -34.536885441782019 ], [ -58.449910039733147, -34.53673148860792 ], [ -58.449938748533796, -34.536583592015198 ], [ -58.44995724935719, -34.536491839084441 ], [ -58.450032241955547, -34.536120734024166 ], [ -58.449674587708479, -34.53591751096809 ], [ -58.449662944467569, -34.535910894960267 ], [ -58.44949756038568, -34.535804676870022 ], [ -58.449457276409824, -34.535781773232316 ], [ -58.449159355822786, -34.53561238345381 ], [ -58.449125496392305, -34.535590317880079 ], [ -58.449108269473676, -34.535581603199816 ], [ -58.449099559882967, -34.535577197227454 ], [ -58.449067140771518, -34.535559902183529 ], [ -58.449046204465645, -34.53555693763591 ], [ -58.449027641878949, -34.535552778063249 ], [ -58.449023478788938, -34.535552393182662 ], [ -58.449005324231138, -34.535550714779262 ], [ -58.448982901490602, -34.535551713643677 ], [ -58.448965633878792, -34.535554891870497 ], [ -58.448960981470726, -34.535555747684768 ], [ -58.448947761875651, -34.53555717580322 ], [ -58.448934940677645, -34.535560201304655 ], [ -58.44892279891824, -34.535564759319321 ], [ -58.448911602395718, -34.535570748016859 ], [ -58.448901596217134, -34.535578038521578 ], [ -58.448892997174255, -34.535586470404496 ], [ -58.448864668166628, -34.535614137418094 ], [ -58.448858301217612, -34.535621466209449 ], [ -58.448779878923027, -34.535711733528501 ], [ -58.448801491657761, -34.535727477804194 ], [ -58.44879082030144, -34.535770168358596 ], [ -58.448800336686844, -34.535817431570734 ], [ -58.448804902458825, -34.535826322035504 ], [ -58.448810983519714, -34.535834567254533 ], [ -58.448818451366179, -34.535841991433088 ], [ -58.448827144813535, -34.535848436801253 ], [ -58.448833438369398, -34.535851881305341 ], [ -58.448836880888059, -34.53585376541799 ], [ -58.448847451558358, -34.535857863678011 ], [ -58.449299439294577, -34.536131085386565 ], [ -58.44932781646191, -34.536154381639108 ], [ -58.44935041737272, -34.536176742440333 ], [ -58.449368154208138, -34.536201929573203 ], [ -58.449380521660835, -34.536229225442369 ], [ -58.449389336686892, -34.536264896110019 ], [ -58.449391827264208, -34.536301246637819 ], [ -58.449395178824744, -34.536321776231048 ], [ -58.449384997990919, -34.536357196840363 ], [ -58.449368735972129, -34.536391027530499 ], [ -58.44934673600342, -34.536422557108523 ], [ -58.449202919831706, -34.536608698906562 ], [ -58.448894910734069, -34.536992110456033 ], [ -58.44887591277233, -34.537015759081356 ], [ -58.448827273474585, -34.537068875607531 ], [ -58.448815074418768, -34.537082197323969 ], [ -58.448800887783676, -34.537099642853875 ], [ -58.448761248848868, -34.537148389378217 ], [ -58.448726657132994, -34.537187499284016 ], [ -58.448699271632336, -34.537223176487657 ], [ -58.44869408143196, -34.537234147193814 ], [ -58.448704451834537, -34.537263245751525 ], [ -58.448710623691433, -34.537282314476322 ], [ -58.448713669883453, -34.53729172488697 ], [ -58.44871424251567, -34.537312379462598 ], [ -58.448707530025651, -34.537332729385312 ], [ -58.448694363672182, -34.537352001324898 ], [ -58.448677709742505, -34.537369328457061 ], [ -58.448657977884601, -34.537384279945101 ], [ -58.448613781189344, -34.537395493858284 ], [ -58.448567984279904, -34.537400711238078 ], [ -58.448544894648769, -34.53740025322746 ], [ -58.448522219535114, -34.537399804129912 ], [ -58.448521769071313, -34.53739979520811 ], [ -58.448521014212865, -34.537399678832081 ], [ -58.448476327254035, -34.537392771152646 ], [ -58.448432828704526, -34.537379819501275 ], [ -58.448392395341529, -34.537361273021411 ], [ -58.448372250637512, -34.537348152043251 ], [ -58.448356618474982, -34.537337970242262 ], [ -58.448356069536416, -34.537337612306644 ], [ -58.447992594556851, -34.537006884230486 ], [ -58.447991302878421, -34.537005708601434 ], [ -58.44798033602904, -34.536999294439916 ], [ -58.447972069538594, -34.536992788670332 ], [ -58.447970604659858, -34.536991636456555 ], [ -58.447967917291173, -34.536988803541576 ], [ -58.447962312438044, -34.536982895132056 ], [ -58.447955634705103, -34.536973252578001 ], [ -58.447949948741609, -34.536960788666448 ], [ -58.44794695451948, -34.536947698597913 ], [ -58.447946743465025, -34.536934377211217 ], [ -58.44794932203898, -34.53692122564437 ], [ -58.44795461173829, -34.536908643221658 ], [ -58.447964726739954, -34.536885424508505 ], [ -58.44797049022732, -34.536861208264696 ], [ -58.447971772477381, -34.536836549756472 ], [ -58.447968542890678, -34.536812013276531 ], [ -58.447960874350031, -34.536788161327195 ], [ -58.447948944311904, -34.536765540197614 ], [ -58.447933026094034, -34.536744668244367 ], [ -58.447901093789845, -34.536711732423747 ], [ -58.447866949695012, -34.53667651526581 ], [ -58.447835306881586, -34.536648459603278 ], [ -58.447795809483367, -34.536613440275374 ], [ -58.447794905528504, -34.536612638787659 ], [ -58.447717294385903, -34.536553395817634 ], [ -58.447634551916209, -34.536499116325331 ], [ -58.447547139911592, -34.536450105043926 ], [ -58.447455548487412, -34.536406635161029 ], [ -58.447360287367474, -34.53636895102192 ], [ -58.447142079770884, -34.536290781716914 ], [ -58.447132236655861, -34.536287255815203 ], [ -58.446780620046532, -34.536161294938076 ], [ -58.446718167022631, -34.536136400641439 ], [ -58.446717811947046, -34.536136259068407 ], [ -58.446717767290174, -34.536136241935132 ], [ -58.446705703923357, -34.536134457264076 ], [ -58.446611006945226, -34.53610053338987 ], [ -58.446539270281356, -34.536064027288369 ], [ -58.446463487977326, -34.536033630492973 ], [ -58.446414966318386, -34.536018912830031 ], [ -58.446384418093793, -34.536009646883777 ], [ -58.446302849200556, -34.535992315443757 ], [ -58.446219597109867, -34.535981809356969 ], [ -58.446142000480926, -34.535978510792248 ], [ -58.446135493984819, -34.535978234204549 ], [ -58.445943548278713, -34.53598092940048 ], [ -58.445901633755916, -34.535982789400613 ], [ -58.44575184969564, -34.535989434059537 ], [ -58.445560656356136, -34.536003735600275 ], [ -58.445370222025382, -34.536023816033634 ], [ -58.445180802649794, -34.536049647456728 ], [ -58.444690839398483, -34.536124105979319 ], [ -58.444481536015509, -34.536188404599727 ], [ -58.444186445760771, -34.536279056349287 ], [ -58.444186444009048, -34.536279056538305 ], [ -58.44413653491717, -34.536284442420246 ], [ -58.444014867487013, -34.536297571931811 ], [ -58.444008391146113, -34.536298270810455 ], [ -58.443664769068022, -34.536335351443988 ], [ -58.443664339945279, -34.536335397750449 ], [ -58.443646188716578, -34.536314756546091 ], [ -58.443886066960346, -34.536170297173683 ], [ -58.443865108499857, -34.536146462564481 ], [ -58.443863687174854, -34.536144846189174 ], [ -58.443863626012956, -34.536144883022153 ], [ -58.443623300183731, -34.53628961190342 ], [ -58.443623116173264, -34.536289722717761 ], [ -58.443623116087146, -34.536289722769595 ], [ -58.443623114992107, -34.536289721676845 ], [ -58.443618072829594, -34.536284690163733 ], [ -58.443616518796347, -34.536283139450283 ], [ -58.443455818835467, -34.536393421671356 ], [ -58.443299445846321, -34.536482238589109 ], [ -58.443179104471845, -34.536545422720494 ], [ -58.443113686288775, -34.536574002640847 ], [ -58.443051111188609, -34.536606652061138 ], [ -58.442991747389392, -34.536643179041853 ], [ -58.44281706565485, -34.536759539149216 ], [ -58.442728030929928, -34.536861348125761 ], [ -58.442723552711065, -34.536866468405755 ], [ -58.442660236519458, -34.536938868841553 ], [ -58.442288622886885, -34.537301227941526 ], [ -58.442195493763258, -34.537263732010388 ], [ -58.442193415617673, -34.537262895299889 ], [ -58.442193415526951, -34.537262895263332 ], [ -58.442320633545975, -34.537046505060509 ], [ -58.442320983297748, -34.537045910152003 ], [ -58.442314590064385, -34.537043336231037 ], [ -58.442289587779264, -34.537033270285903 ], [ -58.44216136609122, -34.537251368519968 ], [ -58.442158630678406, -34.537250267287959 ], [ -58.442151760624625, -34.537247501517342 ], [ -58.441765011109013, -34.537905330381783 ], [ -58.441765010125373, -34.537905330213881 ], [ -58.441564300506521, -34.537871071066711 ], [ -58.441562299555464, -34.537870729969377 ], [ -58.441562302221733, -34.537870719272071 ], [ -58.441621319169805, -34.537633937047552 ], [ -58.441621590649781, -34.537632847412603 ], [ -58.441621590686623, -34.537632847264774 ], [ -58.441596857616396, -34.537628625671367 ], [ -58.44158426112903, -34.537626475622886 ], [ -58.441525095297081, -34.537863852628732 ], [ -58.441512930563334, -34.53786177626472 ], [ -58.441371938257582, -34.538427438169421 ], [ -58.441370426890515, -34.538433503631481 ], [ -58.441339489626309, -34.538557625206984 ], [ -58.441327244133639, -34.538576483658012 ], [ -58.441123153162721, -34.538582958707863 ], [ -58.441121493045017, -34.538583011590852 ], [ -58.441121493038423, -34.538583011448765 ], [ -58.441110276928583, -34.53834091925544 ], [ -58.441110208186657, -34.538339435502706 ], [ -58.441077969971602, -34.538340458174133 ], [ -58.441078222742341, -34.538345914101441 ], [ -58.441088959050688, -34.538577651174144 ], [ -58.441072618221263, -34.538578170129895 ], [ -58.441087778330804, -34.538905411485274 ], [ -58.441095663327424, -34.539075600492005 ], [ -58.441098608290304, -34.539139182599307 ], [ -58.441098778340525, -34.539142844245127 ], [ -58.441094461353707, -34.539142975069183 ], [ -58.440846252559098, -34.539150511624456 ], [ -58.440836795055546, -34.539150798343243 ], [ -58.440877826468771, -34.540051922745455 ], [ -58.440888304029635, -34.540208860266794 ], [ -58.440784519721525, -34.540304720119714 ], [ -58.440738643438024, -34.540281491682286 ], [ -58.440689519598685, -34.540263373742071 ], [ -58.440637974914118, -34.540250672033906 ], [ -58.440601994054425, -34.540247896154284 ], [ -58.440565938911064, -34.540249905949352 ], [ -58.440530733242497, -34.540256650209656 ], [ -58.440509564712642, -34.540263196962549 ], [ -58.440489294407286, -34.540271461106364 ], [ -58.440482749953851, -34.54027459416055 ], [ -58.440450523387817, -34.540290026048304 ], [ -58.440424822699768, -34.540302506962462 ], [ -58.440335705449385, -34.540232239887544 ], [ -58.440334053304305, -34.540230937916647 ], [ -58.440321217100468, -34.54020947962583 ], [ -58.44031430406713, -34.539972270260968 ], [ -58.440314106583237, -34.539965494163937 ], [ -58.440295345631398, -34.539321767956778 ], [ -58.440295344675619, -34.539321735161295 ], [ -58.440309761308029, -34.53929967624164 ], [ -58.440314604721088, -34.539290610555284 ], [ -58.44031765199432, -34.539281023503314 ], [ -58.44031882463068, -34.539271158457581 ], [ -58.440318095329786, -34.539261263306592 ], [ -58.440315480362955, -34.53925158955294 ], [ -58.44031104720144, -34.539242380595574 ], [ -58.440304907981286, -34.539233869024798 ], [ -58.440297920832826, -34.539226965447796 ], [ -58.440297216237333, -34.539226269409937 ], [ -58.44028816690426, -34.539219773792411 ], [ -58.4402785713905, -34.53921485918211 ], [ -58.440268144360637, -34.539211287547197 ], [ -58.440257159207192, -34.539209149983634 ], [ -58.440245902403873, -34.539208503335466 ], [ -58.440234664792413, -34.539209364784895 ], [ -58.440223742672437, -34.539211710950589 ], [ -58.440213418192847, -34.539215480588638 ], [ -58.44020396153023, -34.539220576395728 ], [ -58.440195619995741, -34.539226865006924 ], [ -58.440188609318781, -34.539234183304231 ], [ -58.440183112557762, -34.539242338416173 ], [ -58.44017927356068, -34.539251120336608 ], [ -58.440177192608807, -34.539260298318268 ], [ -58.440176865205629, -34.539270378063406 ], [ -58.440178427787629, -34.539280377938994 ], [ -58.440181843385538, -34.539290056354311 ], [ -58.440187029275954, -34.539299181625594 ], [ -58.440193860249593, -34.539307531075444 ], [ -58.44020217078581, -34.539314904554431 ], [ -58.440202599899521, -34.539315183177933 ], [ -58.440211761589147, -34.539321123541164 ], [ -58.440211763235887, -34.539321434537065 ], [ -58.44021354438901, -34.539657812462217 ], [ -58.4402135444398, -34.539657822056078 ], [ -58.440214254671375, -34.539792002964667 ], [ -58.440214499676003, -34.539838418893943 ], [ -58.440214501044878, -34.53983867822916 ], [ -58.440148917360816, -34.539857951938735 ], [ -58.439528897801232, -34.540040157239325 ], [ -58.439279015544834, -34.540126051712022 ], [ -58.439237003769009, -34.540136373844511 ], [ -58.439193550244795, -34.540141074351894 ], [ -58.439149744341904, -34.540140035360508 ], [ -58.439106686281825, -34.54013328413096 ], [ -58.439091390276985, -34.54012872195279 ], [ -58.439065458815769, -34.540120987643633 ], [ -58.43905317153272, -34.540115810424098 ], [ -58.439042931020687, -34.540111495605601 ], [ -58.439021544238514, -34.540100340649339 ], [ -58.438992782507761, -34.540089921592404 ], [ -58.438882122292895, -34.540055977751102 ], [ -58.438847459270086, -34.540047188526266 ], [ -58.438769284131084, -34.540027366240018 ], [ -58.438654640524618, -34.540004180877183 ], [ -58.438538572693204, -34.539986500159443 ], [ -58.438518356121371, -34.539984408095798 ], [ -58.438421468397394, -34.53997438185332 ], [ -58.438282956651378, -34.539958864260626 ], [ -58.43819908473052, -34.539949467656065 ], [ -58.437933923513626, -34.539949412865177 ], [ -58.437920933799532, -34.539950344844023 ], [ -58.43767006571899, -34.539968343713873 ], [ -58.437658857929669, -34.539969147819676 ], [ -58.437562690897067, -34.539976047305863 ], [ -58.43756268871568, -34.539976047638277 ], [ -58.437405981890635, -34.539999925411955 ], [ -58.437402152761429, -34.540000508862349 ], [ -58.437438256089258, -34.539965873603549 ], [ -58.437482800839426, -34.539923139285833 ], [ -58.437482803063283, -34.5399231371524 ], [ -58.437488060170253, -34.539923047219112 ], [ -58.437542793558258, -34.539922114977117 ], [ -58.437572519196095, -34.539921608328783 ], [ -58.437572521654168, -34.539921605749527 ], [ -58.437625668111387, -34.539865839840274 ], [ -58.437633312940306, -34.53985781756132 ], [ -58.437638618033873, -34.539852250930032 ], [ -58.437638818302858, -34.539852040787906 ], [ -58.437560439329381, -34.539802415817292 ], [ -58.437436248364328, -34.539923929575217 ], [ -58.437349834348957, -34.540008480832235 ], [ -58.437237566405692, -34.540025586824306 ], [ -58.437004671024368, -34.540073237942153 ], [ -58.436980890300546, -34.540081002351307 ], [ -58.436967898124351, -34.540085244295817 ], [ -58.436794276380326, -34.540141932008098 ], [ -58.436656952476014, -34.540183124581006 ], [ -58.436522693928886, -34.540230737665546 ], [ -58.436462783841307, -34.540255423733178 ], [ -58.436454113817028, -34.540258996002834 ], [ -58.436391939762657, -34.540284616322161 ], [ -58.43626511593947, -34.540344584877104 ], [ -58.436265079988083, -34.540344595686349 ], [ -58.436226592903743, -34.540364698994424 ], [ -58.436172802473102, -34.540392798193352 ], [ -58.436147821846141, -34.540411466562702 ], [ -58.436023856873113, -34.540504107108376 ], [ -58.435907305492918, -34.540597343539631 ], [ -58.435888548156896, -34.540612348626425 ], [ -58.435757612665903, -34.540724211126999 ], [ -58.435631190964379, -34.540839575666837 ], [ -58.435509418175236, -34.540958315188732 ], [ -58.435419385157637, -34.541054074439721 ], [ -58.435335504362357, -34.541153585887081 ], [ -58.435258004652127, -34.541256580067909 ], [ -58.435187097467903, -34.541362775796344 ], [ -58.435122973558876, -34.541471885571205 ], [ -58.435079827756113, -34.541556209901884 ], [ -58.435040300272028, -34.54164172944985 ], [ -58.435015756893783, -34.541697651259732 ], [ -58.434972955248298, -34.54181369518745 ], [ -58.434944154182155, -34.541909385331223 ], [ -58.43450505900109, -34.541912270825037 ], [ -58.434394162683816, -34.541913612095975 ], [ -58.434392492780503, -34.541913632432681 ], [ -58.434392492702834, -34.541913632433619 ], [ -58.434390431008069, -34.541862712799144 ], [ -58.434390371333244, -34.541861238952727 ], [ -58.434203024439647, -34.541865964829618 ], [ -58.434205851154232, -34.542026061468619 ], [ -58.434207554902379, -34.542026055564527 ], [ -58.434390890847361, -34.542025389678429 ], [ -58.434396083386375, -34.542013942732837 ], [ -58.434920928280626, -34.542002072292604 ], [ -58.43492092826191, -34.542002072372348 ], [ -58.434920581084143, -34.542003550513755 ], [ -58.43490954819665, -34.542050524026074 ], [ -58.434909547715336, -34.542050526075265 ], [ -58.43488919681257, -34.542132790449365 ], [ -58.434861741587063, -34.542213628002166 ], [ -58.43482732268879, -34.542292620497712 ], [ -58.434786121073309, -34.54236935782135 ], [ -58.434738349286299, -34.542443440682035 ], [ -58.434684254730563, -34.542514485120563 ], [ -58.434624119666594, -34.542582121608142 ], [ -58.434573340797805, -34.542631371074464 ], [ -58.434567455404704, -34.542637445350266 ], [ -58.434558255763882, -34.542646001355564 ], [ -58.434472581825894, -34.542722263856369 ], [ -58.434381489687674, -34.542794099888418 ], [ -58.434285313875968, -34.542861244498525 ], [ -58.434184405255117, -34.542923452569305 ], [ -58.434079134295942, -34.542980496115788 ], [ -58.434079123202515, -34.542980500604671 ], [ -58.43369993749311, -34.543133934384905 ], [ -58.43353718799186, -34.543199788840035 ], [ -58.433393711585687, -34.543261362080919 ], [ -58.43325390959712, -34.543328473546644 ], [ -58.43311809470994, -34.543400974590824 ], [ -58.432986569812151, -34.543478703044201 ], [ -58.432746646389624, -34.543625968600772 ], [ -58.432704655808678, -34.543651741713504 ], [ -58.432614761206167, -34.54370691917569 ], [ -58.432239885261353, -34.543931673694388 ], [ -58.432142746835382, -34.543992554119058 ], [ -58.432049691858431, -34.544057655108382 ], [ -58.431960988382755, -34.544126791045606 ], [ -58.431876890307016, -34.544199761887747 ], [ -58.431797640642422, -34.544276358574955 ], [ -58.431723467156218, -34.544356360324905 ], [ -58.431654583460308, -34.54443953643586 ], [ -58.431588074322548, -34.544520268443378 ], [ -58.431516890470711, -34.544598222790384 ], [ -58.431441201913117, -34.544673215621287 ], [ -58.431387772901317, -34.544727617434198 ], [ -58.431339457278604, -34.544785200809024 ], [ -58.431296531880584, -34.544845636802236 ], [ -58.43125923869092, -34.544908581136305 ], [ -58.431237075180171, -34.54494219178828 ], [ -58.431170499797425, -34.545043152230839 ], [ -58.431053686376636, -34.545247042170416 ], [ -58.430993184233067, -34.545386446841142 ], [ -58.430962339389637, -34.545450451064156 ], [ -58.430951121584854, -34.545473727537207 ], [ -58.430946727788175, -34.545482845244692 ], [ -58.430906330839832, -34.545581094972086 ], [ -58.430831535363936, -34.545784809224145 ], [ -58.430823694629886, -34.545809431122166 ], [ -58.430819710666889, -34.545814573651548 ], [ -58.430802711089619, -34.545843430860785 ], [ -58.430796294049898, -34.545855970079934 ], [ -58.430772687762563, -34.545893412079351 ], [ -58.430738602629972, -34.545961844600697 ], [ -58.430719598237829, -34.546001121004032 ], [ -58.430702893513718, -34.546035644647155 ], [ -58.430681948476071, -34.546068488145025 ], [ -58.430637365698594, -34.546139976069298 ], [ -58.430605522012705, -34.546192631705267 ], [ -58.430577366689043, -34.546238080358243 ], [ -58.430545241818386, -34.546288143470385 ], [ -58.430513604720616, -34.546332776093799 ], [ -58.43049998844495, -34.54637353963205 ], [ -58.430454472304255, -34.546416366296924 ], [ -58.430428704588117, -34.546453848944921 ], [ -58.430399430285412, -34.54649318259731 ], [ -58.430370529437042, -34.54652627151021 ], [ -58.430340639204658, -34.546561453027437 ], [ -58.430311677701788, -34.546596285577074 ], [ -58.43028584822116, -34.546627351153624 ], [ -58.43026038786833, -34.546656824703156 ], [ -58.430240212300589, -34.546680180432851 ], [ -58.430204946329695, -34.546719021204659 ], [ -58.430147189487208, -34.54677621202049 ], [ -58.430125536521324, -34.546796106269547 ], [ -58.43009655474058, -34.546825113622582 ], [ -58.430075563640976, -34.546847951952834 ], [ -58.43004895936123, -34.546876897403536 ], [ -58.430036805331831, -34.546885765150712 ], [ -58.430016159283518, -34.546900828784715 ], [ -58.429993800378028, -34.546917142132187 ], [ -58.429977576508271, -34.546930557626261 ], [ -58.429750881444235, -34.546778371840119 ], [ -58.429533314177036, -34.546620435411072 ], [ -58.429495996518405, -34.54665800086476 ], [ -58.429930527256538, -34.546969462546755 ], [ -58.42991424495424, -34.5469850804255 ], [ -58.429898688099094, -34.547000002452492 ], [ -58.429880556474544, -34.547020156698743 ], [ -58.429868662180894, -34.547035057867014 ], [ -58.429854597390225, -34.547052678225008 ], [ -58.429845947975139, -34.547063514200481 ], [ -58.429836417341242, -34.547075454161721 ], [ -58.42982177392755, -34.547102356078319 ], [ -58.429807202443186, -34.547129125831987 ], [ -58.429796617207323, -34.54715335545216 ], [ -58.429781866672833, -34.547188674896532 ], [ -58.42977144490655, -34.547216360576869 ], [ -58.429759548721968, -34.54725017791818 ], [ -58.429752108911941, -34.547274255568908 ], [ -58.429743881104223, -34.547300883420355 ], [ -58.429736251042115, -34.54734183013948 ], [ -58.429732636102287, -34.547373691778944 ], [ -58.429730579460355, -34.54740189746817 ], [ -58.429729236407169, -34.547420316678249 ], [ -58.429728679606136, -34.547445645481559 ], [ -58.429728035685557, -34.547474937322562 ], [ -58.429727584365772, -34.547495467771846 ], [ -58.429728897908689, -34.547513866784087 ], [ -58.429730013142795, -34.547529488045917 ], [ -58.429731124251937, -34.547545051522491 ], [ -58.42973242274401, -34.547563239693496 ], [ -58.429736707587303, -34.547589898093101 ], [ -58.429742719879727, -34.547627303888113 ], [ -58.429745365342583, -34.547643762764437 ], [ -58.429756619862161, -34.547673480591698 ], [ -58.429766090413814, -34.547698487791834 ], [ -58.429777651939517, -34.547725116220249 ], [ -58.429791471863417, -34.547753139052197 ], [ -58.429798672407763, -34.547767739677603 ], [ -58.429807860515218, -34.547786370499182 ], [ -58.429818283749007, -34.547807505788441 ], [ -58.429840550742568, -34.547840168726971 ], [ -58.429852045502123, -34.54785703011261 ], [ -58.429861960957084, -34.547871574848052 ], [ -58.429875015909396, -34.547890724825493 ], [ -58.429896168641555, -34.547911992183465 ], [ -58.429920410078033, -34.547936364965295 ], [ -58.429947583736883, -34.547959399924046 ], [ -58.42997265771055, -34.547980654974687 ], [ -58.429988505701843, -34.547994089209539 ], [ -58.430013998025395, -34.548016475555947 ], [ -58.430042008823968, -34.548041073507157 ], [ -58.43000306941898, -34.548077296673348 ], [ -58.429982728709092, -34.548098152495093 ], [ -58.429962505964326, -34.548118887350618 ], [ -58.429927148802143, -34.548158496650551 ], [ -58.429896931703823, -34.548192602257913 ], [ -58.429860281649489, -34.548234270690145 ], [ -58.42982718460911, -34.548277733389611 ], [ -58.429788699560731, -34.548334533540121 ], [ -58.429764245869777, -34.548375630550701 ], [ -58.42974889939304, -34.548401005735002 ], [ -58.429730452222209, -34.548431507850424 ], [ -58.429707816504454, -34.548467376872964 ], [ -58.429691502249419, -34.548493228754218 ], [ -58.429671285000154, -34.548538045504245 ], [ -58.429664910329812, -34.548552176595315 ], [ -58.429650902998283, -34.548584959613457 ], [ -58.429632048660046, -34.548630591556893 ], [ -58.42961846048695, -34.548634788750277 ], [ -58.429592506803395, -34.548643504534184 ], [ -58.429576325093329, -34.548642198297856 ], [ -58.429534120820286, -34.548638791431593 ], [ -58.429517605175946, -34.548633797266419 ], [ -58.42948303767097, -34.548623344390535 ], [ -58.429444812659014, -34.548608646894586 ], [ -58.429414929101092, -34.54859715667115 ], [ -58.42938249440251, -34.548589766711686 ], [ -58.429329791608303, -34.548568951189765 ], [ -58.429278758324827, -34.548547343277257 ], [ -58.429217493863149, -34.548519502304558 ], [ -58.429171373050508, -34.548498543166993 ], [ -58.429086704054178, -34.548460066123717 ], [ -58.429044032413024, -34.548440674354815 ], [ -58.428996330847994, -34.548418996750904 ], [ -58.428938726746516, -34.548395098740677 ], [ -58.428882065981163, -34.548373686343382 ], [ -58.42882967043812, -34.548353885762516 ], [ -58.428765730469351, -34.548329722432698 ], [ -58.428728613836775, -34.54831569579418 ], [ -58.428677981310621, -34.548296561377825 ], [ -58.428644494854829, -34.548283906575385 ], [ -58.428603964535526, -34.548268589822527 ], [ -58.428559030890497, -34.548251016133456 ], [ -58.428510733244316, -34.548231315794681 ], [ -58.428451087312013, -34.548206986514451 ], [ -58.428400919584448, -34.548186523313341 ], [ -58.428349802648114, -34.548165672902485 ], [ -58.428305805874821, -34.548150469823568 ], [ -58.428249352824579, -34.548135383864647 ], [ -58.428208546725266, -34.548124479223645 ], [ -58.428166672234106, -34.548113289058406 ], [ -58.428127244739905, -34.548102752790882 ], [ -58.428070229343682, -34.548088497614167 ], [ -58.42799941892379, -34.548072966389405 ], [ -58.427936804052379, -34.548061421486288 ], [ -58.427876395603143, -34.54805340609937 ], [ -58.427824958714915, -34.548046581092876 ], [ -58.427758841974764, -34.548038421654695 ], [ -58.427700153250889, -34.548033201399122 ], [ -58.427640425601176, -34.548027888703338 ], [ -58.427588307007859, -34.548025149748803 ], [ -58.427550553665256, -34.548023165707946 ], [ -58.427481053608105, -34.548023145340153 ], [ -58.427430326091681, -34.548023130448904 ], [ -58.427383104325997, -34.54802311656784 ], [ -58.42730849623883, -34.54801923618831 ], [ -58.427262013718348, -34.548016818601148 ], [ -58.427240267869855, -34.548018965125976 ], [ -58.427205374671388, -34.548022409412646 ], [ -58.427151322136908, -34.548027744885594 ], [ -58.42706028990311, -34.548040483749197 ], [ -58.427002429097115, -34.54805400774876 ], [ -58.426960114949289, -34.548066093433356 ], [ -58.426922342199667, -34.548076881997254 ], [ -58.426868268625014, -34.548095259911435 ], [ -58.426810169051684, -34.548115842288809 ], [ -58.426746800611895, -34.548138291173643 ], [ -58.426701011400446, -34.548159033274572 ], [ -58.426653390261237, -34.548182811776599 ], [ -58.4266032708247, -34.548208177317996 ], [ -58.426555225840715, -34.548232656888409 ], [ -58.426534256919219, -34.548244492575066 ], [ -58.426507502474635, -34.548259593829137 ], [ -58.426469069547139, -34.548281286855449 ], [ -58.426423595825312, -34.548308364565187 ], [ -58.426342289385623, -34.548356558655826 ], [ -58.426294837602299, -34.548383221247555 ], [ -58.426242172314545, -34.548414570406635 ], [ -58.426184757362272, -34.548450406006253 ], [ -58.426119628326759, -34.548490836403076 ], [ -58.426053654191314, -34.548530383979646 ], [ -58.425994074439629, -34.5485628224057 ], [ -58.425962618284679, -34.548585709714672 ], [ -58.425946756671955, -34.548597250520757 ], [ -58.425942964084854, -34.548616036222775 ], [ -58.425946782594011, -34.548633841322186 ], [ -58.42594747737877, -34.548637080991952 ], [ -58.425777552376481, -34.548732542024041 ], [ -58.425772155832618, -34.548726333545773 ], [ -58.425755251934575, -34.548706886372472 ], [ -58.425731795984383, -34.548679901339348 ], [ -58.425709234615013, -34.548653945461062 ], [ -58.425701146249146, -34.548638967711618 ], [ -58.425695022940516, -34.548613013616588 ], [ -58.42569465938054, -34.548588583598509 ], [ -58.425701246532327, -34.548571528152237 ], [ -58.425708235417957, -34.548555875118154 ], [ -58.425719215881522, -34.548540174266371 ], [ -58.425734295724574, -34.548527023129814 ], [ -58.425774336797623, -34.548502779059675 ], [ -58.425817647197384, -34.548478476409315 ], [ -58.425857177758459, -34.548456294704003 ], [ -58.425895092545737, -34.548435019631476 ], [ -58.425914020766953, -34.548424398456184 ], [ -58.425930323274152, -34.548415250640886 ], [ -58.425936410326507, -34.548404069239531 ], [ -58.425929655489142, -34.548397357213886 ], [ -58.425922897902801, -34.548396795982299 ], [ -58.425913435681615, -34.548399588901553 ], [ -58.425883279726854, -34.548416830134371 ], [ -58.425851297269638, -34.548435115627719 ], [ -58.425815204350364, -34.548455751196826 ], [ -58.425767756936352, -34.548482878490965 ], [ -58.425714028217847, -34.548513596976065 ], [ -58.425698478633421, -34.548528130431727 ], [ -58.425678867288831, -34.548558319203316 ], [ -58.425673450942284, -34.548580684062017 ], [ -58.425672423799512, -34.548610598976104 ], [ -58.425675115615952, -34.548635762148969 ], [ -58.425682203312519, -34.548653657554645 ], [ -58.425694696670085, -34.548672952532755 ], [ -58.425730829351032, -34.548721610852105 ], [ -58.425676740046264, -34.548746972214893 ], [ -58.425640254848553, -34.548764079351592 ], [ -58.425623625345573, -34.548774180603395 ], [ -58.425574009593277, -34.548804318650298 ], [ -58.425530745082774, -34.548835618412696 ], [ -58.425496940552428, -34.548869157741407 ], [ -58.425498715986564, -34.548871883125948 ], [ -58.425496971686727, -34.548872520843879 ], [ -58.425408751080404, -34.548908269454287 ], [ -58.425339590771479, -34.548945121869586 ], [ -58.425274723013736, -34.548971933651885 ], [ -58.425189971789145, -34.548984428092346 ], [ -58.425196902792329, -34.548955809852181 ], [ -58.425195462887316, -34.548934155684876 ], [ -58.425187755306773, -34.54892388495167 ], [ -58.425171686477391, -34.548917742372375 ], [ -58.425149471206808, -34.548920205029034 ], [ -58.425135280360784, -34.548930090923896 ], [ -58.425128348848112, -34.548941456854827 ], [ -58.425128973768352, -34.548945606182457 ], [ -58.425126392330853, -34.548950158398071 ], [ -58.425129986675252, -34.548971028528214 ], [ -58.425211953323938, -34.549133925282803 ], [ -58.425141343887489, -34.54915925280558 ], [ -58.425104853793805, -34.549153649765159 ], [ -58.425085938326944, -34.549139105605178 ], [ -58.425057560790364, -34.549126795131663 ], [ -58.425044522860468, -34.549114294350126 ], [ -58.425031892051251, -34.54910218391143 ], [ -58.425012983267322, -34.549073101500433 ], [ -58.425004198265313, -34.549072539582333 ], [ -58.424952829060743, -34.549092653333432 ], [ -58.4249514677348, -34.549113901105194 ], [ -58.424909532839877, -34.549192170766624 ], [ -58.424864906529862, -34.549244718061637 ], [ -58.424798655885034, -34.549295021870734 ], [ -58.424743215242046, -34.549350920688546 ], [ -58.424741854890236, -34.549369931804939 ], [ -58.424772919908897, -34.549416352149258 ], [ -58.425014882846803, -34.549352124498043 ], [ -58.425022989782612, -34.549357718670848 ], [ -58.425127073402571, -34.549332029751433 ], [ -58.425162194135851, -34.549376773775592 ], [ -58.425268874057871, -34.549585934051315 ], [ -58.425387786279394, -34.549646360645085 ], [ -58.42543371492382, -34.549702291205961 ], [ -58.425665981696191, -34.550160876729336 ], [ -58.425652457679782, -34.55017876577763 ], [ -58.42567855817385, -34.550250294337296 ], [ -58.425703763002637, -34.550301797454047 ], [ -58.425730785916656, -34.550321935640788 ], [ -58.425633455715399, -34.550355455436183 ], [ -58.425655054101959, -34.550415851703633 ], [ -58.425625310839614, -34.550433735746516 ], [ -58.42570903159686, -34.550608220409714 ], [ -58.425736065667337, -34.55060375542562 ], [ -58.425779276803297, -34.55069323479173 ], [ -58.425798193244042, -34.550706660515047 ], [ -58.425857672863465, -34.55068654890124 ], [ -58.425973808958915, -34.550914722957693 ], [ -58.426068434468036, -34.550885675373394 ], [ -58.426286888122405, -34.551318666333202 ], [ -58.426508682453466, -34.551740209795582 ], [ -58.426470829172338, -34.551758091596383 ], [ -58.426500542199904, -34.551809543541722 ], [ -58.42630341778694, -34.551885031499999 ], [ -58.426081008448016, -34.55196746796463 ], [ -58.426020105899077, -34.551858291786473 ], [ -58.425668022697465, -34.55197218736329 ], [ -58.425582712858578, -34.551854466377449 ], [ -58.424522458105912, -34.549764959937825 ], [ -58.424323232237285, -34.549364839056665 ], [ -58.424463446197137, -34.549273285439696 ], [ -58.424465044562751, -34.549261424298301 ], [ -58.424731123085543, -34.549105989224692 ], [ -58.42475343395185, -34.549082272969784 ], [ -58.424762998351717, -34.549066460455244 ], [ -58.424763003819884, -34.549054598806791 ], [ -58.424735940553411, -34.549021641233963 ], [ -58.424723197750723, -34.54902163720871 ], [ -58.424415689969855, -34.549210008108453 ], [ -58.424398175936659, -34.54919418699658 ], [ -58.424385434334759, -34.54919154701426 ], [ -58.424269122179226, -34.549263997749883 ], [ -58.424261165290368, -34.549248179673135 ], [ -58.424251612471977, -34.549238950890896 ], [ -58.424222944171966, -34.549232351913986 ], [ -58.4242102007209, -34.549233665796066 ], [ -58.424186299271994, -34.549252109597205 ], [ -58.42418151669898, -34.549260674812167 ], [ -58.424180713795572, -34.549274513146308 ], [ -58.424188452475597, -34.549290350603741 ], [ -58.424198820079312, -34.549310388205285 ], [ -58.424233405990719, -34.549318985396333 ], [ -58.425202508657918, -34.551203709942541 ], [ -58.425704542147976, -34.552163635701511 ], [ -58.424237065448274, -34.552650413002979 ], [ -58.4236931750632, -34.552801073073134 ], [ -58.423692443918007, -34.552801275657615 ], [ -58.423428684432771, -34.55287433720418 ], [ -58.423325955599474, -34.552902792390206 ], [ -58.423134909290809, -34.552955711207488 ], [ -58.422886978047032, -34.553024385924793 ], [ -58.422833283285897, -34.552876050549017 ], [ -58.422317958619082, -34.552989168513939 ], [ -58.422329556687707, -34.553023916200118 ], [ -58.422379282509866, -34.553137037927151 ], [ -58.422363965851375, -34.553140985492092 ], [ -58.422361710891849, -34.553136343793568 ], [ -58.422024661507734, -34.553217510248231 ], [ -58.421686928139565, -34.553300933313857 ], [ -58.421313033442672, -34.553391680785126 ], [ -58.420909115926648, -34.553492012236589 ], [ -58.420674406491543, -34.553550632689948 ], [ -58.420403535605772, -34.553617142206868 ], [ -58.420363981409892, -34.553590034995587 ], [ -58.420272564871269, -34.553591131701779 ], [ -58.420160671000069, -34.553613669975043 ], [ -58.420027728573395, -34.553646473932048 ], [ -58.4199068567358, -34.553673274215448 ], [ -58.419681710327481, -34.553709455272454 ], [ -58.419474310320219, -34.553725185432633 ], [ -58.419275208109404, -34.553751036786615 ], [ -58.418995704218126, -34.553787742765479 ], [ -58.418704722933938, -34.553827635556601 ], [ -58.4184290868372, -34.553870432305281 ], [ -58.41813707494871, -34.553917737926035 ], [ -58.417861434583216, -34.553967306717283 ], [ -58.417629107809169, -34.554005397492574 ], [ -58.417462987046655, -34.554032633271547 ], [ -58.417031406642053, -34.554118623613242 ], [ -58.416635561307388, -34.554200929811039 ], [ -58.416490039882937, -34.55423320614436 ], [ -58.4162457736401, -34.554292943298385 ], [ -58.416077928503086, -34.554329002902811 ], [ -58.416023385814889, -34.554268021860338 ], [ -58.415959285181771, -34.554219454852067 ], [ -58.415941511163858, -34.554283794557605 ], [ -58.415940101317773, -34.554363945036037 ], [ -58.41587186701431, -34.554386496302605 ], [ -58.415772737583126, -34.554412730973468 ], [ -58.415668836230267, -34.554440228432441 ], [ -58.415590751864258, -34.554460893364066 ], [ -58.4154848022661, -34.554491040777492 ], [ -58.415345114053288, -34.554530788166204 ], [ -58.415171897539814, -34.554579740416507 ], [ -58.414969088601154, -34.554639819641942 ], [ -58.414863111783923, -34.554674284140845 ], [ -58.414777410499894, -34.554702154787805 ], [ -58.41465688171381, -34.554736152452278 ], [ -58.414553606235366, -34.554765283343727 ], [ -58.414492767819368, -34.554784393541006 ], [ -58.414399415385603, -34.554813716769914 ], [ -58.414291586133238, -34.554847587243536 ], [ -58.414233387490555, -34.554868024033446 ], [ -58.414182408561246, -34.554885925548184 ], [ -58.414144230182714, -34.554841883568095 ], [ -58.414096496134071, -34.554805739938281 ], [ -58.414055575661855, -34.554784274576512 ], [ -58.414046009969141, -34.554809106244768 ], [ -58.41404053425638, -34.554839584000206 ], [ -58.414041870084453, -34.55488812670459 ], [ -58.414051395874921, -34.554931028274609 ], [ -58.413879875574835, -34.554991021407346 ], [ -58.41373826961, -34.555042450234595 ], [ -58.413548359134282, -34.555110304409673 ], [ -58.413329399957881, -34.555196658911839 ], [ -58.4131390595388, -34.55527950543965 ], [ -58.412954326699868, -34.555360681961211 ], [ -58.41279171642261, -34.555430610825631 ], [ -58.412586994546167, -34.555520836958692 ], [ -58.412491738681062, -34.555569073345318 ], [ -58.412308560927286, -34.555661831917412 ], [ -58.412198004507424, -34.555720487838826 ], [ -58.412019202431374, -34.555816368297847 ], [ -58.411830848760125, -34.555912244467095 ], [ -58.411597448733417, -34.556038581234567 ], [ -58.411459592352415, -34.55611302934188 ], [ -58.411350440650637, -34.556167724082627 ], [ -58.411180473334376, -34.556252892534047 ], [ -58.411083571947543, -34.556292362184507 ], [ -58.411062435852735, -34.556271468728347 ], [ -58.411026974698196, -34.55624774691784 ], [ -58.410987419123572, -34.556225716673637 ], [ -58.410942403255433, -34.556207635180655 ], [ -58.410941695210994, -34.556248839263262 ], [ -58.410946444656915, -34.556290610129558 ], [ -58.410958699354815, -34.556331255325894 ], [ -58.410974372642379, -34.556360048669589 ], [ -58.410865181305681, -34.556414752856121 ], [ -58.410713066399616, -34.556484233094132 ], [ -58.410597681069895, -34.556538269408044 ], [ -58.410465552526873, -34.55660103863503 ], [ -58.410283750258898, -34.556682048036727 ], [ -58.410203340404074, -34.556719146459002 ], [ -58.410170479751791, -34.556735364757614 ], [ -58.410084510205863, -34.556657133877209 ], [ -58.410067211842389, -34.556668637582092 ], [ -58.410058862409329, -34.556674191250004 ], [ -58.41004341813214, -34.556684468915414 ], [ -58.410033082915952, -34.556675631305772 ], [ -58.410024631581202, -34.55666840807492 ], [ -58.410009499552409, -34.556655465967552 ], [ -58.410009465795007, -34.556655437107075 ], [ -58.409968967134908, -34.556626999175741 ], [ -58.409924023238361, -34.556603576640356 ], [ -58.409911732296415, -34.556599029653292 ], [ -58.40987553267329, -34.556585637730812 ], [ -58.409824467073371, -34.556573541637256 ], [ -58.409771849353035, -34.556567530387795 ], [ -58.409718731921316, -34.556567723430945 ], [ -58.409666180339087, -34.556574118529916 ], [ -58.409615246084677, -34.556586587243359 ], [ -58.409566948029898, -34.556604879424469 ], [ -58.409522256094505, -34.556628628622114 ], [ -58.409480937708331, -34.55666705815711 ], [ -58.409446442461046, -34.556709847293135 ], [ -58.409419432241741, -34.556756172421998 ], [ -58.409400427346185, -34.556805143166713 ], [ -58.409389792301674, -34.556855818600233 ], [ -58.409387731496928, -34.556907223469061 ], [ -58.40939428480862, -34.55695836982526 ], [ -58.409394285977477, -34.556958372711492 ], [ -58.409410254914363, -34.556997804493804 ], [ -58.409414371297984, -34.557007968992714 ], [ -58.409442195292471, -34.557054939397958 ], [ -58.409477270302972, -34.557098460521281 ], [ -58.409479124371131, -34.557100684261869 ], [ -58.409482144445825, -34.557104304829586 ], [ -58.409472741402951, -34.557111448112821 ], [ -58.409450058979424, -34.557128681540846 ], [ -58.409450058725142, -34.557128681734149 ], [ -58.409436888401579, -34.557138694029675 ], [ -58.409435792000195, -34.557139527531781 ], [ -58.409525712671211, -34.557218238163586 ], [ -58.409524229753032, -34.557219153857417 ], [ -58.409469804734179, -34.557274357630327 ], [ -58.409420615139368, -34.557380451317954 ], [ -58.409376885527422, -34.557483160734314 ], [ -58.409329045592386, -34.557611832717953 ], [ -58.409304409775096, -34.55772809718755 ], [ -58.409298874511741, -34.557847756760751 ], [ -58.409289258899818, -34.557947094560944 ], [ -58.409283771759476, -34.557992247611786 ], [ -58.409274191874019, -34.558036269964042 ], [ -58.409263243838211, -34.558085936144359 ], [ -58.409252988256554, -34.558119798212822 ], [ -58.409246838189425, -34.5581350354637 ], [ -58.40919402187771, -34.558135302632856 ], [ -58.409156098881027, -34.558135983032301 ], [ -58.409120619180463, -34.558140482840308 ], [ -58.409078312624196, -34.558151752927792 ], [ -58.409066027072015, -34.558159649679389 ], [ -58.409087298868002, -34.558177854672671 ], [ -58.409106939127028, -34.558194663340956 ], [ -58.409165567698082, -34.558230701509594 ], [ -58.409198327217986, -34.558245503783546 ], [ -58.409225611965773, -34.558253418079708 ], [ -58.409211948036514, -34.558282763086545 ], [ -58.409198281174255, -34.558316623637943 ], [ -58.409180518623288, -34.558353869032821 ], [ -58.409180489379452, -34.558399024495216 ], [ -58.409190032076779, -34.55841257536747 ], [ -58.409214580580105, -34.558431777321928 ], [ -58.409225487052545, -34.558446457682379 ], [ -58.409210458594792, -34.558475802083699 ], [ -58.409177313730495, -34.558507987601196 ], [ -58.409124456111527, -34.558559716617836 ], [ -58.409065928673719, -34.55861441471361 ], [ -58.409011259900602, -34.558662719341797 ], [ -58.408975623505988, -34.558693572977823 ], [ -58.408951069841386, -34.55868227318166 ], [ -58.408919687071787, -34.558681130320316 ], [ -58.408858962769543, -34.558687312134893 ], [ -58.408783201336618, -34.558735820461195 ], [ -58.408718777372712, -34.558797696236198 ], [ -58.408633087315863, -34.55888424827041 ], [ -58.408553815396303, -34.558964317391222 ], [ -58.408447942967719, -34.559067028272729 ], [ -58.408333394790731, -34.559178046991157 ], [ -58.408220663423748, -34.559287029151953 ], [ -58.408140063047682, -34.559364739265412 ], [ -58.408040433133806, -34.559460796258378 ], [ -58.407825616424937, -34.559684645065261 ], [ -58.407652345849762, -34.559866359949879 ], [ -58.407491514447479, -34.560036278743503 ], [ -58.407387727665956, -34.560160408776291 ], [ -58.407247085538216, -34.56032274578547 ], [ -58.40717673039471, -34.560404974274519 ], [ -58.407062715608269, -34.560539565360124 ], [ -58.406992445765276, -34.560610022152588 ], [ -58.406887490655429, -34.560715256192026 ], [ -58.40675821524691, -34.560849868484524 ], [ -58.406649658136814, -34.560962706798882 ], [ -58.406592920508579, -34.561025459740115 ], [ -58.406592845437274, -34.56102859365857 ], [ -58.406419820388642, -34.561189142962156 ], [ -58.406335948900775, -34.561266614054368 ], [ -58.406140578517295, -34.561447073376812 ], [ -58.40597845431985, -34.561599162025999 ], [ -58.405833354934522, -34.561733171182858 ], [ -58.405772482480813, -34.561789390856056 ], [ -58.405597664782022, -34.561951490577535 ], [ -58.405404962477078, -34.562127891733063 ], [ -58.405232451729546, -34.562287607738895 ], [ -58.405181841919216, -34.562335223221623 ], [ -58.405078401118004, -34.562432544376477 ], [ -58.404856091130206, -34.562636149142051 ], [ -58.404823689417128, -34.562666825442982 ], [ -58.404796368509089, -34.56270071956336 ], [ -58.404753646326697, -34.562778927698311 ], [ -58.404745599671742, -34.562815951791769 ], [ -58.40474338646716, -34.562853524046503 ], [ -58.404746873229243, -34.56288924581763 ], [ -58.404747046385019, -34.562891019792374 ], [ -58.404755045912943, -34.562922097738976 ], [ -58.404756063468042, -34.562926050910875 ], [ -58.4047565165923, -34.562927811285341 ], [ -58.404756516674567, -34.562927811604936 ], [ -58.404752308719246, -34.562931339437917 ], [ -58.404747243974434, -34.562935585578799 ], [ -58.404740152719313, -34.562939883233568 ], [ -58.404736593822811, -34.562942040102271 ], [ -58.404724838742048, -34.562947009442951 ], [ -58.404712276289146, -34.562950366642063 ], [ -58.404699229052184, -34.562952028021378 ], [ -58.404686028308575, -34.562951949569857 ], [ -58.404673010751708, -34.562950133252031 ], [ -58.40466050759445, -34.562946627002624 ], [ -58.404648840215224, -34.562941518414753 ], [ -58.40447569227517, -34.562850376470379 ], [ -58.404432050536215, -34.562827404179096 ], [ -58.404431810606518, -34.562827706041723 ], [ -58.404416772435439, -34.562846668437267 ], [ -58.40418021452286, -34.563144963682248 ], [ -58.404164283247361, -34.563165052537279 ], [ -58.403911262481202, -34.563484102462311 ], [ -58.403910936553217, -34.563484513443655 ], [ -58.403910760005587, -34.563484736062712 ], [ -58.40388463966422, -34.56347051055441 ], [ -58.403842367464478, -34.563447490044034 ], [ -58.403671285654262, -34.563354317957128 ], [ -58.403669293526569, -34.563353233484619 ], [ -58.403737133327084, -34.563263762017741 ], [ -58.40373708540082, -34.563263737655774 ], [ -58.403544906968882, -34.563158033360672 ], [ -58.403515726256281, -34.563141983574681 ], [ -58.403417839050917, -34.563088145526649 ], [ -58.403402070936593, -34.563079473036204 ], [ -58.403400526213439, -34.563078623435558 ], [ -58.403360331854884, -34.563129074650838 ], [ -58.403328000741425, -34.563169660883908 ], [ -58.403327676421611, -34.563169491805638 ], [ -58.403326152335865, -34.563168697250973 ], [ -58.40248556007915, -34.562730751768825 ], [ -58.402004580257675, -34.562488958296569 ], [ -58.401856881782443, -34.562417333209808 ], [ -58.401723602485028, -34.562339752271711 ], [ -58.400275485553479, -34.561590709069506 ], [ -58.399909152067693, -34.561388388588121 ], [ -58.398928191913043, -34.560877261352438 ], [ -58.398926240138287, -34.560876244413784 ], [ -58.398947706505737, -34.560836354014981 ], [ -58.398947928011026, -34.560835942179089 ], [ -58.398789758489002, -34.560753190532253 ], [ -58.398679524299212, -34.560892418203899 ], [ -58.39868152909343, -34.560893501380853 ], [ -58.398706036206292, -34.560906742405436 ], [ -58.398706036168328, -34.56090674245425 ], [ -58.398705763485246, -34.560907092889721 ], [ -58.398695649261349, -34.560920091062272 ], [ -58.398695647466596, -34.560920093368736 ], [ -58.398697668943875, -34.560921149109333 ], [ -58.398832817241193, -34.560991716735323 ], [ -58.398880142690885, -34.560932592708483 ], [ -58.398891595803015, -34.560940622363056 ], [ -58.3997422993641, -34.561387705091661 ], [ -58.400758131778282, -34.561915918467804 ], [ -58.401561434926101, -34.562342651390885 ], [ -58.403114047017645, -34.563142412698831 ], [ -58.403258140170976, -34.563219997429137 ], [ -58.403289607808077, -34.56321809646608 ], [ -58.403269673574911, -34.563244688701225 ], [ -58.403269135872904, -34.563245405973362 ], [ -58.403239379014224, -34.563285100133001 ], [ -58.4032228803758, -34.563307109388674 ], [ -58.403222921766144, -34.563307131043331 ], [ -58.403398975216732, -34.563402987044661 ], [ -58.403564163138618, -34.563492925911326 ], [ -58.403564192546419, -34.563492943052886 ], [ -58.40360134080386, -34.563446431326156 ], [ -58.403636194387381, -34.563402791316626 ], [ -58.403636222707448, -34.563402805753306 ], [ -58.403714559517859, -34.563445548252794 ], [ -58.403936053308804, -34.563566433056984 ], [ -58.403886830556594, -34.563605852885445 ], [ -58.403815565216476, -34.56366718828356 ], [ -58.40373728260105, -34.563720776050303 ], [ -58.403654189598925, -34.563769151163896 ], [ -58.403566789838209, -34.563812020897082 ], [ -58.403493131903012, -34.563841994264102 ], [ -58.403475616349851, -34.563849122285085 ], [ -58.403381222843848, -34.563880231135784 ], [ -58.403284185891195, -34.563905157524083 ], [ -58.403185095114075, -34.563923749392792 ], [ -58.403084723887055, -34.563940943336469 ], [ -58.403036768278241, -34.563946038299008 ], [ -58.402977468117712, -34.563952338517296 ], [ -58.402832240813126, -34.563958966080769 ], [ -58.402781087181459, -34.563961301571929 ], [ -58.402693045667007, -34.56396416319631 ], [ -58.402605003947706, -34.563961298888465 ], [ -58.402534731561609, -34.563954413790135 ], [ -58.402517505758091, -34.563952726046139 ], [ -58.402431091538233, -34.563938496321441 ], [ -58.402405273287776, -34.56393246891033 ], [ -58.402349282436965, -34.563919397519641 ], [ -58.402235876353039, -34.56389695569257 ], [ -58.402198970245429, -34.563885193426522 ], [ -58.402163243706234, -34.563871161043664 ], [ -58.402160908091638, -34.563868899093308 ], [ -58.402020403414703, -34.563796703612347 ], [ -58.402010832397231, -34.563791785125211 ], [ -58.402004224533464, -34.563787759637144 ], [ -58.40181380571385, -34.563671754698376 ], [ -58.401725071893416, -34.56358680359542 ], [ -58.401598297684465, -34.563481798073205 ], [ -58.401261664984091, -34.563348065621092 ], [ -58.40122656711354, -34.563343418047076 ], [ -58.401182101535554, -34.563337530740711 ], [ -58.401117440270959, -34.563338177498586 ], [ -58.401041740058488, -34.563367951837058 ], [ -58.400991569664463, -34.563387714383119 ], [ -58.400989620833371, -34.563388482306337 ], [ -58.400986019637713, -34.563389901118356 ], [ -58.400943330561198, -34.563418500553631 ], [ -58.400883306137217, -34.563495744773149 ], [ -58.40087756372467, -34.563546863607058 ], [ -58.400876340649575, -34.563557752228718 ], [ -58.400875769971229, -34.563633201437874 ], [ -58.400946570846379, -34.563712337903013 ], [ -58.400948442356537, -34.563714663211599 ], [ -58.400951192058777, -34.563718079653498 ], [ -58.400958091763016, -34.563726653951832 ], [ -58.400945965143251, -34.563734059297197 ], [ -58.400931556875406, -34.56374285888581 ], [ -58.400895787827942, -34.563768598903437 ], [ -58.400909892326204, -34.563781511041142 ], [ -58.400917684330011, -34.563788644325172 ], [ -58.400917153766926, -34.56380165886717 ], [ -58.400921463391938, -34.563821934178257 ], [ -58.401105812343538, -34.564041451057257 ], [ -58.400977448969698, -34.564134402110994 ], [ -58.401004806822009, -34.564174961388566 ], [ -58.400977238519339, -34.564184268079529 ], [ -58.400951759752481, -34.564197015679305 ], [ -58.400928995115265, -34.564212893515794 ], [ -58.400909500614191, -34.564231512457901 ], [ -58.40089375385157, -34.564252418431721 ], [ -58.400847649064694, -34.564220196760672 ], [ -58.400713553539781, -34.564305971040284 ], [ -58.400713525195606, -34.564305989054326 ], [ -58.400474172172927, -34.564101798216875 ], [ -58.400472947114835, -34.56410075283177 ], [ -58.40033464296819, -34.563994547483503 ], [ -58.400302933756436, -34.563989760769331 ], [ -58.400276134362343, -34.563972097884616 ], [ -58.400273932494656, -34.563971713641116 ], [ -58.400226327047392, -34.563963412145604 ], [ -58.400176199757446, -34.56393404837133 ], [ -58.400135861237118, -34.563902545145083 ], [ -58.400094904332555, -34.563875519782492 ], [ -58.400067856104641, -34.563857672025726 ], [ -58.399922613978021, -34.563777458886577 ], [ -58.399919683872312, -34.563775881145737 ], [ -58.399876505304476, -34.56375263125603 ], [ -58.399813103429786, -34.563720161326174 ], [ -58.399607896388424, -34.563638009190804 ], [ -58.399516808935424, -34.563618882015064 ], [ -58.399477715012608, -34.563623664309929 ], [ -58.399400324989024, -34.563633131264837 ], [ -58.399304597049046, -34.563649298706721 ], [ -58.399211175824831, -34.563665468185967 ], [ -58.399073913712186, -34.56370641912288 ], [ -58.398848971384886, -34.563795977304586 ], [ -58.398724377104486, -34.563857922475307 ], [ -58.398622853972256, -34.563912247355212 ], [ -58.398502866215694, -34.563982780837321 ], [ -58.398403628454005, -34.564062865041713 ], [ -58.398400854489246, -34.564065341591629 ], [ -58.39787624229934, -34.56453863557887 ], [ -58.39777355487503, -34.564604408153102 ], [ -58.397648950686836, -34.564677799439899 ], [ -58.397575116063834, -34.564714012422371 ], [ -58.397502424794276, -34.564763582427965 ], [ -58.397428573069924, -34.564822690669779 ], [ -58.39737894362132, -34.564874180463157 ], [ -58.397279736894241, -34.564912287884255 ], [ -58.39710785272996, -34.564981837293395 ], [ -58.397039794204993, -34.565006604952551 ], [ -58.396925549180814, -34.56510194456682 ], [ -58.39688515098414, -34.565147715111088 ], [ -58.396840128527238, -34.565206839575019 ], [ -58.396806641611256, -34.565261199951394 ], [ -58.396777755335286, -34.565331781307748 ], [ -58.396752388115544, -34.565446745452959 ], [ -58.39674801876069, -34.565503983712475 ], [ -58.396750855306934, -34.565561225899714 ], [ -58.396768086196317, -34.565645904565123 ], [ -58.396804064688247, -34.565721051831467 ], [ -58.396834293976688, -34.565775924657331 ], [ -58.396878872513007, -34.565834228003219 ], [ -58.39694661912953, -34.565919087357358 ], [ -58.396982632924399, -34.565950112422456 ], [ -58.397050340591669, -34.566007389822488 ], [ -58.397131949907845, -34.566032138601891 ], [ -58.397175689142948, -34.566056633432915 ], [ -58.397201551894526, -34.56607111706775 ], [ -58.397202516347619, -34.566071657167406 ], [ -58.3972042378183, -34.56607262120145 ], [ -58.397267663326922, -34.566103734937307 ], [ -58.39733305367767, -34.566131927274483 ], [ -58.397393332902659, -34.56615954441088 ], [ -58.397430000956973, -34.566186182449364 ], [ -58.397471783289866, -34.566213633617849 ], [ -58.397503476426955, -34.566241078432995 ], [ -58.397533724049175, -34.566272100226058 ], [ -58.397553876680597, -34.566309078615248 ], [ -58.397568261867342, -34.566347247385281 ], [ -58.397589120992706, -34.56639070110085 ], [ -58.397608683113262, -34.566431789670887 ], [ -58.397618788631561, -34.566445566508172 ], [ -58.397635918552986, -34.566468919690884 ], [ -58.397649372804871, -34.566491740671054 ], [ -58.397660634201934, -34.566510842139991 ], [ -58.397673247025686, -34.56652703785975 ], [ -58.397689435663366, -34.566547825155567 ], [ -58.397728331402696, -34.566581236723223 ], [ -58.397743265766287, -34.566594610303 ], [ -58.397781631215423, -34.566628966167734 ], [ -58.397829168281312, -34.566671922145034 ], [ -58.397877797952809, -34.566713979064737 ], [ -58.397927073468004, -34.566756523982797 ], [ -58.39797465854393, -34.566807947034384 ], [ -58.398026517003018, -34.566855674697607 ], [ -58.398092785409425, -34.566911759055401 ], [ -58.398153289039449, -34.566964261634439 ], [ -58.398220991667195, -34.56702869390304 ], [ -58.398278622546698, -34.567069269907108 ], [ -58.398385236457784, -34.567148032959707 ], [ -58.398562436042489, -34.567292421212301 ], [ -58.398654640647173, -34.567364020855983 ], [ -58.39872954485962, -34.567437996455659 ], [ -58.398764113714492, -34.567474983164438 ], [ -58.398781396772485, -34.567495264495051 ], [ -58.398817406404802, -34.567533444538 ], [ -58.398876893171838, -34.567583124749525 ], [ -58.398876926925645, -34.567583159021545 ], [ -58.398886062385351, -34.567592230396393 ], [ -58.398912337455492, -34.567618326150367 ], [ -58.398912354116256, -34.567618342621635 ], [ -58.398912371210024, -34.567618359520999 ], [ -58.398913025090053, -34.567619017103155 ], [ -58.398913698507371, -34.56761969433321 ], [ -58.398948735252013, -34.567654931565428 ], [ -58.398982923817641, -34.567689315590506 ], [ -58.399009693938474, -34.567716473465133 ], [ -58.399032172975915, -34.567739270674672 ], [ -58.399035442665181, -34.567742702326115 ], [ -58.39903577475112, -34.567743051353226 ], [ -58.399068930044656, -34.567777852170565 ], [ -58.399089626522702, -34.567800298199678 ], [ -58.399113310891785, -34.567825984678336 ], [ -58.399152540977475, -34.567869671329014 ], [ -58.39916105481916, -34.567879150377543 ], [ -58.399172578477369, -34.567891980458533 ], [ -58.399193985319528, -34.567915497934983 ], [ -58.399209591248457, -34.567932642539184 ], [ -58.399209611934566, -34.567932665987144 ], [ -58.399232666375696, -34.567956968844314 ], [ -58.399266406409325, -34.567992539732465 ], [ -58.399321142921359, -34.56804764652739 ], [ -58.399411407147248, -34.568134960053541 ], [ -58.399411432192245, -34.568134983503768 ], [ -58.399419904863556, -34.568144543965886 ], [ -58.399725307759184, -34.568489133256598 ], [ -58.399921477475033, -34.568717006030141 ], [ -58.399958893286296, -34.568758924523195 ], [ -58.400019912007686, -34.568827286224995 ], [ -58.400146174973834, -34.568968743196493 ], [ -58.400190826728426, -34.569017658783984 ], [ -58.399954348637671, -34.569169154501537 ], [ -58.399926445156801, -34.569187029736661 ], [ -58.399926238012263, -34.569187162138874 ], [ -58.399917987750982, -34.5691786772312 ], [ -58.399895289468795, -34.569155333811239 ], [ -58.399565440846395, -34.568812968661149 ], [ -58.399542114085634, -34.568789519379152 ], [ -58.399531683851109, -34.568779032138401 ], [ -58.399531653362921, -34.568779001473956 ], [ -58.399512113471047, -34.568759646642626 ], [ -58.39946959831547, -34.568717530484498 ], [ -58.39937060212219, -34.568615357821578 ], [ -58.399370581434503, -34.568615336176478 ], [ -58.399221141231088, -34.568462033263593 ], [ -58.399220981171652, -34.568461869119851 ], [ -58.399089090279631, -34.568326568637268 ], [ -58.399001506599539, -34.56823672237617 ], [ -58.39892400568538, -34.568157218933983 ], [ -58.398923976288053, -34.568157187368563 ], [ -58.398888485061306, -34.568120382310561 ], [ -58.398826715200627, -34.56805632674731 ], [ -58.398659836557513, -34.567883265458384 ], [ -58.398433960475295, -34.56765028899602 ], [ -58.398433923454704, -34.567650252017813 ], [ -58.398393546538145, -34.567609204805187 ], [ -58.398393207913827, -34.567608860280011 ], [ -58.398392643902653, -34.567608286672474 ], [ -58.398359472863277, -34.567574565571981 ], [ -58.398290573961653, -34.567504972078289 ], [ -58.398187832301872, -34.567401191902462 ], [ -58.398100073845967, -34.567312980077688 ], [ -58.398064360337031, -34.567277082393865 ], [ -58.398037556954812, -34.567249834149742 ], [ -58.39799378332448, -34.567205334323177 ], [ -58.397932312060689, -34.567141594859145 ], [ -58.397856865137477, -34.567063361035665 ], [ -58.397607787023084, -34.566802264074049 ], [ -58.397607757629537, -34.56680222890256 ], [ -58.397596434338368, -34.566788988955409 ], [ -58.39757855402982, -34.566769397626622 ], [ -58.39756584792169, -34.566756195693429 ], [ -58.397557385514027, -34.566747888090042 ], [ -58.397537307444424, -34.566728179287381 ], [ -58.397537048303036, -34.566727924043825 ], [ -58.397536986239217, -34.566727863614766 ], [ -58.397530126597495, -34.566721129863417 ], [ -58.397519614405041, -34.566711586197634 ], [ -58.397509061924779, -34.566702007353605 ], [ -58.397501683251818, -34.566695719527374 ], [ -58.397498715886918, -34.566693187621645 ], [ -58.397498614615522, -34.566693101030026 ], [ -58.397493035966342, -34.566688345698374 ], [ -58.397492335776981, -34.566687748576108 ], [ -58.39749230419779, -34.566687721516281 ], [ -58.397485436015586, -34.566682155106051 ], [ -58.397479012129402, -34.566676958520148 ], [ -58.397453163099364, -34.56665736377721 ], [ -58.397443714239579, -34.566650844065379 ], [ -58.397425253252493, -34.566638096937616 ], [ -58.397425219488312, -34.566638077087987 ], [ -58.397416526724896, -34.56663311725125 ], [ -58.397411755019775, -34.566630392365532 ], [ -58.397394144767581, -34.566622179871324 ], [ -58.397383524855172, -34.566617996022025 ], [ -58.39737081187041, -34.566613575768912 ], [ -58.397353322475205, -34.566608256014099 ], [ -58.39735328434594, -34.566608244274981 ], [ -58.397344091605952, -34.566605822582083 ], [ -58.397334000676899, -34.566603780805451 ], [ -58.397331112419195, -34.566603195119797 ], [ -58.397330935920905, -34.566603158967354 ], [ -58.397317141791056, -34.566600366101987 ], [ -58.3973054375437, -34.566599090565553 ], [ -58.39730532313817, -34.566599077883708 ], [ -58.397294096126636, -34.566597853985549 ], [ -58.397294057991679, -34.566597849457807 ], [ -58.39727711177477, -34.566597394988747 ], [ -58.397268393100596, -34.566597660701184 ], [ -58.397257496121341, -34.566597991038776 ], [ -58.397242294364155, -34.566599047399258 ], [ -58.397236509910947, -34.566599648225285 ], [ -58.397235475727292, -34.566599755836862 ], [ -58.397230558724409, -34.566600266087903 ], [ -58.397208653683165, -34.566603599427019 ], [ -58.397204244159383, -34.566604498466894 ], [ -58.397204134084738, -34.566604520942938 ], [ -58.397198389496509, -34.566605693293624 ], [ -58.397172999311621, -34.566612247341595 ], [ -58.397154941931511, -34.566616913261889 ], [ -58.397094409273528, -34.566635147871182 ], [ -58.39704778970264, -34.566650414390665 ], [ -58.397023700009299, -34.566659037888897 ], [ -58.397008360687678, -34.566664530970456 ], [ -58.397008322537701, -34.566664545372568 ], [ -58.396983342393462, -34.566674768412582 ], [ -58.396974307689369, -34.566679171483408 ], [ -58.39695525828192, -34.566688456649722 ], [ -58.39689470035384, -34.566721911744956 ], [ -58.396882230605385, -34.56672816807756 ], [ -58.396882198993417, -34.566728182483203 ], [ -58.396783087485083, -34.566772294847617 ], [ -58.396692133027656, -34.566812493979462 ], [ -58.396692097055471, -34.566812510185564 ], [ -58.396572610758746, -34.566865973482528 ], [ -58.396572578056258, -34.566865988788933 ], [ -58.396560707146939, -34.566871427821361 ], [ -58.396541857572444, -34.566880072117335 ], [ -58.396541824868507, -34.566880089226565 ], [ -58.396534672464057, -34.566883897450644 ], [ -58.396534635397082, -34.566883919966067 ], [ -58.396526005285402, -34.56688922465203 ], [ -58.396521438064553, -34.566892439347413 ], [ -58.396521404260127, -34.566892469977439 ], [ -58.396512846787438, -34.566899597388016 ], [ -58.396507359313723, -34.566904882157708 ], [ -58.396497080114187, -34.566914780513798 ], [ -58.396468568129563, -34.566944151434711 ], [ -58.396454339394744, -34.566958808061884 ], [ -58.39645430013249, -34.566958850407481 ], [ -58.39636893059162, -34.567051239580962 ], [ -58.396322152634291, -34.567101866019321 ], [ -58.396322122094389, -34.567101902059669 ], [ -58.396301356419599, -34.567124593107955 ], [ -58.39626403051362, -34.567165396450214 ], [ -58.396251926254131, -34.567179101411298 ], [ -58.396251848816007, -34.567179189708668 ], [ -58.396243487736328, -34.567188654608493 ], [ -58.396232244664759, -34.567201926454182 ], [ -58.396219785445489, -34.567216631801131 ], [ -58.39620438366358, -34.567235932808003 ], [ -58.396204357483029, -34.567235967949259 ], [ -58.396188610071881, -34.567256866093025 ], [ -58.396187431959675, -34.567258431224332 ], [ -58.396173382986632, -34.567277072224762 ], [ -58.396132965745572, -34.567332508495639 ], [ -58.396132337396473, -34.567333369914252 ], [ -58.396060772020974, -34.567431527481467 ], [ -58.396011596419669, -34.567503725430576 ], [ -58.395966326476184, -34.567571478773395 ], [ -58.395940046438511, -34.567610813370884 ], [ -58.39594002680019, -34.567610843107104 ], [ -58.395873292740312, -34.567708863504294 ], [ -58.395857313646076, -34.567731727488109 ], [ -58.395857045273274, -34.56773211134778 ], [ -58.395852566937045, -34.567738518020043 ], [ -58.395843151495257, -34.567751023087801 ], [ -58.395843029577613, -34.567751185011993 ], [ -58.395835551759468, -34.567761109197413 ], [ -58.395807344520321, -34.567748478133261 ], [ -58.395807051501023, -34.567748346362912 ], [ -58.395806405550097, -34.567748057549096 ], [ -58.395786334244619, -34.567739070039231 ], [ -58.395751582413119, -34.567792409888867 ], [ -58.395753643513153, -34.56779333294763 ], [ -58.395796928561019, -34.567812718041154 ], [ -58.395799292365773, -34.56781377666411 ], [ -58.395799268362033, -34.567813814510757 ], [ -58.39579894940011, -34.567814281088609 ], [ -58.395756164911255, -34.567876866224985 ], [ -58.39575614418095, -34.567876898664885 ], [ -58.395736337835572, -34.567905398940688 ], [ -58.395713068768558, -34.567938885793332 ], [ -58.395689497486522, -34.567972807863178 ], [ -58.395600511860522, -34.568099782234981 ], [ -58.395523064432261, -34.568212341916613 ], [ -58.395522646587132, -34.568212949246437 ], [ -58.395522310565461, -34.568213437633311 ], [ -58.395410648608362, -34.568375724389476 ], [ -58.395410626788106, -34.568375756828701 ], [ -58.39525393558344, -34.568612047173069 ], [ -58.395247703592588, -34.568624094875894 ], [ -58.395239456370398, -34.568644630192303 ], [ -58.395239446543258, -34.56864465452535 ], [ -58.395234416159695, -34.568659776763241 ], [ -58.395234403051724, -34.5686598155173 ], [ -58.395232282207154, -34.568666858986241 ], [ -58.39522634686741, -34.568686610447905 ], [ -58.395220214481171, -34.568711474692826 ], [ -58.395217545164947, -34.568724296002266 ], [ -58.395216277218047, -34.568730412378216 ], [ -58.395216267375488, -34.568730455641209 ], [ -58.395214095474486, -34.568742647130499 ], [ -58.39521027819238, -34.568764115187868 ], [ -58.395209526246838, -34.568769526935711 ], [ -58.395208838974874, -34.568774470879021 ], [ -58.395207318884054, -34.568793135878408 ], [ -58.395207246339197, -34.56880192294755 ], [ -58.395209047580622, -34.568828700838893 ], [ -58.395213418671254, -34.568880472224528 ], [ -58.395217212213261, -34.568936269060032 ], [ -58.395217215461038, -34.568936295203216 ], [ -58.395218538362393, -34.568945650949395 ], [ -58.395218556140456, -34.568949241342629 ], [ -58.395218555024329, -34.568949273793372 ], [ -58.395218160097599, -34.568951168372486 ], [ -58.395217795814013, -34.568952901613216 ], [ -58.395217267363023, -34.568954171428956 ], [ -58.395216753105345, -34.568955407899885 ], [ -58.395214879433077, -34.568958662808804 ], [ -58.395214845615598, -34.568958707861285 ], [ -58.395212081415536, -34.568962257941507 ], [ -58.395209937210197, -34.568964527439853 ], [ -58.395209896860358, -34.568964565277284 ], [ -58.395207045206, -34.568967119231843 ], [ -58.395205766050601, -34.568968265133314 ], [ -58.39520572788237, -34.568968300267684 ], [ -58.395203024826259, -34.568970364830278 ], [ -58.395200583462447, -34.568972228520586 ], [ -58.395194007365525, -34.568977256616741 ], [ -58.395193984465593, -34.568977276435341 ], [ -58.395191061989941, -34.56897981773006 ], [ -58.395190976932888, -34.568979891599611 ], [ -58.39518469797661, -34.568985345334568 ], [ -58.395094925024949, -34.569080045089684 ], [ -58.395094902119801, -34.569080071218259 ], [ -58.395051535592664, -34.569124892065759 ], [ -58.395022791046557, -34.569154605951162 ], [ -58.394968844108774, -34.569207884347094 ], [ -58.394951060994316, -34.569225447707964 ], [ -58.394951039182487, -34.569225469329986 ], [ -58.394930176869053, -34.569247968979923 ], [ -58.394930145239556, -34.569248003216444 ], [ -58.394919878835836, -34.569257663466082 ], [ -58.394917493832978, -34.569258549134055 ], [ -58.394917452412358, -34.569258563533708 ], [ -58.394915903782866, -34.569258811658266 ], [ -58.39491578167312, -34.569258831222932 ], [ -58.394903342069092, -34.569247591573607 ], [ -58.394891073431893, -34.569236498951391 ], [ -58.394877745672893, -34.569223991395575 ], [ -58.394865138647432, -34.569212153179379 ], [ -58.394864322103615, -34.56921138643041 ], [ -58.394859926676787, -34.569208181196529 ], [ -58.394855616205923, -34.569205026490053 ], [ -58.394844098988301, -34.569198520744159 ], [ -58.394830505736408, -34.569192194118195 ], [ -58.394801099590353, -34.569179441360625 ], [ -58.394774415659086, -34.569167868289021 ], [ -58.394771196495384, -34.569166752318246 ], [ -58.394770399057755, -34.569166476033971 ], [ -58.394769151699997, -34.56916604355024 ], [ -58.394766953299175, -34.569165282413202 ], [ -58.394759783982309, -34.569162803971217 ], [ -58.394755394565621, -34.569161578270318 ], [ -58.394746413699309, -34.569159660399286 ], [ -58.394740790338496, -34.569158919873956 ], [ -58.394740607288085, -34.569158895432622 ], [ -58.394740090823532, -34.56915882753556 ], [ -58.394736486470336, -34.569158350459183 ], [ -58.39472565750826, -34.569157707067603 ], [ -58.394722561670562, -34.569157689102767 ], [ -58.394721064422257, -34.569157681050207 ], [ -58.394717897762646, -34.569157652228327 ], [ -58.394715889387321, -34.569157711495571 ], [ -58.394710448362289, -34.569157866188164 ], [ -58.394705266530785, -34.56915821122724 ], [ -58.394703350725571, -34.569158337251885 ], [ -58.394698720317137, -34.569158642937737 ], [ -58.3946916572406, -34.56915949171804 ], [ -58.394686283370625, -34.569160141330663 ], [ -58.394678899382299, -34.569161645267187 ], [ -58.394675476045776, -34.569162341948541 ], [ -58.394669404277856, -34.569163583405512 ], [ -58.394655810005169, -34.569167804355175 ], [ -58.394652833054586, -34.569168979043155 ], [ -58.394652114706481, -34.569169261687229 ], [ -58.394649499660794, -34.569170286941791 ], [ -58.394643960668517, -34.569172962867277 ], [ -58.394635416167198, -34.569177087497721 ], [ -58.394635374739146, -34.569177110911546 ], [ -58.394629412234224, -34.569180645657923 ], [ -58.394628293650001, -34.569181310281685 ], [ -58.394622584081326, -34.569184692828877 ], [ -58.394614330120731, -34.569190639404979 ], [ -58.394608859550608, -34.569194916301427 ], [ -58.394602399981984, -34.569199965163911 ], [ -58.394602363996505, -34.569199995792196 ], [ -58.394595845122581, -34.569205604406974 ], [ -58.394591030664408, -34.569209746457865 ], [ -58.394587611774618, -34.569212982458716 ], [ -58.394580228724003, -34.569219961656493 ], [ -58.394566486415798, -34.56923456064019 ], [ -58.394566453696449, -34.569234594875965 ], [ -58.394566238724771, -34.569234958931361 ], [ -58.39415209490042, -34.569937777543892 ], [ -58.394130786501215, -34.569973938091479 ], [ -58.394003008095858, -34.570190778469069 ], [ -58.393883504468214, -34.570393579350629 ], [ -58.392988738896264, -34.571981709849318 ], [ -58.392953498999681, -34.572002437011115 ], [ -58.392925837237605, -34.572018706903108 ], [ -58.391536993069565, -34.572835563215804 ], [ -58.390441061061821, -34.573480119733858 ], [ -58.389504190068273, -34.574031111640167 ], [ -58.38857825885534, -34.574534718634709 ], [ -58.38794483725291, -34.574877356585027 ], [ -58.387584892277474, -34.574371427416239 ], [ -58.387355859657092, -34.574100353030722 ], [ -58.386648203813365, -34.573230796984284 ], [ -58.387014422683826, -34.573021809091877 ], [ -58.387112606281214, -34.572965778264184 ], [ -58.39126553617799, -34.570610990208557 ], [ -58.391242580281677, -34.57048313903892 ], [ -58.391255459716632, -34.570407327645611 ], [ -58.391193354504679, -34.570307705203405 ], [ -58.391173765303876, -34.570276282276957 ], [ -58.391161828481117, -34.570257134610401 ], [ -58.391100354594968, -34.570158525174485 ], [ -58.391061270495342, -34.570095831261817 ], [ -58.391061269991781, -34.570095830454051 ], [ -58.391049887845419, -34.570077571535926 ], [ -58.391049574455202, -34.570077069277993 ], [ -58.390965395904992, -34.570021777270291 ], [ -58.390886845211909, -34.569962206788077 ], [ -58.390886164586988, -34.569961690768253 ], [ -58.390879921977152, -34.569956235236056 ], [ -58.39081227797395, -34.569897111973091 ], [ -58.390744108466123, -34.56982836472794 ], [ -58.390681999018128, -34.569755795394123 ], [ -58.390626260963252, -34.569679768342489 ], [ -58.390603042233771, -34.569642350705564 ], [ -58.390577175104262, -34.569600665052469 ], [ -58.390534986265202, -34.569518884108525 ], [ -58.390510120078702, -34.569459302918695 ], [ -58.3904999087449, -34.569434835794688 ], [ -58.390496063192977, -34.569430171139039 ], [ -58.3904950886105, -34.569428988970081 ], [ -58.390466956102301, -34.569419665857865 ], [ -58.390419519462831, -34.569400296532272 ], [ -58.39037461752779, -34.5693771580342 ], [ -58.390346837245701, -34.569360097257039 ], [ -58.390320444344695, -34.569341592315723 ], [ -58.390307722966845, -34.569347978529947 ], [ -58.39023217959457, -34.569385900530641 ], [ -58.389410904829745, -34.569318720012191 ], [ -58.384285969762935, -34.568899371551403 ], [ -58.384212221820292, -34.568882317475122 ], [ -58.384140778625209, -34.568859514647109 ], [ -58.3840847735841, -34.568836335834078 ], [ -58.384072295992546, -34.568831171726536 ], [ -58.38407152835466, -34.56883077402761 ], [ -58.384007396994775, -34.568797548733997 ], [ -58.383946677414066, -34.568758952547576 ], [ -58.38389181858826, -34.568716606601981 ], [ -58.38389069048737, -34.568715735991198 ], [ -58.383839949089641, -34.568668293328685 ], [ -58.383807424815949, -34.568639704133261 ], [ -58.383746113340194, -34.568577495485435 ], [ -58.38374611134072, -34.568577493133731 ], [ -58.383691227953392, -34.568512940977264 ], [ -58.383690295162538, -34.5685118442738 ], [ -58.383676101999598, -34.568505866543305 ], [ -58.383659047547447, -34.568498683751933 ], [ -58.383597812132599, -34.568477358751132 ], [ -58.383555684968584, -34.568462688102017 ], [ -58.383449444033083, -34.568432977934179 ], [ -58.383340880316823, -34.568409707748899 ], [ -58.383307919810299, -34.568404715861064 ], [ -58.383230565768699, -34.568393000509296 ], [ -58.383119078907527, -34.56838294402904 ], [ -58.3823578975434, -34.568411061989885 ], [ -58.38231621866791, -34.568410152751312 ], [ -58.382275114429483, -34.568404371667569 ], [ -58.381468274666908, -34.568427712261133 ], [ -58.381159868733903, -34.568488968018833 ], [ -58.381121442421417, -34.568499293241018 ], [ -58.38108543591219, -34.568514457137219 ], [ -58.3810527354917, -34.568534087116248 ], [ -58.381024142558999, -34.568557701457237 ], [ -58.381000359450127, -34.568584720117819 ], [ -58.380981969807834, -34.568614480945527 ], [ -58.380969425493191, -34.568646251387506 ], [ -58.38083489976637, -34.569111241825695 ], [ -58.380748120597985, -34.569397387064008 ], [ -58.380760830616367, -34.569665710725737 ], [ -58.380734768170235, -34.569780175189685 ], [ -58.380712868017952, -34.570059208711733 ], [ -58.380711779054486, -34.570117962060728 ], [ -58.38035971013943, -34.570103390510404 ], [ -58.380357942680916, -34.570103317355631 ], [ -58.380399742381762, -34.568658017972957 ], [ -58.380408608986215, -34.568609827602941 ], [ -58.380410043688173, -34.568573244952098 ], [ -58.380410328029143, -34.56856599469932 ], [ -58.380394733584048, -34.568466077808594 ], [ -58.380366798418564, -34.568425418981583 ], [ -58.380287746946458, -34.568326023389432 ], [ -58.380225019321294, -34.568279131997947 ], [ -58.380102936005493, -34.568225426826238 ], [ -58.379960350933935, -34.568203880754226 ], [ -58.379851866511075, -34.568198162218806 ], [ -58.379479347479091, -34.568166298222998 ], [ -58.378535076640986, -34.56809678421596 ], [ -58.37762667852509, -34.568015508625564 ], [ -58.376740725191347, -34.567934094533832 ], [ -58.375984779709299, -34.567865823077753 ], [ -58.375047259504548, -34.567792976629981 ], [ -58.374486514948316, -34.56775185373359 ], [ -58.374075222182825, -34.567716495994517 ], [ -58.373284089018959, -34.567652906293681 ], [ -58.372576187816136, -34.567585631752713 ], [ -58.371334468232881, -34.567487618504877 ], [ -58.370483079983643, -34.567421577376336 ], [ -58.370135044139083, -34.567399784877558 ], [ -58.369731148231061, -34.567365609415482 ], [ -58.369219868407299, -34.567319915071401 ], [ -58.368792369890102, -34.567281348756993 ], [ -58.368385750967349, -34.567242651196224 ], [ -58.368327997581453, -34.567237412708515 ], [ -58.368260217047549, -34.567231264678441 ], [ -58.368168674861799, -34.567237237507577 ], [ -58.368093696409204, -34.567261614812232 ], [ -58.368085487988289, -34.567279670567721 ], [ -58.368082716248196, -34.567316921605702 ], [ -58.368123313551273, -34.567327706854414 ], [ -58.368172897200196, -34.567306270702339 ], [ -58.368253135876373, -34.567306333202829 ], [ -58.369104995984834, -34.567383131421799 ], [ -58.369775162185462, -34.567440262083522 ], [ -58.370317904152309, -34.56748557854737 ], [ -58.370945588280449, -34.567546574927597 ], [ -58.371615772072978, -34.567590029716385 ], [ -58.372512441610063, -34.567700026132997 ], [ -58.373187326356437, -34.567762998336313 ], [ -58.374565426956977, -34.567881143129014 ], [ -58.375311126463806, -34.567932441518735 ], [ -58.376103993906234, -34.568015005127357 ], [ -58.376915758949629, -34.568081958924381 ], [ -58.377755841133393, -34.568152831679654 ], [ -58.378647848440124, -34.568219830163827 ], [ -58.379204762269254, -34.568263164690606 ], [ -58.379785272678646, -34.568310417331531 ], [ -58.379955141328693, -34.56836129204509 ], [ -58.380025871015562, -34.568431621477195 ], [ -58.380039824447316, -34.568443183199349 ], [ -58.380043166528928, -34.568459372150308 ], [ -58.380050498360227, -34.568474321906486 ], [ -58.380060552288626, -34.568488144931976 ], [ -58.380073084558269, -34.568500504827675 ], [ -58.380074110193263, -34.56850124391228 ], [ -58.380087789264039, -34.568511101209182 ], [ -58.380104308153498, -34.568519675122111 ], [ -58.380122239336451, -34.568526017160792 ], [ -58.380141009596869, -34.568529945240059 ], [ -58.380149075501585, -34.568537371234839 ], [ -58.380162334452883, -34.568553486364841 ], [ -58.380196253114072, -34.568613161628875 ], [ -58.380220919302829, -34.568684167093103 ], [ -58.380225260646867, -34.56869666431475 ], [ -58.380247459472919, -34.568781583009049 ], [ -58.380262750785249, -34.568867539950404 ], [ -58.3802710662954, -34.568954149284309 ], [ -58.380272368225732, -34.5690410251757 ], [ -58.380266650403243, -34.569127778204248 ], [ -58.380234220680421, -34.56984564966573 ], [ -58.380064040777185, -34.569917085384674 ], [ -58.380048944968323, -34.569924726399634 ], [ -58.380035503646425, -34.569934250720053 ], [ -58.380024057042931, -34.569945416996298 ], [ -58.380014895304321, -34.569957942378871 ], [ -58.380008248675601, -34.569971511526106 ], [ -58.380004285318208, -34.569985779306727 ], [ -58.380003106934659, -34.570000387022603 ], [ -58.380004741137839, -34.570014965107696 ], [ -58.380009147978285, -34.570029143949789 ], [ -58.380030229339837, -34.570372673980529 ], [ -58.379839716454029, -34.570357655009779 ], [ -58.379531964430967, -34.570333390540263 ], [ -58.379531834615563, -34.570333380773732 ], [ -58.379530223189136, -34.570333259539893 ], [ -58.379528821278861, -34.570333154282864 ], [ -58.379528708591884, -34.57033314582219 ], [ -58.379525452754606, -34.570332899301178 ], [ -58.379523561141475, -34.570332758281879 ], [ -58.379523466858998, -34.570332751239775 ], [ -58.37952219691374, -34.570332656385801 ], [ -58.379518939983186, -34.570332413469586 ], [ -58.379515683049028, -34.570332174158949 ], [ -58.379513393720828, -34.570332000415156 ], [ -58.379512433749277, -34.570331928543538 ], [ -58.379509176820569, -34.5703316838242 ], [ -58.379509141952262, -34.570331681095965 ], [ -58.379505920979817, -34.570331440908333 ], [ -58.379504184387081, -34.570331310402565 ], [ -58.379504044622834, -34.570331299899223 ], [ -58.379502666224283, -34.57033120250032 ], [ -58.379502309929961, -34.570331175460076 ], [ -58.379499909441662, -34.570330993279718 ], [ -58.379499475271579, -34.570330960757957 ], [ -58.379499411476893, -34.570330955979394 ], [ -58.379499189415753, -34.570330939428011 ], [ -58.379496152367018, -34.57033071306104 ], [ -58.379493997060813, -34.570330552930251 ], [ -58.379492895437508, -34.57033046924272 ], [ -58.379489640688391, -34.570330224524369 ], [ -58.379486385939266, -34.570329979805898 ], [ -58.379484576048895, -34.57032984515206 ], [ -58.379484361996411, -34.570329829003896 ], [ -58.379483129009799, -34.570329735987286 ], [ -58.379481629153922, -34.570329623705803 ], [ -58.379479872080381, -34.570329492168582 ], [ -58.379479837212074, -34.570329489440368 ], [ -58.379479410073657, -34.570329457597133 ], [ -58.379476616237987, -34.570329251054851 ], [ -58.379476510524597, -34.570329243083215 ], [ -58.379475096193147, -34.570329136431276 ], [ -58.379473360399246, -34.570329006335307 ], [ -58.379470106739035, -34.570328762518599 ], [ -58.379466848720874, -34.570328517797385 ], [ -58.379465825551101, -34.570328440473411 ], [ -58.379463589613003, -34.570328273075354 ], [ -58.379463119735398, -34.570328238385244 ], [ -58.379460335949226, -34.570328032864047 ], [ -58.379457564826701, -34.570327822972821 ], [ -58.379457081202091, -34.570327786341949 ], [ -58.379457001348733, -34.570327780420513 ], [ -58.379455903302123, -34.570327698996003 ], [ -58.37945382427192, -34.570327543423993 ], [ -58.379450567339056, -34.570327303210227 ], [ -58.379450534650154, -34.570327300483513 ], [ -58.379449589934808, -34.570327228621878 ], [ -58.37944948097099, -34.57032722043418 ], [ -58.379447316949062, -34.570327058493731 ], [ -58.379447167329296, -34.570327047429252 ], [ -58.379446135779908, -34.570326971145413 ], [ -58.379444061105943, -34.570326818280535 ], [ -58.379440806356165, -34.570326574462314 ], [ -58.379437548338181, -34.570326329740297 ], [ -58.379436399859742, -34.570326243315762 ], [ -58.379434566774037, -34.570326106406227 ], [ -58.37943429249875, -34.57032608592116 ], [ -58.379431035570533, -34.570325841199733 ], [ -58.379429456684591, -34.570325722929461 ], [ -58.379427781907836, -34.570325600086164 ], [ -58.37942672604747, -34.570325521838022 ], [ -58.37942452497785, -34.57032535716742 ], [ -58.37942126695723, -34.570325115149288 ], [ -58.379421230999213, -34.570325112420313 ], [ -58.379419994258058, -34.570325021427834 ], [ -58.379418010031799, -34.570324867723237 ], [ -58.379415243011145, -34.570324661138805 ], [ -58.379414756370998, -34.570324624806496 ], [ -58.379414534602901, -34.570324608428287 ], [ -58.379411503797257, -34.570324384594656 ], [ -58.379408242512987, -34.570324137165358 ], [ -58.37940498775982, -34.570323896951862 ], [ -58.379402562224385, -34.570323715900933 ], [ -58.37940173083085, -34.570323653131091 ], [ -58.379399910045365, -34.570323516665681 ], [ -58.379398477172877, -34.570323407509633 ], [ -58.37939525184219, -34.570323167316083 ], [ -58.379395220243943, -34.570323163688663 ], [ -58.379393205502915, -34.570323012666989 ], [ -58.379391963315975, -34.570322918966212 ], [ -58.379388705298233, -34.570322674242902 ], [ -58.379385935358201, -34.570322466327369 ], [ -58.37938545708716, -34.570322430427666 ], [ -58.379383737638399, -34.57032230124306 ], [ -58.379382201248028, -34.570322186607164 ], [ -58.379381879329536, -34.570322162396707 ], [ -58.37937969726012, -34.570321998290417 ], [ -58.379379481511918, -34.5703219819164 ], [ -58.379379019231514, -34.570321946604821 ], [ -58.37937898136876, -34.570321943712642 ], [ -58.379378945410735, -34.570321940983639 ], [ -58.379375688475569, -34.570321703472153 ], [ -58.379373912365963, -34.570321569741331 ], [ -58.379372651036036, -34.570321475131578 ], [ -58.37937243263741, -34.570321458749945 ], [ -58.379369176799251, -34.570321214027608 ], [ -58.379365919869592, -34.570320971107307 ], [ -58.379364334446429, -34.570320851930269 ], [ -58.37936266403149, -34.570320726384807 ], [ -58.379359406013066, -34.570320482562138 ], [ -58.379358900421266, -34.570320444354536 ], [ -58.379356570075792, -34.570320267008469 ], [ -58.379356151267437, -34.570320235135938 ], [ -58.379354776141142, -34.570320135033363 ], [ -58.379352896515485, -34.570319994019663 ], [ -58.379349678813995, -34.570319752928732 ], [ -58.379349639586827, -34.57031975019747 ], [ -58.379346383748796, -34.570319505474544 ], [ -58.379345386731622, -34.570319429069023 ], [ -58.379343127918062, -34.570319253540113 ], [ -58.379339873165272, -34.570319013324884 ], [ -58.379338055650976, -34.570318875057957 ], [ -58.379336621687095, -34.57031876770327 ], [ -58.379333364756725, -34.570318525683511 ], [ -58.379331148432307, -34.570318360099336 ], [ -58.379330187460141, -34.5703182861062 ], [ -58.379330108919724, -34.570318280058743 ], [ -58.379329618863018, -34.570318243236088 ], [ -58.37932685199209, -34.570318035334537 ], [ -58.379323596153313, -34.570317791512416 ], [ -58.379321606474271, -34.570317642309675 ], [ -58.379320434091753, -34.57031755469815 ], [ -58.379320340314543, -34.570317547690237 ], [ -58.379317084481258, -34.570317298459379 ], [ -58.379317079718547, -34.570317298108435 ], [ -58.37931704743351, -34.570317295729609 ], [ -58.379316561454907, -34.570317259338204 ], [ -58.37931382864253, -34.570317054637016 ], [ -58.379312515630325, -34.570316954576697 ], [ -58.379310571718634, -34.570316806306678 ], [ -58.379307321333989, -34.570316557079316 ], [ -58.379305596438677, -34.570316426087039 ], [ -58.379304101458771, -34.570316310577148 ], [ -58.379304065500754, -34.57031630784811 ], [ -58.379300808573284, -34.570316063123229 ], [ -58.379299198094039, -34.570315936716703 ], [ -58.379297552745548, -34.570315808483301 ], [ -58.379294298002087, -34.57031555925262 ], [ -58.379291048709064, -34.570315308222703 ], [ -58.379287790698321, -34.570315057186761 ], [ -58.379286206366913, -34.570314936206628 ], [ -58.37928453377458, -34.570314808855748 ], [ -58.379281276850861, -34.570314560524608 ], [ -58.37927802320268, -34.570314305885653 ], [ -58.379274766278087, -34.5703140584558 ], [ -58.379273151437296, -34.57031393475021 ], [ -58.379271514803932, -34.570313809226739 ], [ -58.379268680607623, -34.570313593198726 ], [ -58.379268256790567, -34.570313560894505 ], [ -58.379268162169573, -34.570313553656064 ], [ -58.379266901283046, -34.570313457198758 ], [ -58.3792650020482, -34.570313310761634 ], [ -58.379261747302223, -34.570313064234313 ], [ -58.379259995170095, -34.570312929831516 ], [ -58.379259731475599, -34.570312909603999 ], [ -58.379258491469258, -34.570312815001941 ], [ -58.379255232370831, -34.570312562161504 ], [ -58.379254647235953, -34.570312517588711 ], [ -58.379251976533375, -34.570312317436041 ], [ -58.379250837861896, -34.570312231917924 ], [ -58.379248722876277, -34.570312071810569 ], [ -58.379245474666881, -34.57031182709018 ], [ -58.379242705539937, -34.570311613310722 ], [ -58.379242211208741, -34.570311575147848 ], [ -58.379242206701399, -34.570311574666668 ], [ -58.3792421687142, -34.57031157061143 ], [ -58.379239202236725, -34.570311344409383 ], [ -58.379238959734778, -34.570311325917949 ], [ -58.379238763429768, -34.57031131095804 ], [ -58.37923764672275, -34.570311225856813 ], [ -58.379235702811329, -34.570311077585572 ], [ -58.379232449156163, -34.570310830156835 ], [ -58.379229191143956, -34.570310580922119 ], [ -58.379225935311169, -34.570310331688866 ], [ -58.379224289960206, -34.570310206158787 ], [ -58.379222679476612, -34.570310084258359 ], [ -58.379219423643903, -34.570309835024929 ], [ -58.379216172164661, -34.570309591202928 ], [ -58.379215052019404, -34.570309504795844 ], [ -58.379214867869514, -34.570309492049013 ], [ -58.379212953379685, -34.570309344699126 ], [ -58.379212916331973, -34.570309341969342 ], [ -58.379209660493864, -34.570309098144186 ], [ -58.379208273381899, -34.570308997130262 ], [ -58.379208230885588, -34.570308994396733 ], [ -58.379206403562428, -34.570308857923884 ], [ -58.379205136309636, -34.570308766908227 ], [ -58.379203147718009, -34.570308620408532 ], [ -58.37920034734362, -34.570308415658289 ], [ -58.379200289726803, -34.570308411368948 ], [ -58.379199895143664, -34.570308381993939 ], [ -58.379197047951685, -34.570308171415761 ], [ -58.379196634944037, -34.570308140869713 ], [ -58.379196538272275, -34.570308133956345 ], [ -58.379194483991533, -34.570307987046618 ], [ -58.379193378004516, -34.570307908761933 ], [ -58.379192329002514, -34.570307833655718 ], [ -58.379192157606035, -34.570307821384091 ], [ -58.379190119981637, -34.570307670343318 ], [ -58.379188395072198, -34.570307553772153 ], [ -58.379186861947893, -34.570307442741715 ], [ -58.379185005196014, -34.570307312558256 ], [ -58.379184001635366, -34.570307241555462 ], [ -58.379183606092688, -34.570307216042977 ], [ -58.379182532796349, -34.570307138682104 ], [ -58.379180344797973, -34.570306980326109 ], [ -58.379177088960063, -34.570306736500093 ], [ -58.379173833126728, -34.570306488166857 ], [ -58.379170576212729, -34.570306230818524 ], [ -58.379169306907158, -34.570306131785564 ], [ -58.379169072517271, -34.570306113498141 ], [ -58.379168946531152, -34.570306103666418 ], [ -58.379167312757744, -34.570305976169855 ], [ -58.379164059116583, -34.57030571521792 ], [ -58.379161570393016, -34.570305519695829 ], [ -58.379160805471813, -34.570305457871576 ], [ -58.379157672780472, -34.570305206017103 ], [ -58.379157582341044, -34.570305198743327 ], [ -58.379157542024132, -34.570305196011269 ], [ -58.37915428293266, -34.570304936858165 ], [ -58.379151029281623, -34.570304685821533 ], [ -58.37914941117112, -34.57030456301348 ], [ -58.379147767999804, -34.570304437483856 ], [ -58.379144721369109, -34.570304212731145 ], [ -58.379144549206167, -34.570304199992478 ], [ -58.379144512159343, -34.570304196361228 ], [ -58.37914125085851, -34.570303966953297 ], [ -58.37913798846256, -34.570303742953101 ], [ -58.379134733678271, -34.570303535183761 ], [ -58.379131471254169, -34.570303339127591 ], [ -58.37912820990163, -34.570303161100597 ], [ -58.379124948534589, -34.570302997496327 ], [ -58.379123743358704, -34.570302943481131 ], [ -58.379123655272814, -34.570302939625947 ], [ -58.379121692596158, -34.570302853727107 ], [ -58.379119372672029, -34.570302764688904 ], [ -58.379118496000423, -34.570302731348761 ], [ -58.379118431190044, -34.570302728884009 ], [ -58.37911838978161, -34.570302727954044 ], [ -58.379115167582746, -34.570302625673548 ], [ -58.379111903954509, -34.570302543195758 ], [ -58.379108641387852, -34.570302488662868 ], [ -58.37910861313361, -34.570302488339358 ], [ -58.379105960707641, -34.570302457968268 ], [ -58.379105378446475, -34.570302451322995 ], [ -58.379105372265634, -34.570302451252431 ], [ -58.379102107485004, -34.570302430972056 ], [ -58.379100442389479, -34.570302434330671 ], [ -58.379098840497711, -34.570302437732842 ], [ -58.379096801618459, -34.570302450749246 ], [ -58.379095566959336, -34.570302457109008 ], [ -58.379092301025374, -34.570302499927408 ], [ -58.379090231609517, -34.570302537261149 ], [ -58.379089028536768, -34.570302558966873 ], [ -58.37908575603543, -34.570302630626244 ], [ -58.379082483509514, -34.570302726624007 ], [ -58.379079212061527, -34.57030283434095 ], [ -58.37907794684844, -34.570302882145064 ], [ -58.379077496778017, -34.570302898060213 ], [ -58.37907708811786, -34.570302913102509 ], [ -58.379075940594447, -34.570302960987782 ], [ -58.379074060748792, -34.570303039016267 ], [ -58.37907402151707, -34.570303040792027 ], [ -58.379072672385583, -34.570303098453877 ], [ -58.379069398709952, -34.570303253944658 ], [ -58.379066134827227, -34.570303423864942 ], [ -58.379062870931747, -34.570303606405069 ], [ -58.379062833879495, -34.570303608182357 ], [ -58.379059603752573, -34.570303803365682 ], [ -58.379058230616344, -34.570303891659293 ], [ -58.379056347458757, -34.570304012052254 ], [ -58.379053123851044, -34.57030422616991 ], [ -58.379053085708129, -34.570304228847846 ], [ -58.379049833744979, -34.570304465481478 ], [ -58.379048561945332, -34.570304561056318 ], [ -58.37904658831193, -34.570304710232357 ], [ -58.379044911087618, -34.570304854204387 ], [ -58.37904333630599, -34.570304989232817 ], [ -58.379040095161777, -34.570305303396339 ], [ -58.379036859428815, -34.570305654521988 ], [ -58.379033624761917, -34.570306029085394 ], [ -58.379032486951338, -34.57030617072536 ], [ -58.379030998208385, -34.570306354490071 ], [ -58.379030388981633, -34.570306427085065 ], [ -58.379028660457678, -34.570306653051276 ], [ -58.379027159714177, -34.57030685032904 ], [ -58.379023934790084, -34.570307288900196 ], [ -58.37902070440466, -34.570307740087472 ], [ -58.379017480553827, -34.57030819488488 ], [ -58.379014255608766, -34.570308654188572 ], [ -58.379012872554839, -34.570308851547431 ], [ -58.379012834409203, -34.570308856929636 ], [ -58.379011029573881, -34.570309113491419 ], [ -58.379007800274387, -34.570309568284806 ], [ -58.379004575340076, -34.570310016771145 ], [ -58.37900317703734, -34.570310206907983 ], [ -58.379001344967151, -34.570310455337939 ], [ -58.378998113529065, -34.570310869565404 ], [ -58.378997164262515, -34.570310988799548 ], [ -58.378997132657013, -34.570310992383433 ], [ -58.378994879926026, -34.570311269368418 ], [ -58.378991641986872, -34.570311646632746 ], [ -58.378988401887305, -34.570312004965523 ], [ -58.378985156354616, -34.570312347970194 ], [ -58.378983459479592, -34.570312527083452 ], [ -58.378981916272281, -34.570312689175708 ], [ -58.378978666389777, -34.570313023162925 ], [ -58.378975423047343, -34.570313355351765 ], [ -58.378972174255388, -34.570313688438134 ], [ -58.378970360768541, -34.570313879189179 ], [ -58.378968933083279, -34.570314029642553 ], [ -58.378965691897456, -34.570314384368238 ], [ -58.378964399138084, -34.570314530959287 ], [ -58.378963131851755, -34.570314674661766 ], [ -58.378962451789498, -34.570314750813189 ], [ -58.378962408194361, -34.570314757093023 ], [ -58.378962160798032, -34.570314786669208 ], [ -58.378960308048427, -34.570315009844315 ], [ -58.378959216015822, -34.570315141599522 ], [ -58.378957959404644, -34.57031530388948 ], [ -58.378955991113813, -34.570315557633236 ], [ -58.378952766189961, -34.57031599530108 ], [ -58.378951516095221, -34.570316179229714 ], [ -58.37895085512681, -34.570316276188812 ], [ -58.378949546679159, -34.570316468128205 ], [ -58.37894683285726, -34.570316882711985 ], [ -58.378946330420142, -34.570316958084618 ], [ -58.378945781112343, -34.570317046044849 ], [ -58.378943123953128, -34.570317463371978 ], [ -58.378941508727678, -34.570317720965136 ], [ -58.378939916389044, -34.570317975869891 ], [ -58.378939121172252, -34.570318104763068 ], [ -58.378936704457864, -34.570318496477555 ], [ -58.378933547005346, -34.570319024334154 ], [ -58.378933502319541, -34.570319031514664 ], [ -58.378930300177572, -34.570319570157466 ], [ -58.378927094754516, -34.570320120516442 ], [ -58.378923896953111, -34.570320677190558 ], [ -58.378921839193985, -34.570321040845947 ], [ -58.378920696961295, -34.570321244680237 ], [ -58.378917542741299, -34.570321808595722 ], [ -58.378917499144308, -34.570321816678423 ], [ -58.378914306768607, -34.570322395891729 ], [ -58.378911157985279, -34.570322971529372 ], [ -58.378911114388281, -34.570322979612087 ], [ -58.378907920914578, -34.570323566937304 ], [ -58.378905838065357, -34.570323956716415 ], [ -58.378904732880301, -34.570324163280468 ], [ -58.37890153939739, -34.570324759619744 ], [ -58.378898352443642, -34.570325364977755 ], [ -58.378896764414428, -34.570325668561935 ], [ -58.378895167669306, -34.570325970337194 ], [ -58.378891988341657, -34.570326577503167 ], [ -58.378888798105876, -34.570327195478612 ], [ -58.378887433510997, -34.570327457751539 ], [ -58.378885618774497, -34.570327806250098 ], [ -58.378882429633784, -34.570328418817581 ], [ -58.378879247024969, -34.570329037699473 ], [ -58.378877678606933, -34.570329344902696 ], [ -58.378876065503107, -34.570329659286358 ], [ -58.378873772391039, -34.570330107983182 ], [ -58.378872879620488, -34.57033028267297 ], [ -58.378872737927779, -34.570330311420612 ], [ -58.378869700272482, -34.570330909669728 ], [ -58.378866523094764, -34.570331545682158 ], [ -58.378864865289536, -34.570331882570422 ], [ -58.378864234729278, -34.57033201045126 ], [ -58.378863345907881, -34.570332190708761 ], [ -58.378860168715477, -34.570332841143866 ], [ -58.378857030753871, -34.570333490704591 ], [ -58.378856995875523, -34.570333497891866 ], [ -58.378853825204047, -34.570334165458398 ], [ -58.378851904698834, -34.57033457878601 ], [ -58.378850662149617, -34.570334843847263 ], [ -58.37884885172339, -34.570335240123867 ], [ -58.378847501261816, -34.570335534857485 ], [ -58.378844912554229, -34.570336109837633 ], [ -58.378844341452726, -34.570336236685499 ], [ -58.378841191437409, -34.570336952041608 ], [ -58.378838045768127, -34.570337680020593 ], [ -58.378834905528244, -34.570338426933219 ], [ -58.378831770725064, -34.570339185568095 ], [ -58.378828639173697, -34.570339961332245 ], [ -58.378825511969289, -34.570340748817834 ], [ -58.378825467278915, -34.570340760505481 ], [ -58.378822393470685, -34.570341548027955 ], [ -58.378819269515262, -34.570342355347044 ], [ -58.378816156438731, -34.570343180702125 ], [ -58.378816117197886, -34.570343191492093 ], [ -58.378813043354839, -34.570344013268496 ], [ -58.37880993461242, -34.570344862964923 ], [ -58.37880683784779, -34.570345721683843 ], [ -58.378803739976028, -34.570346597529003 ], [ -58.378803706184684, -34.5703466074213 ], [ -58.378800647540011, -34.570347485997821 ], [ -58.378797560542516, -34.570348384385994 ], [ -58.378794478982613, -34.570349293595036 ], [ -58.37879444410062, -34.57034930438796 ], [ -58.378791405035166, -34.570350218133449 ], [ -58.378790310613539, -34.570350556312164 ], [ -58.378788341967535, -34.570351159806449 ], [ -58.378786192364124, -34.570351826275271 ], [ -58.378785281072879, -34.570352107790868 ], [ -58.378782224516947, -34.570353075609596 ], [ -58.37877918212093, -34.570354049748055 ], [ -58.378776148418922, -34.570355047329507 ], [ -58.378773121238687, -34.570356061141105 ], [ -58.378770101667314, -34.57035709388785 ], [ -58.378767090797169, -34.570358142866255 ], [ -58.378764087534925, -34.570359211681179 ], [ -58.378761089713912, -34.57036028771126 ], [ -58.378758095149216, -34.570361376363486 ], [ -58.378755108196941, -34.570362480345111 ], [ -58.37875212777471, -34.570363592444096 ], [ -58.37875208634987, -34.570363607739644 ], [ -58.37874914517112, -34.5703647063443 ], [ -58.378747832644564, -34.570365203022639 ], [ -58.378746171277051, -34.570365828363336 ], [ -58.378743195201608, -34.570366952183612 ], [ -58.378740220209409, -34.570368082314566 ], [ -58.378738269946403, -34.570368825541905 ], [ -58.378737250668472, -34.570369209744953 ], [ -58.378736254280113, -34.570369588555273 ], [ -58.378736210674887, -34.570369604750752 ], [ -58.378734274590954, -34.57037033536789 ], [ -58.378731300695534, -34.570371458287951 ], [ -58.378730026881513, -34.570371938355663 ], [ -58.378728323531803, -34.570372580304287 ], [ -58.378725355093046, -34.570373695115151 ], [ -58.378724603995657, -34.5703739713327 ], [ -58.378722361597035, -34.570374803598604 ], [ -58.378722323442211, -34.570374817995003 ], [ -58.378720423342578, -34.570375525199722 ], [ -58.378720327410669, -34.570375561190311 ], [ -58.378720285985779, -34.570375576485873 ], [ -58.378719381178492, -34.570375911189615 ], [ -58.37871639531491, -34.570377015171125 ], [ -58.378713411633477, -34.570378116449724 ], [ -58.378710419231403, -34.570379220426517 ], [ -58.378708706641035, -34.570379851139748 ], [ -58.378707432283385, -34.57038031899846 ], [ -58.378704444240057, -34.570381422978109 ], [ -58.378701460559185, -34.570382523355029 ], [ -58.378698474695142, -34.570383627336057 ], [ -58.378697334418618, -34.570384050216248 ], [ -58.378695488828292, -34.570384734021296 ], [ -58.37869339250274, -34.570385515908022 ], [ -58.378692508404477, -34.570385846118789 ], [ -58.378689526887214, -34.570386961821129 ], [ -58.378686544277407, -34.570388080226955 ], [ -58.378683576915385, -34.570389206756111 ], [ -58.378680605191676, -34.570390335986453 ], [ -58.378677641083129, -34.570391477841966 ], [ -58.378676316548663, -34.570391994342557 ], [ -58.378674682416715, -34.570392626011156 ], [ -58.378671728101821, -34.570393781394735 ], [ -58.378668815196171, -34.57039493680692 ], [ -58.378668783581496, -34.570394949404964 ], [ -58.37866584123325, -34.570396124628076 ], [ -58.378662908676887, -34.570397315182142 ], [ -58.3786618108726, -34.570397764232816 ], [ -58.378660985613507, -34.570398099892678 ], [ -58.37866088749665, -34.570398141290276 ], [ -58.378660781749922, -34.570398184485455 ], [ -58.378659980471078, -34.570398513851991 ], [ -58.378659088702484, -34.570398885522813 ], [ -58.378658757285891, -34.570399025014119 ], [ -58.378657058784334, -34.570399731456234 ], [ -58.378654152340815, -34.570400961690936 ], [ -58.378651257864924, -34.570402210863897 ], [ -58.378648365552898, -34.570403475362482 ], [ -58.378645520095084, -34.570404743499203 ], [ -58.378645486298218, -34.570404758800017 ], [ -58.378642616838114, -34.57040605486425 ], [ -58.378639758262395, -34.570407363555944 ], [ -58.378636902939263, -34.570408688475503 ], [ -58.378634057412597, -34.570410024218916 ], [ -58.378631219504726, -34.570411368981773 ], [ -58.378628388125925, -34.570412722763436 ], [ -58.37862556000529, -34.570414087364341 ], [ -58.378622746042637, -34.570415460087851 ], [ -58.378622316479778, -34.570415669822253 ], [ -58.378619927718319, -34.570416835512574 ], [ -58.378619892828063, -34.570416854418326 ], [ -58.37861910456612, -34.570417242386355 ], [ -58.378617895459051, -34.570417840094784 ], [ -58.378617118100671, -34.570418221760363 ], [ -58.378614312840028, -34.570419609814003 ], [ -58.378611507572877, -34.57042100417754 ], [ -58.37860870884667, -34.570422395841256 ], [ -58.378605917731996, -34.570423803735878 ], [ -58.378604140570339, -34.570424706633652 ], [ -58.378603134237949, -34.570425218847163 ], [ -58.378600360544901, -34.570426640275123 ], [ -58.378597585744672, -34.570428078829352 ], [ -58.378594818566896, -34.570429522797397 ], [ -58.378592099352282, -34.570430951474414 ], [ -58.378592060101312, -34.570430972179992 ], [ -58.378589309256377, -34.570432428779178 ], [ -58.3785865573143, -34.57043389258903 ], [ -58.378586516972668, -34.570433914195235 ], [ -58.378583814087143, -34.570435359109069 ], [ -58.378581063233696, -34.570436823820948 ], [ -58.378581034884455, -34.570436840026936 ], [ -58.378579640371591, -34.570437588144578 ], [ -58.378578321089662, -34.570438296651623 ], [ -58.378575572406319, -34.570439770379117 ], [ -58.378572832442465, -34.570441242309776 ], [ -58.378570092476679, -34.570442716043225 ], [ -58.37857005540603, -34.570442735848857 ], [ -58.378567350333199, -34.570444187972207 ], [ -58.378564602744667, -34.570445656291682 ], [ -58.378562733946737, -34.570446656479319 ], [ -58.378561856244815, -34.570447125513269 ], [ -58.378556526818294, -34.570449950490037 ], [ -58.37678208141083, -34.571449436927011 ], [ -58.376561557829532, -34.571573646854127 ], [ -58.376409388520472, -34.571632749489524 ], [ -58.376163911289041, -34.571659906052062 ], [ -58.375172716975435, -34.57162014940576 ], [ -58.374502536316655, -34.571541573587425 ], [ -58.372293623830039, -34.571426716033351 ], [ -58.371510142390377, -34.57136756179743 ], [ -58.369485381424276, -34.571202033177549 ], [ -58.368229930226676, -34.571107353684269 ], [ -58.366979202037669, -34.571012665006663 ], [ -58.36655914200314, -34.570985001276469 ], [ -58.365978620640753, -34.570937685740653 ], [ -58.36530370661967, -34.570882482688532 ], [ -58.364850616157881, -34.570846977544363 ], [ -58.364421122061579, -34.570815394341473 ], [ -58.364245303932812, -34.570804378896682 ], [ -58.363861204516738, -34.570780196325948 ], [ -58.363333976689816, -34.570746353825591 ], [ -58.362871892482907, -34.570717641108594 ], [ -58.362235416446424, -34.570669359274127 ], [ -58.36194461435511, -34.57064670426012 ], [ -58.361761745349312, -34.570646552283712 ], [ -58.361682590346767, -34.570648744183977 ], [ -58.361651199634878, -34.570650975816541 ], [ -58.361618431859043, -34.570663366251289 ], [ -58.361565170281146, -34.570694930629109 ], [ -58.361455828160103, -34.570754917631476 ], [ -58.361271562644497, -34.570856823616666 ], [ -58.361104876113657, -34.570950342657866 ], [ -58.360900075681812, -34.571065244802298 ], [ -58.360654121125037, -34.571200189090888 ], [ -58.360480731372249, -34.571291618280817 ], [ -58.360269750592956, -34.571405473505955 ], [ -58.360069246465201, -34.571517616133846 ], [ -58.359935977373084, -34.571592153631585 ], [ -58.359856754320909, -34.571648530718093 ], [ -58.359845713592144, -34.571747863146719 ], [ -58.359872932345944, -34.571808845943437 ], [ -58.359916594777488, -34.571815656234342 ], [ -58.36001220007828, -34.571754777438102 ], [ -58.360077759273572, -34.571711935305117 ], [ -58.360213592966417, -34.571638553760636 ], [ -58.360359386119264, -34.571559791496178 ], [ -58.360528414068902, -34.571468476623359 ], [ -58.360746894368319, -34.571349673066322 ], [ -58.360936184313175, -34.571246741826585 ], [ -58.361130439340819, -34.571140217847571 ], [ -58.36127322885698, -34.571061646454503 ], [ -58.361369635943682, -34.571008597289321 ], [ -58.361462221206779, -34.570951845726 ], [ -58.36157303764611, -34.570883918887695 ], [ -58.361645511421386, -34.570839494728652 ], [ -58.361721964668206, -34.570814722922265 ], [ -58.361784768161662, -34.570792197485297 ], [ -58.361866680108243, -34.570767430127489 ], [ -58.361989527398904, -34.570747212232305 ], [ -58.3621041645752, -34.570745049553402 ], [ -58.362322145381057, -34.57075748531625 ], [ -58.362950755446334, -34.570795011729182 ], [ -58.363743284502789, -34.57085090579357 ], [ -58.364451693289233, -34.570900521920478 ], [ -58.365157514093262, -34.570954707430907 ], [ -58.366305106209118, -34.571050154196492 ], [ -58.3672295323463, -34.57112285159878 ], [ -58.368221835068226, -34.571202696268976 ], [ -58.369156318703553, -34.571277881068475 ], [ -58.370046512957735, -34.571341676513121 ], [ -58.370778243135739, -34.571394059904506 ], [ -58.371163251488063, -34.571421620248358 ], [ -58.371514344905869, -34.571446751759431 ], [ -58.372087661838613, -34.571498735148964 ], [ -58.37251867151388, -34.571537813539337 ], [ -58.372936053133586, -34.571559208788031 ], [ -58.373483821097331, -34.571586004772378 ], [ -58.373681343096479, -34.571595116889398 ], [ -58.374429136945245, -34.571658881122801 ], [ -58.376121283054253, -34.571800437855991 ], [ -58.376149355546559, -34.571805817759554 ], [ -58.376120462007002, -34.571822091802353 ], [ -58.375882066391178, -34.571956199574274 ], [ -58.375851903631641, -34.571974747351256 ], [ -58.375851867643789, -34.571974772565397 ], [ -58.375846911386539, -34.571978001529338 ], [ -58.375823414684156, -34.571993312545828 ], [ -58.375802129284125, -34.572007369456088 ], [ -58.374149356595012, -34.573075232569671 ], [ -58.374507590039258, -34.572843780659404 ], [ -58.374619287884485, -34.572875427126789 ], [ -58.374589786236612, -34.572894325326899 ], [ -58.375535286050805, -34.572288648242406 ], [ -58.375769459812709, -34.572138637148534 ], [ -58.375840037392749, -34.572093425142292 ], [ -58.37584818911769, -34.572086755921532 ], [ -58.375859766657761, -34.572077283914844 ], [ -58.375874913193748, -34.572067726123919 ], [ -58.375886303082844, -34.57206053729346 ], [ -58.375914803138095, -34.572042821235868 ], [ -58.37591869387191, -34.572040400987284 ], [ -58.375934832679839, -34.572030250760641 ], [ -58.375953607118966, -34.572018448300597 ], [ -58.375984593844741, -34.57200082054284 ], [ -58.376017813635919, -34.571980918272551 ], [ -58.376035395227944, -34.571971821028619 ], [ -58.376043645604597, -34.571967551544148 ], [ -58.376043645763964, -34.571967551461668 ], [ -58.37605882644565, -34.571959692860688 ], [ -58.376087011449314, -34.571944107509161 ], [ -58.376094028584518, -34.571940700627735 ], [ -58.376110717710581, -34.571932597906169 ], [ -58.37611729165873, -34.571930951188655 ], [ -58.376121013009019, -34.571930018165965 ], [ -58.376121248455057, -34.571929958839981 ], [ -58.376121249020599, -34.571929958519213 ], [ -58.376170063959265, -34.571902273031967 ], [ -58.376188938538085, -34.571891567642723 ], [ -58.377479716786048, -34.571159469275202 ], [ -58.377479755232024, -34.571159447469185 ], [ -58.37855193759237, -34.570551310915782 ], [ -58.378551973574268, -34.570551290207931 ], [ -58.378581909503914, -34.570533958526973 ], [ -58.378601810817571, -34.570522430471925 ], [ -58.378614873685152, -34.570515626553188 ], [ -58.378615885482724, -34.570515099019175 ], [ -58.378619084420386, -34.570513430894984 ], [ -58.378641756084683, -34.570501620805786 ], [ -58.378684731784467, -34.570480875425645 ], [ -58.378684759041214, -34.570480861923137 ], [ -58.378715095714064, -34.570466977542203 ], [ -58.37871513169037, -34.57046696224289 ], [ -58.378748714191346, -34.570451362885017 ], [ -58.37874876325251, -34.57045133948192 ], [ -58.378748807952064, -34.570451318780052 ], [ -58.378780812114833, -34.570440430978088 ], [ -58.37880508094279, -34.570432174486321 ], [ -58.378843094323983, -34.570421861430397 ], [ -58.378874673105059, -34.570413492796639 ], [ -58.378917913553202, -34.570404564317876 ], [ -58.378919598614495, -34.570404215729198 ], [ -58.378956682252273, -34.570397322908924 ], [ -58.378994297595355, -34.570391581566319 ], [ -58.379016832038545, -34.570389322828269 ], [ -58.379017514541182, -34.570389254419695 ], [ -58.379017653771363, -34.570389240464372 ], [ -58.379058291401286, -34.570385166123607 ], [ -58.379070712327781, -34.570384882632652 ], [ -58.379072692397735, -34.57038483622334 ], [ -58.379075030992929, -34.570384782849892 ], [ -58.379097723863595, -34.570384267565196 ], [ -58.379144622267404, -34.570384189030989 ], [ -58.379159545201325, -34.570384979052058 ], [ -58.3791731605438, -34.570385696056036 ], [ -58.379190311841931, -34.570386601188837 ], [ -58.379190351259133, -34.570386602097294 ], [ -58.37919035216067, -34.570386602118049 ], [ -58.379195256003577, -34.570386966404968 ], [ -58.37922889707216, -34.570389465460174 ], [ -58.379251285902853, -34.5703911241784 ], [ -58.379969317145736, -34.570448107958782 ], [ -58.380361112125392, -34.570479199072089 ], [ -58.380360995338549, -34.570480484427009 ], [ -58.380330613833458, -34.570815133705885 ], [ -58.380506938288235, -34.571043664983947 ], [ -58.380268285935209, -34.571181162423059 ], [ -58.378910228359921, -34.571963580546047 ], [ -58.37842418492999, -34.572243597951982 ], [ -58.378308967269092, -34.57230997543558 ], [ -58.378303226497273, -34.572318531382159 ], [ -58.378303199211452, -34.572318572828799 ], [ -58.378303123911678, -34.572318678243256 ], [ -58.378298874565907, -34.572324449820925 ], [ -58.378297936020289, -34.572327931377039 ], [ -58.378297030293581, -34.572331288559155 ], [ -58.378294447289107, -34.572336942308816 ], [ -58.378291737595752, -34.572342869102336 ], [ -58.378290841838307, -34.572348208527693 ], [ -58.378290089713666, -34.572352687191007 ], [ -58.378254085905141, -34.572661652998598 ], [ -58.378251823432564, -34.572681063635869 ], [ -58.37825185362707, -34.57268137645179 ], [ -58.378252547154844, -34.572688429693684 ], [ -58.378253356084514, -34.572696662982921 ], [ -58.378254982745325, -34.572702345805695 ], [ -58.378256846132118, -34.572708853598328 ], [ -58.378256912366432, -34.572709089818147 ], [ -58.378257060226488, -34.572709429758831 ], [ -58.378257711165141, -34.572710949574912 ], [ -58.378261363233186, -34.572719476447503 ], [ -58.37826137846217, -34.57271950350092 ], [ -58.37826516484084, -34.572726107381662 ], [ -58.37826626712463, -34.572728029891401 ], [ -58.378266306313442, -34.572728098504143 ], [ -58.378266403101193, -34.572728267962624 ], [ -58.378266653427261, -34.572728579129077 ], [ -58.378266685914816, -34.572728619512539 ], [ -58.378266699138976, -34.572728635950746 ], [ -58.378273128161148, -34.572736632473955 ], [ -58.378275537586354, -34.572739102907128 ], [ -58.378282845143588, -34.5727465954946 ], [ -58.378283090082491, -34.572746846261687 ], [ -58.378283127100069, -34.572746879640235 ], [ -58.378283127279637, -34.572746879763436 ], [ -58.378284114786652, -34.572747557327745 ], [ -58.3782842291386, -34.572747635788765 ], [ -58.378286960345676, -34.572749513573065 ], [ -58.378292394421038, -34.57275323393781 ], [ -58.378301641417927, -34.572759215030111 ], [ -58.37830331199828, -34.57276029520051 ], [ -58.378303523281602, -34.572760421547315 ], [ -58.378303574469626, -34.572760451330041 ], [ -58.378313968733224, -34.572766672098162 ], [ -58.378314011218855, -34.572766686550544 ], [ -58.378326953130681, -34.57277095570074 ], [ -58.378327176455429, -34.57277102887172 ], [ -58.37832718886758, -34.572771031733012 ], [ -58.378327215677317, -34.572771037913277 ], [ -58.378327940768749, -34.572771180483691 ], [ -58.378328227854603, -34.572771236931644 ], [ -58.378335436212986, -34.572772654484176 ], [ -58.378335528823513, -34.572772672577173 ], [ -58.378335595285513, -34.5727726852434 ], [ -58.378341257594933, -34.572773798840238 ], [ -58.378353826547219, -34.572776187352915 ], [ -58.378355553469596, -34.572776516673819 ], [ -58.378362523271413, -34.572777837606139 ], [ -58.378383309449028, -34.572778670563203 ], [ -58.37841404652842, -34.572781280838228 ], [ -58.378460273620867, -34.572785769627735 ], [ -58.383529160660011, -34.573190030957804 ], [ -58.383534973325794, -34.573190137518935 ], [ -58.383539236385523, -34.573190213320146 ], [ -58.383540682469004, -34.573190239504974 ], [ -58.383551906785542, -34.573190436138155 ], [ -58.383551938383334, -34.573190441567355 ], [ -58.38355205169912, -34.573190461472791 ], [ -58.383560224675605, -34.573191818951393 ], [ -58.383570421011974, -34.573193512180261 ], [ -58.383580381507855, -34.573197963618298 ], [ -58.383580568866059, -34.573198047573328 ], [ -58.38358058855988, -34.573198059403445 ], [ -58.383580612431395, -34.573198073743121 ], [ -58.383580726805725, -34.573198143336043 ], [ -58.383580821543447, -34.573198200980798 ], [ -58.383581072314627, -34.573198354465539 ], [ -58.383581375906303, -34.573198540279094 ], [ -58.383585559711506, -34.573201100619954 ], [ -58.383589042233965, -34.573203231800342 ], [ -58.383590536151438, -34.573204520913926 ], [ -58.38359138001988, -34.573205248014489 ], [ -58.383595283592463, -34.573208611080275 ], [ -58.383600936490488, -34.573215123969796 ], [ -58.383602947025459, -34.573218621914641 ], [ -58.383605189291885, -34.573222525652561 ], [ -58.383606653663442, -34.573227369971484 ], [ -58.383607485790868, -34.573230123470317 ], [ -58.38360721551107, -34.573240422989358 ], [ -58.383605496741652, -34.573253216710306 ], [ -58.383598391348883, -34.573333329026028 ], [ -58.383593721571081, -34.573386021547165 ], [ -58.383593717179345, -34.573386055798451 ], [ -58.383592594209929, -34.573391164348621 ], [ -58.383591504112076, -34.573396085423603 ], [ -58.383590551777239, -34.573400531536912 ], [ -58.383589934428102, -34.573403385950392 ], [ -58.383589927856832, -34.573403420200286 ], [ -58.383589911451097, -34.573403482387988 ], [ -58.383588665550569, -34.573409510312459 ], [ -58.383588657886094, -34.573409548167362 ], [ -58.383585683090615, -34.573417277756796 ], [ -58.383577427180377, -34.57342514722378 ], [ -58.383570517969389, -34.573429847254097 ], [ -58.383567257467, -34.573432065336959 ], [ -58.383557826587548, -34.573436724056592 ], [ -58.383557461345731, -34.573436904103239 ], [ -58.383557414463667, -34.573436927509668 ], [ -58.383552822402606, -34.573439559172826 ], [ -58.383548118074714, -34.573442255174619 ], [ -58.382527112711379, -34.574022122955263 ], [ -58.382129731582602, -34.574247806290394 ], [ -58.381895994420987, -34.574380550573636 ], [ -58.381895891901522, -34.574380633436434 ], [ -58.381895807924913, -34.574380699184552 ], [ -58.381885823138369, -34.574388816176253 ], [ -58.381885786057097, -34.574388845898568 ], [ -58.381873147817139, -34.574394576847638 ], [ -58.38186579438824, -34.574398676134535 ], [ -58.381865740960379, -34.574398705845915 ], [ -58.381865530519974, -34.57439882289092 ], [ -58.381861600840381, -34.574401013438582 ], [ -58.381856191477397, -34.574404086396299 ], [ -58.381849488925184, -34.574407894955897 ], [ -58.381848235965492, -34.574408498518416 ], [ -58.381846947468986, -34.574409119199331 ], [ -58.381846430547505, -34.574409367654908 ], [ -58.38184487047662, -34.574410117494722 ], [ -58.381840779720591, -34.574412091591988 ], [ -58.38183463870368, -34.57441335489851 ], [ -58.381827388314449, -34.574414600337185 ], [ -58.381822465266573, -34.574415154132382 ], [ -58.381816816352412, -34.57441578676827 ], [ -58.381798844175016, -34.574413174155566 ], [ -58.381793480636503, -34.574412438032596 ], [ -58.381786264423489, -34.574411447637438 ], [ -58.381772016454555, -34.574409490140212 ], [ -58.38016461686594, -34.574281301269814 ], [ -58.379399356530001, -34.574220262705985 ], [ -58.379279920578341, -34.574210735835237 ], [ -58.379279128393861, -34.574210672647361 ], [ -58.379264006840273, -34.574209466489513 ], [ -58.379249065100616, -34.574208274432202 ], [ -58.376118713609067, -34.573958541780407 ], [ -58.377561670461418, -34.574073667940475 ], [ -58.377589236753977, -34.574086915182235 ], [ -58.378760797437288, -34.574785316278209 ], [ -58.379843976727273, -34.575575328147472 ], [ -58.380828343947563, -34.5764493449771 ], [ -58.381704418850617, -34.577398951982232 ], [ -58.382463762927159, -34.578415006349957 ], [ -58.383099060728377, -34.579487725196664 ], [ -58.38360419041549, -34.580606779695039 ], [ -58.383807894148866, -34.581242299163328 ], [ -58.384017800164216, -34.581109813462312 ], [ -58.385246250663023, -34.580481721136316 ], [ -58.386543202997835, -34.579956229189747 ], [ -58.387896170382909, -34.579538396355751 ], [ -58.389292127462518, -34.579232244863526 ], [ -58.390717635580948, -34.579040721768521 ], [ -58.392158972005454, -34.578965670622424 ], [ -58.393602261865205, -34.57900781375416 ], [ -58.395033611544008, -34.579166745330845 ], [ -58.396439242251063, -34.579440935265126 ], [ -58.397805622492058, -34.579827743931169 ], [ -58.39899580571484, -34.580276747116983 ], [ -58.398997142293318, -34.580245378912217 ], [ -58.399189229328329, -34.57906149640322 ], [ -58.399520682114634, -34.577898886366519 ], [ -58.39998830308253, -34.576768744399352 ], [ -58.400587583891472, -34.575681952988404 ], [ -58.401312749035668, -34.574648976759292 ], [ -58.402156811622959, -34.573679761764474 ], [ -58.403111640783379, -34.572783639777107 ], [ -58.404168040053833, -34.571969238509141 ], [ -58.405315835980851, -34.571244398615178 ], [ -58.406543976086787, -34.570616098277711 ], [ -58.407840635256413, -34.570090386096396 ], [ -58.409193329521365, -34.569672322924099 ], [ -58.410589036150512, -34.569365933206434 ], [ -58.412014318894911, -34.569174166290722 ], [ -58.413455457187794, -34.569098868073972 ], [ -58.414898578062768, -34.569140763261402 ], [ -58.416329789528447, -34.569299448404621 ], [ -58.417735314123533, -34.569573395786179 ], [ -58.419101621375276, -34.569959968112784 ], [ -58.420244098623186, -34.570390789002765 ], [ -58.421360649448246, -34.570423141918511 ], [ -58.422791892539045, -34.570581750390829 ], [ -58.424197457394882, -34.570855622226816 ], [ -58.42460149518223, -34.570969913666282 ], [ -58.424909196469514, -34.569889305737355 ], [ -58.425376429284135, -34.568759074575539 ], [ -58.425975321379099, -34.567672166624178 ], [ -58.426700100989123, -34.566639047634411 ], [ -58.427543784930727, -34.565669665036175 ], [ -58.428498245975405, -34.564773352218708 ], [ -58.429554291199359, -34.563958738733014 ], [ -58.430701750552373, -34.563233667277977 ], [ -58.43192957479156, -34.562605118265871 ], [ -58.432537030426609, -34.562358657535619 ], [ -58.432015719264996, -34.561794074753003 ], [ -58.431255941673953, -34.560778337156826 ], [ -58.430620185144733, -34.559705877537951 ], [ -58.430114568797087, -34.558587026314292 ], [ -58.429743957543117, -34.557432560368788 ], [ -58.429511915406692, -34.556253599195635 ], [ -58.429420671398667, -34.555061497761344 ], [ -58.429471098268671, -34.553867737114743 ], [ -58.429662704329935, -34.552683813800662 ], [ -58.429993638426943, -34.551521129142841 ], [ -58.430460707989099, -34.550390879462483 ], [ -58.431059409987945, -34.549303948288831 ], [ -58.43178397449158, -34.548270801598441 ], [ -58.432627420389878, -34.547301387089888 ], [ -58.433581622747433, -34.546405038461586 ], [ -58.434637391131247, -34.54559038561122 ], [ -58.435784558155703, -34.54486527161842 ], [ -58.437012077390612, -34.544236677306543 ], [ -58.438308129689858, -34.54371065410654 ], [ -58.439660236918854, -34.543292265865603 ], [ -58.441055381989088, -34.542985540158057 ], [ -58.442480134049163, -34.542793429564149 ], [ -58.443920777633132, -34.542717783287038 ], [ -58.445363444530152, -34.542759329379614 ], [ -58.446794247113409, -34.542917667750608 ], [ -58.448199411853629, -34.543191274017019 ], [ -58.449565411739854, -34.543577514165371 ], [ -58.450879096340977, -34.544072669881849 ], [ -58.451472197485444, -34.54435732214742 ], [ -58.452038812654479, -34.543705789299288 ], [ -58.452992761606971, -34.542809294670114 ], [ -58.454048290474908, -34.541994479354706 ], [ -58.455195234174468, -34.541269187997472 ], [ -58.456422548421301, -34.540640403129473 ], [ -58.457718416038674, -34.540114178015791 ], [ -58.459070360666139, -34.539695578446626 ], [ -58.460465366777093, -34.539388634029493 ], [ -58.461890004855057, -34.539196299448498 ], [ -58.463330560529229, -34.539120426061245 ], [ -58.464773166433602, -34.539161744104874 ], [ -58.466203935527957, -34.539319855681377 ], [ -58.467609094605713, -34.539593238588907 ], [ -58.468975116711533, -34.539979260962248 ], [ -58.470288851202305, -34.540474206582275 ], [ -58.471537650207104, -34.541073310611928 ], [ -58.472709490275037, -34.541770805416647 ], [ -58.473793088046136, -34.542559976030631 ], [ -58.474778008835415, -34.54343322473774 ], [ -58.475654767087782, -34.544382144148344 ], [ -58.476414917737877, -34.545397598072192 ], [ -58.477051137594252, -34.546469809411867 ], [ -58.477209861262146, -34.546820603262148 ], [ -58.477342997833539, -34.546497923333554 ], [ -58.477941055461308, -34.545410777732251 ], [ -58.47866499804401, -34.544377367699838 ], [ -58.479507850451604, -34.543407643474985 ], [ -58.480461493453802, -34.542510941741554 ], [ -58.481516741993246, -34.541695895799144 ], [ -58.482077467796842, -34.541341112080623 ], [ -58.482559051395377, -34.541553746614795 ], [ -58.481961550500273, -34.541289930440932 ] ], [ [ -58.426571983003114, -34.551819406665459 ], [ -58.426574842020905, -34.551825005421158 ], [ -58.426500542199904, -34.551809543541722 ], [ -58.426571983003114, -34.551819406665459 ] ], [ [ -58.39918379292282, -34.56995663741251 ], [ -58.399221854216037, -34.569936939437383 ], [ -58.39923149081477, -34.569932357134711 ], [ -58.399239683201998, -34.569928461577625 ], [ -58.399218428678779, -34.569939176575666 ], [ -58.39918379292282, -34.56995663741251 ] ] ], [ [ [ -58.360474541474233, -34.595559351777354 ], [ -58.360432839572226, -34.595540454247221 ], [ -58.360388067122344, -34.595520165249823 ], [ -58.360354785565811, -34.595482163104364 ], [ -58.360338068871513, -34.595472943029598 ], [ -58.360334483220392, -34.595470988006198 ], [ -58.360333536936395, -34.595468346072558 ], [ -58.360323397951916, -34.595436996820446 ], [ -58.36033521523229, -34.595345059876408 ], [ -58.360371033943338, -34.595222397451536 ], [ -58.360365439481107, -34.595159054266148 ], [ -58.360342262072834, -34.595110328333348 ], [ -58.360377882175861, -34.595082212029162 ], [ -58.361103439856102, -34.595127600813271 ], [ -58.361037133229388, -34.595123453044643 ], [ -58.361055504937958, -34.595102380258304 ], [ -58.361103466490967, -34.595105851481527 ], [ -58.360370181595115, -34.595052777801392 ], [ -58.360315359783677, -34.595076758116406 ], [ -58.360283668071865, -34.595048320299547 ], [ -58.360230681327501, -34.59502253452947 ], [ -58.360230392477717, -34.595022525271247 ], [ -58.360226512070284, -34.595022403163398 ], [ -58.360182235184048, -34.595021009858968 ], [ -58.360132581435479, -34.595016710470553 ], [ -58.360061271539763, -34.594998540579319 ], [ -58.359862991990767, -34.594998372670176 ], [ -58.359518205463516, -34.594970048384702 ], [ -58.359307695228075, -34.59494840359153 ], [ -58.359204044770877, -34.59494713074784 ], [ -58.358860872964726, -34.594920602518222 ], [ -58.358759344560774, -34.594934360534182 ], [ -58.358725346735426, -34.594951308799615 ], [ -58.358694151899087, -34.594961766510451 ], [ -58.358661461945829, -34.594968405406014 ], [ -58.358627958329244, -34.594971087250556 ], [ -58.358594335479971, -34.594969756751063 ], [ -58.358571995649761, -34.594964086561575 ], [ -58.358550401384498, -34.594956700699093 ], [ -58.358485543889273, -34.594929813259483 ], [ -58.358265498628477, -34.594916605710637 ], [ -58.35779591189943, -34.594888419390188 ], [ -58.357641476837657, -34.594879149231481 ], [ -58.357068123347553, -34.594844730010188 ], [ -58.356547210296334, -34.594813457580493 ], [ -58.355827492031807, -34.594770245334452 ], [ -58.35494423244176, -34.594717208767392 ], [ -58.354149175094832, -34.594669463069387 ], [ -58.353810280615768, -34.594720634312928 ], [ -58.353736956635146, -34.5947317055792 ], [ -58.350964857912153, -34.595150238803868 ], [ -58.350941153113112, -34.595191239821332 ], [ -58.350953829267958, -34.595201745854325 ], [ -58.350956829112945, -34.595194682463699 ], [ -58.350957879632169, -34.595192208926349 ], [ -58.354117449274753, -34.594707161932625 ], [ -58.354125755818892, -34.594707668466548 ], [ -58.354159320845667, -34.594709715259683 ], [ -58.354650256940026, -34.594739639793865 ], [ -58.356588834547935, -34.594857788096412 ], [ -58.356675931795124, -34.594863095185467 ], [ -58.356685018144773, -34.594863272591901 ], [ -58.356694038136304, -34.594864198120511 ], [ -58.356707385360615, -34.594867008697584 ], [ -58.356720065574748, -34.594871452970011 ], [ -58.356731790047753, -34.594877429726523 ], [ -58.356742288625313, -34.594884801715196 ], [ -58.356743163541594, -34.594885634789357 ], [ -58.356744174283108, -34.594886597192996 ], [ -58.356797105257904, -34.594915879243608 ], [ -58.356852738786486, -34.59494150475394 ], [ -58.356825218536294, -34.594936359762237 ], [ -58.356797115572633, -34.594934274585839 ], [ -58.356768926904628, -34.594935285715174 ], [ -58.356756402318815, -34.594956639400138 ], [ -58.35673071146801, -34.594963202760994 ], [ -58.356706229381906, -34.594972394819528 ], [ -58.356578986398375, -34.595013486734999 ], [ -58.356488933776454, -34.595034505902269 ], [ -58.356448889120522, -34.595043852693841 ], [ -58.356316757679238, -34.595067454257482 ], [ -58.356258461928071, -34.595084646449898 ], [ -58.356220307285142, -34.595088784759533 ], [ -58.35614849504389, -34.595096573115022 ], [ -58.356039824669161, -34.595114911738676 ], [ -58.355937112463614, -34.595125596119246 ], [ -58.355832668339055, -34.595156450023111 ], [ -58.355731127858206, -34.595193345928699 ], [ -58.355442081070279, -34.595316208897991 ], [ -58.35538788897609, -34.595359543753943 ], [ -58.35533665974372, -34.595405275385382 ], [ -58.355288547247476, -34.595453266915875 ], [ -58.355204483559604, -34.595546045317647 ], [ -58.355113999316131, -34.595634597507278 ], [ -58.355017405567835, -34.595718620868695 ], [ -58.35496455147652, -34.595759512964051 ], [ -58.354915031884516, -34.595797825422224 ], [ -58.354860196757471, -34.595835525011005 ], [ -58.35485934554756, -34.59583611022417 ], [ -58.354807228525893, -34.595871941038183 ], [ -58.354694366444953, -34.595940714732762 ], [ -58.35454564185904, -34.596015796070155 ], [ -58.354400336158236, -34.596095325190632 ], [ -58.354282354461148, -34.596165161479618 ], [ -58.354258644588093, -34.596179195912804 ], [ -58.354120755865893, -34.59626729483869 ], [ -58.353986856536089, -34.596359504963203 ], [ -58.353952618617939, -34.596376316464955 ], [ -58.353546295237642, -34.596635063762101 ], [ -58.353442385181246, -34.596696980007735 ], [ -58.353300858521749, -34.59685187913604 ], [ -58.353052566631099, -34.597044841595142 ], [ -58.353040117800866, -34.597068125805102 ], [ -58.352894898143617, -34.597339714759947 ], [ -58.352815480404992, -34.597488240522551 ], [ -58.352639312881102, -34.597664572158017 ], [ -58.352388019658399, -34.597943390979623 ], [ -58.352111007060167, -34.598040924258207 ], [ -58.351963740933591, -34.598171966738754 ], [ -58.351793286807457, -34.598386462246076 ], [ -58.351637343032621, -34.598534190731705 ], [ -58.351530493706299, -34.598634263439671 ], [ -58.351331301508203, -34.598770026992526 ], [ -58.351158047783926, -34.598920124132519 ], [ -58.350950204345743, -34.599053493941824 ], [ -58.350854968234508, -34.599096336441988 ], [ -58.350783471507299, -34.599122123650389 ], [ -58.350678243795869, -34.599166033666833 ], [ -58.350589419936099, -34.599243962516802 ], [ -58.350497054921455, -34.599296347136729 ], [ -58.350459893147125, -34.59934414673473 ], [ -58.350326587176497, -34.59951561086168 ], [ -58.350306409305595, -34.59953097945116 ], [ -58.350213986690861, -34.599601367901002 ], [ -58.350014622745853, -34.599861149449893 ], [ -58.349878920188104, -34.599965964219621 ], [ -58.349737391102323, -34.600113703630079 ], [ -58.349558405128676, -34.600232787819117 ], [ -58.349350612329161, -34.600325609863951 ], [ -58.348778822649223, -34.600840238004764 ], [ -58.348614322684028, -34.600909248691259 ], [ -58.34857453663146, -34.600953623437022 ], [ -58.348416988319194, -34.601029508323705 ], [ -58.348331896620486, -34.601074702985514 ], [ -58.348263579920356, -34.601110987526098 ], [ -58.348148387949941, -34.601196206547471 ], [ -58.348004123397843, -34.601288400234864 ], [ -58.347900891126244, -34.601415857416931 ], [ -58.347792581484661, -34.601523080899526 ], [ -58.347615073290861, -34.601612350886171 ], [ -58.347493774027683, -34.601726716366542 ], [ -58.347362694039951, -34.601822062351211 ], [ -58.347303068874943, -34.601886674568085 ], [ -58.347248713610867, -34.601935403310947 ], [ -58.34722214626828, -34.601964192881418 ], [ -58.347117948037088, -34.602087913876339 ], [ -58.347033309241127, -34.602233164040292 ], [ -58.34686305339833, -34.602315541251578 ], [ -58.346824374291039, -34.602338720178487 ], [ -58.346766258328856, -34.602431523087567 ], [ -58.346751425989424, -34.602724865718365 ], [ -58.346721052602881, -34.602755945657549 ], [ -58.346660375633057, -34.602818032564301 ], [ -58.346656355574048, -34.602866460561977 ], [ -58.346673984551003, -34.602881513753509 ], [ -58.346674558221174, -34.602882111944233 ], [ -58.34667524485819, -34.602882827194748 ], [ -58.346710792747139, -34.602906088325234 ], [ -58.346727892160146, -34.603053975632406 ], [ -58.346661335687671, -34.60320893757445 ], [ -58.346646837418191, -34.603263779711256 ], [ -58.346588903121358, -34.603440215397242 ], [ -58.346631955560866, -34.60359289784838 ], [ -58.346568318646362, -34.603721627551749 ], [ -58.346539174912088, -34.603936250607084 ], [ -58.346547717340606, -34.604014964575086 ], [ -58.346472452627637, -34.604208078821287 ], [ -58.346481002790476, -34.604282022476795 ], [ -58.34639417373252, -34.604494205975243 ], [ -58.346365135166081, -34.604632508437511 ], [ -58.346337571605879, -34.604721722702841 ], [ -58.346334927643397, -34.604733630654401 ], [ -58.346333488176967, -34.604734939415067 ], [ -58.346321672412088, -34.604773183123292 ], [ -58.346244056218609, -34.604816250700345 ], [ -58.346180182435276, -34.604882757551664 ], [ -58.346156561510227, -34.604914720902421 ], [ -58.346116222250195, -34.60495812238107 ], [ -58.346097921078552, -34.604979686775621 ], [ -58.346083612135814, -34.604998126042254 ], [ -58.346107622760847, -34.6050255901675 ], [ -58.346119602036353, -34.605044668531768 ], [ -58.346112362324128, -34.60506553037817 ], [ -58.346091498925823, -34.605083233590108 ], [ -58.346096208681352, -34.605114023936309 ], [ -58.346101907976532, -34.605122424502611 ], [ -58.346112282750489, -34.605122174700966 ], [ -58.346117306798035, -34.605138874745975 ], [ -58.346131695197926, -34.605162738362658 ], [ -58.346132246285862, -34.605167142100733 ], [ -58.346148020973423, -34.605190393411952 ], [ -58.346136225731442, -34.605374028597026 ], [ -58.34617365980116, -34.605419379874697 ], [ -58.346158923032206, -34.605643557246538 ], [ -58.346124108819616, -34.605786624399009 ], [ -58.346115136664544, -34.606013192447612 ], [ -58.34608904984632, -34.606103798053731 ], [ -58.346068583669414, -34.606299348869896 ], [ -58.345985250386633, -34.606474836077041 ], [ -58.34597447501254, -34.606509556297894 ], [ -58.345950220086877, -34.606550975838132 ], [ -58.345880515665137, -34.60670939113966 ], [ -58.345744693655057, -34.606888136497616 ], [ -58.345626250889573, -34.607014427658868 ], [ -58.345207686971897, -34.60723582955022 ], [ -58.34515977017395, -34.607283738757232 ], [ -58.345112363135449, -34.607331138212373 ], [ -58.344930456848424, -34.607459752354167 ], [ -58.344780365136714, -34.607528771756755 ], [ -58.344705506102407, -34.607586324136527 ], [ -58.344682900741581, -34.607598448457267 ], [ -58.344607118748037, -34.607652624406342 ], [ -58.344003832702562, -34.607947777717797 ], [ -58.343611059093561, -34.60828129455787 ], [ -58.343455150848627, -34.608381311873664 ], [ -58.343227060097902, -34.608528958442122 ], [ -58.343059570798367, -34.608657584852118 ], [ -58.342684097364994, -34.608991115709749 ], [ -58.342630363977783, -34.609034430036672 ], [ -58.342482098348945, -34.609153946169954 ], [ -58.342429959102255, -34.609195975213844 ], [ -58.342211261193881, -34.609368265885045 ], [ -58.342025722111231, -34.60946985106024 ], [ -58.341722428498485, -34.609753365013219 ], [ -58.341620078405832, -34.609802835479329 ], [ -58.341614898405673, -34.609800252918276 ], [ -58.341525361950936, -34.609839294683582 ], [ -58.341471292246815, -34.609874750354628 ], [ -58.341413160925747, -34.609931395236707 ], [ -58.341286367918762, -34.610086832009159 ], [ -58.341246697721331, -34.610143971220602 ], [ -58.341222944073408, -34.610212158828212 ], [ -58.341045793618157, -34.61043936289736 ], [ -58.341014887054563, -34.610461899880313 ], [ -58.341014239323265, -34.610479832084934 ], [ -58.340867247327061, -34.61066835461807 ], [ -58.340819019937669, -34.610884614602078 ], [ -58.340798680324319, -34.610984765396736 ], [ -58.340743507916464, -34.61123275105767 ], [ -58.340708718867582, -34.6113507741943 ], [ -58.340552185352045, -34.611869356999293 ], [ -58.340426144168539, -34.612248447591604 ], [ -58.340339287850021, -34.612463010704701 ], [ -58.340278265965004, -34.61276346094607 ], [ -58.340173836510914, -34.613156882147891 ], [ -58.340058003207155, -34.613670269780563 ], [ -58.339982698155211, -34.613875304530552 ], [ -58.339941666113369, -34.614311720536662 ], [ -58.33994418058527, -34.614562149167753 ], [ -58.33986582955643, -34.614874506451457 ], [ -58.339851151763966, -34.615046212022257 ], [ -58.339851127757683, -34.615667819153693 ], [ -58.339877074647781, -34.616099724457079 ], [ -58.339971774119846, -34.616256791592754 ], [ -58.339986428055923, -34.616281095150285 ], [ -58.340142000551751, -34.616421968370844 ], [ -58.340289668420631, -34.616549612098048 ], [ -58.340450282432997, -34.616688445789968 ], [ -58.340450987066312, -34.616688993661036 ], [ -58.340671584765069, -34.616860389717857 ], [ -58.340673313008573, -34.616861822007458 ], [ -58.340718261518056, -34.616899073260988 ], [ -58.340762061219849, -34.616908776612554 ], [ -58.340854933601385, -34.616943894743883 ], [ -58.341152786234453, -34.617021385765312 ], [ -58.341255305870021, -34.617036878147907 ], [ -58.341542032685098, -34.617062811011081 ], [ -58.341725841023681, -34.617073094053559 ], [ -58.342094203358094, -34.617077281784944 ], [ -58.342278282976494, -34.617071180594607 ], [ -58.342461980079101, -34.617059625038557 ], [ -58.342636340341592, -34.617084346575901 ], [ -58.34272114141455, -34.617105348817958 ], [ -58.34288322348943, -34.617163953866672 ], [ -58.343031784688712, -34.617243358781138 ], [ -58.343261158594494, -34.617318178611193 ], [ -58.343493487340851, -34.617386486191556 ], [ -58.343728499489451, -34.617448201913994 ], [ -58.343977148368957, -34.61752059136397 ], [ -58.344261875090218, -34.617603483422663 ], [ -58.344636321410505, -34.617710099359485 ], [ -58.344862487949804, -34.617732454686866 ], [ -58.34501367634897, -34.617718569721148 ], [ -58.34527956501875, -34.617614461742839 ], [ -58.345398051357591, -34.617548713834879 ], [ -58.345532162922453, -34.617508399618451 ], [ -58.345674058838902, -34.617495876899376 ], [ -58.345805293816639, -34.617534852070598 ], [ -58.34594355622442, -34.617549839301915 ], [ -58.346082509602645, -34.617540152826969 ], [ -58.346185443121648, -34.617553971094495 ], [ -58.34672340969373, -34.617431355926399 ], [ -58.347025913499806, -34.617389633455815 ], [ -58.347179081913751, -34.617360960462996 ], [ -58.347292600510315, -34.617310396168833 ], [ -58.347292916158445, -34.617309104109836 ], [ -58.347297728882651, -34.617309076941716 ], [ -58.347423345420808, -34.617280617727758 ], [ -58.347499298869948, -34.617250965548344 ], [ -58.347537963210826, -34.617217945395616 ], [ -58.347610208518134, -34.617188167034911 ], [ -58.347610952549552, -34.617170572035739 ], [ -58.347643676623854, -34.617153316546329 ], [ -58.34772449892008, -34.617120003670792 ], [ -58.347814024645857, -34.617050922549495 ], [ -58.347923704583131, -34.61701048138945 ], [ -58.347932229556875, -34.617011496337085 ], [ -58.348004466178494, -34.61702009836565 ], [ -58.348008558259664, -34.617019256701674 ], [ -58.348119892937788, -34.616996356746128 ], [ -58.348223779601348, -34.616972605033432 ], [ -58.348298841348118, -34.616932130875149 ], [ -58.348396941439582, -34.616920297534769 ], [ -58.348403399734813, -34.616920885934398 ], [ -58.348537526023989, -34.616933111935822 ], [ -58.348540019598886, -34.616932324638213 ], [ -58.348570028673187, -34.616922845594267 ], [ -58.348653694942065, -34.616918153938911 ], [ -58.348656126770194, -34.61691865921626 ], [ -58.348745983450712, -34.61693732097752 ], [ -58.348760174326344, -34.616938236918543 ], [ -58.348853264339169, -34.616944245312737 ], [ -58.348853416100724, -34.616945885342886 ], [ -58.348918024943885, -34.616976361762617 ], [ -58.349009046778612, -34.616982467739774 ], [ -58.349172896827994, -34.616985631468459 ], [ -58.349212908882691, -34.617015772236577 ], [ -58.349318462684472, -34.617045974246253 ], [ -58.349416750593107, -34.617064128044909 ], [ -58.349485912988342, -34.617079244260921 ], [ -58.349489517216576, -34.617106340631601 ], [ -58.349540412005055, -34.617166594786333 ], [ -58.349627776466633, -34.617184738228119 ], [ -58.349707854438478, -34.617205885157077 ], [ -58.349751487510261, -34.617251080790254 ], [ -58.3498533760146, -34.617299340929769 ], [ -58.349973429821752, -34.617377721201308 ], [ -58.350049862756343, -34.617401874853364 ], [ -58.350071624243583, -34.61746511206929 ], [ -58.350166238909999, -34.617507344526679 ], [ -58.350177093160582, -34.61755853027104 ], [ -58.350184224515694, -34.617669919241997 ], [ -58.350227837676762, -34.617730166353184 ], [ -58.350187645226519, -34.61783248044653 ], [ -58.35015847036518, -34.617865567064698 ], [ -58.350143856370941, -34.617901677516571 ], [ -58.350158335565283, -34.617964907956996 ], [ -58.350187387947351, -34.618022131240764 ], [ -58.350179958421521, -34.618130496367819 ], [ -58.350205394118397, -34.618169654289758 ], [ -58.350225213841284, -34.618211169556211 ], [ -58.350227567751034, -34.6182112771519 ], [ -58.35015181120184, -34.618252333468007 ], [ -58.350051250117836, -34.618237565952711 ], [ -58.34999319121858, -34.618204344518318 ], [ -58.349927098544349, -34.618166526073608 ], [ -58.349799820385449, -34.61822021253063 ], [ -58.349847367733275, -34.618323104178614 ], [ -58.349867660405657, -34.618367017654855 ], [ -58.349869389929019, -34.618368449815229 ], [ -58.349917894989972, -34.618408640509877 ], [ -58.349988834172756, -34.618452729028689 ], [ -58.350107122028433, -34.618484632796878 ], [ -58.35010713559965, -34.618484714161511 ], [ -58.350107290749605, -34.618485644345725 ], [ -58.350112509160766, -34.618516968093999 ], [ -58.350121104702907, -34.618568553818619 ], [ -58.350121794170526, -34.618572691621935 ], [ -58.349977939386463, -34.618646085029255 ], [ -58.349973676866021, -34.618721740780657 ], [ -58.350254631862178, -34.618783143812728 ], [ -58.350256142691585, -34.618781025976475 ], [ -58.350343548913322, -34.618658495914474 ], [ -58.350414561380859, -34.618648779446879 ], [ -58.350536010657457, -34.618531498155114 ], [ -58.350545952923078, -34.618532772035977 ], [ -58.350728266000246, -34.618556133020881 ], [ -58.350692664037602, -34.61863191582114 ], [ -58.350550589568016, -34.61868803584953 ], [ -58.350523354388287, -34.618722022922178 ], [ -58.350521060620565, -34.618724885337961 ], [ -58.35051779422021, -34.618728961511351 ], [ -58.350402792031929, -34.618846138774437 ], [ -58.350375709481021, -34.618939780164041 ], [ -58.350440051016257, -34.619001979082 ], [ -58.350446616253834, -34.619008325685492 ], [ -58.350446908318979, -34.619008369638451 ], [ -58.350573808731738, -34.619027466832812 ], [ -58.35057509732588, -34.619028833120993 ], [ -58.350591607127917, -34.619046338353797 ], [ -58.350671279844697, -34.619130814667891 ], [ -58.35067128215902, -34.619130817121736 ], [ -58.350681457360139, -34.619168874228791 ], [ -58.350683055241348, -34.619174850592536 ], [ -58.350830964245553, -34.619179879048218 ], [ -58.351038300258082, -34.619197648598465 ], [ -58.351152791133231, -34.619215496536093 ], [ -58.351224318057554, -34.619228918596718 ], [ -58.351251920825483, -34.619297632083274 ], [ -58.351257519667705, -34.619314678536945 ], [ -58.351258207582944, -34.619316772990018 ], [ -58.351265711970676, -34.619339621129384 ], [ -58.351271339325592, -34.619356657708337 ], [ -58.351230996377438, -34.61935718133558 ], [ -58.351201454307962, -34.619361931713264 ], [ -58.351155838654954, -34.619377648395016 ], [ -58.350874159219387, -34.619474698207512 ], [ -58.350873363975758, -34.619474972407396 ], [ -58.350880395430558, -34.619618318928957 ], [ -58.350776889912275, -34.619675889643894 ], [ -58.350776767970167, -34.61967595746912 ], [ -58.350687862603237, -34.619558463709957 ], [ -58.350687826500227, -34.619558415997609 ], [ -58.350173922789729, -34.619737976677065 ], [ -58.350165015600595, -34.61974108887015 ], [ -58.349748772330827, -34.619779091901329 ], [ -58.349743033171364, -34.619779615876688 ], [ -58.349741550078299, -34.619779751280461 ], [ -58.349578237559811, -34.61979466131406 ], [ -58.349578105669231, -34.619794673355266 ], [ -58.349073180660831, -34.619647772407717 ], [ -58.348321265140108, -34.619058222181962 ], [ -58.347854052363495, -34.618969591499088 ], [ -58.347295465430797, -34.618939671964839 ], [ -58.347295323990508, -34.618939664388563 ], [ -58.346568791255329, -34.619106928896258 ], [ -58.34656868881185, -34.61910695248077 ], [ -58.346380827100468, -34.619043779610173 ], [ -58.345974708625555, -34.618858610517904 ], [ -58.345202645522804, -34.618820069940199 ], [ -58.344601251276018, -34.619003240511617 ], [ -58.344548532456137, -34.619059141193127 ], [ -58.344582754576024, -34.619337743610707 ], [ -58.344681577702026, -34.619631672565362 ], [ -58.345198266399038, -34.619836330838432 ], [ -58.345452083830686, -34.619876644372603 ], [ -58.345922912148218, -34.619568279403794 ], [ -58.346243244240256, -34.61935021215357 ], [ -58.3463297880973, -34.619215910724868 ], [ -58.346334177212029, -34.619217286321515 ], [ -58.346334207633575, -34.619217241851196 ], [ -58.346339028179955, -34.619210195573778 ], [ -58.346567516110056, -34.619281805910063 ], [ -58.346899331578399, -34.619628154273506 ], [ -58.346903218513077, -34.619632211663237 ], [ -58.347156703355886, -34.61999361125477 ], [ -58.347105126909042, -34.620552097475262 ], [ -58.346972436767921, -34.620992920733528 ], [ -58.346585691901524, -34.62147549539494 ], [ -58.34645868588963, -34.621623948336264 ], [ -58.346517664813433, -34.621994660029308 ], [ -58.346468675496396, -34.622077176750587 ], [ -58.346381341106905, -34.622228165415244 ], [ -58.346321698195609, -34.622331751534645 ], [ -58.346283345662336, -34.62240549405287 ], [ -58.34620240481383, -34.622542435599307 ], [ -58.346185365983793, -34.622570526371717 ], [ -58.34609661474969, -34.622655922645677 ], [ -58.346067530051386, -34.622684097377096 ], [ -58.346027139903285, -34.622816998846133 ], [ -58.346043094965268, -34.622906749488067 ], [ -58.345938646733281, -34.622959746345174 ], [ -58.345938492763253, -34.622959824469199 ], [ -58.345925762403553, -34.622910154882298 ], [ -58.345942723632362, -34.622810270601526 ], [ -58.345962900075932, -34.62275711443521 ], [ -58.345966088617438, -34.622705842116112 ], [ -58.345952410521399, -34.622667932425067 ], [ -58.345952338185398, -34.622656394200447 ], [ -58.345952251127905, -34.622642507763821 ], [ -58.345938355995393, -34.622620908127949 ], [ -58.345940153003014, -34.622580614648093 ], [ -58.345947148715894, -34.622557596446086 ], [ -58.345938495855172, -34.622537827225493 ], [ -58.345935024269153, -34.622514411343019 ], [ -58.345922055958901, -34.622485873477025 ], [ -58.34592986000942, -34.622472672500898 ], [ -58.345947278368811, -34.62246549323519 ], [ -58.345945623175588, -34.622405049729515 ], [ -58.345979855821327, -34.622355793995126 ], [ -58.345982074603448, -34.622312263010386 ], [ -58.345982092934143, -34.622311903374843 ], [ -58.345980432599944, -34.62231088407718 ], [ -58.345970352938359, -34.622304696059423 ], [ -58.34595790544283, -34.622304329360396 ], [ -58.345957732094647, -34.622304324253626 ], [ -58.345944250307774, -34.622298195159509 ], [ -58.345931497316073, -34.622296426011694 ], [ -58.345931196422086, -34.622296384270413 ], [ -58.345913812039456, -34.622279457832633 ], [ -58.345872858405393, -34.622279776565875 ], [ -58.345872685026443, -34.622279777915232 ], [ -58.345879666545613, -34.622266832152896 ], [ -58.345879837728539, -34.622266839516364 ], [ -58.345890838081289, -34.622267312697538 ], [ -58.345898937079333, -34.622267661076059 ], [ -58.345900632092594, -34.622267252445397 ], [ -58.345909435727876, -34.622265130080869 ], [ -58.34590949557613, -34.622265157309549 ], [ -58.345913405791123, -34.622266936308577 ], [ -58.345933605282632, -34.622276126305373 ], [ -58.345933778655748, -34.62227612647218 ], [ -58.345940404998508, -34.622276132847432 ], [ -58.34594253509308, -34.622275003677046 ], [ -58.345949932377181, -34.622271082350991 ], [ -58.345961494839685, -34.622268845335753 ], [ -58.34596155696196, -34.622268867029341 ], [ -58.345965588186054, -34.622270274765697 ], [ -58.345974408623881, -34.622273354933924 ], [ -58.345975303532782, -34.622274495977756 ], [ -58.345983232651392, -34.622284605912448 ], [ -58.345987304215775, -34.622290793559166 ], [ -58.345996138528349, -34.622294737648062 ], [ -58.346010417089886, -34.622296437030435 ], [ -58.346010534847984, -34.622296430660477 ], [ -58.34601058934819, -34.622296427712371 ], [ -58.346018206419807, -34.622296015676184 ], [ -58.346020617456283, -34.622295885253997 ], [ -58.346031506138907, -34.622289711991087 ], [ -58.34604035943137, -34.622280163662523 ], [ -58.34604988601339, -34.622275675642683 ], [ -58.346050059386513, -34.622275675809306 ], [ -58.34606131010306, -34.622275686622757 ], [ -58.346061423504338, -34.622275686731726 ], [ -58.346063369863053, -34.622275688602329 ], [ -58.34606348544515, -34.622275688713437 ], [ -58.34606893205936, -34.62227175925603 ], [ -58.346070301270906, -34.622265014355598 ], [ -58.346070321823348, -34.622250398775329 ], [ -58.346072373812255, -34.62224196887837 ], [ -58.346070340795137, -34.622236907262383 ], [ -58.34606558565708, -34.622232968000667 ], [ -58.346049948472547, -34.622231266417437 ], [ -58.346036796728598, -34.622221359099846 ], [ -58.346035004048481, -34.622220008658836 ], [ -58.346049309968485, -34.622201472118263 ], [ -58.346061552336707, -34.622200358914526 ], [ -58.346061579576812, -34.622200372463034 ], [ -58.346063344736137, -34.622201250407166 ], [ -58.346078539753741, -34.622208808010093 ], [ -58.346078595494056, -34.622208749502541 ], [ -58.346082204368599, -34.622204961463844 ], [ -58.34608603093703, -34.622200944923271 ], [ -58.346082770011243, -34.622189018719261 ], [ -58.346082648471402, -34.622188574210725 ], [ -58.346065181064397, -34.622177833438244 ], [ -58.346064202903897, -34.622177231963619 ], [ -58.346057753400586, -34.62217009189952 ], [ -58.346057487412004, -34.622169797430999 ], [ -58.346050046510832, -34.622161559816121 ], [ -58.346049375590937, -34.622154813856227 ], [ -58.34605483217738, -34.622143013222235 ], [ -58.346049254024678, -34.622137157840569 ], [ -58.346046159293628, -34.622133909303834 ], [ -58.346044647642508, -34.622132322524713 ], [ -58.34603129225097, -34.622141776384019 ], [ -58.346014060557877, -34.622140335571636 ], [ -58.346013886114399, -34.6221403209857 ], [ -58.345990266812969, -34.622118778709016 ], [ -58.345996400346991, -34.622108666184069 ], [ -58.346018847790845, -34.622103628105577 ], [ -58.346018875732781, -34.622103660795723 ], [ -58.34602015320948, -34.622105155355641 ], [ -58.346030389178139, -34.622117130732768 ], [ -58.346030933150708, -34.622117187509772 ], [ -58.346041267556714, -34.622118266160456 ], [ -58.34604130034085, -34.622118251850694 ], [ -58.346043462641958, -34.622117308041126 ], [ -58.346052833949692, -34.622113217615812 ], [ -58.346055578992676, -34.622095794030756 ], [ -58.346042894262141, -34.622084327872393 ], [ -58.346040637754164, -34.622082288137804 ], [ -58.346048136045837, -34.6220693653976 ], [ -58.346065143497768, -34.622064322982929 ], [ -58.346068574177252, -34.622042401977758 ], [ -58.34609020951131, -34.622028649993744 ], [ -58.346098070823437, -34.622012673593026 ], [ -58.346079266766267, -34.622006607907785 ], [ -58.346069654370154, -34.622001877058231 ], [ -58.34606929069313, -34.622001698070434 ], [ -58.346062556034553, -34.621998383531192 ], [ -58.346038176618372, -34.621971705276316 ], [ -58.346036822290081, -34.62197022324203 ], [ -58.346021858634032, -34.621953848587644 ], [ -58.345979625763434, -34.621948999810641 ], [ -58.345942981800214, -34.621931308476995 ], [ -58.345924286430552, -34.621926995511508 ], [ -58.34592417534104, -34.621926969883489 ], [ -58.345911626347331, -34.62193214186631 ], [ -58.345902725277689, -34.62194466121575 ], [ -58.345886091769934, -34.621948941211414 ], [ -58.345885996930349, -34.621948965614727 ], [ -58.345864059241855, -34.621942032419611 ], [ -58.34584057244151, -34.621921705353152 ], [ -58.345837984944552, -34.621903126427611 ], [ -58.34582442118186, -34.62188712941181 ], [ -58.34581249639259, -34.621881971543182 ], [ -58.345812409097285, -34.621881933785055 ], [ -58.34579672279105, -34.621888830753846 ], [ -58.345787826579084, -34.621897894962224 ], [ -58.345795623521958, -34.621926846122044 ], [ -58.345813370561352, -34.621935507819956 ], [ -58.345813968597859, -34.621936388384917 ], [ -58.345827459751405, -34.621956253114455 ], [ -58.3458269174916, -34.62196964496794 ], [ -58.345809814371627, -34.62197990286419 ], [ -58.34580965831411, -34.621979996462414 ], [ -58.345806028052749, -34.621960120292087 ], [ -58.345795782678678, -34.621951630779051 ], [ -58.34579096549119, -34.621947639164404 ], [ -58.345790891430873, -34.621947577796568 ], [ -58.34578043088154, -34.621954048017557 ], [ -58.345772416204369, -34.621982090639086 ], [ -58.345791712100898, -34.621995048190378 ], [ -58.345791772386264, -34.621995360184101 ], [ -58.34579402648265, -34.622007025765399 ], [ -58.345802700812989, -34.622018556885195 ], [ -58.345802834546788, -34.622018734662639 ], [ -58.345804291769575, -34.622019806250918 ], [ -58.345816141024301, -34.622028519757365 ], [ -58.345816186544155, -34.622028714507991 ], [ -58.345817299671147, -34.622033476872488 ], [ -58.345807629370739, -34.622043239837403 ], [ -58.345800951468753, -34.622055071735183 ], [ -58.345789166949984, -34.622058601155608 ], [ -58.345784972982237, -34.62206810077123 ], [ -58.345786496516098, -34.62209963836694 ], [ -58.345770279340471, -34.622112583339124 ], [ -58.345756522289591, -34.62211459397178 ], [ -58.345756352108886, -34.622114618844186 ], [ -58.345750607565009, -34.621964060183977 ], [ -58.345740479773895, -34.621925647262557 ], [ -58.345738090631905, -34.621916585663961 ], [ -58.345726527549004, -34.621872728880348 ], [ -58.345726459337953, -34.621872470167389 ], [ -58.345716788889384, -34.621835791783589 ], [ -58.34561928595398, -34.621663544836672 ], [ -58.345486372970733, -34.62152762774285 ], [ -58.345485491030921, -34.621526725472457 ], [ -58.345433134517343, -34.621493919922074 ], [ -58.345295981504051, -34.621421167359721 ], [ -58.34504094440895, -34.621338052966188 ], [ -58.34494678453013, -34.621335450294922 ], [ -58.344804015803497, -34.621337823047618 ], [ -58.344709841644921, -34.621345264687655 ], [ -58.344527516636745, -34.621395309842676 ], [ -58.344342115270123, -34.621472974797115 ], [ -58.344261531227644, -34.62153483716768 ], [ -58.344197667145203, -34.621587508720388 ], [ -58.344117186876829, -34.621694851269226 ], [ -58.344115283653032, -34.621697483354829 ], [ -58.344070068366463, -34.62176003457747 ], [ -58.344069571713689, -34.621755216959905 ], [ -58.344063469502878, -34.621762953230835 ], [ -58.344057825606548, -34.621672254187217 ], [ -58.344086605144668, -34.621603025423674 ], [ -58.344084976075756, -34.621529079561718 ], [ -58.344117727169269, -34.621506835707486 ], [ -58.344169711017187, -34.62149415755291 ], [ -58.344214096723384, -34.62141146237979 ], [ -58.344234977953015, -34.621340916081543 ], [ -58.344238610955166, -34.621315157106999 ], [ -58.344271537337363, -34.621217401540719 ], [ -58.344267390430922, -34.621192425137551 ], [ -58.344265356534258, -34.621180175175681 ], [ -58.344255937489095, -34.621123445135112 ], [ -58.344270144847876, -34.621120342416013 ], [ -58.344270055744971, -34.621114131769325 ], [ -58.344255987279439, -34.621066261723286 ], [ -58.344252003797102, -34.621027538297518 ], [ -58.344230318804357, -34.620969145765514 ], [ -58.344247804815097, -34.620937380611416 ], [ -58.34423674386278, -34.620903875801254 ], [ -58.344235608234989, -34.620900437583302 ], [ -58.34423315459032, -34.620893004794013 ], [ -58.344224334870916, -34.620846941801609 ], [ -58.344275687386457, -34.620806470441728 ], [ -58.344270631970645, -34.620773158988527 ], [ -58.344295657664915, -34.620761413580418 ], [ -58.344302695807897, -34.620736379935252 ], [ -58.344341243914997, -34.620556824269357 ], [ -58.344350521032332, -34.620525351265421 ], [ -58.344340396441034, -34.620448487329483 ], [ -58.344336821658942, -34.620421352039529 ], [ -58.344309704826436, -34.620286348043678 ], [ -58.344302544100856, -34.620181863013059 ], [ -58.344278099541583, -34.620125777224708 ], [ -58.344212309814395, -34.62004871291937 ], [ -58.344208088607346, -34.619974176784432 ], [ -58.344198761654447, -34.619952000887707 ], [ -58.344135298768393, -34.619807189070073 ], [ -58.344103671422729, -34.619662409228397 ], [ -58.344052977122047, -34.619493924153538 ], [ -58.344011682857236, -34.619430720455533 ], [ -58.343924427993421, -34.619349853542865 ], [ -58.343937060502796, -34.619252347010317 ], [ -58.343943895227156, -34.619199591735679 ], [ -58.34378856992695, -34.61883046679263 ], [ -58.343612191921046, -34.618780389271606 ], [ -58.343500000477228, -34.618744646916419 ], [ -58.343482723970645, -34.618736292478701 ], [ -58.343464897260446, -34.618727671973517 ], [ -58.343448395296654, -34.618720878771569 ], [ -58.343409429112818, -34.618704837930672 ], [ -58.343302673155954, -34.618667137983522 ], [ -58.343064733926234, -34.618622184302779 ], [ -58.342861057755982, -34.618572195310499 ], [ -58.342659784538242, -34.618541337367908 ], [ -58.342479682245866, -34.61852364004816 ], [ -58.342323727839947, -34.618509805555654 ], [ -58.34218884834992, -34.618507569614621 ], [ -58.342112571403163, -34.618498147951527 ], [ -58.342049525638231, -34.618495625332358 ], [ -58.342001789325742, -34.618499945251834 ], [ -58.3418333841609, -34.61849671917242 ], [ -58.341563213071765, -34.618483309878854 ], [ -58.34142015229888, -34.618496307017949 ], [ -58.341160803745346, -34.618527786594605 ], [ -58.341096912527888, -34.618544161787938 ], [ -58.34104392337931, -34.618556289570456 ], [ -58.340980733748069, -34.618563380789993 ], [ -58.340902830983651, -34.618571173843719 ], [ -58.340695930607843, -34.618607456422275 ], [ -58.340563465834471, -34.618640235830703 ], [ -58.340534020561201, -34.618653801403305 ], [ -58.340495066992986, -34.618658770480039 ], [ -58.340394626655531, -34.618690151386581 ], [ -58.340376198480236, -34.618683593024123 ], [ -58.340185617858936, -34.618587044554971 ], [ -58.339904962032627, -34.618499162895766 ], [ -58.33983662301744, -34.618489792909834 ], [ -58.339743156180077, -34.618487551099221 ], [ -58.339177512320695, -34.618503138426313 ], [ -58.338786471876624, -34.6185957555507 ], [ -58.338719925907732, -34.618605048846788 ], [ -58.33865525409783, -34.618620999197809 ], [ -58.338593427201907, -34.618643367821626 ], [ -58.33853537250824, -34.618671819441587 ], [ -58.338191780613414, -34.618864653354102 ], [ -58.338145273623724, -34.618893068854092 ], [ -58.338104392357224, -34.618926883299274 ], [ -58.338070045116062, -34.618965345844309 ], [ -58.338042993166688, -34.619007600928271 ], [ -58.337817328850313, -34.619434285502244 ], [ -58.337648156453859, -34.619702424992887 ], [ -58.337584408095417, -34.619888390518959 ], [ -58.337558021674106, -34.619928569305351 ], [ -58.337536320985919, -34.61997062065619 ], [ -58.337519497412416, -34.620014172485391 ], [ -58.337507699832372, -34.620058839141244 ], [ -58.33751257043852, -34.620181748102368 ], [ -58.33745061299085, -34.620613966749971 ], [ -58.337417693244269, -34.620921002848775 ], [ -58.337355372956928, -34.621065804606658 ], [ -58.337344307966788, -34.621098863526363 ], [ -58.337327577678003, -34.621130252575888 ], [ -58.337305533095048, -34.621159312277058 ], [ -58.337065670953081, -34.62142976209708 ], [ -58.337034281266703, -34.621459026614382 ], [ -58.337009387488415, -34.621492287527097 ], [ -58.336991720567518, -34.621528571162656 ], [ -58.336981797877861, -34.62156681348457 ], [ -58.336968447735543, -34.621654216523105 ], [ -58.336950906302818, -34.621708390734725 ], [ -58.336937479865497, -34.621763363355669 ], [ -58.336928222184362, -34.621818920806867 ], [ -58.336922357806451, -34.621896049110752 ], [ -58.336924518520512, -34.621973309221858 ], [ -58.336934691038735, -34.622050130528109 ], [ -58.336952798822928, -34.622125946857494 ], [ -58.336978707530591, -34.622200200089431 ], [ -58.337012228283704, -34.62227234105962 ], [ -58.337053112202526, -34.6223418385689 ], [ -58.337101058036353, -34.622408180292709 ], [ -58.33713121630408, -34.622442775476067 ], [ -58.337155713247903, -34.622470876388022 ], [ -58.337216672914437, -34.622529464901227 ], [ -58.33721817583006, -34.622530680665214 ], [ -58.337283489538287, -34.62258351358134 ], [ -58.337355668678363, -34.622632624382817 ], [ -58.337432678763669, -34.622676433476208 ], [ -58.337513951081313, -34.622714619361055 ], [ -58.337598888505511, -34.622746899269721 ], [ -58.337686862215648, -34.622773036375449 ], [ -58.337777223695561, -34.622792837100889 ], [ -58.337869307998588, -34.62280615562873 ], [ -58.337962433748061, -34.622812893901738 ], [ -58.337973858995646, -34.622812907443382 ], [ -58.337973973488033, -34.622812907560984 ], [ -58.338055802821202, -34.622813001520122 ], [ -58.338055916223176, -34.622813001636544 ], [ -58.338652094035503, -34.622721289019786 ], [ -58.338877069453531, -34.622682057754972 ], [ -58.339204915463526, -34.622624887082921 ], [ -58.339310469612528, -34.622606646046144 ], [ -58.339417332654996, -34.622594701753243 ], [ -58.33952495496019, -34.622589115841095 ], [ -58.339535204630629, -34.622589192045098 ], [ -58.339632785856033, -34.622589917496249 ], [ -58.339740270359918, -34.622597101648935 ], [ -58.339846856806837, -34.622610631685063 ], [ -58.340232657556228, -34.622658721877634 ], [ -58.340345535046346, -34.622664624613748 ], [ -58.340458630064106, -34.622665733721426 ], [ -58.340460998515915, -34.622665656404507 ], [ -58.340571643826507, -34.622662044392321 ], [ -58.340957581958712, -34.622617713606992 ], [ -58.34096787515027, -34.622617861577154 ], [ -58.341017979192493, -34.62261858183728 ], [ -58.341078064868164, -34.622623710730352 ], [ -58.341137401796715, -34.622633063792144 ], [ -58.341195555017023, -34.622646572080498 ], [ -58.34126493001726, -34.622688099539488 ], [ -58.341336804343513, -34.622726611508917 ], [ -58.341393782305282, -34.622748253828689 ], [ -58.341452852450345, -34.622765648023908 ], [ -58.341739052059573, -34.622806804777298 ], [ -58.341832044376069, -34.622817780235643 ], [ -58.341839893946194, -34.622818706597045 ], [ -58.341861550038153, -34.622821262946701 ], [ -58.34188258502332, -34.622825774752179 ], [ -58.341904247116894, -34.622827207031477 ], [ -58.341909430408805, -34.622826802080183 ], [ -58.341925882135683, -34.622825516766646 ], [ -58.341946836849182, -34.622820755590134 ], [ -58.341966476430215, -34.622813067097781 ], [ -58.341984210630216, -34.622802683269164 ], [ -58.341999501421391, -34.62278991816509 ], [ -58.342009085903626, -34.622766059037531 ], [ -58.342014668746415, -34.622741346794335 ], [ -58.342016146793085, -34.622716236549785 ], [ -58.342013493202195, -34.622691192507844 ], [ -58.342004816100555, -34.622669230735951 ], [ -58.341976663084338, -34.622597973556189 ], [ -58.341975290420741, -34.622591125016548 ], [ -58.341961715686956, -34.622558376504109 ], [ -58.341941788204537, -34.622527929301228 ], [ -58.341929095891999, -34.622503238540766 ], [ -58.341925130428784, -34.622495524763259 ], [ -58.341914566126398, -34.6224614162957 ], [ -58.341910335137264, -34.622426381161496 ], [ -58.341912533334707, -34.622391219014922 ], [ -58.341921112655449, -34.622356732070145 ], [ -58.341935875673244, -34.622323707969201 ], [ -58.341948876300016, -34.62230886462509 ], [ -58.341970190676619, -34.622294389214922 ], [ -58.341989599326624, -34.622281208145566 ], [ -58.341990329153404, -34.622280830012436 ], [ -58.342015908666092, -34.622267576915171 ], [ -58.342044280734484, -34.622257147765033 ], [ -58.342074147132273, -34.622250130159479 ], [ -58.34210491339487, -34.622246662325175 ], [ -58.342116014659247, -34.622246716540012 ], [ -58.342135963349875, -34.622246813960111 ], [ -58.342171646297849, -34.622251543083685 ], [ -58.342235994663049, -34.622260071282554 ], [ -58.342239592775222, -34.622261012134935 ], [ -58.342250390086981, -34.622263835469326 ], [ -58.342250955656034, -34.622263983310944 ], [ -58.342266008476763, -34.622267918167083 ], [ -58.342312868540162, -34.622282811015147 ], [ -58.342428992658412, -34.622324964686094 ], [ -58.342541445077046, -34.622373445273489 ], [ -58.342649722361337, -34.622428037751895 ], [ -58.342753338563142, -34.622488496466204 ], [ -58.342763042016784, -34.6224945482628 ], [ -58.342878473689566, -34.622566531461381 ], [ -58.34287862150876, -34.62256662303021 ], [ -58.342919013474976, -34.622591644428958 ], [ -58.342972124201694, -34.622624546320665 ], [ -58.34299311572294, -34.622641049461407 ], [ -58.342993277097619, -34.622641141411684 ], [ -58.343027832882868, -34.622660831069766 ], [ -58.343028847734523, -34.62266185693192 ], [ -58.343029735043785, -34.622662753867921 ], [ -58.343035205249848, -34.62267055382631 ], [ -58.343039098925914, -34.622678976011763 ], [ -58.343041316066682, -34.6226878039854 ], [ -58.343041801388843, -34.622696810535388 ], [ -58.343040541046825, -34.622705766687794 ], [ -58.343037568086409, -34.622714440810604 ], [ -58.343032959152559, -34.62272261303319 ], [ -58.34301743358921, -34.622737995754726 ], [ -58.342762483973253, -34.622990600069855 ], [ -58.342645806585189, -34.623106202500949 ], [ -58.342562501897241, -34.623188740476749 ], [ -58.342395348221096, -34.623354353860961 ], [ -58.342377505710722, -34.623377718966225 ], [ -58.342203215175701, -34.623291947830459 ], [ -58.34220171289315, -34.623291208531548 ], [ -58.342151453172967, -34.623137505627177 ], [ -58.342151160362619, -34.623136610160827 ], [ -58.341890493902767, -34.623039042888585 ], [ -58.340688023654238, -34.623028299543165 ], [ -58.340052998369714, -34.623241356134734 ], [ -58.339202406477746, -34.623941879195492 ], [ -58.33843856701386, -34.624570940407139 ], [ -58.338213545671984, -34.6246236167975 ], [ -58.33824078306472, -34.624703131771341 ], [ -58.338226970095974, -34.624706365418362 ], [ -58.337805796592086, -34.624804958539926 ], [ -58.337804806229869, -34.624805190373266 ], [ -58.337804632858635, -34.624805230957662 ], [ -58.337785482773114, -34.624747384337908 ], [ -58.337785289350649, -34.624746800066703 ], [ -58.337764109003906, -34.624735095892916 ], [ -58.337484934657184, -34.624787203188276 ], [ -58.33736334018694, -34.624809898010795 ], [ -58.337027693970654, -34.624890123368473 ], [ -58.336067512004554, -34.62568414111302 ], [ -58.335270462136116, -34.626343239644868 ], [ -58.335269562461839, -34.626343983271639 ], [ -58.33517326004386, -34.62642361706353 ], [ -58.33516771962465, -34.626429181104186 ], [ -58.335163361304694, -34.626435422449674 ], [ -58.335160304203889, -34.626442171758796 ], [ -58.335158632571336, -34.626449244329407 ], [ -58.335158624758023, -34.6264493615055 ], [ -58.335158312041372, -34.626454168437995 ], [ -58.335158664323927, -34.626459090549098 ], [ -58.335157064896912, -34.627086647777418 ], [ -58.335157563206181, -34.627093051972111 ], [ -58.335158710998648, -34.6270990277743 ], [ -58.335159330692626, -34.627100243536297 ], [ -58.335167346449737, -34.627111030208006 ], [ -58.335177249353166, -34.62712068758217 ], [ -58.335178970011093, -34.627122127198788 ], [ -58.335188507065837, -34.627130106530252 ], [ -58.335648328228821, -34.627514820657524 ], [ -58.33565004890086, -34.627516260269203 ], [ -58.336261850579142, -34.628028123505999 ], [ -58.336204302121331, -34.628183175880594 ], [ -58.336206341521212, -34.628183773768463 ], [ -58.336349219418175, -34.628225660967509 ], [ -58.336352917400895, -34.62822337427739 ], [ -58.336363658926203, -34.62821673213044 ], [ -58.3363732936158, -34.628217922307797 ], [ -58.336383131166194, -34.628219137543788 ], [ -58.336383635238057, -34.6282177860422 ], [ -58.336429887863545, -34.628093774759733 ], [ -58.336439214223383, -34.628068769129769 ], [ -58.336449665227811, -34.628071703286423 ], [ -58.336985472921647, -34.628222131724023 ], [ -58.336985145662517, -34.628222986853586 ], [ -58.336977596844548, -34.628242711943969 ], [ -58.336944199588046, -34.628329962512289 ], [ -58.336925889915285, -34.628377795292408 ], [ -58.336927952353825, -34.628378358740861 ], [ -58.338164512984541, -34.628716173593162 ], [ -58.338165602314035, -34.628713361407094 ], [ -58.33822079054822, -34.628570888563232 ], [ -58.338224403923711, -34.628560306922843 ], [ -58.338234815682213, -34.628563286067219 ], [ -58.338796589706334, -34.628724026341594 ], [ -58.338796256258277, -34.628724868936381 ], [ -58.3387341659041, -34.628881765651357 ], [ -58.338736233815375, -34.6288823416645 ], [ -58.338872519246408, -34.628920303643348 ], [ -58.338884003825555, -34.62892350186906 ], [ -58.338887138756718, -34.628921204302912 ], [ -58.338894402073855, -34.628915881074811 ], [ -58.338916974320533, -34.628853575584621 ], [ -58.338929550819806, -34.628819267840107 ], [ -58.338951631394309, -34.628759028791428 ], [ -58.338962117413359, -34.628761926086028 ], [ -58.339215883088102, -34.628832041387838 ], [ -58.339215606929372, -34.628832919978521 ], [ -58.339202112651606, -34.628875851591523 ], [ -58.339204127085253, -34.628876374669133 ], [ -58.339283950264587, -34.628897101911093 ], [ -58.339284895622193, -34.628894361706742 ], [ -58.339307185756155, -34.628829751686723 ], [ -58.33930749504178, -34.628828855192928 ], [ -58.339226739248033, -34.628807605989387 ], [ -58.339222032625351, -34.628820121890406 ], [ -58.339205984063462, -34.628815666083035 ], [ -58.339128211435181, -34.628794068863286 ], [ -58.339125055655202, -34.628793192511623 ], [ -58.339179556951478, -34.628771948390245 ], [ -58.33918973870297, -34.62875736390022 ], [ -58.339226876865204, -34.628666643293322 ], [ -58.33923023602501, -34.628658437572227 ], [ -58.339230330947785, -34.628658403414939 ], [ -58.339230371318365, -34.628658388131896 ], [ -58.339240945847202, -34.628660479472778 ], [ -58.339276721696798, -34.628667554910237 ], [ -58.339345108613692, -34.628681079872216 ], [ -58.339345718010222, -34.628681200393132 ], [ -58.339345783645271, -34.628681179193819 ], [ -58.339350034275412, -34.628679806294421 ], [ -58.339393631723809, -34.628665724862806 ], [ -58.339450986356695, -34.628615329873078 ], [ -58.339502842399654, -34.628474111460051 ], [ -58.339506684536694, -34.628464339497114 ], [ -58.339754457341542, -34.627834157274208 ], [ -58.339764889972272, -34.627836984068566 ], [ -58.340267921673856, -34.627973282743973 ], [ -58.340270770738584, -34.627970939691238 ], [ -58.340525272083262, -34.627761638597171 ], [ -58.340541512370969, -34.627748955572955 ], [ -58.340556429936449, -34.627737305537323 ], [ -58.340558127657751, -34.627738763174591 ], [ -58.340668546727684, -34.627833567119232 ], [ -58.340668578252952, -34.627833541796122 ], [ -58.34067449912456, -34.627828785770951 ], [ -58.340775950830327, -34.627747293101436 ], [ -58.340785275017431, -34.627720872901548 ], [ -58.340698760343372, -34.627647617805714 ], [ -58.340675773426071, -34.627628153921442 ], [ -58.34107414852302, -34.627302642587068 ], [ -58.341079987967028, -34.627307311205499 ], [ -58.341185608726008, -34.627391754555006 ], [ -58.341188038422032, -34.627393697083598 ], [ -58.341193446199718, -34.627388804744768 ], [ -58.341237334953199, -34.627349099189438 ], [ -58.341307066570309, -34.62728601383759 ], [ -58.341205344417055, -34.627201957873076 ], [ -58.341203612984444, -34.627200527137916 ], [ -58.341420758452649, -34.627021199913877 ], [ -58.341558446594021, -34.626906187602188 ], [ -58.341601881298615, -34.62686990561096 ], [ -58.341607778359311, -34.626874599620834 ], [ -58.34169846990617, -34.626946789213918 ], [ -58.341705689686997, -34.626943361538849 ], [ -58.341771237571876, -34.626912241884042 ], [ -58.341797723334558, -34.626869127315345 ], [ -58.341799188258747, -34.626853865067019 ], [ -58.341791699176305, -34.626845509576803 ], [ -58.341795897341846, -34.62682014335477 ], [ -58.341737173718151, -34.626771892158807 ], [ -58.341735437386532, -34.626770465473136 ], [ -58.341748549703254, -34.626758602146388 ], [ -58.341755119936124, -34.626752657747346 ], [ -58.341920012543795, -34.626603475939305 ], [ -58.341923290407621, -34.626600510832134 ], [ -58.342128990459273, -34.626436312052476 ], [ -58.342129090662858, -34.626436393279626 ], [ -58.342134711741615, -34.626440969133455 ], [ -58.342221186094001, -34.626511363709078 ], [ -58.342227473382017, -34.626507099111812 ], [ -58.342357454646823, -34.626418934099227 ], [ -58.342258341064564, -34.626329684658188 ], [ -58.34243888209209, -34.626188004840692 ], [ -58.342451397463471, -34.626173520638005 ], [ -58.342462032153563, -34.626174580543434 ], [ -58.342511664633278, -34.626179527147485 ], [ -58.342516076097709, -34.626179966813524 ], [ -58.342740319465399, -34.626202315684409 ], [ -58.342740186086765, -34.626203563141637 ], [ -58.342728897320356, -34.626309144049351 ], [ -58.34273067236569, -34.626310147095893 ], [ -58.342744752608198, -34.626318103588893 ], [ -58.342755740436537, -34.626317802690494 ], [ -58.342905224322109, -34.626313709020543 ], [ -58.342911159704371, -34.626270435074595 ], [ -58.34291727419847, -34.626225855203941 ], [ -58.342928654605082, -34.626227021338686 ], [ -58.342985927508245, -34.626232889998498 ], [ -58.343043175279888, -34.62623878042816 ], [ -58.343332675272656, -34.62626859775083 ], [ -58.343332585473192, -34.62626984343747 ], [ -58.343326787042209, -34.626350278449166 ], [ -58.343328565425296, -34.626351023232154 ], [ -58.343446211192692, -34.626400292937028 ], [ -58.343486050166483, -34.626400783685888 ], [ -58.34348606866866, -34.626400652075681 ], [ -58.343501424609279, -34.626291421640978 ], [ -58.343512784131015, -34.626292717468296 ], [ -58.343561069047688, -34.626298225514887 ], [ -58.343578951927611, -34.626300104496039 ], [ -58.343582142467518, -34.626300463171198 ], [ -58.344121589861935, -34.62636110570012 ], [ -58.344210179213597, -34.626371064552316 ], [ -58.344277550703708, -34.626378637317849 ], [ -58.344384770685856, -34.626454943253599 ], [ -58.344384636575171, -34.626455050534837 ], [ -58.344364837349339, -34.626470888831371 ], [ -58.344364746737654, -34.626470961757896 ], [ -58.343825706395947, -34.626902181671866 ], [ -58.34371660664879, -34.626816583395289 ], [ -58.343707426952356, -34.626824338307166 ], [ -58.343707343976796, -34.626824408536422 ], [ -58.343581278009644, -34.626930908175225 ], [ -58.343678708206717, -34.627016124644953 ], [ -58.34367862086394, -34.627016198475538 ], [ -58.343331167778842, -34.627311436632752 ], [ -58.343264658630744, -34.627257360953237 ], [ -58.343216631985264, -34.627218312039744 ], [ -58.343087080426571, -34.627315970228466 ], [ -58.34309760573921, -34.627324939792018 ], [ -58.343169586132241, -34.627386279166053 ], [ -58.343169855148098, -34.627386507489682 ], [ -58.343198197523634, -34.627410660943802 ], [ -58.343208685829858, -34.62741959891158 ], [ -58.343196423506541, -34.627430975349817 ], [ -58.343179756645938, -34.627444719980787 ], [ -58.343135375162596, -34.627481319948188 ], [ -58.343135230730923, -34.627481439056162 ], [ -58.343041680021329, -34.627558587127567 ], [ -58.342826132083857, -34.627736340419133 ], [ -58.342825720376702, -34.627736001079427 ], [ -58.342729306000734, -34.627656673608207 ], [ -58.342725526335357, -34.627653563784115 ], [ -58.34272379116522, -34.627652136124858 ], [ -58.342709690573543, -34.627663261905099 ], [ -58.342709604328782, -34.627663329426184 ], [ -58.342599139008236, -34.627750490918828 ], [ -58.342635227278464, -34.627781951847176 ], [ -58.342698998246021, -34.627837545849538 ], [ -58.342683482273138, -34.627850119706515 ], [ -58.342683390565377, -34.627850194433513 ], [ -58.342509065901574, -34.627991467877486 ], [ -58.342322789984614, -34.628142427346575 ], [ -58.342322757494877, -34.628142453676467 ], [ -58.342214660352397, -34.628049481762865 ], [ -58.342210630894577, -34.628046016111249 ], [ -58.342208933071298, -34.628044555849137 ], [ -58.342158824252977, -34.628089132575717 ], [ -58.342089763485802, -34.628150569494501 ], [ -58.342096597609356, -34.628156489585038 ], [ -58.34209668691549, -34.628156567195681 ], [ -58.342200705115033, -34.628246676156714 ], [ -58.342187182243144, -34.628257844815529 ], [ -58.342187091624979, -34.628257919543195 ], [ -58.342125580307304, -34.628308722741664 ], [ -58.342058713685461, -34.628363949250172 ], [ -58.341870555374413, -34.628519351257466 ], [ -58.341828674144899, -34.628553941117161 ], [ -58.341819057820118, -34.628561743224587 ], [ -58.341813006160812, -34.628557653775871 ], [ -58.341767806233399, -34.628520669559506 ], [ -58.341766067901922, -34.628519247192799 ], [ -58.341722815477375, -34.628483856796315 ], [ -58.341721077138892, -34.628482434436044 ], [ -58.341701745538806, -34.628482892015633 ], [ -58.341650055198308, -34.628513129906636 ], [ -58.341642838375478, -34.628519124346866 ], [ -58.341610479480565, -34.62854600388885 ], [ -58.34161047189717, -34.628551197849184 ], [ -58.341610471673434, -34.628551351089925 ], [ -58.341610457891178, -34.628560790720663 ], [ -58.341589942941255, -34.628581519982355 ], [ -58.341591672662673, -34.628582952151177 ], [ -58.34163749368728, -34.628620890858983 ], [ -58.341639220013626, -34.628622320426274 ], [ -58.341640949716421, -34.628623752611162 ], [ -58.341691130736962, -34.628665302201959 ], [ -58.341672218924877, -34.628680708402136 ], [ -58.341672125031721, -34.62868078492901 ], [ -58.341405728899353, -34.628897793970914 ], [ -58.34140590917216, -34.628907252724765 ], [ -58.341405912235302, -34.628907395151792 ], [ -58.341406801402428, -34.628954081353214 ], [ -58.341408533643403, -34.628955511449313 ], [ -58.341563569256003, -34.629083504786834 ], [ -58.341669499659076, -34.629111593166847 ], [ -58.341688808000697, -34.629116712639238 ], [ -58.341788697337229, -34.629143199383527 ], [ -58.341869864828638, -34.629164721331506 ], [ -58.341869510354037, -34.629165601698112 ], [ -58.341848146572239, -34.629218660359527 ], [ -58.341850149641637, -34.629219411715205 ], [ -58.342005507690935, -34.629277686715703 ], [ -58.342005655916061, -34.629277742750986 ], [ -58.34201071521003, -34.62927963985716 ], [ -58.342012120942982, -34.629275958111613 ], [ -58.342031045266914, -34.629226393511907 ], [ -58.342038591859044, -34.629206627521505 ], [ -58.342048758526765, -34.629209482019469 ], [ -58.342208628983734, -34.629254368752285 ], [ -58.342379367204316, -34.629302306048523 ], [ -58.342385618620554, -34.629304060995594 ], [ -58.342385314405121, -34.629304923396631 ], [ -58.34237933882968, -34.629321863173111 ], [ -58.342359544613657, -34.629377970304617 ], [ -58.342366382543375, -34.629388113523376 ], [ -58.342358423047507, -34.629405396620555 ], [ -58.342360480681954, -34.629406115622317 ], [ -58.34237920709711, -34.629412659214509 ], [ -58.342426296841957, -34.62942911348852 ], [ -58.342507561683973, -34.629457508415946 ], [ -58.342507711005439, -34.629457560846028 ], [ -58.342514148194077, -34.629459809947235 ], [ -58.342515356245841, -34.629456310979094 ], [ -58.342529112579406, -34.629416467488468 ], [ -58.342545587079222, -34.629368747436637 ], [ -58.342545600808926, -34.629368707669492 ], [ -58.342550366037344, -34.629354905494544 ], [ -58.34256067488063, -34.629357647787387 ], [ -58.342851824358895, -34.629435097082826 ], [ -58.342854461047352, -34.6294328171834 ], [ -58.343189179552908, -34.629143390329148 ], [ -58.343195827951824, -34.62914738295197 ], [ -58.343286009695007, -34.629201540532229 ], [ -58.343286918377608, -34.629202085882483 ], [ -58.343325822838253, -34.629225450134861 ], [ -58.343330260917412, -34.629221369614726 ], [ -58.343401227409984, -34.6291561205433 ], [ -58.343401243856889, -34.629144687881627 ], [ -58.343401244393753, -34.629144314695338 ], [ -58.343393285141161, -34.629139439495667 ], [ -58.343391299180411, -34.629138223055271 ], [ -58.343398960431372, -34.629131762014687 ], [ -58.343399051051989, -34.629131685483294 ], [ -58.343409177615627, -34.629123144591127 ], [ -58.343380838175513, -34.629098778460538 ], [ -58.343324709357617, -34.629050520865988 ], [ -58.34331985397592, -34.629046346132775 ], [ -58.343457657087548, -34.628936828673453 ], [ -58.343464280632517, -34.62893156459284 ], [ -58.343648284275581, -34.628785327983366 ], [ -58.343694232954803, -34.628748810651622 ], [ -58.343699132636374, -34.62875251216937 ], [ -58.343699960400642, -34.628753212479431 ], [ -58.343700528949753, -34.628753693486715 ], [ -58.343783531787757, -34.628823915953177 ], [ -58.343789300427581, -34.628819287319899 ], [ -58.343901380651253, -34.628729356387666 ], [ -58.343916215182766, -34.628717453266646 ], [ -58.343890618977525, -34.628695655372113 ], [ -58.343823931236031, -34.628638864763808 ], [ -58.344190258834033, -34.628336766789332 ], [ -58.344190641156416, -34.62833630834109 ], [ -58.344190730477536, -34.628336376936069 ], [ -58.344190814542131, -34.628336308510413 ], [ -58.344205814076602, -34.628325615216802 ], [ -58.344207515301377, -34.628327068180354 ], [ -58.344318201256733, -34.628421601476091 ], [ -58.344318228378555, -34.628421580619282 ], [ -58.344324114689357, -34.628417054021909 ], [ -58.344407569162733, -34.62835287710265 ], [ -58.344424230876285, -34.628313673563426 ], [ -58.344354326942536, -34.628254048754236 ], [ -58.344319871664865, -34.628224660485216 ], [ -58.344319961185441, -34.628224589360535 ], [ -58.34431376174394, -34.628219301005934 ], [ -58.344321094905126, -34.628213393958092 ], [ -58.344581929642438, -34.628003290580175 ], [ -58.34496815019407, -34.628328224899541 ], [ -58.3450192979573, -34.628371256804648 ], [ -58.345019354595571, -34.628371303733267 ], [ -58.345019438809167, -34.628371373840672 ], [ -58.345020273873146, -34.62837206902681 ], [ -58.345026471549438, -34.628367838311185 ], [ -58.34503369757708, -34.628362905611802 ], [ -58.345034695675274, -34.628362686633672 ], [ -58.345035723025745, -34.628362601995072 ], [ -58.345036753453215, -34.628362654374961 ], [ -58.3450377596984, -34.628362841944011 ], [ -58.345038717777129, -34.628363160171894 ], [ -58.345039602621256, -34.628363600020201 ], [ -58.345040390254404, -34.628364151549995 ], [ -58.345041767540636, -34.628365284624984 ], [ -58.345042125527506, -34.628365579136023 ], [ -58.345281789534866, -34.628562746805805 ], [ -58.345282987733306, -34.628563686340819 ], [ -58.345283189092392, -34.628563908325113 ], [ -58.345283979612923, -34.628564779818603 ], [ -58.345284734686309, -34.628565994758652 ], [ -58.345285232282741, -34.628567296887084 ], [ -58.345285459368867, -34.628568649233188 ], [ -58.345285409455379, -34.62857001393111 ], [ -58.345285082595844, -34.628571353121409 ], [ -58.345284488659495, -34.628572628052602 ], [ -58.345283645146289, -34.628573801783581 ], [ -58.345282575000986, -34.628574842786897 ], [ -58.345281309890844, -34.628575720444978 ], [ -58.34527187599118, -34.628581216273844 ], [ -58.345273602406508, -34.628582651169587 ], [ -58.345275023776395, -34.628583832529323 ], [ -58.345276750877012, -34.628585266859112 ], [ -58.345279247694492, -34.628587340426492 ], [ -58.345279391860373, -34.62858746013125 ], [ -58.345280974959962, -34.628588774620738 ], [ -58.34530276462619, -34.6286068671509 ], [ -58.34530449190941, -34.628608301330893 ], [ -58.345378095999031, -34.628669415451448 ], [ -58.345378241200024, -34.628669297506093 ], [ -58.345378383885944, -34.628669415729753 ], [ -58.34538405600906, -34.628664792875782 ], [ -58.346015494257905, -34.628150157622308 ], [ -58.3463822965102, -34.62785120174177 ], [ -58.347055328491741, -34.627286223394364 ], [ -58.34705541685603, -34.627286294574958 ], [ -58.347061164533635, -34.627290924533462 ], [ -58.347271163009886, -34.627460085227305 ], [ -58.347792765132468, -34.627882314880125 ], [ -58.347794488552537, -34.627883752236116 ], [ -58.347958844569781, -34.628020827102823 ], [ -58.348342538491131, -34.62747525071687 ], [ -58.349187742960638, -34.626506383323672 ], [ -58.350143740966217, -34.625610655833114 ], [ -58.350792191447724, -34.625111582357697 ], [ -58.350776760297741, -34.625032868656014 ], [ -58.350686529889096, -34.623840696460903 ], [ -58.350738091826251, -34.622646953699189 ], [ -58.35093094347171, -34.621463136730867 ], [ -58.351263221659273, -34.620300645842143 ], [ -58.351731720864002, -34.619170675474372 ], [ -58.352331924284456, -34.618084106453345 ], [ -58.353058047530119, -34.61705140125504 ], [ -58.353903094485602, -34.616082503314608 ], [ -58.354858924808006, -34.61518674134566 ], [ -58.355916332402572, -34.614372739588099 ], [ -58.357065134117725, -34.61364833484555 ], [ -58.358294267804226, -34.613020501107869 ], [ -58.359591898794356, -34.6124952824809 ], [ -58.360945533777716, -34.612077735065633 ], [ -58.36211808353162, -34.611820948104658 ], [ -58.361470958617687, -34.6112464179798 ], [ -58.36059474016043, -34.610296673743676 ], [ -58.359835354059101, -34.609280488971194 ], [ -58.359200111055365, -34.608207652354743 ], [ -58.358695125300663, -34.607088497939841 ], [ -58.358325255611589, -34.605933805524067 ], [ -58.358094058848941, -34.604754696775352 ], [ -58.358003755862647, -34.603562528072459 ], [ -58.358055210323023, -34.602368781101745 ], [ -58.358247920633588, -34.601184952265037 ], [ -58.358580024994687, -34.600022441964398 ], [ -58.358900672673307, -34.599248720876183 ], [ -58.359105974935368, -34.59853004143811 ], [ -58.359574254621648, -34.597400042379931 ], [ -58.360174207557854, -34.596313437065405 ], [ -58.360646032940565, -34.595642115794362 ], [ -58.360912663977771, -34.595770794590564 ], [ -58.360474541474233, -34.595559351777354 ] ] ], [ [ [ -58.346152008105719, -34.631542860243819 ], [ -58.346103125871046, -34.631663608589804 ], [ -58.346105205960761, -34.631664174444992 ], [ -58.347153519095926, -34.631949345781663 ], [ -58.346266105455619, -34.631707944456501 ], [ -58.346322812681322, -34.631509616447644 ], [ -58.346740192829088, -34.631428380389046 ], [ -58.346152008105719, -34.631542860243819 ] ] ], [ [ [ -58.382416248022039, -34.657555211210344 ], [ -58.382481223897877, -34.65751828732261 ], [ -58.382536065971109, -34.657514745950756 ], [ -58.382641510504996, -34.657507069902557 ], [ -58.382680720683574, -34.657529289539845 ], [ -58.38268469141881, -34.657531539389424 ], [ -58.382687500446686, -34.657529221909314 ], [ -58.382709243387957, -34.657511282827045 ], [ -58.382818921737524, -34.657510162700966 ], [ -58.382867956340185, -34.657543585221227 ], [ -58.382947293932453, -34.657578220265677 ], [ -58.383035313837773, -34.657589010470865 ], [ -58.383085826309234, -34.657585466001571 ], [ -58.383088562540294, -34.657556794735264 ], [ -58.383268631025054, -34.657541946890277 ], [ -58.383414400058115, -34.657526539970675 ], [ -58.383466346482194, -34.657533729415441 ], [ -58.383468075212413, -34.657535162893616 ], [ -58.383550584579858, -34.657603544943363 ], [ -58.383876158794955, -34.657596602033827 ], [ -58.384127245498952, -34.65761393726163 ], [ -58.384527193072465, -34.6577043493877 ], [ -58.384812873297761, -34.657766066816791 ], [ -58.385178826856205, -34.657850435276892 ], [ -58.38526783792036, -34.657885587010981 ], [ -58.385291818262054, -34.657895057283 ], [ -58.38540114882953, -34.6579455234139 ], [ -58.385506374781102, -34.658001631479593 ], [ -58.385607073086376, -34.658063153163333 ], [ -58.385702833820481, -34.658129839425179 ], [ -58.385793271071158, -34.6582014223114 ], [ -58.385793729930747, -34.658201848070313 ], [ -58.386002001504671, -34.658395033321042 ], [ -58.386003459995599, -34.65839621329458 ], [ -58.386232153654866, -34.658581209130126 ], [ -58.386232842541268, -34.658581799089987 ], [ -58.386384428391487, -34.658711526183694 ], [ -58.386384484027801, -34.658711524415942 ], [ -58.386446541153731, -34.658709839143732 ], [ -58.386447013240591, -34.658711305139661 ], [ -58.386469222012401, -34.658780267352554 ], [ -58.386514187216164, -34.658846121397822 ], [ -58.386533207082643, -34.658877615239966 ], [ -58.386534905400595, -34.658878992767605 ], [ -58.386596834061557, -34.658929255796203 ], [ -58.386596876548502, -34.658929318020462 ], [ -58.386597253485739, -34.658929868119792 ], [ -58.386675045883585, -34.659059441132364 ], [ -58.386758055153223, -34.659185420728235 ], [ -58.386910245155619, -34.659410182649225 ], [ -58.387290887509401, -34.659793927755686 ], [ -58.38729236023125, -34.659795100511133 ], [ -58.387517588037369, -34.65997437407227 ], [ -58.387564983788124, -34.659981850998605 ], [ -58.387565993846088, -34.659983169492243 ], [ -58.38759432560876, -34.660020147737264 ], [ -58.387623140880883, -34.6600688861135 ], [ -58.387720035328201, -34.660164822336554 ], [ -58.387720631766733, -34.660165131891041 ], [ -58.387836010557429, -34.660224995903931 ], [ -58.387891444884247, -34.660206427735893 ], [ -58.387965890632131, -34.660230801098308 ], [ -58.387966269368825, -34.660231790182678 ], [ -58.38798623145788, -34.660283878061371 ], [ -58.387986260896554, -34.660283895206383 ], [ -58.388019484985101, -34.66033243429375 ], [ -58.388020531854607, -34.660332867618514 ], [ -58.388071419538612, -34.660353931702915 ], [ -58.388099116686071, -34.660366827280455 ], [ -58.388138926847851, -34.660389747724935 ], [ -58.388276183402269, -34.660394843216551 ], [ -58.388276333914462, -34.660394878464274 ], [ -58.388357706730254, -34.660413657171418 ], [ -58.388357942314663, -34.660413712302393 ], [ -58.388778487269647, -34.660510765626817 ], [ -58.388874816653136, -34.660531867958518 ], [ -58.389044733215805, -34.660505977507093 ], [ -58.38904594276606, -34.660507489012353 ], [ -58.389117761787745, -34.660597246784327 ], [ -58.389118262604853, -34.660597141623668 ], [ -58.389191377528022, -34.660581789047249 ], [ -58.389191329012, -34.660583594548484 ], [ -58.389189912812583, -34.660636522869794 ], [ -58.38919167210549, -34.660636894419987 ], [ -58.389278218859005, -34.660655178978317 ], [ -58.389367186703566, -34.660639913441656 ], [ -58.389482580747433, -34.660645286374184 ], [ -58.389730153520574, -34.660731295622206 ], [ -58.390228569968343, -34.660858659459464 ], [ -58.390327460560691, -34.660921977160498 ], [ -58.390427840281809, -34.660997880300279 ], [ -58.390542103624128, -34.661039446899096 ], [ -58.390628665550544, -34.661072411823518 ], [ -58.390680668651903, -34.661016633614324 ], [ -58.390727223665237, -34.661019709913646 ], [ -58.390743007672775, -34.661023826146213 ], [ -58.390757753495052, -34.661030037544691 ], [ -58.390776824544218, -34.66104025739439 ], [ -58.390777581931495, -34.661041167370797 ], [ -58.390786199794633, -34.661051528832594 ], [ -58.39079319589213, -34.66106392381883 ], [ -58.390797622223225, -34.661077102407397 ], [ -58.390799355828449, -34.66109070396022 ], [ -58.390803516985933, -34.661144065587003 ], [ -58.390827727518392, -34.66118414779536 ], [ -58.390859513762017, -34.66123001976959 ], [ -58.390889750869647, -34.661270966395172 ], [ -58.390927064029334, -34.661307712121221 ], [ -58.390928125903528, -34.661308485262595 ], [ -58.390970611779785, -34.661339430747709 ], [ -58.390970948509114, -34.661339847400335 ], [ -58.391005932390293, -34.661383162120352 ], [ -58.391066480987803, -34.661457609660943 ], [ -58.391067762046895, -34.661458488396313 ], [ -58.391137444054181, -34.661506305455511 ], [ -58.391139174091535, -34.661507737022056 ], [ -58.391225704379714, -34.661579338771681 ], [ -58.391262048618159, -34.661606549574451 ], [ -58.391262759315659, -34.661607217941466 ], [ -58.391300117825921, -34.661642346443223 ], [ -58.391336032042418, -34.661676159820594 ], [ -58.391369317326117, -34.661721168989565 ], [ -58.391408481216459, -34.661762823851852 ], [ -58.3914530321657, -34.661800601292725 ], [ -58.391453239318331, -34.661800742035247 ], [ -58.391502413123284, -34.661834029539172 ], [ -58.391503637283208, -34.661835119167023 ], [ -58.391549300776163, -34.661875745692718 ], [ -58.391550121699716, -34.661876369052251 ], [ -58.391590837591004, -34.661907251980956 ], [ -58.391677393448425, -34.661948802112683 ], [ -58.391712028861008, -34.661950252996718 ], [ -58.391814178011373, -34.66198465676915 ], [ -58.391897266711467, -34.662030497240323 ], [ -58.391966549875612, -34.662019089850254 ], [ -58.392015022834855, -34.662040583549661 ], [ -58.392200262400941, -34.662119396790587 ], [ -58.392338772661567, -34.662162407280768 ], [ -58.39247382791384, -34.662195398203444 ], [ -58.392610249699075, -34.662209707983983 ], [ -58.392721122279887, -34.662228995751136 ], [ -58.392874798557457, -34.662249318633506 ], [ -58.392995044898967, -34.662275836390968 ], [ -58.393183797815183, -34.662297409534133 ], [ -58.393351786898734, -34.662296075485337 ], [ -58.393537103857625, -34.662284733718423 ], [ -58.393708576822213, -34.662260504379361 ], [ -58.393870361658323, -34.662226578190953 ], [ -58.39398569832079, -34.66222918039243 ], [ -58.394098021698753, -34.662203111333191 ], [ -58.394140644390561, -34.662198717692888 ], [ -58.394229907031281, -34.662206423093352 ], [ -58.394306103141261, -34.662212190208344 ], [ -58.394347679099958, -34.662197903796695 ], [ -58.394412372129281, -34.662169882082942 ], [ -58.394823764506846, -34.662121557415546 ], [ -58.394903770011695, -34.662092882402533 ], [ -58.395001980368711, -34.662077948761208 ], [ -58.395047025676824, -34.662056509538623 ], [ -58.39515962123567, -34.662025090667534 ], [ -58.395237587065793, -34.661985066405791 ], [ -58.395301692396778, -34.661950758337426 ], [ -58.395345005105497, -34.661930747679015 ], [ -58.395410964650836, -34.661923510922549 ], [ -58.395436372576853, -34.661914939108016 ], [ -58.395466280626835, -34.661907592108193 ], [ -58.395502203155459, -34.661889217853684 ], [ -58.395526896933433, -34.661870747205988 ], [ -58.395575395177232, -34.661862188195506 ], [ -58.39564291159585, -34.661892276989931 ], [ -58.395771077475985, -34.661880900098261 ], [ -58.395923495967523, -34.661859519072991 ], [ -58.395978922642229, -34.661849533187919 ], [ -58.39598065277012, -34.66185096468579 ], [ -58.396023920158918, -34.661886763850987 ], [ -58.396044704443334, -34.661883913331309 ], [ -58.396045701395174, -34.661885445382111 ], [ -58.39605681277844, -34.661902522471877 ], [ -58.396068915404356, -34.661926856482523 ], [ -58.39607008462422, -34.661927159100628 ], [ -58.396096618937889, -34.661934026271481 ], [ -58.39612779884218, -34.66192545749422 ], [ -58.396153790716326, -34.661908299892254 ], [ -58.396174566923875, -34.66191546674964 ], [ -58.396175408205082, -34.661916592176347 ], [ -58.396197055964642, -34.661945530438508 ], [ -58.396198417764722, -34.661946469559027 ], [ -58.396228211650168, -34.661967012030125 ], [ -58.396250722562307, -34.661971317842259 ], [ -58.396307875892695, -34.661968487273001 ], [ -58.39630787467177, -34.661970004350522 ], [ -58.396307852859906, -34.661997107125522 ], [ -58.396309583754558, -34.661997596642458 ], [ -58.396345667505663, -34.662007812346744 ], [ -58.396397905892144, -34.662000018559979 ], [ -58.396399191972861, -34.662001516512795 ], [ -58.396423533792337, -34.662029857674391 ], [ -58.396424013816969, -34.662029832698124 ], [ -58.396545767655951, -34.662023551670302 ], [ -58.396666509113004, -34.662024072932006 ], [ -58.396783299517942, -34.662031099219654 ], [ -58.39690039981987, -34.662031217134363 ], [ -58.397017211076495, -34.662024424546864 ], [ -58.397089386969029, -34.66201262190031 ], [ -58.397134621279704, -34.66200384325662 ], [ -58.397212494317444, -34.661987413971161 ], [ -58.397287873271139, -34.661964375026272 ], [ -58.397359940827421, -34.661934978380046 ], [ -58.39742434794276, -34.661901401305407 ], [ -58.397427913442172, -34.661899542715204 ], [ -58.397491052250032, -34.661858453444459 ], [ -58.397548672888405, -34.661812156405681 ], [ -58.39760014768148, -34.661761155158203 ], [ -58.397644917646247, -34.661706003777823 ], [ -58.397682496860639, -34.661647300548573 ], [ -58.397712476829284, -34.661585685260604 ], [ -58.397734531948615, -34.661521824790086 ], [ -58.397748422777411, -34.661456414903462 ], [ -58.397753998229177, -34.661390165835861 ], [ -58.397774827529183, -34.661349297043017 ], [ -58.397795892069126, -34.661321383482907 ], [ -58.397803224085187, -34.66131166748351 ], [ -58.397838471505963, -34.661278227758487 ], [ -58.397870382631496, -34.661256230574701 ], [ -58.397879682217415, -34.661249820207217 ], [ -58.39792581493132, -34.661227160888799 ], [ -58.399080891683489, -34.660921129303169 ], [ -58.399196594657106, -34.660900652391241 ], [ -58.399268744972012, -34.66089207008914 ], [ -58.399313713991063, -34.660886721274387 ], [ -58.399431707483899, -34.660879399664971 ], [ -58.399550031866326, -34.660878722431498 ], [ -58.399734079835014, -34.660902506764373 ], [ -58.39975947826747, -34.66090538199046 ], [ -58.399810272955847, -34.66091113242576 ], [ -58.399833372131518, -34.660900650198919 ], [ -58.399935014532709, -34.660845371615437 ], [ -58.399999983748224, -34.660760167723929 ], [ -58.400048790408121, -34.660739074743013 ], [ -58.400100609086785, -34.660723647784899 ], [ -58.400418308937788, -34.660653406264103 ], [ -58.400554013592938, -34.660591466153413 ], [ -58.400615538865509, -34.660564520303083 ], [ -58.400672395724833, -34.660536672413187 ], [ -58.400728575354883, -34.66050267651022 ], [ -58.400762465002188, -34.660476854884614 ], [ -58.400791190021337, -34.660447063481683 ], [ -58.40081407789755, -34.660413998752865 ], [ -58.400889047581515, -34.660300669099115 ], [ -58.40091012113573, -34.660256068937301 ], [ -58.400938455780064, -34.660214233514779 ], [ -58.400946634819498, -34.660166834171449 ], [ -58.400954259867589, -34.660126461061246 ], [ -58.400968707482399, -34.660087381360903 ], [ -58.400972068602357, -34.660081452680473 ], [ -58.400989686891087, -34.660050378247661 ], [ -58.40101800028846, -34.660025809921578 ], [ -58.401022661811119, -34.660021764986098 ], [ -58.401054189445389, -34.659994407547963 ], [ -58.401101652439749, -34.659953222488447 ], [ -58.40137447154094, -34.659871079439853 ], [ -58.401411689141469, -34.659851336231014 ], [ -58.401416552728364, -34.659848756191799 ], [ -58.401435108637465, -34.659838912636012 ], [ -58.401551358247225, -34.659780196705526 ], [ -58.401784284117909, -34.659661945340531 ], [ -58.401825016588688, -34.659638602149244 ], [ -58.401825257776729, -34.6596384643546 ], [ -58.401877594542512, -34.659608470958943 ], [ -58.402168253701795, -34.659540503531389 ], [ -58.402324157134373, -34.659483341843199 ], [ -58.40241132844519, -34.659458417154667 ], [ -58.402534898054448, -34.659426207297045 ], [ -58.40265323791315, -34.659423881077345 ], [ -58.402731177234415, -34.659411995020747 ], [ -58.402835085751988, -34.659409661454632 ], [ -58.403004960595297, -34.659367472891986 ], [ -58.40309160649084, -34.659364184085106 ], [ -58.403082902518335, -34.659350339483659 ], [ -58.40334153499704, -34.659354698178213 ], [ -58.403813658364726, -34.659404320586141 ], [ -58.40384031756907, -34.659407162225534 ], [ -58.40400421940214, -34.65942610141871 ], [ -58.404167673376598, -34.659447519962896 ], [ -58.404334098173692, -34.659473198002082 ], [ -58.404515767066108, -34.659506677687133 ], [ -58.404678297367504, -34.659542013827021 ], [ -58.404852631818848, -34.659568712656736 ], [ -58.405287252082339, -34.65965191787177 ], [ -58.405321319237416, -34.659660036882045 ], [ -58.405384218095186, -34.659671997884551 ], [ -58.405428892556067, -34.659677718734535 ], [ -58.405484694600815, -34.659695269587168 ], [ -58.405560832400695, -34.659712149478899 ], [ -58.405605750389086, -34.659736434088366 ], [ -58.405650463442036, -34.659771564391079 ], [ -58.405650790481722, -34.659771892660252 ], [ -58.405689625312554, -34.659810959345677 ], [ -58.405690107364379, -34.659811135349088 ], [ -58.40580230338724, -34.659852036762324 ], [ -58.405917775997985, -34.659887421161038 ], [ -58.406035621037752, -34.659916984335098 ], [ -58.406155410928967, -34.659940617907665 ], [ -58.406258124057949, -34.659967433476609 ], [ -58.406405299163943, -34.660008047818927 ], [ -58.406529404619434, -34.660017645326249 ], [ -58.406652083892702, -34.660002199878029 ], [ -58.406810840589571, -34.659989156166667 ], [ -58.406945055279003, -34.659989218275811 ], [ -58.407050397180171, -34.660002384288653 ], [ -58.407113899082276, -34.659997643288513 ], [ -58.407170185008944, -34.659994092404929 ], [ -58.407232234297105, -34.660004853182706 ], [ -58.407294296950788, -34.659994149478273 ], [ -58.407405439942096, -34.659965579702437 ], [ -58.407442980673956, -34.65993816959967 ], [ -58.407525269228259, -34.659895277454737 ], [ -58.407604669898234, -34.659855961644816 ], [ -58.407649363620081, -34.659829982584149 ], [ -58.407702152834943, -34.659823570575249 ], [ -58.407794512706126, -34.65982742833944 ], [ -58.407868399446677, -34.659831277636577 ], [ -58.407926126098076, -34.659831303867477 ], [ -58.408000017740775, -34.659829430012941 ], [ -58.408117765453753, -34.659850470970966 ], [ -58.408307108085964, -34.659850556518549 ], [ -58.408369465081421, -34.659831504409119 ], [ -58.408494196571894, -34.659766688516562 ], [ -58.408588882131632, -34.659745743431095 ], [ -58.408665107049821, -34.659705709781903 ], [ -58.408789826878099, -34.659658065507273 ], [ -58.408893758919959, -34.659619952390948 ], [ -58.408969966087909, -34.659608387885072 ], [ -58.408981512098052, -34.659606635273079 ], [ -58.409108550940672, -34.659543728069558 ], [ -58.409249447558814, -34.659475102901091 ], [ -58.409401898662651, -34.659391218140328 ], [ -58.409537155696569, -34.659307861046848 ], [ -58.409632431695314, -34.659264973200514 ], [ -58.409724835378015, -34.659198234417147 ], [ -58.409863461177132, -34.659069504884648 ], [ -58.409968537017846, -34.659028609586784 ], [ -58.409989278162371, -34.659012907018308 ], [ -58.410003432646086, -34.659002191793 ], [ -58.410027957896901, -34.658986711718271 ], [ -58.410041041737465, -34.658978453274187 ], [ -58.410082902558379, -34.65893842625276 ], [ -58.410132000750181, -34.658890748469851 ], [ -58.41021859224837, -34.658886015917723 ], [ -58.410286498659225, -34.658902645895317 ], [ -58.410333132010408, -34.658900191782095 ], [ -58.410398869807814, -34.658891040325535 ], [ -58.41046278014047, -34.658875374426835 ], [ -58.410523923602419, -34.658853424443947 ], [ -58.410580137469381, -34.658826126916125 ], [ -58.410581396729441, -34.658825515400743 ], [ -58.410634354915352, -34.658792056179244 ], [ -58.410682015683165, -34.658753542225099 ], [ -58.410758365978907, -34.658715776172023 ], [ -58.410837995531637, -34.658682959341419 ], [ -58.410896630080295, -34.65865700220904 ], [ -58.410998246824711, -34.658626517664345 ], [ -58.411090627061128, -34.658596029981481 ], [ -58.411192241374991, -34.658567453566469 ], [ -58.411239806027595, -34.658600034749284 ], [ -58.411300117346862, -34.658598080080097 ], [ -58.411449169687259, -34.658586479264308 ], [ -58.411597699701503, -34.658570972219337 ], [ -58.411745560091568, -34.658551574208822 ], [ -58.411860961039451, -34.658518736673813 ], [ -58.411973839929971, -34.658480375907381 ], [ -58.412022623570564, -34.658459456593405 ], [ -58.412072835811543, -34.658440989705262 ], [ -58.412143069309053, -34.65841993692969 ], [ -58.412215143402392, -34.658403679504246 ], [ -58.412288580235419, -34.658392324493953 ], [ -58.412362892153517, -34.658385949214342 ], [ -58.412409510351118, -34.658384512897712 ], [ -58.412456157893111, -34.658385038953142 ], [ -58.412721790212132, -34.658389353625935 ], [ -58.412987127124417, -34.658400571525732 ], [ -58.413251905802177, -34.658418681729536 ], [ -58.413515864512746, -34.658443665204423 ], [ -58.41377874043426, -34.658475498412187 ], [ -58.414040275112676, -34.65851414880445 ], [ -58.414300209004566, -34.658559578426001 ], [ -58.414558284750264, -34.658611743014845 ], [ -58.414927167763032, -34.658736839377923 ], [ -58.415217868714045, -34.65884104420352 ], [ -58.415581482352977, -34.65894374178469 ], [ -58.415611810527892, -34.658950239321584 ], [ -58.415780059176022, -34.658986287640552 ], [ -58.415957199151997, -34.65906940018241 ], [ -58.416187496455784, -34.659132391831818 ], [ -58.416398767552408, -34.659130388314388 ], [ -58.416627958245428, -34.659245683229905 ], [ -58.416630954056487, -34.659247190638723 ], [ -58.416891616228234, -34.659378316005693 ], [ -58.41709075552523, -34.659407011521886 ], [ -58.417318748386066, -34.65945241267832 ], [ -58.417156073581964, -34.659420018624289 ], [ -58.417157076036666, -34.659396374835708 ], [ -58.417349046446574, -34.658212480491308 ], [ -58.417680519636647, -34.657049834253058 ], [ -58.417723952661717, -34.656944896727055 ], [ -58.417365164440469, -34.656963646570695 ], [ -58.415920520582787, -34.656921818395475 ], [ -58.414487798545743, -34.656763167442371 ], [ -58.413080802140797, -34.656489222116775 ], [ -58.411713087034869, -34.65610262163667 ], [ -58.410397829989556, -34.655607090578123 ], [ -58.409147701772476, -34.655007402951469 ], [ -58.407974744972428, -34.65430933615675 ], [ -58.407013077810809, -34.653609053693202 ], [ -58.405907232816723, -34.653851559552713 ], [ -58.404480491925206, -34.654043288053423 ], [ -58.403037875257702, -34.654118515080597 ], [ -58.4015932820123, -34.65407651569911 ], [ -58.400160630490717, -34.653917694413664 ], [ -58.39875372382361, -34.6536435812721 ], [ -58.397386116811404, -34.653256817110439 ], [ -58.396070985171825, -34.652761128082666 ], [ -58.394820998461576, -34.652161289721718 ], [ -58.393648197903175, -34.651463080880163 ], [ -58.392563880299654, -34.65067322799662 ], [ -58.391578489159855, -34.649799340227666 ], [ -58.390701514085805, -34.648849836073737 ], [ -58.389941399392598, -34.647833862208707 ], [ -58.389511444592841, -34.647108645603289 ], [ -58.389465849729689, -34.648175692059873 ], [ -58.389273499270821, -34.649359553370367 ], [ -58.388941653381558, -34.650522132592222 ], [ -58.388473502401425, -34.651652232474397 ], [ -58.387873549967296, -34.652738968133022 ], [ -58.387147569829992, -34.653771871932555 ], [ -58.386302550408274, -34.654740994363159 ], [ -58.385346627608605, -34.655636999939929 ], [ -58.3842890065525, -34.656451257197325 ], [ -58.383139872962417, -34.657175921908852 ], [ -58.38240767331272, -34.657549945449986 ], [ -58.382378896335403, -34.657532273393493 ], [ -58.382416248022039, -34.657555211210344 ] ], [ [ -58.401048544647182, -34.65998708776133 ], [ -58.401039951825467, -34.659975945177294 ], [ -58.401040003062363, -34.6599758696563 ], [ -58.401048544647182, -34.65998708776133 ] ] ], [ [ [ -58.433907622846441, -34.672547947658046 ], [ -58.434076664247399, -34.672748257632556 ], [ -58.434095575367138, -34.672770666751106 ], [ -58.434546139623592, -34.673304568181052 ], [ -58.434568123277458, -34.673330616947446 ], [ -58.434651632276264, -34.673429570125698 ], [ -58.434652908295782, -34.673431113642124 ], [ -58.435165062512375, -34.674051289559451 ], [ -58.435196188038404, -34.674088979343821 ], [ -58.435244647023119, -34.674147658870439 ], [ -58.435668144726471, -34.674660469397189 ], [ -58.435690889081009, -34.67468801086514 ], [ -58.435905581524395, -34.674947977658029 ], [ -58.436227878329611, -34.675333623838107 ], [ -58.436299804787772, -34.675419685805934 ], [ -58.436820086387812, -34.676042219872407 ], [ -58.436820883680845, -34.676043173738627 ], [ -58.437280304187205, -34.676592876555681 ], [ -58.437337568298922, -34.676661393303625 ], [ -58.438468700533697, -34.678014766738961 ], [ -58.438626681465472, -34.678203783212453 ], [ -58.43929952915623, -34.679008798063705 ], [ -58.439533497933063, -34.679285600432465 ], [ -58.439616510548539, -34.679383810861445 ], [ -58.43969197514626, -34.679473090396641 ], [ -58.439748107936282, -34.679539498263253 ], [ -58.439782680351748, -34.679580399235398 ], [ -58.439785745436531, -34.679584101018861 ], [ -58.440491036483671, -34.680355743347981 ], [ -58.439799829145109, -34.679599509858214 ], [ -58.43962676540059, -34.678722309647348 ], [ -58.439535179165567, -34.677530245931131 ], [ -58.439585471423548, -34.676336506118169 ], [ -58.439777151747485, -34.675152586553388 ], [ -58.440108368230561, -34.673989888522939 ], [ -58.4405759255486, -34.672859608473168 ], [ -58.440669314393141, -34.672690252332863 ], [ -58.440697764340925, -34.672014740406588 ], [ -58.440889421042563, -34.670830818917423 ], [ -58.441177366534411, -34.669819924361057 ], [ -58.440193671523744, -34.670440893865056 ], [ -58.43896435256093, -34.671069553216341 ], [ -58.437666352580528, -34.671595621869855 ], [ -58.43631217561262, -34.672014031442153 ], [ -58.434914867594891, -34.672320750678246 ], [ -58.43383819289992, -34.672465674642389 ], [ -58.433907622846441, -34.672547947658046 ] ] ], [ [ [ -58.451245153093403, -34.693184889774443 ], [ -58.45376593316049, -34.696230508807844 ], [ -58.457915750742288, -34.701113708841923 ], [ -58.458875376612028, -34.70223041290474 ], [ -58.460312982459669, -34.703810920737581 ], [ -58.460341608303935, -34.703843969723287 ], [ -58.460402325368115, -34.703915217615645 ], [ -58.460461419216323, -34.703975737565457 ], [ -58.460485056409425, -34.704010877921924 ], [ -58.46053705899255, -34.704067493247024 ], [ -58.460612698746417, -34.704165105514761 ], [ -58.460754525497727, -34.704291514253747 ], [ -58.460863849558869, -34.704423778813876 ], [ -58.46096076416967, -34.704540425344341 ], [ -58.46100331241577, -34.704581422592717 ], [ -58.46103404160651, -34.70461558686695 ], [ -58.46107186181932, -34.704671225587944 ], [ -58.461585691361698, -34.705355483937801 ], [ -58.46171655777438, -34.705295911249202 ], [ -58.461745315718872, -34.705274640338104 ], [ -58.461753045737254, -34.70526892281282 ], [ -58.461753085031326, -34.705268893968267 ], [ -58.461842541221166, -34.70520137158465 ], [ -58.461873897842374, -34.70517770281414 ], [ -58.462105155646526, -34.705003143351547 ], [ -58.462196513737666, -34.704934183881107 ], [ -58.462382985370276, -34.704793430816913 ], [ -58.462383021301257, -34.704793403695305 ], [ -58.464129740919823, -34.703474893731567 ], [ -58.466578953854373, -34.701625995199741 ], [ -58.471994993834919, -34.697536984996837 ], [ -58.472535281490323, -34.697129041890314 ], [ -58.474065628850667, -34.695973521993828 ], [ -58.48216378706929, -34.689857979628862 ], [ -58.482163823075368, -34.689857951679627 ], [ -58.482494907403421, -34.689607895213882 ], [ -58.482495744270018, -34.689607263154599 ], [ -58.482791044703617, -34.689384230977176 ], [ -58.483283709165306, -34.689012135594957 ], [ -58.483181229359715, -34.689089536093974 ], [ -58.48202406235653, -34.689681737711709 ], [ -58.481006529068502, -34.690094497017071 ], [ -58.480495357223845, -34.690681655150208 ], [ -58.47954007732865, -34.691578379422246 ], [ -58.478482964211913, -34.692393437895973 ], [ -58.477334198681646, -34.693118978624561 ], [ -58.476104845393053, -34.693748011816851 ], [ -58.474806746235501, -34.694274477246594 ], [ -58.47345240619093, -34.69469330270411 ], [ -58.472054872766464, -34.695000452923487 ], [ -58.470627610167867, -34.695192968511861 ], [ -58.469184369432043, -34.69526899450252 ], [ -58.467739055777116, -34.69522779825531 ], [ -58.46630559445596, -34.695069776530417 ], [ -58.464897796414064, -34.69479645166664 ], [ -58.463529225054494, -34.694410456900968 ], [ -58.462213065401897, -34.693915510971962 ], [ -58.460961996933719, -34.693316382252178 ], [ -58.45978807131079, -34.692618842758186 ], [ -58.458702596190662, -34.691829612482678 ], [ -58.457716026247645, -34.690956294588588 ], [ -58.45683786245197, -34.690007302092596 ], [ -58.456374298947615, -34.689388943287575 ], [ -58.455923137955196, -34.689449743558086 ], [ -58.454479976902782, -34.689525593247097 ], [ -58.453034764112594, -34.689484219820926 ], [ -58.45160142386419, -34.689326021748286 ], [ -58.450193765934486, -34.689052523068341 ], [ -58.448825352374101, -34.688666358693865 ], [ -58.447509366684372, -34.688171248998266 ], [ -58.446692618907569, -34.687779955155968 ], [ -58.451245153093403, -34.693184889774443 ] ] ], [ [ [ -58.486555109860767, -34.686547388066487 ], [ -58.48709978917362, -34.686137015339924 ], [ -58.487395771404273, -34.685914013329203 ], [ -58.488800246793758, -34.684855814130174 ], [ -58.490061175375203, -34.683905732668585 ], [ -58.491452053416069, -34.682857696906176 ], [ -58.491534407590812, -34.682795641007687 ], [ -58.493258841375443, -34.681496206144736 ], [ -58.494236664587987, -34.680759345219251 ], [ -58.495023923958399, -34.680166072766575 ], [ -58.498745071090475, -34.677361662809368 ], [ -58.499016876244063, -34.677156807239278 ], [ -58.502485665318282, -34.674542288248801 ], [ -58.50252527504022, -34.674512432484036 ], [ -58.502615385908946, -34.674444170220688 ], [ -58.503249755794521, -34.673963606893636 ], [ -58.502848606994434, -34.674017834096595 ], [ -58.501405776929573, -34.674094231835781 ], [ -58.499960830163516, -34.674053408657883 ], [ -58.498527688409908, -34.673895757725099 ], [ -58.497120159532436, -34.673622797799986 ], [ -58.49575180433969, -34.673237158599648 ], [ -58.494435805774209, -34.672742555433153 ], [ -58.493184841763792, -34.672143753367344 ], [ -58.492010962966908, -34.671446521268692 ], [ -58.490925476595564, -34.670657576166029 ], [ -58.489938837439446, -34.669784518473307 ], [ -58.489060547143644, -34.668835758699601 ], [ -58.488299062711626, -34.667820436355662 ], [ -58.487661715114157, -34.666748331841774 ], [ -58.487154638785952, -34.66562977216914 ], [ -58.486782712685105, -34.664475531425971 ], [ -58.486549513477812, -34.663296726950136 ], [ -58.48645728129263, -34.662104712210478 ], [ -58.486506898366223, -34.66091096743088 ], [ -58.486697880777882, -34.659726989011411 ], [ -58.487028383343699, -34.65856417881237 ], [ -58.48749521761404, -34.657433734367494 ], [ -58.488093882792384, -34.65634654108262 ], [ -58.488818609269636, -34.655313067456923 ], [ -58.489662414347336, -34.654343264333363 ], [ -58.490617169607098, -34.653446469146445 ], [ -58.491673679272715, -34.652631316085795 ], [ -58.492821768807325, -34.651905653037936 ], [ -58.493915866472101, -34.651345354510539 ], [ -58.492873263439023, -34.651315820541463 ], [ -58.491440525206947, -34.651158075269478 ], [ -58.490033403915668, -34.650885022020852 ], [ -58.488665456441559, -34.650499291411499 ], [ -58.487349861794115, -34.650004599630385 ], [ -58.487007955463469, -34.649840865556634 ], [ -58.486902257484125, -34.649940145167626 ], [ -58.485845732706416, -34.650755257539302 ], [ -58.484697595377696, -34.651480856160681 ], [ -58.483468904098395, -34.652109950686473 ], [ -58.482171494375301, -34.652636480302768 ], [ -58.480817864541805, -34.653055372184042 ], [ -58.479421055254811, -34.653362590426433 ], [ -58.477994523734544, -34.65355517498287 ], [ -58.47655201396487, -34.653631270222597 ], [ -58.475107424111677, -34.653590142837956 ], [ -58.473674672444879, -34.653432188924519 ], [ -58.472267563063944, -34.653158930165873 ], [ -58.470899652729315, -34.65277299915973 ], [ -58.469584120090694, -34.652278114027226 ], [ -58.468333638580077, -34.651679042551848 ], [ -58.467160254200763, -34.650981556194886 ], [ -58.466075269395439, -34.650192374433274 ], [ -58.465089134116447, -34.649319099958795 ], [ -58.464211345150446, -34.648370145366087 ], [ -58.463450354668417, -34.647354652039347 ], [ -58.462813488881224, -34.64628240202213 ], [ -58.462306877582193, -34.64516372372313 ], [ -58.461935395251416, -34.644009392368872 ], [ -58.461713780811451, -34.64288707735426 ], [ -58.461389426208129, -34.642958371770071 ], [ -58.459963022558867, -34.643150742164124 ], [ -58.458520668353302, -34.643226620002871 ], [ -58.457076260256706, -34.643185274075186 ], [ -58.455643714785211, -34.643027102584036 ], [ -58.45423683404843, -34.642753629310882 ], [ -58.452869172600053, -34.642367488921309 ], [ -58.451553906687693, -34.64187240155465 ], [ -58.450303707169276, -34.641273136943049 ], [ -58.449130617326894, -34.640575468408407 ], [ -58.44804593676146, -34.639786117182112 ], [ -58.447061252962349, -34.638913698048704 ], [ -58.446855239872455, -34.638907782043418 ], [ -58.445422783307315, -34.638749488009466 ], [ -58.444016004611285, -34.638475893950272 ], [ -58.442648457353108, -34.638089635695941 ], [ -58.44133331667814, -34.637594434521873 ], [ -58.440083252235453, -34.636995061257018 ], [ -58.438910306003486, -34.636297290270086 ], [ -58.437825776197265, -34.635507843779337 ], [ -58.437385202624498, -34.635117402795515 ], [ -58.437286710131232, -34.635257723597185 ], [ -58.436442466943127, -34.636227177512517 ], [ -58.43548730325324, -34.637123560472041 ], [ -58.434430416860927, -34.637938237378549 ], [ -58.433281986400729, -34.638663359965349 ], [ -58.432053073307465, -34.639291942474806 ], [ -58.43075551523394, -34.639817929028482 ], [ -58.430614828799932, -34.639861405006648 ], [ -58.430683311741653, -34.639976809801539 ], [ -58.431189468841325, -34.641095631778953 ], [ -58.431560513851863, -34.64225006826868 ], [ -58.431792868222239, -34.643429002775996 ], [ -58.431884288548126, -34.64462108244571 ], [ -58.431833888396199, -34.645814827360667 ], [ -58.43164214707172, -34.64699874108171 ], [ -58.43131090523611, -34.648161421365494 ], [ -58.431267493699124, -34.648266363345506 ], [ -58.431626239896573, -34.648247573552851 ], [ -58.432474122474069, -34.64827202057478 ], [ -58.432614719045496, -34.648159708563497 ], [ -58.432842626620207, -34.647977648255655 ], [ -58.432956732566439, -34.647888534822279 ], [ -58.432842626620221, -34.647977648255655 ], [ -58.43261471904551, -34.648159708563497 ], [ -58.432103050236925, -34.648568440035795 ], [ -58.432474122474083, -34.64827202057478 ], [ -58.433070734234654, -34.648289219150847 ], [ -58.43450333737627, -34.648447654607509 ], [ -58.435910258481542, -34.648721354609194 ], [ -58.437277953651851, -34.649107684245834 ], [ -58.438593256152942, -34.649602924349217 ], [ -58.439843503028968, -34.650202307257125 ], [ -58.441016656895151, -34.650900062660455 ], [ -58.442101421742343, -34.651689473094883 ], [ -58.443087351642809, -34.652562938545323 ], [ -58.443964951313632, -34.653512049544609 ], [ -58.444725767570411, -34.654527668065853 ], [ -58.445362470790435, -34.655600015433393 ], [ -58.445868925598589, -34.656718766408837 ], [ -58.446240250091499, -34.657873148549868 ], [ -58.446472863024425, -34.659052045887847 ], [ -58.446564518499713, -34.660244105928143 ], [ -58.446514327815315, -34.661437848945049 ], [ -58.446322768254333, -34.662621778519849 ], [ -58.446034907457118, -34.663632684216395 ], [ -58.447018478498428, -34.663011669977408 ], [ -58.448247616787583, -34.662382933052847 ], [ -58.44954540413341, -34.661856756171701 ], [ -58.450899345710845, -34.661438204651525 ], [ -58.452296406790012, -34.661131307630647 ], [ -58.453723138096294, -34.66093901933224 ], [ -58.455165805134882, -34.660863190665765 ], [ -58.456610520242457, -34.660904551437525 ], [ -58.45804337610226, -34.661062703340036 ], [ -58.459450579445694, -34.661336123787315 ], [ -58.46081858366194, -34.661722180558741 ], [ -58.462134219046995, -34.662217157111805 ], [ -58.463384819446006, -34.662816288320919 ], [ -58.464558344076515, -34.663513806300131 ], [ -58.465643493365469, -34.664302995871587 ], [ -58.466629817689039, -34.665176259147898 ], [ -58.467507817971409, -34.666125188610302 ], [ -58.468269037174785, -34.667140647982279 ], [ -58.468764164718522, -34.667973923273316 ], [ -58.46905186509899, -34.667857226578626 ], [ -58.470405797071784, -34.667438458752791 ], [ -58.471802877865152, -34.667131337679194 ], [ -58.473229658013672, -34.666938819735897 ], [ -58.474672402552287, -34.666862758040956 ], [ -58.476117223072393, -34.666903884641812 ], [ -58.477550211244107, -34.66706180348325 ], [ -58.478957572527527, -34.667334994220973 ], [ -58.480325758794486, -34.667720826844175 ], [ -58.481641598592084, -34.668215586966994 ], [ -58.482892423801673, -34.668814511546536 ], [ -58.484066191480778, -34.669511834685821 ], [ -58.485151599720822, -34.670300843082956 ], [ -58.486138196409186, -34.671173940595466 ], [ -58.487016479851746, -34.67212272130174 ], [ -58.487777990287938, -34.673138050359171 ], [ -58.48841539141695, -34.674210151884203 ], [ -58.488922541147588, -34.675328703011395 ], [ -58.48929455088696, -34.676482933229202 ], [ -58.489527832791694, -34.677661728038643 ], [ -58.489620134519818, -34.678853735939306 ], [ -58.489570561141512, -34.680047477714382 ], [ -58.489379583988757, -34.681231456963651 ], [ -58.489049036350053, -34.682394270820431 ], [ -58.488582096042755, -34.683524719786568 ], [ -58.487983255021788, -34.684611915626789 ], [ -58.487258276309554, -34.685645386281742 ], [ -58.486414138654389, -34.686615176787676 ], [ -58.486206973157444, -34.686809678050935 ], [ -58.486555109860767, -34.686547388066487 ] ], [ [ -58.432116314834659, -34.64169832933424 ], [ -58.432346954147341, -34.641745500611506 ], [ -58.432116314834659, -34.641698329334261 ], [ -58.431424231206719, -34.641554980261041 ], [ -58.431334338466002, -34.641535822205206 ], [ -58.431424231206734, -34.641554980261041 ], [ -58.432116314834659, -34.64169832933424 ] ], [ [ -58.432308659829559, -34.642300566767311 ], [ -58.432255318074489, -34.642990417777526 ], [ -58.432218703857679, -34.643608301194263 ], [ -58.432255318074475, -34.642990417777526 ], [ -58.432308659829552, -34.642300566767311 ], [ -58.432346954147341, -34.641745500611506 ], [ -58.432308659829559, -34.642300566767311 ] ], [ [ -58.432620638154027, -34.645220176900793 ], [ -58.433484030610032, -34.645597576741658 ], [ -58.43262063815402, -34.645220176900793 ], [ -58.432110074021473, -34.645167863527476 ], [ -58.432177494855495, -34.644206464891738 ], [ -58.432110074021494, -34.645167863527476 ], [ -58.432620638154027, -34.645220176900793 ] ], [ [ -58.433538897372564, -34.645622097833801 ], [ -58.433971779593612, -34.645815322632075 ], [ -58.433538897372536, -34.645622097833801 ], [ -58.433484030610032, -34.645597576741658 ], [ -58.433538897372564, -34.645622097833801 ] ], [ [ -58.434602262650287, -34.646577905546103 ], [ -58.434925501331826, -34.646241024833145 ], [ -58.43492550133184, -34.646241024833152 ], [ -58.434602262650287, -34.646577905546103 ] ], [ [ -58.434504828668423, -34.646679450475268 ], [ -58.434181852725203, -34.646931474602873 ], [ -58.434504828668395, -34.646679450475268 ], [ -58.434602262650287, -34.646577905546103 ], [ -58.434504828668423, -34.646679450475268 ] ] ], [ [ [ -58.423974725673453, -34.616508312518512 ], [ -58.424719953946855, -34.616469315755559 ], [ -58.426163896234101, -34.616511057048754 ], [ -58.4275959405457, -34.616669588264813 ], [ -58.428217586361249, -34.616790614530295 ], [ -58.427379299028509, -34.615883296045716 ], [ -58.426619060329607, -34.614867549090533 ], [ -58.42598292514446, -34.613795083242934 ], [ -58.425741029901481, -34.613260118573457 ], [ -58.425163078615398, -34.613705657559123 ], [ -58.424014890724095, -34.614430689414085 ], [ -58.423695820292082, -34.614593905719175 ], [ -58.423912347821826, -34.615693517129799 ], [ -58.423974725673453, -34.616508312518512 ] ] ] ] } }
]
}
